series_uid,nodule_id,subtlety,internal_structure,calcification,sphericity,margin,lobulation,spiculation,texture,malignancy_score,option_b_label,roi_count,z_span_mm
1.3.6.1.4.1.14519.5.2.1.6279.6001.340202188094259402036602717327,12453,3.0,1.0,6.0,2.0,4.0,1.0,1.0,5.0,1.0,0,2,3.0
1.3.6.1.4.1.14519.5.2.1.6279.6001.340202188094259402036602717327,2881,4.0,1.0,6.0,3.0,2.0,1.0,1.0,4.0,3.0,,2,3.0
1.3.6.1.4.1.14519.5.2.1.6279.6001.303494235102183795724852353824,3,5.0,1.0,6.0,3.0,4.0,1.0,1.0,5.0,3.0,,6,15.0
1.3.6.1.4.1.14519.5.2.1.6279.6001.303494235102183795724852353824,4,4.0,1.0,6.0,4.0,4.0,1.0,2.0,5.0,3.0,,6,15.0
1.3.6.1.4.1.14519.5.2.1.6279.6001.303494235102183795724852353824,6,5.0,1.0,4.0,3.0,5.0,2.0,3.0,5.0,4.0,1,8,21.0
1.3.6.1.4.1.14519.5.2.1.6279.6001.303494235102183795724852353824,12321,5.0,1.0,6.0,4.0,2.0,4.0,1.0,5.0,5.0,1,9,21.0
1.3.6.1.4.1.14519.5.2.1.6279.6001.303494235102183795724852353824,12325,4.0,1.0,6.0,4.0,2.0,3.0,1.0,4.0,4.0,1,6,15.0
1.3.6.1.4.1.14519.5.2.1.6279.6001.303494235102183795724852353824,12329,4.0,1.0,6.0,4.0,2.0,2.0,1.0,5.0,4.0,1,6,15.0
1.3.6.1.4.1.14519.5.2.1.6279.6001.303494235102183795724852353824,16309,5.0,1.0,4.0,4.0,4.0,4.0,4.0,5.0,5.0,1,7,18.0
1.3.6.1.4.1.14519.5.2.1.6279.6001.303494235102183795724852353824,16332,4.0,1.0,5.0,5.0,5.0,1.0,1.0,5.0,1.0,0,2,3.0
1.3.6.1.4.1.14519.5.2.1.6279.6001.303494235102183795724852353824,16313,5.0,1.0,6.0,5.0,2.0,4.0,3.0,5.0,5.0,1,4,9.0
1.3.6.1.4.1.14519.5.2.1.6279.6001.303494235102183795724852353824,16317,5.0,1.0,6.0,4.0,4.0,4.0,4.0,5.0,5.0,1,5,12.0
1.3.6.1.4.1.14519.5.2.1.6279.6001.303494235102183795724852353824,2046,5.0,1.0,6.0,4.0,2.0,3.0,3.0,4.0,3.0,,8,21.0
1.3.6.1.4.1.14519.5.2.1.6279.6001.303494235102183795724852353824,2050,5.0,1.0,6.0,4.0,3.0,4.0,4.0,4.0,3.0,,6,15.0
1.3.6.1.4.1.14519.5.2.1.6279.6001.303494235102183795724852353824,2054,5.0,1.0,6.0,4.0,3.0,2.0,2.0,4.0,3.0,,4,9.0
1.3.6.1.4.1.14519.5.2.1.6279.6001.131939324905446238286154504249,3147,5.0,1.0,6.0,4.0,5.0,5.0,4.0,5.0,5.0,1,7,12.0
1.3.6.1.4.1.14519.5.2.1.6279.6001.131939324905446238286154504249,3151,2.0,1.0,6.0,4.0,4.0,5.0,5.0,5.0,2.0,0,1,0.0
1.3.6.1.4.1.14519.5.2.1.6279.6001.131939324905446238286154504249,3177,3.0,1.0,6.0,5.0,5.0,5.0,5.0,5.0,5.0,1,8,14.0
1.3.6.1.4.1.14519.5.2.1.6279.6001.131939324905446238286154504249,0,4.0,1.0,6.0,3.0,3.0,4.0,2.0,5.0,3.0,,7,12.0
1.3.6.1.4.1.14519.5.2.1.6279.6001.131939324905446238286154504249,3,2.0,1.0,6.0,4.0,4.0,2.0,1.0,5.0,2.0,0,5,8.0
1.3.6.1.4.1.14519.5.2.1.6279.6001.131939324905446238286154504249,1196,5.0,1.0,6.0,4.0,3.0,5.0,3.0,5.0,4.0,1,12,20.0
1.3.6.1.4.1.14519.5.2.1.6279.6001.131939324905446238286154504249,1226,2.0,1.0,6.0,4.0,5.0,4.0,5.0,5.0,3.0,,9,16.0
1.3.6.1.4.1.14519.5.2.1.6279.6001.131939324905446238286154504249,5267,5.0,1.0,6.0,4.0,3.0,3.0,5.0,4.0,2.0,0,7,12.0
1.3.6.1.4.1.14519.5.2.1.6279.6001.131939324905446238286154504249,4589,3.0,1.0,6.0,5.0,3.0,5.0,5.0,4.0,3.0,,6,10.0
1.3.6.1.4.1.14519.5.2.1.6279.6001.213233719488315954975724605159,1,3.0,1.0,6.0,3.0,3.0,1.0,1.0,5.0,3.0,,5,12.0
1.3.6.1.4.1.14519.5.2.1.6279.6001.213233719488315954975724605159,12767,5.0,1.0,6.0,4.0,4.0,3.0,1.0,5.0,3.0,,5,12.0
1.3.6.1.4.1.14519.5.2.1.6279.6001.213233719488315954975724605159,16821,5.0,1.0,5.0,4.0,4.0,3.0,2.0,5.0,1.0,0,3,6.0
1.3.6.1.4.1.14519.5.2.1.6279.6001.213233719488315954975724605159,2266,5.0,1.0,6.0,4.0,4.0,2.0,2.0,4.0,3.0,,5,12.0
1.3.6.1.4.1.14519.5.2.1.6279.6001.340202188094259402036602717327,2,5.0,1.0,6.0,3.0,3.0,3.0,1.0,5.0,4.0,1,23,66.0
1.3.6.1.4.1.14519.5.2.1.6279.6001.340202188094259402036602717327,12453,3.0,1.0,6.0,2.0,4.0,1.0,1.0,5.0,1.0,0,2,3.0
1.3.6.1.4.1.14519.5.2.1.6279.6001.340202188094259402036602717327,2881,4.0,1.0,6.0,3.0,2.0,1.0,1.0,4.0,3.0,,2,3.0
1.3.6.1.4.1.14519.5.2.1.6279.6001.311102747717834916358933873912,12777,5.0,1.0,6.0,3.0,4.0,1.0,1.0,5.0,2.0,0,2,3.0
1.3.6.1.4.1.14519.5.2.1.6279.6001.311102747717834916358933873912,12781,5.0,1.0,6.0,5.0,3.0,1.0,1.0,5.0,3.0,,2,3.0
1.3.6.1.4.1.14519.5.2.1.6279.6001.311102747717834916358933873912,16831,4.0,1.0,6.0,3.0,3.0,3.0,2.0,5.0,3.0,,2,3.0
1.3.6.1.4.1.14519.5.2.1.6279.6001.311102747717834916358933873912,16835,4.0,1.0,6.0,5.0,2.0,4.0,3.0,3.0,4.0,1,2,3.0
1.3.6.1.4.1.14519.5.2.1.6279.6001.311102747717834916358933873912,2276,4.0,1.0,6.0,4.0,3.0,2.0,2.0,4.0,3.0,,3,6.0
1.3.6.1.4.1.14519.5.2.1.6279.6001.311102747717834916358933873912,2280,3.0,1.0,6.0,4.0,2.0,3.0,2.0,2.0,3.0,,4,9.0
1.3.6.1.4.1.14519.5.2.1.6279.6001.166112018536246672777968137997,12760,5.0,1.0,6.0,5.0,5.0,1.0,1.0,5.0,3.0,,8,21.0
1.3.6.1.4.1.14519.5.2.1.6279.6001.166112018536246672777968137997,16814,5.0,1.0,6.0,4.0,4.0,2.0,2.0,5.0,5.0,1,8,21.0
1.3.6.1.4.1.14519.5.2.1.6279.6001.166112018536246672777968137997,2259,5.0,1.0,6.0,4.0,4.0,2.0,2.0,5.0,3.0,,8,21.0
1.3.6.1.4.1.14519.5.2.1.6279.6001.166112018536246672777968137997,0,5.0,1.0,6.0,5.0,5.0,2.0,1.0,5.0,3.0,,8,21.0
1.3.6.1.4.1.14519.5.2.1.6279.6001.151647338241909635299641922057,21,5.0,1.0,6.0,4.0,5.0,2.0,1.0,5.0,4.0,1,6,15.0
1.3.6.1.4.1.14519.5.2.1.6279.6001.151647338241909635299641922057,12271,5.0,1.0,6.0,3.0,4.0,1.0,2.0,5.0,2.0,0,6,15.0
1.3.6.1.4.1.14519.5.2.1.6279.6001.151647338241909635299641922057,13004,4.0,1.0,6.0,3.0,5.0,1.0,1.0,5.0,1.0,0,3,6.0
1.3.6.1.4.1.14519.5.2.1.6279.6001.151647338241909635299641922057,13006,3.0,1.0,6.0,4.0,5.0,1.0,1.0,5.0,1.0,0,3,6.0
1.3.6.1.4.1.14519.5.2.1.6279.6001.151647338241909635299641922057,18377,4.0,1.0,6.0,2.0,3.0,3.0,3.0,5.0,3.0,,2,3.0
1.3.6.1.4.1.14519.5.2.1.6279.6001.151647338241909635299641922057,18375,4.0,1.0,6.0,3.0,1.0,3.0,3.0,2.0,4.0,1,1,0.0
1.3.6.1.4.1.14519.5.2.1.6279.6001.151647338241909635299641922057,18366,4.0,1.0,6.0,4.0,2.0,4.0,3.0,5.0,5.0,1,5,12.0
1.3.6.1.4.1.14519.5.2.1.6279.6001.151647338241909635299641922057,18376,4.0,1.0,6.0,3.0,2.0,4.0,3.0,5.0,3.0,,1,0.0
1.3.6.1.4.1.14519.5.2.1.6279.6001.151647338241909635299641922057,18374,4.0,1.0,6.0,3.0,4.0,2.0,1.0,5.0,3.0,,3,6.0
1.3.6.1.4.1.14519.5.2.1.6279.6001.151647338241909635299641922057,18373,4.0,1.0,6.0,4.0,3.0,3.0,2.0,5.0,3.0,,3,6.0
1.3.6.1.4.1.14519.5.2.1.6279.6001.151647338241909635299641922057,1995,5.0,1.0,6.0,4.0,3.0,2.0,4.0,4.0,3.0,,6,15.0
1.3.6.1.4.1.14519.5.2.1.6279.6001.151647338241909635299641922057,2041,2.0,1.0,6.0,4.0,3.0,2.0,2.0,4.0,3.0,,3,6.0
1.3.6.1.4.1.14519.5.2.1.6279.6001.207201727479884428632451006739,CA006_12117,3.0,1.0,6.0,5.0,5.0,1.0,1.0,5.0,1.0,0,2,3.0
1.3.6.1.4.1.14519.5.2.1.6279.6001.207201727479884428632451006739,CA006_12120,4.0,1.0,6.0,2.0,3.0,3.0,2.0,5.0,2.0,0,7,15.0
1.3.6.1.4.1.14519.5.2.1.6279.6001.207201727479884428632451006739,CA006_12125,3.0,1.0,6.0,5.0,5.0,1.0,1.0,5.0,1.0,0,2,3.0
1.3.6.1.4.1.14519.5.2.1.6279.6001.207201727479884428632451006739,CA006_12148,5.0,1.0,6.0,2.0,3.0,3.0,2.0,5.0,2.0,0,1,0.0
1.3.6.1.4.1.14519.5.2.1.6279.6001.207201727479884428632451006739,CA006_12154,3.0,1.0,6.0,3.0,4.0,1.0,3.0,5.0,1.0,0,2,3.0
1.3.6.1.4.1.14519.5.2.1.6279.6001.207201727479884428632451006739,CA006_12158,2.0,1.0,6.0,3.0,3.0,1.0,1.0,5.0,1.0,0,2,3.0
1.3.6.1.4.1.14519.5.2.1.6279.6001.207201727479884428632451006739,CA006_12161,4.0,1.0,6.0,3.0,4.0,1.0,1.0,5.0,1.0,0,3,6.0
1.3.6.1.4.1.14519.5.2.1.6279.6001.207201727479884428632451006739,CA006_13240,4.0,1.0,6.0,3.0,4.0,1.0,2.0,5.0,1.0,0,2,3.0
1.3.6.1.4.1.14519.5.2.1.6279.6001.207201727479884428632451006739,16930,4.0,1.0,5.0,5.0,3.0,1.0,1.0,5.0,1.0,0,2,3.0
1.3.6.1.4.1.14519.5.2.1.6279.6001.207201727479884428632451006739,16942,4.0,1.0,6.0,2.0,3.0,3.0,3.0,5.0,3.0,,2,3.0
1.3.6.1.4.1.14519.5.2.1.6279.6001.207201727479884428632451006739,16933,4.0,1.0,6.0,2.0,2.0,4.0,4.0,5.0,3.0,,6,15.0
1.3.6.1.4.1.14519.5.2.1.6279.6001.207201727479884428632451006739,16938,4.0,1.0,6.0,5.0,4.0,1.0,1.0,5.0,3.0,,3,6.0
1.3.6.1.4.1.14519.5.2.1.6279.6001.207201727479884428632451006739,16952,4.0,4.0,6.0,2.0,3.0,3.0,4.0,3.0,3.0,,3,6.0
1.3.6.1.4.1.14519.5.2.1.6279.6001.207201727479884428632451006739,16975,4.0,1.0,6.0,3.0,4.0,1.0,1.0,5.0,3.0,,2,3.0
1.3.6.1.4.1.14519.5.2.1.6279.6001.207201727479884428632451006739,16972,4.0,1.0,6.0,4.0,3.0,2.0,2.0,5.0,3.0,,1,0.0
1.3.6.1.4.1.14519.5.2.1.6279.6001.207201727479884428632451006739,16968,4.0,1.0,6.0,3.0,3.0,4.0,3.0,4.0,4.0,1,1,0.0
1.3.6.1.4.1.14519.5.2.1.6279.6001.207201727479884428632451006739,16962,4.0,1.0,6.0,4.0,3.0,1.0,1.0,5.0,3.0,,1,0.0
1.3.6.1.4.1.14519.5.2.1.6279.6001.207201727479884428632451006739,2678,5.0,1.0,6.0,3.0,4.0,2.0,3.0,4.0,2.0,0,5,12.0
1.3.6.1.4.1.14519.5.2.1.6279.6001.207201727479884428632451006739,2827,5.0,1.0,6.0,5.0,5.0,1.0,1.0,5.0,2.0,0,3,6.0
1.3.6.1.4.1.14519.5.2.1.6279.6001.207201727479884428632451006739,2713,5.0,1.0,6.0,4.0,3.0,3.0,1.0,4.0,3.0,,2,3.0
1.3.6.1.4.1.14519.5.2.1.6279.6001.207201727479884428632451006739,2707,5.0,1.0,6.0,4.0,4.0,1.0,1.0,4.0,3.0,,1,0.0
1.3.6.1.4.1.14519.5.2.1.6279.6001.400871509992541458184881866614,13012,3.0,1.0,6.0,3.0,1.0,2.0,2.0,5.0,1.0,0,6,9.0
1.3.6.1.4.1.14519.5.2.1.6279.6001.400871509992541458184881866614,13017,1.0,1.0,6.0,5.0,3.0,1.0,1.0,5.0,1.0,0,3,6.0
1.3.6.1.4.1.14519.5.2.1.6279.6001.400871509992541458184881866614,22226,3.0,1.0,6.0,3.0,4.0,1.0,1.0,3.0,3.0,,2,3.0
1.3.6.1.4.1.14519.5.2.1.6279.6001.400871509992541458184881866614,3141,5.0,1.0,6.0,4.0,4.0,5.0,3.0,5.0,4.0,1,5,9.0
1.3.6.1.4.1.14519.5.2.1.6279.6001.453946099750629491201946672998,10768,4.0,1.0,6.0,4.0,4.0,4.0,1.0,5.0,2.0,0,3,6.0
1.3.6.1.4.1.14519.5.2.1.6279.6001.453946099750629491201946672998,14996,5.0,1.0,6.0,4.0,3.0,4.0,4.0,5.0,4.0,1,3,6.0
1.3.6.1.4.1.14519.5.2.1.6279.6001.453946099750629491201946672998,2616,5.0,1.0,6.0,4.0,5.0,1.0,4.0,5.0,5.0,1,3,6.0
1.3.6.1.4.1.14519.5.2.1.6279.6001.115689755198961598722158240121,11195,5.0,1.0,6.0,4.0,5.0,1.0,1.0,5.0,2.0,0,8,21.0
1.3.6.1.4.1.14519.5.2.1.6279.6001.115689755198961598722158240121,21219,5.0,1.0,6.0,5.0,5.0,1.0,1.0,5.0,5.0,1,7,18.0
1.3.6.1.4.1.14519.5.2.1.6279.6001.115689755198961598722158240121,21264,2.0,1.0,6.0,5.0,3.0,1.0,1.0,5.0,3.0,,2,3.0
1.3.6.1.4.1.14519.5.2.1.6279.6001.115689755198961598722158240121,1371,5.0,1.0,6.0,4.0,4.0,2.0,2.0,5.0,3.0,,8,21.0
1.3.6.1.4.1.14519.5.2.1.6279.6001.115689755198961598722158240121,0,5.0,1.0,6.0,5.0,5.0,1.0,1.0,5.0,5.0,1,9,24.0
1.3.6.1.4.1.14519.5.2.1.6279.6001.179049373636438705059720603192,Nodule 001,5.0,1.0,6.0,3.0,3.0,3.0,4.0,5.0,5.0,1,8,17.5
1.3.6.1.4.1.14519.5.2.1.6279.6001.179049373636438705059720603192,IL057_127364,5.0,1.0,6.0,4.0,4.0,5.0,5.0,5.0,5.0,1,7,15.0
1.3.6.1.4.1.14519.5.2.1.6279.6001.179049373636438705059720603192,MI014_12127,5.0,1.0,6.0,3.0,2.0,3.0,3.0,5.0,5.0,1,8,17.5
1.3.6.1.4.1.14519.5.2.1.6279.6001.179049373636438705059720603192,0,5.0,1.0,6.0,5.0,4.0,1.0,5.0,4.0,4.0,1,9,20.0
1.3.6.1.4.1.14519.5.2.1.6279.6001.619372068417051974713149104919,MI014_11691,2.0,1.0,6.0,5.0,1.0,1.0,1.0,1.0,5.0,1,30,33.75
1.3.6.1.4.1.14519.5.2.1.6279.6001.619372068417051974713149104919,8,1.0,1.0,6.0,3.0,2.0,1.0,1.0,2.0,4.0,1,23,27.5
1.3.6.1.4.1.14519.5.2.1.6279.6001.170706757615202213033480003264,Nodule 001,5.0,1.0,6.0,3.0,3.0,2.0,2.0,3.0,5.0,1,7,15.0
1.3.6.1.4.1.14519.5.2.1.6279.6001.170706757615202213033480003264,Nodule 003,4.0,1.0,6.0,3.0,4.0,1.0,1.0,5.0,4.0,1,4,7.5
1.3.6.1.4.1.14519.5.2.1.6279.6001.170706757615202213033480003264,Nodule 002,4.0,1.0,6.0,4.0,5.0,1.0,1.0,5.0,4.0,1,5,10.0
1.3.6.1.4.1.14519.5.2.1.6279.6001.170706757615202213033480003264,IL057_130591,5.0,1.0,6.0,4.0,3.0,2.0,2.0,5.0,5.0,1,7,15.0
1.3.6.1.4.1.14519.5.2.1.6279.6001.170706757615202213033480003264,IL057_130598,5.0,1.0,6.0,5.0,5.0,1.0,1.0,5.0,5.0,1,5,10.0
1.3.6.1.4.1.14519.5.2.1.6279.6001.170706757615202213033480003264,IL057_130602,4.0,1.0,6.0,4.0,4.0,2.0,2.0,5.0,4.0,1,2,2.5
1.3.6.1.4.1.14519.5.2.1.6279.6001.170706757615202213033480003264,MI014_16595,4.0,1.0,6.0,4.0,5.0,1.0,1.0,5.0,3.0,,5,10.0
1.3.6.1.4.1.14519.5.2.1.6279.6001.170706757615202213033480003264,MI014_16599,3.0,1.0,6.0,2.0,3.0,3.0,2.0,4.0,3.0,,4,7.5
1.3.6.1.4.1.14519.5.2.1.6279.6001.170706757615202213033480003264,MI014_16588,5.0,1.0,6.0,4.0,3.0,3.0,3.0,4.0,3.0,,7,15.0
1.3.6.1.4.1.14519.5.2.1.6279.6001.170706757615202213033480003264,0,5.0,1.0,6.0,5.0,4.0,1.0,5.0,4.0,4.0,1,10,22.5
1.3.6.1.4.1.14519.5.2.1.6279.6001.170706757615202213033480003264,8,3.0,1.0,6.0,5.0,5.0,1.0,1.0,5.0,2.0,0,4,7.5
1.3.6.1.4.1.14519.5.2.1.6279.6001.170706757615202213033480003264,9,3.0,1.0,6.0,5.0,5.0,1.0,1.0,5.0,2.0,0,8,17.5
1.3.6.1.4.1.14519.5.2.1.6279.6001.170706757615202213033480003264,12,1.0,1.0,6.0,5.0,2.0,1.0,1.0,1.0,2.0,0,8,17.5
1.3.6.1.4.1.14519.5.2.1.6279.6001.323541312620128092852212458228,Nodule 001,3.0,1.0,6.0,4.0,5.0,1.0,1.0,5.0,2.0,0,4,3.75
1.3.6.1.4.1.14519.5.2.1.6279.6001.323541312620128092852212458228,IL057_132683,2.0,1.0,3.0,3.0,5.0,1.0,1.0,5.0,1.0,0,3,2.5
1.3.6.1.4.1.14519.5.2.1.6279.6001.323541312620128092852212458228,MI014_16178,2.0,1.0,3.0,2.0,5.0,1.0,1.0,5.0,1.0,0,4,3.75
1.3.6.1.4.1.14519.5.2.1.6279.6001.323541312620128092852212458228,0,5.0,1.0,3.0,5.0,5.0,1.0,1.0,5.0,1.0,0,5,5.0
1.3.6.1.4.1.14519.5.2.1.6279.6001.129007566048223160327836686225,Nodule 001,3.0,1.0,6.0,4.0,5.0,1.0,1.0,5.0,3.0,,2,2.5
1.3.6.1.4.1.14519.5.2.1.6279.6001.129007566048223160327836686225,Nodule 002,4.0,1.0,6.0,3.0,5.0,1.0,1.0,5.0,3.0,,3,5.0
1.3.6.1.4.1.14519.5.2.1.6279.6001.129007566048223160327836686225,Nodule 004,3.0,1.0,6.0,3.0,5.0,1.0,1.0,5.0,2.0,0,2,2.5
1.3.6.1.4.1.14519.5.2.1.6279.6001.129007566048223160327836686225,IL057_123070,3.0,1.0,6.0,5.0,2.0,1.0,1.0,4.0,3.0,,2,2.5
1.3.6.1.4.1.14519.5.2.1.6279.6001.129007566048223160327836686225,IL057_123066,4.0,1.0,6.0,5.0,3.0,2.0,2.0,4.0,3.0,,1,0.0
1.3.6.1.4.1.14519.5.2.1.6279.6001.129007566048223160327836686225,MI014_11887,3.0,1.0,6.0,5.0,5.0,1.0,1.0,5.0,3.0,,2,2.5
1.3.6.1.4.1.14519.5.2.1.6279.6001.129007566048223160327836686225,MI014_11888,1.0,1.0,6.0,5.0,4.0,1.0,1.0,5.0,3.0,,2,2.5
1.3.6.1.4.1.14519.5.2.1.6279.6001.129007566048223160327836686225,0,3.0,1.0,6.0,5.0,5.0,1.0,1.0,5.0,2.0,0,2,2.5
1.3.6.1.4.1.14519.5.2.1.6279.6001.129007566048223160327836686225,3,3.0,1.0,6.0,5.0,5.0,1.0,1.0,5.0,2.0,0,3,5.0
1.3.6.1.4.1.14519.5.2.1.6279.6001.132817748896065918417924920957,Nodule 003,3.0,1.0,6.0,3.0,5.0,2.0,1.0,4.0,2.0,0,2,2.5
1.3.6.1.4.1.14519.5.2.1.6279.6001.132817748896065918417924920957,Nodule 005,3.0,1.0,6.0,3.0,4.0,2.0,1.0,5.0,3.0,,2,2.5
1.3.6.1.4.1.14519.5.2.1.6279.6001.132817748896065918417924920957,IL057_127062,4.0,1.0,6.0,3.0,3.0,2.0,4.0,4.0,4.0,1,2,2.5
1.3.6.1.4.1.14519.5.2.1.6279.6001.132817748896065918417924920957,IL057_127072,2.0,1.0,6.0,3.0,3.0,2.0,1.0,4.0,3.0,,1,0.0
1.3.6.1.4.1.14519.5.2.1.6279.6001.132817748896065918417924920957,MI014_16317,3.0,1.0,6.0,3.0,4.0,2.0,2.0,4.0,3.0,,3,5.0
1.3.6.1.4.1.14519.5.2.1.6279.6001.132817748896065918417924920957,MI014_16363,1.0,1.0,6.0,3.0,4.0,1.0,3.0,4.0,3.0,,1,0.0
1.3.6.1.4.1.14519.5.2.1.6279.6001.132817748896065918417924920957,9,3.0,1.0,6.0,5.0,5.0,1.0,1.0,5.0,2.0,0,3,5.0
1.3.6.1.4.1.14519.5.2.1.6279.6001.132817748896065918417924920957,17,1.0,1.0,6.0,5.0,2.0,1.0,1.0,1.0,2.0,0,4,7.5
1.3.6.1.4.1.14519.5.2.1.6279.6001.272348349298439120568330857680,Nodule 001,5.0,1.0,6.0,3.0,3.0,3.0,5.0,5.0,5.0,1,10,22.5
1.3.6.1.4.1.14519.5.2.1.6279.6001.272348349298439120568330857680,IL057_159747,4.0,1.0,6.0,5.0,2.0,4.0,4.0,5.0,5.0,1,12,27.5
1.3.6.1.4.1.14519.5.2.1.6279.6001.272348349298439120568330857680,IL057_159745,5.0,1.0,6.0,4.0,3.0,4.0,5.0,5.0,5.0,1,29,25.0
1.3.6.1.4.1.14519.5.2.1.6279.6001.272348349298439120568330857680,MI014_19564,5.0,1.0,6.0,4.0,2.0,5.0,5.0,5.0,5.0,1,11,25.0
1.3.6.1.4.1.14519.5.2.1.6279.6001.272348349298439120568330857680,0,5.0,1.0,6.0,5.0,4.0,1.0,5.0,4.0,4.0,1,13,30.0
1.3.6.1.4.1.14519.5.2.1.6279.6001.774060103415303828812229821954,Nodule 002,3.0,1.0,6.0,4.0,4.0,1.0,1.0,5.0,3.0,,2,2.5
1.3.6.1.4.1.14519.5.2.1.6279.6001.774060103415303828812229821954,Nodule 001,3.0,1.0,6.0,3.0,4.0,1.0,1.0,5.0,3.0,,2,2.5
1.3.6.1.4.1.14519.5.2.1.6279.6001.774060103415303828812229821954,IL057_123088,3.0,1.0,6.0,3.0,2.0,1.0,2.0,1.0,3.0,,2,2.5
1.3.6.1.4.1.14519.5.2.1.6279.6001.774060103415303828812229821954,IL057_128326,3.0,1.0,6.0,3.0,3.0,2.0,1.0,4.0,3.0,,2,2.5
1.3.6.1.4.1.14519.5.2.1.6279.6001.774060103415303828812229821954,MI014_11909,3.0,1.0,6.0,2.0,4.0,2.0,1.0,5.0,3.0,,2,2.5
1.3.6.1.4.1.14519.5.2.1.6279.6001.774060103415303828812229821954,0,1.0,1.0,6.0,5.0,2.0,1.0,1.0,3.0,2.0,0,2,2.5
1.3.6.1.4.1.14519.5.2.1.6279.6001.774060103415303828812229821954,3,2.0,1.0,6.0,5.0,2.0,1.0,1.0,3.0,2.0,0,3,5.0
1.3.6.1.4.1.14519.5.2.1.6279.6001.286061375572911414226912429210,Nodule 001,3.0,1.0,6.0,3.0,5.0,1.0,1.0,5.0,2.0,0,3,2.5
1.3.6.1.4.1.14519.5.2.1.6279.6001.286061375572911414226912429210,Nodule 002,3.0,1.0,6.0,4.0,5.0,1.0,1.0,5.0,2.0,0,4,3.75
1.3.6.1.4.1.14519.5.2.1.6279.6001.416701701108520592702405866796,Nodule 001,4.0,1.0,6.0,3.0,5.0,1.0,1.0,5.0,4.0,1,4,3.75
1.3.6.1.4.1.14519.5.2.1.6279.6001.416701701108520592702405866796,IL057_122791,2.0,1.0,6.0,3.0,4.0,2.0,2.0,5.0,3.0,,4,3.75
1.3.6.1.4.1.14519.5.2.1.6279.6001.416701701108520592702405866796,MI014_17415,5.0,1.0,6.0,3.0,4.0,3.0,2.0,5.0,4.0,1,4,3.75
1.3.6.1.4.1.14519.5.2.1.6279.6001.416701701108520592702405866796,MI014_17417,3.0,1.0,6.0,4.0,3.0,2.0,1.0,4.0,2.0,0,4,3.75
1.3.6.1.4.1.14519.5.2.1.6279.6001.416701701108520592702405866796,0,5.0,1.0,6.0,4.0,5.0,3.0,1.0,5.0,2.0,0,6,6.25
1.3.6.1.4.1.14519.5.2.1.6279.6001.416701701108520592702405866796,3,5.0,1.0,6.0,2.0,5.0,2.0,1.0,5.0,2.0,0,5,5.0
1.3.6.1.4.1.14519.5.2.1.6279.6001.416701701108520592702405866796,4,4.0,1.0,6.0,4.0,4.0,1.0,1.0,5.0,2.0,0,4,3.75
1.3.6.1.4.1.14519.5.2.1.6279.6001.140253591510022414496468423138,Nodule 007,4.0,1.0,6.0,4.0,4.0,1.0,1.0,5.0,3.0,,4,7.5
1.3.6.1.4.1.14519.5.2.1.6279.6001.140253591510022414496468423138,Nodule 004,4.0,1.0,6.0,4.0,5.0,1.0,1.0,5.0,2.0,0,2,2.5
1.3.6.1.4.1.14519.5.2.1.6279.6001.140253591510022414496468423138,Nodule 005,3.0,1.0,6.0,4.0,5.0,1.0,1.0,5.0,2.0,0,2,2.5
1.3.6.1.4.1.14519.5.2.1.6279.6001.140253591510022414496468423138,Nodule 002,3.0,1.0,6.0,3.0,5.0,1.0,1.0,5.0,2.0,0,4,7.5
1.3.6.1.4.1.14519.5.2.1.6279.6001.140253591510022414496468423138,Nodule 001,5.0,1.0,6.0,2.0,3.0,3.0,3.0,5.0,5.0,1,5,7.5
1.3.6.1.4.1.14519.5.2.1.6279.6001.140253591510022414496468423138,IL057_162110,3.0,1.0,3.0,5.0,5.0,1.0,1.0,5.0,1.0,0,2,2.5
1.3.6.1.4.1.14519.5.2.1.6279.6001.140253591510022414496468423138,IL057_127140,4.0,1.0,5.0,3.0,4.0,1.0,5.0,5.0,2.0,0,5,10.0
1.3.6.1.4.1.14519.5.2.1.6279.6001.140253591510022414496468423138,IL057_127146,4.0,1.0,6.0,3.0,4.0,3.0,2.0,5.0,3.0,,4,7.5
1.3.6.1.4.1.14519.5.2.1.6279.6001.140253591510022414496468423138,MI014_17614,5.0,1.0,6.0,4.0,5.0,1.0,1.0,5.0,4.0,1,4,7.5
1.3.6.1.4.1.14519.5.2.1.6279.6001.140253591510022414496468423138,MI014_17664,4.0,1.0,6.0,3.0,3.0,4.0,4.0,5.0,4.0,1,6,12.5
1.3.6.1.4.1.14519.5.2.1.6279.6001.140253591510022414496468423138,MI014_17665,5.0,1.0,3.0,5.0,5.0,1.0,1.0,5.0,1.0,0,3,5.0
1.3.6.1.4.1.14519.5.2.1.6279.6001.140253591510022414496468423138,MI014_17666,5.0,1.0,3.0,5.0,5.0,1.0,1.0,5.0,1.0,0,2,2.5
1.3.6.1.4.1.14519.5.2.1.6279.6001.140253591510022414496468423138,MI014_17667,5.0,1.0,3.0,2.0,5.0,1.0,1.0,5.0,1.0,0,3,5.0
1.3.6.1.4.1.14519.5.2.1.6279.6001.140253591510022414496468423138,MI014_17668,5.0,1.0,3.0,4.0,5.0,1.0,1.0,5.0,1.0,0,2,2.5
1.3.6.1.4.1.14519.5.2.1.6279.6001.140253591510022414496468423138,0,3.0,1.0,6.0,5.0,5.0,1.0,1.0,5.0,2.0,0,5,10.0
1.3.6.1.4.1.14519.5.2.1.6279.6001.140253591510022414496468423138,2,3.0,1.0,6.0,5.0,5.0,1.0,1.0,5.0,2.0,0,2,2.5
1.3.6.1.4.1.14519.5.2.1.6279.6001.140253591510022414496468423138,3,5.0,1.0,3.0,5.0,5.0,1.0,1.0,5.0,1.0,0,3,5.0
1.3.6.1.4.1.14519.5.2.1.6279.6001.140253591510022414496468423138,7,5.0,1.0,3.0,5.0,5.0,1.0,1.0,5.0,1.0,0,3,5.0
1.3.6.1.4.1.14519.5.2.1.6279.6001.140253591510022414496468423138,9,5.0,1.0,3.0,5.0,5.0,1.0,1.0,5.0,1.0,0,3,5.0
1.3.6.1.4.1.14519.5.2.1.6279.6001.140253591510022414496468423138,10,3.0,1.0,6.0,5.0,5.0,1.0,1.0,5.0,2.0,0,3,5.0
1.3.6.1.4.1.14519.5.2.1.6279.6001.140253591510022414496468423138,21,5.0,1.0,3.0,5.0,5.0,1.0,1.0,5.0,1.0,0,2,2.5
1.3.6.1.4.1.14519.5.2.1.6279.6001.140253591510022414496468423138,23,5.0,1.0,6.0,5.0,4.0,1.0,5.0,4.0,4.0,1,5,10.0
1.3.6.1.4.1.14519.5.2.1.6279.6001.140253591510022414496468423138,25,5.0,1.0,3.0,5.0,5.0,1.0,1.0,5.0,1.0,0,2,2.5
1.3.6.1.4.1.14519.5.2.1.6279.6001.328789598898469177563438457842,Nodule 013,4.0,1.0,6.0,4.0,5.0,1.0,1.0,5.0,2.0,0,4,5.0
1.3.6.1.4.1.14519.5.2.1.6279.6001.328789598898469177563438457842,Nodule 001,4.0,1.0,6.0,4.0,4.0,2.0,2.0,5.0,4.0,1,4,7.5
1.3.6.1.4.1.14519.5.2.1.6279.6001.328789598898469177563438457842,Nodule 002,4.0,1.0,6.0,4.0,4.0,1.0,1.0,5.0,3.0,,3,5.0
1.3.6.1.4.1.14519.5.2.1.6279.6001.328789598898469177563438457842,Nodule 003,4.0,1.0,6.0,3.0,4.0,1.0,1.0,5.0,3.0,,3,5.0
1.3.6.1.4.1.14519.5.2.1.6279.6001.328789598898469177563438457842,Nodule 006,4.0,1.0,6.0,4.0,5.0,1.0,1.0,5.0,2.0,0,4,7.5
1.3.6.1.4.1.14519.5.2.1.6279.6001.328789598898469177563438457842,IL057_127237,4.0,1.0,6.0,5.0,5.0,1.0,1.0,5.0,3.0,,3,5.0
1.3.6.1.4.1.14519.5.2.1.6279.6001.328789598898469177563438457842,IL057_127247,4.0,1.0,6.0,5.0,5.0,1.0,1.0,5.0,3.0,,3,5.0
1.3.6.1.4.1.14519.5.2.1.6279.6001.328789598898469177563438457842,IL057_127254,4.0,1.0,6.0,4.0,4.0,1.0,1.0,5.0,3.0,,1,0.0
1.3.6.1.4.1.14519.5.2.1.6279.6001.328789598898469177563438457842,IL057_127241,4.0,1.0,6.0,5.0,5.0,1.0,1.0,5.0,3.0,,3,5.0
1.3.6.1.4.1.14519.5.2.1.6279.6001.328789598898469177563438457842,IL057_127245,4.0,1.0,6.0,5.0,5.0,1.0,1.0,5.0,3.0,,2,2.5
1.3.6.1.4.1.14519.5.2.1.6279.6001.328789598898469177563438457842,IL057_127233,5.0,1.0,6.0,5.0,5.0,1.0,1.0,5.0,3.0,,4,7.5
1.3.6.1.4.1.14519.5.2.1.6279.6001.328789598898469177563438457842,IL057_127251,3.0,1.0,6.0,5.0,4.0,1.0,1.0,5.0,3.0,,3,5.0
1.3.6.1.4.1.14519.5.2.1.6279.6001.328789598898469177563438457842,IL057_127257,4.0,1.0,6.0,5.0,5.0,1.0,1.0,5.0,3.0,,3,5.0
1.3.6.1.4.1.14519.5.2.1.6279.6001.328789598898469177563438457842,IL057_128834,3.0,1.0,6.0,5.0,5.0,1.0,1.0,5.0,3.0,,3,5.0
1.3.6.1.4.1.14519.5.2.1.6279.6001.328789598898469177563438457842,IL057_128835,3.0,1.0,6.0,5.0,5.0,1.0,1.0,5.0,3.0,,2,2.5
1.3.6.1.4.1.14519.5.2.1.6279.6001.328789598898469177563438457842,MI014_17711,5.0,1.0,6.0,3.0,5.0,1.0,1.0,5.0,3.0,,3,5.0
1.3.6.1.4.1.14519.5.2.1.6279.6001.328789598898469177563438457842,MI014_17723,3.0,1.0,6.0,4.0,3.0,2.0,1.0,3.0,3.0,,3,5.0
1.3.6.1.4.1.14519.5.2.1.6279.6001.328789598898469177563438457842,MI014_17728,4.0,1.0,6.0,3.0,2.0,1.0,1.0,3.0,3.0,,2,2.5
1.3.6.1.4.1.14519.5.2.1.6279.6001.328789598898469177563438457842,MI014_17715,4.0,1.0,6.0,4.0,4.0,2.0,1.0,4.0,4.0,1,3,5.0
1.3.6.1.4.1.14519.5.2.1.6279.6001.328789598898469177563438457842,MI014_17719,4.0,1.0,6.0,3.0,3.0,1.0,1.0,4.0,3.0,,3,5.0
1.3.6.1.4.1.14519.5.2.1.6279.6001.328789598898469177563438457842,MI014_17707,5.0,1.0,6.0,5.0,5.0,1.0,1.0,5.0,5.0,1,5,10.0
1.3.6.1.4.1.14519.5.2.1.6279.6001.328789598898469177563438457842,MI014_17756,3.0,1.0,6.0,3.0,2.0,2.0,1.0,3.0,3.0,,3,5.0
1.3.6.1.4.1.14519.5.2.1.6279.6001.328789598898469177563438457842,MI014_17757,4.0,1.0,6.0,4.0,3.0,1.0,1.0,4.0,3.0,,3,5.0
1.3.6.1.4.1.14519.5.2.1.6279.6001.328789598898469177563438457842,MI014_17758,4.0,1.0,6.0,4.0,4.0,1.0,1.0,4.0,3.0,,3,5.0
1.3.6.1.4.1.14519.5.2.1.6279.6001.328789598898469177563438457842,0,3.0,1.0,6.0,5.0,5.0,1.0,1.0,5.0,2.0,0,5,10.0
1.3.6.1.4.1.14519.5.2.1.6279.6001.328789598898469177563438457842,3,3.0,1.0,6.0,5.0,5.0,1.0,1.0,5.0,2.0,0,3,5.0
1.3.6.1.4.1.14519.5.2.1.6279.6001.328789598898469177563438457842,4,3.0,1.0,6.0,5.0,5.0,1.0,1.0,5.0,2.0,0,3,5.0
1.3.6.1.4.1.14519.5.2.1.6279.6001.328789598898469177563438457842,7,3.0,1.0,6.0,5.0,5.0,1.0,1.0,5.0,2.0,0,3,5.0
1.3.6.1.4.1.14519.5.2.1.6279.6001.328789598898469177563438457842,9,3.0,1.0,6.0,5.0,5.0,1.0,1.0,5.0,2.0,0,4,7.5
1.3.6.1.4.1.14519.5.2.1.6279.6001.328789598898469177563438457842,10,3.0,1.0,6.0,5.0,5.0,1.0,1.0,5.0,2.0,0,4,7.5
1.3.6.1.4.1.14519.5.2.1.6279.6001.328789598898469177563438457842,13,3.0,1.0,6.0,5.0,5.0,1.0,1.0,5.0,2.0,0,4,7.5
1.3.6.1.4.1.14519.5.2.1.6279.6001.328789598898469177563438457842,14,3.0,1.0,6.0,5.0,5.0,1.0,1.0,5.0,2.0,0,4,7.5
1.3.6.1.4.1.14519.5.2.1.6279.6001.328789598898469177563438457842,15,3.0,1.0,6.0,5.0,5.0,1.0,1.0,5.0,2.0,0,4,7.5
1.3.6.1.4.1.14519.5.2.1.6279.6001.328789598898469177563438457842,16,3.0,1.0,6.0,5.0,5.0,1.0,1.0,5.0,2.0,0,3,5.0
1.3.6.1.4.1.14519.5.2.1.6279.6001.328789598898469177563438457842,17,3.0,1.0,6.0,5.0,5.0,1.0,1.0,5.0,2.0,0,3,5.0
1.3.6.1.4.1.14519.5.2.1.6279.6001.328789598898469177563438457842,18,3.0,1.0,6.0,5.0,5.0,1.0,1.0,5.0,2.0,0,3,5.0
1.3.6.1.4.1.14519.5.2.1.6279.6001.174907798609768549012640380786,Nodule 006,4.0,1.0,6.0,3.0,4.0,2.0,1.0,5.0,4.0,1,4,7.5
1.3.6.1.4.1.14519.5.2.1.6279.6001.174907798609768549012640380786,Nodule 005,5.0,1.0,6.0,2.0,3.0,3.0,3.0,5.0,5.0,1,9,20.0
1.3.6.1.4.1.14519.5.2.1.6279.6001.174907798609768549012640380786,IL057_123131,5.0,1.0,6.0,3.0,3.0,5.0,2.0,5.0,5.0,1,8,17.5
1.3.6.1.4.1.14519.5.2.1.6279.6001.174907798609768549012640380786,IL057_123135,4.0,1.0,6.0,4.0,3.0,4.0,2.0,5.0,4.0,1,3,5.0
1.3.6.1.4.1.14519.5.2.1.6279.6001.174907798609768549012640380786,MI014_11941,5.0,1.0,6.0,2.0,4.0,2.0,2.0,5.0,5.0,1,11,20.0
1.3.6.1.4.1.14519.5.2.1.6279.6001.174907798609768549012640380786,MI014_11946,4.0,1.0,6.0,5.0,5.0,1.0,1.0,5.0,3.0,,5,10.0
1.3.6.1.4.1.14519.5.2.1.6279.6001.174907798609768549012640380786,MI014_12031,1.0,1.0,6.0,5.0,5.0,1.0,1.0,5.0,3.0,,2,2.5
1.3.6.1.4.1.14519.5.2.1.6279.6001.174907798609768549012640380786,0,3.0,1.0,6.0,5.0,5.0,1.0,1.0,5.0,2.0,0,4,7.5
1.3.6.1.4.1.14519.5.2.1.6279.6001.174907798609768549012640380786,9,5.0,1.0,6.0,5.0,4.0,1.0,5.0,4.0,4.0,1,7,15.0
1.3.6.1.4.1.14519.5.2.1.6279.6001.174907798609768549012640380786,18,3.0,1.0,6.0,5.0,5.0,1.0,1.0,5.0,2.0,0,3,5.0
1.3.6.1.4.1.14519.5.2.1.6279.6001.747803439040091794717626507402,Nodule 001,5.0,1.0,6.0,3.0,4.0,2.0,2.0,5.0,4.0,1,6,12.5
1.3.6.1.4.1.14519.5.2.1.6279.6001.747803439040091794717626507402,IL057_127283,5.0,1.0,6.0,3.0,4.0,1.0,1.0,4.0,3.0,,5,10.0
1.3.6.1.4.1.14519.5.2.1.6279.6001.747803439040091794717626507402,MI014_18157,5.0,1.0,6.0,5.0,5.0,1.0,1.0,5.0,5.0,1,6,10.0
1.3.6.1.4.1.14519.5.2.1.6279.6001.747803439040091794717626507402,0,3.0,1.0,6.0,5.0,5.0,1.0,1.0,5.0,2.0,0,7,15.0
1.3.6.1.4.1.14519.5.2.1.6279.6001.227962600322799211676960828223,Nodule 001,5.0,1.0,6.0,3.0,3.0,3.0,3.0,4.0,5.0,1,15,17.5
1.3.6.1.4.1.14519.5.2.1.6279.6001.227962600322799211676960828223,IL057_130584,5.0,1.0,6.0,4.0,4.0,3.0,3.0,5.0,5.0,1,14,16.25
1.3.6.1.4.1.14519.5.2.1.6279.6001.227962600322799211676960828223,MI014_16581,5.0,1.0,6.0,2.0,3.0,3.0,3.0,4.0,3.0,,16,18.75
1.3.6.1.4.1.14519.5.2.1.6279.6001.227962600322799211676960828223,0,5.0,1.0,6.0,5.0,4.0,1.0,5.0,4.0,4.0,1,19,22.5
1.3.6.1.4.1.14519.5.2.1.6279.6001.153536305742006952753134773630,Nodule 001,5.0,1.0,6.0,3.0,4.0,2.0,2.0,5.0,4.0,1,5,10.0
1.3.6.1.4.1.14519.5.2.1.6279.6001.153536305742006952753134773630,Nodule 002,4.0,1.0,6.0,4.0,4.0,2.0,1.0,5.0,3.0,,4,7.5
1.3.6.1.4.1.14519.5.2.1.6279.6001.153536305742006952753134773630,Nodule 006,3.0,1.0,6.0,4.0,5.0,1.0,1.0,5.0,2.0,0,3,5.0
1.3.6.1.4.1.14519.5.2.1.6279.6001.153536305742006952753134773630,Nodule 004,3.0,1.0,6.0,4.0,5.0,1.0,2.0,5.0,2.0,0,2,2.5
1.3.6.1.4.1.14519.5.2.1.6279.6001.153536305742006952753134773630,Nodule 011,5.0,1.0,6.0,3.0,4.0,2.0,3.0,5.0,5.0,1,6,12.5
1.3.6.1.4.1.14519.5.2.1.6279.6001.153536305742006952753134773630,IL057_127692,5.0,1.0,6.0,3.0,2.0,5.0,5.0,4.0,5.0,1,5,10.0
1.3.6.1.4.1.14519.5.2.1.6279.6001.153536305742006952753134773630,IL057_127704,3.0,1.0,6.0,4.0,3.0,3.0,2.0,4.0,3.0,,2,2.5
1.3.6.1.4.1.14519.5.2.1.6279.6001.153536305742006952753134773630,IL057_127701,5.0,1.0,6.0,5.0,4.0,3.0,2.0,5.0,4.0,1,4,7.5
1.3.6.1.4.1.14519.5.2.1.6279.6001.153536305742006952753134773630,IL057_127697,5.0,1.0,6.0,3.0,4.0,3.0,2.0,4.0,4.0,1,4,7.5
1.3.6.1.4.1.14519.5.2.1.6279.6001.153536305742006952753134773630,IL057_127707,3.0,1.0,6.0,3.0,3.0,2.0,2.0,4.0,3.0,,2,2.5
1.3.6.1.4.1.14519.5.2.1.6279.6001.153536305742006952753134773630,MI014_18005,5.0,1.0,6.0,4.0,1.0,1.0,1.0,4.0,3.0,,3,5.0
1.3.6.1.4.1.14519.5.2.1.6279.6001.153536305742006952753134773630,MI014_17989,5.0,1.0,6.0,4.0,2.0,2.0,3.0,4.0,4.0,1,6,12.5
1.3.6.1.4.1.14519.5.2.1.6279.6001.153536305742006952753134773630,MI014_18002,4.0,1.0,6.0,4.0,1.0,3.0,1.0,4.0,3.0,,3,5.0
1.3.6.1.4.1.14519.5.2.1.6279.6001.153536305742006952753134773630,MI014_17998,5.0,1.0,6.0,4.0,3.0,4.0,2.0,5.0,5.0,1,4,7.5
1.3.6.1.4.1.14519.5.2.1.6279.6001.153536305742006952753134773630,MI014_17994,5.0,1.0,6.0,4.0,3.0,3.0,1.0,4.0,5.0,1,5,10.0
1.3.6.1.4.1.14519.5.2.1.6279.6001.153536305742006952753134773630,MI014_18008,3.0,1.0,6.0,5.0,2.0,1.0,1.0,1.0,3.0,,2,2.5
1.3.6.1.4.1.14519.5.2.1.6279.6001.153536305742006952753134773630,0,5.0,1.0,6.0,5.0,5.0,4.0,1.0,5.0,3.0,,6,12.5
1.3.6.1.4.1.14519.5.2.1.6279.6001.153536305742006952753134773630,8,5.0,1.0,6.0,5.0,5.0,4.0,1.0,5.0,3.0,,4,7.5
1.3.6.1.4.1.14519.5.2.1.6279.6001.153536305742006952753134773630,9,5.0,1.0,6.0,5.0,5.0,4.0,1.0,5.0,3.0,,3,5.0
1.3.6.1.4.1.14519.5.2.1.6279.6001.153536305742006952753134773630,10,5.0,1.0,6.0,5.0,5.0,4.0,1.0,5.0,3.0,,2,2.5
1.3.6.1.4.1.14519.5.2.1.6279.6001.153536305742006952753134773630,13,5.0,1.0,6.0,5.0,4.0,1.0,5.0,4.0,4.0,1,8,17.5
1.3.6.1.4.1.14519.5.2.1.6279.6001.108231420525711026834210228428,Nodule 001,3.0,1.0,6.0,4.0,5.0,1.0,1.0,5.0,2.0,0,4,3.75
1.3.6.1.4.1.14519.5.2.1.6279.6001.108231420525711026834210228428,IL057_130635,3.0,1.0,6.0,5.0,5.0,1.0,1.0,5.0,3.0,,5,5.0
1.3.6.1.4.1.14519.5.2.1.6279.6001.108231420525711026834210228428,MI014_18053,5.0,1.0,6.0,5.0,5.0,1.0,1.0,4.0,3.0,,5,5.0
1.3.6.1.4.1.14519.5.2.1.6279.6001.108231420525711026834210228428,0,3.0,1.0,6.0,5.0,5.0,1.0,1.0,5.0,2.0,0,5,5.0
1.3.6.1.4.1.14519.5.2.1.6279.6001.882070241245008756731854510592,Nodule 004,3.0,1.0,6.0,4.0,5.0,1.0,1.0,5.0,2.0,0,2,2.5
1.3.6.1.4.1.14519.5.2.1.6279.6001.882070241245008756731854510592,Nodule 001,4.0,1.0,6.0,4.0,4.0,2.0,1.0,5.0,4.0,1,4,7.5
1.3.6.1.4.1.14519.5.2.1.6279.6001.882070241245008756731854510592,Nodule 003,3.0,1.0,6.0,4.0,4.0,1.0,1.0,4.0,3.0,,2,2.5
1.3.6.1.4.1.14519.5.2.1.6279.6001.882070241245008756731854510592,Nodule 002,5.0,1.0,6.0,3.0,3.0,2.0,3.0,5.0,5.0,1,6,12.5
1.3.6.1.4.1.14519.5.2.1.6279.6001.882070241245008756731854510592,IL057_123109,5.0,1.0,6.0,5.0,4.0,5.0,3.0,5.0,5.0,1,6,10.0
1.3.6.1.4.1.14519.5.2.1.6279.6001.882070241245008756731854510592,IL057_123112,4.0,1.0,6.0,4.0,4.0,3.0,1.0,5.0,4.0,1,4,7.5
1.3.6.1.4.1.14519.5.2.1.6279.6001.882070241245008756731854510592,IL057_128327,3.0,1.0,6.0,5.0,4.0,3.0,1.0,5.0,3.0,,2,2.5
1.3.6.1.4.1.14519.5.2.1.6279.6001.882070241245008756731854510592,IL057_128328,2.0,1.0,6.0,5.0,4.0,1.0,1.0,5.0,3.0,,2,2.5
1.3.6.1.4.1.14519.5.2.1.6279.6001.882070241245008756731854510592,MI014_11912,5.0,1.0,6.0,4.0,4.0,1.0,3.0,5.0,5.0,1,6,12.5
1.3.6.1.4.1.14519.5.2.1.6279.6001.882070241245008756731854510592,MI014_11928,4.0,1.0,6.0,3.0,5.0,1.0,1.0,5.0,3.0,,4,7.5
1.3.6.1.4.1.14519.5.2.1.6279.6001.882070241245008756731854510592,0,3.0,1.0,6.0,5.0,5.0,1.0,1.0,5.0,2.0,0,3,5.0
1.3.6.1.4.1.14519.5.2.1.6279.6001.882070241245008756731854510592,1,5.0,1.0,3.0,5.0,5.0,1.0,1.0,5.0,1.0,0,6,12.5
1.3.6.1.4.1.14519.5.2.1.6279.6001.882070241245008756731854510592,2,3.0,1.0,6.0,5.0,5.0,1.0,1.0,5.0,2.0,0,2,2.5
1.3.6.1.4.1.14519.5.2.1.6279.6001.882070241245008756731854510592,3,5.0,1.0,6.0,5.0,5.0,4.0,1.0,5.0,3.0,,7,15.0
1.3.6.1.4.1.14519.5.2.1.6279.6001.330425234131526435132846006585,IL057_132678,5.0,1.0,6.0,2.0,3.0,3.0,3.0,5.0,2.0,0,31,25.0
1.3.6.1.4.1.14519.5.2.1.6279.6001.330425234131526435132846006585,0,5.0,1.0,6.0,5.0,4.0,1.0,5.0,4.0,4.0,1,26,28.75
1.3.6.1.4.1.14519.5.2.1.6279.6001.315214756157389122376518747372,Nodule 001,4.0,1.0,6.0,4.0,5.0,1.0,1.0,5.0,3.0,,6,6.25
1.3.6.1.4.1.14519.5.2.1.6279.6001.315214756157389122376518747372,IL057_123848,3.0,1.0,6.0,4.0,4.0,1.0,1.0,5.0,3.0,,7,7.5
1.3.6.1.4.1.14519.5.2.1.6279.6001.315214756157389122376518747372,IL057_132682,5.0,1.0,6.0,3.0,2.0,3.0,4.0,5.0,5.0,1,18,15.0
1.3.6.1.4.1.14519.5.2.1.6279.6001.315214756157389122376518747372,MI014_16161,2.0,1.0,6.0,4.0,4.0,2.0,1.0,5.0,3.0,,6,6.25
1.3.6.1.4.1.14519.5.2.1.6279.6001.315214756157389122376518747372,0,5.0,1.0,6.0,5.0,5.0,1.0,1.0,5.0,2.0,0,7,7.5
1.3.6.1.4.1.14519.5.2.1.6279.6001.188265424231150847356515802868,Nodule 002,3.0,1.0,6.0,4.0,5.0,1.0,1.0,5.0,2.0,0,4,7.5
1.3.6.1.4.1.14519.5.2.1.6279.6001.188265424231150847356515802868,Nodule 001,4.0,1.0,6.0,4.0,4.0,1.0,1.0,5.0,3.0,,5,10.0
1.3.6.1.4.1.14519.5.2.1.6279.6001.188265424231150847356515802868,IL057_127399,5.0,1.0,3.0,4.0,5.0,2.0,1.0,5.0,1.0,0,4,7.5
1.3.6.1.4.1.14519.5.2.1.6279.6001.188265424231150847356515802868,MI014_16426,5.0,1.0,3.0,4.0,5.0,2.0,1.0,5.0,1.0,0,5,10.0
1.3.6.1.4.1.14519.5.2.1.6279.6001.188265424231150847356515802868,0,3.0,1.0,6.0,5.0,5.0,1.0,1.0,5.0,2.0,0,2,2.5
1.3.6.1.4.1.14519.5.2.1.6279.6001.188265424231150847356515802868,2,5.0,1.0,3.0,5.0,5.0,1.0,1.0,5.0,1.0,0,6,12.5
1.3.6.1.4.1.14519.5.2.1.6279.6001.296863826932699509516219450076,0,5.0,1.0,6.0,3.0,3.0,3.0,2.0,5.0,2.0,0,11,25.0
1.3.6.1.4.1.14519.5.2.1.6279.6001.487745546557477250336016826588,Nodule 001,5.0,1.0,6.0,3.0,3.0,3.0,5.0,5.0,5.0,1,12,22.5
1.3.6.1.4.1.14519.5.2.1.6279.6001.487745546557477250336016826588,IL057_159699,5.0,1.0,6.0,3.0,4.0,4.0,5.0,5.0,5.0,1,9,20.0
1.3.6.1.4.1.14519.5.2.1.6279.6001.487745546557477250336016826588,MI014_19465,5.0,1.0,6.0,4.0,2.0,4.0,5.0,5.0,5.0,1,12,27.5
1.3.6.1.4.1.14519.5.2.1.6279.6001.487745546557477250336016826588,0,5.0,1.0,6.0,5.0,4.0,1.0,5.0,4.0,4.0,1,11,25.0
1.3.6.1.4.1.14519.5.2.1.6279.6001.206028343897359374907954580114,Nodule 002,3.0,1.0,6.0,3.0,4.0,1.0,1.0,5.0,3.0,,2,2.5
1.3.6.1.4.1.14519.5.2.1.6279.6001.206028343897359374907954580114,Nodule 001,4.0,1.0,6.0,3.0,4.0,2.0,2.0,5.0,4.0,1,5,10.0
1.3.6.1.4.1.14519.5.2.1.6279.6001.206028343897359374907954580114,IL057_127109,4.0,1.0,6.0,5.0,4.0,2.0,2.0,5.0,4.0,1,4,7.5
1.3.6.1.4.1.14519.5.2.1.6279.6001.206028343897359374907954580114,IL057_128330,4.0,1.0,6.0,3.0,4.0,2.0,1.0,4.0,3.0,,3,5.0
1.3.6.1.4.1.14519.5.2.1.6279.6001.206028343897359374907954580114,MI014_16365,5.0,1.0,6.0,5.0,4.0,2.0,1.0,4.0,3.0,,5,10.0
1.3.6.1.4.1.14519.5.2.1.6279.6001.206028343897359374907954580114,MI014_16372,1.0,1.0,6.0,5.0,4.0,1.0,1.0,5.0,3.0,,2,2.5
1.3.6.1.4.1.14519.5.2.1.6279.6001.206028343897359374907954580114,MI014_16369,3.0,2.0,6.0,3.0,4.0,2.0,1.0,4.0,1.0,0,4,7.5
1.3.6.1.4.1.14519.5.2.1.6279.6001.206028343897359374907954580114,MI014_16375,3.0,1.0,3.0,5.0,5.0,1.0,1.0,5.0,1.0,0,2,2.5
1.3.6.1.4.1.14519.5.2.1.6279.6001.206028343897359374907954580114,0,3.0,1.0,6.0,5.0,5.0,1.0,1.0,5.0,2.0,0,2,2.5
1.3.6.1.4.1.14519.5.2.1.6279.6001.206028343897359374907954580114,1,3.0,1.0,6.0,5.0,5.0,1.0,1.0,5.0,2.0,0,5,10.0
1.3.6.1.4.1.14519.5.2.1.6279.6001.206028343897359374907954580114,3,3.0,1.0,6.0,5.0,5.0,1.0,1.0,5.0,2.0,0,3,5.0
1.3.6.1.4.1.14519.5.2.1.6279.6001.206028343897359374907954580114,5,3.0,1.0,6.0,5.0,5.0,1.0,1.0,5.0,2.0,0,2,2.5
1.3.6.1.4.1.14519.5.2.1.6279.6001.564534197011295112247542153557,IL057_123831,2.0,1.0,6.0,2.0,3.0,3.0,1.0,5.0,2.0,0,4,3.75
1.3.6.1.4.1.14519.5.2.1.6279.6001.101228986346984399347858840086,Nodule 008,3.0,1.0,6.0,4.0,5.0,1.0,1.0,5.0,2.0,0,2,1.25
1.3.6.1.4.1.14519.5.2.1.6279.6001.101228986346984399347858840086,0,2.0,1.0,6.0,4.0,4.0,2.0,1.0,5.0,1.0,0,2,1.25
1.3.6.1.4.1.14519.5.2.1.6279.6001.101228986346984399347858840086,3,1.0,1.0,6.0,4.0,1.0,1.0,1.0,1.0,3.0,,3,2.5
1.3.6.1.4.1.14519.5.2.1.6279.6001.183843376225716802567192412456,Nodule 001,4.0,1.0,6.0,4.0,5.0,1.0,1.0,5.0,3.0,,4,7.5
1.3.6.1.4.1.14519.5.2.1.6279.6001.183843376225716802567192412456,Nodule 002,3.0,1.0,6.0,2.0,5.0,1.0,1.0,5.0,2.0,0,3,5.0
1.3.6.1.4.1.14519.5.2.1.6279.6001.183843376225716802567192412456,Nodule 007,4.0,1.0,6.0,4.0,5.0,1.0,1.0,5.0,2.0,0,3,5.0
1.3.6.1.4.1.14519.5.2.1.6279.6001.183843376225716802567192412456,IL057_130654,3.0,1.0,6.0,3.0,5.0,1.0,1.0,5.0,3.0,,2,2.5
1.3.6.1.4.1.14519.5.2.1.6279.6001.183843376225716802567192412456,IL057_130651,2.0,1.0,6.0,4.0,5.0,5.0,5.0,5.0,3.0,,4,7.5
1.3.6.1.4.1.14519.5.2.1.6279.6001.183843376225716802567192412456,IL057_130664,2.0,1.0,6.0,3.0,4.0,1.0,1.0,5.0,2.0,0,1,0.0
1.3.6.1.4.1.14519.5.2.1.6279.6001.183843376225716802567192412456,IL057_130648,5.0,1.0,6.0,5.0,5.0,1.0,1.0,5.0,3.0,,3,5.0
1.3.6.1.4.1.14519.5.2.1.6279.6001.183843376225716802567192412456,IL057_130659,3.0,1.0,6.0,3.0,4.0,1.0,1.0,5.0,3.0,,2,2.5
1.3.6.1.4.1.14519.5.2.1.6279.6001.183843376225716802567192412456,IL057_130662,3.0,1.0,6.0,5.0,5.0,1.0,1.0,5.0,3.0,,3,5.0
1.3.6.1.4.1.14519.5.2.1.6279.6001.183843376225716802567192412456,IL057_130667,2.0,1.0,6.0,2.0,3.0,1.0,1.0,5.0,2.0,0,2,2.5
1.3.6.1.4.1.14519.5.2.1.6279.6001.183843376225716802567192412456,MI014_16649,1.0,1.0,6.0,2.0,3.0,2.0,1.0,3.0,3.0,,2,2.5
1.3.6.1.4.1.14519.5.2.1.6279.6001.183843376225716802567192412456,MI014_16631,4.0,1.0,6.0,5.0,5.0,1.0,1.0,5.0,3.0,,5,10.0
1.3.6.1.4.1.14519.5.2.1.6279.6001.183843376225716802567192412456,MI014_16643,2.0,1.0,6.0,3.0,4.0,1.0,1.0,4.0,3.0,,3,5.0
1.3.6.1.4.1.14519.5.2.1.6279.6001.183843376225716802567192412456,MI014_16639,1.0,1.0,6.0,2.0,4.0,1.0,1.0,4.0,3.0,,2,2.5
1.3.6.1.4.1.14519.5.2.1.6279.6001.183843376225716802567192412456,MI014_16636,2.0,1.0,6.0,3.0,4.0,1.0,1.0,4.0,3.0,,4,7.5
1.3.6.1.4.1.14519.5.2.1.6279.6001.183843376225716802567192412456,MI014_16647,1.0,1.0,6.0,5.0,5.0,1.0,1.0,5.0,3.0,,2,2.5
1.3.6.1.4.1.14519.5.2.1.6279.6001.183843376225716802567192412456,0,3.0,1.0,6.0,5.0,5.0,1.0,1.0,5.0,2.0,0,5,10.0
1.3.6.1.4.1.14519.5.2.1.6279.6001.183843376225716802567192412456,6,3.0,1.0,6.0,5.0,5.0,1.0,1.0,5.0,2.0,0,4,7.5
1.3.6.1.4.1.14519.5.2.1.6279.6001.183843376225716802567192412456,9,3.0,1.0,6.0,5.0,5.0,1.0,1.0,5.0,2.0,0,4,7.5
1.3.6.1.4.1.14519.5.2.1.6279.6001.264090899378396711987322794314,MI014_17496,5.0,1.0,6.0,4.0,4.0,4.0,3.0,5.0,5.0,1,19,22.5
1.3.6.1.4.1.14519.5.2.1.6279.6001.986011151772797848993829243183,Nodule 004,3.0,1.0,6.0,4.0,4.0,1.0,1.0,5.0,3.0,,3,5.0
1.3.6.1.4.1.14519.5.2.1.6279.6001.986011151772797848993829243183,IL057_127466,3.0,1.0,6.0,3.0,4.0,2.0,1.0,5.0,3.0,,2,2.5
1.3.6.1.4.1.14519.5.2.1.6279.6001.986011151772797848993829243183,MI014_17783,3.0,1.0,6.0,3.0,1.0,1.0,1.0,3.0,3.0,,3,5.0
1.3.6.1.4.1.14519.5.2.1.6279.6001.986011151772797848993829243183,MI014_17779,4.0,1.0,6.0,3.0,2.0,2.0,1.0,2.0,2.0,0,3,5.0
1.3.6.1.4.1.14519.5.2.1.6279.6001.124663713663969377020085460568,Nodule 001,4.0,1.0,6.0,4.0,4.0,2.0,2.0,5.0,4.0,1,3,5.0
1.3.6.1.4.1.14519.5.2.1.6279.6001.124663713663969377020085460568,Nodule 002,5.0,1.0,6.0,4.0,4.0,2.0,2.0,5.0,4.0,1,8,17.5
1.3.6.1.4.1.14519.5.2.1.6279.6001.124663713663969377020085460568,Nodule 003,3.0,1.0,6.0,4.0,5.0,1.0,1.0,5.0,2.0,0,3,5.0
1.3.6.1.4.1.14519.5.2.1.6279.6001.124663713663969377020085460568,IL057_126955,5.0,1.0,6.0,5.0,3.0,2.0,1.0,4.0,5.0,1,7,15.0
1.3.6.1.4.1.14519.5.2.1.6279.6001.124663713663969377020085460568,IL057_126962,4.0,1.0,6.0,4.0,4.0,1.0,1.0,5.0,3.0,,3,5.0
1.3.6.1.4.1.14519.5.2.1.6279.6001.124663713663969377020085460568,IL057_126957,5.0,1.0,6.0,4.0,4.0,2.0,1.0,4.0,4.0,1,3,5.0
1.3.6.1.4.1.14519.5.2.1.6279.6001.124663713663969377020085460568,IL057_126966,1.0,1.0,6.0,3.0,3.0,1.0,1.0,5.0,2.0,0,1,0.0
1.3.6.1.4.1.14519.5.2.1.6279.6001.124663713663969377020085460568,IL057_135800,2.0,1.0,6.0,5.0,4.0,1.0,1.0,5.0,2.0,0,2,2.5
1.3.6.1.4.1.14519.5.2.1.6279.6001.124663713663969377020085460568,MI014_12195,3.0,1.0,6.0,3.0,5.0,1.0,2.0,5.0,5.0,1,8,17.5
1.3.6.1.4.1.14519.5.2.1.6279.6001.124663713663969377020085460568,MI014_12204,3.0,1.0,6.0,3.0,4.0,1.0,2.0,5.0,3.0,,3,5.0
1.3.6.1.4.1.14519.5.2.1.6279.6001.124663713663969377020085460568,MI014_12199,4.0,1.0,6.0,3.0,4.0,2.0,1.0,5.0,4.0,1,3,5.0
1.3.6.1.4.1.14519.5.2.1.6279.6001.124663713663969377020085460568,0,3.0,1.0,6.0,5.0,5.0,1.0,1.0,5.0,2.0,0,4,7.5
1.3.6.1.4.1.14519.5.2.1.6279.6001.124663713663969377020085460568,6,5.0,1.0,6.0,5.0,4.0,1.0,5.0,4.0,4.0,1,9,20.0
1.3.6.1.4.1.14519.5.2.1.6279.6001.124663713663969377020085460568,10,3.0,1.0,6.0,5.0,5.0,1.0,1.0,5.0,2.0,0,4,7.5
1.3.6.1.4.1.14519.5.2.1.6279.6001.513023675145166449943177283490,Nodule 001,4.0,1.0,6.0,4.0,4.0,2.0,1.0,5.0,4.0,1,3,5.0
1.3.6.1.4.1.14519.5.2.1.6279.6001.513023675145166449943177283490,IL057_122987,4.0,1.0,6.0,3.0,3.0,2.0,2.0,4.0,4.0,1,3,5.0
1.3.6.1.4.1.14519.5.2.1.6279.6001.513023675145166449943177283490,MI014_17515,4.0,1.0,6.0,4.0,1.0,1.0,1.0,3.0,3.0,,6,12.5
1.3.6.1.4.1.14519.5.2.1.6279.6001.513023675145166449943177283490,MI014_17519,4.0,1.0,6.0,3.0,1.0,1.0,1.0,2.0,2.0,0,3,5.0
1.3.6.1.4.1.14519.5.2.1.6279.6001.513023675145166449943177283490,0,3.0,1.0,6.0,5.0,5.0,1.0,1.0,5.0,2.0,0,3,5.0
1.3.6.1.4.1.14519.5.2.1.6279.6001.338447145504282422142824032832,Nodule 003,3.0,1.0,6.0,5.0,5.0,1.0,1.0,5.0,2.0,0,3,2.5
1.3.6.1.4.1.14519.5.2.1.6279.6001.338447145504282422142824032832,MI014_17413,5.0,1.0,5.0,3.0,5.0,1.0,1.0,4.0,2.0,0,4,3.75
1.3.6.1.4.1.14519.5.2.1.6279.6001.338447145504282422142824032832,0,5.0,1.0,6.0,3.0,5.0,2.0,1.0,5.0,2.0,0,4,3.75
1.3.6.1.4.1.14519.5.2.1.6279.6001.161002239822118346732951898613,IL057_127750,3.0,1.0,6.0,4.0,3.0,4.0,4.0,4.0,3.0,,3,5.0
1.3.6.1.4.1.14519.5.2.1.6279.6001.161002239822118346732951898613,0,5.0,1.0,6.0,5.0,5.0,4.0,1.0,5.0,3.0,,2,2.5
1.3.6.1.4.1.14519.5.2.1.6279.6001.177685820605315926524514718990,Nodule 001,4.0,1.0,6.0,3.0,4.0,2.0,1.0,5.0,4.0,1,6,6.25
1.3.6.1.4.1.14519.5.2.1.6279.6001.177685820605315926524514718990,IL057_202752,3.0,1.0,6.0,4.0,2.0,4.0,3.0,4.0,5.0,1,7,7.5
1.3.6.1.4.1.14519.5.2.1.6279.6001.177685820605315926524514718990,MI014_15475,4.0,1.0,6.0,3.0,3.0,2.0,1.0,5.0,3.0,,8,8.75
1.3.6.1.4.1.14519.5.2.1.6279.6001.177685820605315926524514718990,0,4.0,1.0,6.0,4.0,4.0,2.0,2.0,4.0,3.0,,4,3.75
1.3.6.1.4.1.14519.5.2.1.6279.6001.177685820605315926524514718990,5,4.0,1.0,6.0,4.0,4.0,2.0,2.0,4.0,3.0,,6,6.25
1.3.6.1.4.1.14519.5.2.1.6279.6001.219909753224298157409438012179,Nodule 001,5.0,1.0,6.0,3.0,4.0,2.0,2.0,5.0,4.0,1,5,10.0
1.3.6.1.4.1.14519.5.2.1.6279.6001.219909753224298157409438012179,Nodule 002,4.0,1.0,6.0,2.0,4.0,1.0,2.0,5.0,4.0,1,3,5.0
1.3.6.1.4.1.14519.5.2.1.6279.6001.219909753224298157409438012179,IL057_127451,3.0,1.0,6.0,3.0,4.0,2.0,3.0,5.0,3.0,,2,2.5
1.3.6.1.4.1.14519.5.2.1.6279.6001.219909753224298157409438012179,IL057_127447,5.0,1.0,6.0,3.0,5.0,4.0,5.0,5.0,5.0,1,6,12.5
1.3.6.1.4.1.14519.5.2.1.6279.6001.219909753224298157409438012179,MI014_16473,5.0,1.0,6.0,4.0,3.0,3.0,3.0,4.0,3.0,,6,12.5
1.3.6.1.4.1.14519.5.2.1.6279.6001.219909753224298157409438012179,0,5.0,1.0,6.0,5.0,4.0,1.0,5.0,4.0,4.0,1,7,15.0
1.3.6.1.4.1.14519.5.2.1.6279.6001.219909753224298157409438012179,1,5.0,1.0,6.0,5.0,4.0,1.0,5.0,4.0,4.0,1,5,10.0
1.3.6.1.4.1.14519.5.2.1.6279.6001.117383608379722740629083782428,MI014_16281,1.0,1.0,6.0,3.0,4.0,1.0,1.0,4.0,3.0,,2,2.5
1.3.6.1.4.1.14519.5.2.1.6279.6001.332829333783605240302521201463,Nodule 001,4.0,1.0,6.0,4.0,5.0,1.0,1.0,5.0,3.0,,5,5.0
1.3.6.1.4.1.14519.5.2.1.6279.6001.332829333783605240302521201463,Nodule 005,4.0,1.0,5.0,5.0,5.0,1.0,1.0,5.0,1.0,0,4,3.75
1.3.6.1.4.1.14519.5.2.1.6279.6001.332829333783605240302521201463,Nodule 002,3.0,1.0,6.0,5.0,5.0,1.0,1.0,5.0,2.0,0,4,3.75
1.3.6.1.4.1.14519.5.2.1.6279.6001.332829333783605240302521201463,Nodule 006,4.0,1.0,3.0,3.0,5.0,1.0,1.0,5.0,1.0,0,3,2.5
1.3.6.1.4.1.14519.5.2.1.6279.6001.332829333783605240302521201463,Nodule 004,4.0,1.0,6.0,4.0,5.0,1.0,1.0,5.0,3.0,,6,6.25
1.3.6.1.4.1.14519.5.2.1.6279.6001.332829333783605240302521201463,IL057_128054,4.0,1.0,6.0,5.0,5.0,1.0,1.0,5.0,3.0,,6,6.25
1.3.6.1.4.1.14519.5.2.1.6279.6001.332829333783605240302521201463,IL057_128057,4.0,1.0,3.0,5.0,5.0,1.0,1.0,5.0,1.0,0,3,2.5
1.3.6.1.4.1.14519.5.2.1.6279.6001.332829333783605240302521201463,IL057_145176,4.0,1.0,5.0,3.0,5.0,1.0,1.0,5.0,1.0,0,4,3.75
1.3.6.1.4.1.14519.5.2.1.6279.6001.332829333783605240302521201463,IL057_145177,4.0,1.0,5.0,5.0,5.0,1.0,1.0,5.0,1.0,0,3,2.5
1.3.6.1.4.1.14519.5.2.1.6279.6001.332829333783605240302521201463,IL057_145178,4.0,1.0,3.0,5.0,5.0,1.0,1.0,5.0,1.0,0,5,5.0
1.3.6.1.4.1.14519.5.2.1.6279.6001.332829333783605240302521201463,MI014_16083,3.0,1.0,6.0,5.0,5.0,2.0,1.0,5.0,3.0,,6,6.25
1.3.6.1.4.1.14519.5.2.1.6279.6001.332829333783605240302521201463,MI014_16093,2.0,1.0,5.0,3.0,5.0,1.0,1.0,5.0,1.0,0,3,2.5
1.3.6.1.4.1.14519.5.2.1.6279.6001.332829333783605240302521201463,MI014_16091,2.0,1.0,3.0,3.0,5.0,1.0,1.0,5.0,1.0,0,3,2.5
1.3.6.1.4.1.14519.5.2.1.6279.6001.332829333783605240302521201463,MI014_16092,1.0,1.0,6.0,4.0,4.0,1.0,1.0,5.0,3.0,,3,2.5
1.3.6.1.4.1.14519.5.2.1.6279.6001.332829333783605240302521201463,MI014_16088,4.0,1.0,3.0,4.0,5.0,1.0,1.0,5.0,1.0,0,5,5.0
1.3.6.1.4.1.14519.5.2.1.6279.6001.332829333783605240302521201463,0,5.0,1.0,3.0,5.0,5.0,1.0,1.0,5.0,1.0,0,5,5.0
1.3.6.1.4.1.14519.5.2.1.6279.6001.332829333783605240302521201463,1,5.0,1.0,5.0,3.0,5.0,3.0,5.0,5.0,1.0,0,5,5.0
1.3.6.1.4.1.14519.5.2.1.6279.6001.332829333783605240302521201463,2,5.0,1.0,5.0,3.0,5.0,3.0,3.0,5.0,1.0,0,5,5.0
1.3.6.1.4.1.14519.5.2.1.6279.6001.332829333783605240302521201463,3,5.0,1.0,5.0,4.0,5.0,2.0,3.0,5.0,1.0,0,5,5.0
1.3.6.1.4.1.14519.5.2.1.6279.6001.332829333783605240302521201463,4,3.0,1.0,6.0,5.0,5.0,1.0,1.0,5.0,2.0,0,7,7.5
1.3.6.1.4.1.14519.5.2.1.6279.6001.272961322147784625028175033640,Nodule 002,4.0,1.0,6.0,3.0,5.0,1.0,1.0,5.0,3.0,,2,2.5
1.3.6.1.4.1.14519.5.2.1.6279.6001.272961322147784625028175033640,IL057_127581,4.0,1.0,6.0,3.0,3.0,1.0,1.0,4.0,3.0,,2,2.5
1.3.6.1.4.1.14519.5.2.1.6279.6001.272961322147784625028175033640,IL057_127588,2.0,1.0,6.0,3.0,4.0,1.0,1.0,5.0,3.0,,1,0.0
1.3.6.1.4.1.14519.5.2.1.6279.6001.272961322147784625028175033640,MI014_16494,1.0,1.0,3.0,2.0,5.0,1.0,1.0,5.0,1.0,0,3,5.0
1.3.6.1.4.1.14519.5.2.1.6279.6001.272961322147784625028175033640,MI014_16489,2.0,1.0,6.0,3.0,4.0,2.0,1.0,2.0,3.0,,2,2.5
1.3.6.1.4.1.14519.5.2.1.6279.6001.272961322147784625028175033640,MI014_16493,1.0,1.0,6.0,2.0,4.0,1.0,1.0,4.0,3.0,,2,2.5
1.3.6.1.4.1.14519.5.2.1.6279.6001.272961322147784625028175033640,0,3.0,1.0,6.0,5.0,5.0,1.0,1.0,5.0,2.0,0,3,5.0
1.3.6.1.4.1.14519.5.2.1.6279.6001.138813197521718693188313387015,Nodule 001,5.0,1.0,6.0,3.0,4.0,2.0,2.0,5.0,4.0,1,6,12.5
1.3.6.1.4.1.14519.5.2.1.6279.6001.138813197521718693188313387015,IL057_127378,5.0,1.0,6.0,4.0,4.0,5.0,5.0,5.0,5.0,1,6,12.5
1.3.6.1.4.1.14519.5.2.1.6279.6001.138813197521718693188313387015,MI014_16406,2.0,1.0,3.0,5.0,5.0,1.0,1.0,5.0,1.0,0,3,5.0
1.3.6.1.4.1.14519.5.2.1.6279.6001.138813197521718693188313387015,MI014_16404,4.0,1.0,6.0,4.0,3.0,3.0,3.0,4.0,3.0,,8,17.5
1.3.6.1.4.1.14519.5.2.1.6279.6001.138813197521718693188313387015,MI014_16407,1.0,1.0,6.0,1.0,4.0,1.0,1.0,4.0,3.0,,2,2.5
1.3.6.1.4.1.14519.5.2.1.6279.6001.138813197521718693188313387015,0,5.0,1.0,6.0,5.0,5.0,4.0,1.0,5.0,3.0,,7,15.0
1.3.6.1.4.1.14519.5.2.1.6279.6001.138813197521718693188313387015,4,5.0,1.0,3.0,5.0,5.0,1.0,1.0,5.0,1.0,0,3,5.0
1.3.6.1.4.1.14519.5.2.1.6279.6001.280125803152924778388346920341,Nodule 020,3.0,1.0,6.0,3.0,4.0,1.0,1.0,5.0,3.0,,2,2.5
1.3.6.1.4.1.14519.5.2.1.6279.6001.280125803152924778388346920341,Nodule 005,4.0,1.0,6.0,4.0,5.0,1.0,1.0,5.0,2.0,0,3,5.0
1.3.6.1.4.1.14519.5.2.1.6279.6001.280125803152924778388346920341,IL057_127620,3.0,1.0,6.0,4.0,4.0,1.0,1.0,4.0,3.0,,2,2.5
1.3.6.1.4.1.14519.5.2.1.6279.6001.280125803152924778388346920341,IL057_127609,3.0,1.0,6.0,4.0,4.0,2.0,2.0,5.0,3.0,,3,5.0
1.3.6.1.4.1.14519.5.2.1.6279.6001.280125803152924778388346920341,IL057_127616,3.0,1.0,6.0,4.0,3.0,1.0,1.0,4.0,3.0,,1,0.0
1.3.6.1.4.1.14519.5.2.1.6279.6001.280125803152924778388346920341,IL057_127606,2.0,1.0,6.0,3.0,3.0,2.0,2.0,4.0,3.0,,2,2.5
1.3.6.1.4.1.14519.5.2.1.6279.6001.280125803152924778388346920341,IL057_127624,2.0,1.0,6.0,4.0,3.0,2.0,1.0,4.0,3.0,,1,0.0
1.3.6.1.4.1.14519.5.2.1.6279.6001.280125803152924778388346920341,IL057_127605,3.0,1.0,6.0,5.0,5.0,1.0,1.0,5.0,3.0,,2,2.5
1.3.6.1.4.1.14519.5.2.1.6279.6001.280125803152924778388346920341,MI014_17907,4.0,1.0,6.0,4.0,2.0,1.0,1.0,3.0,4.0,1,2,2.5
1.3.6.1.4.1.14519.5.2.1.6279.6001.280125803152924778388346920341,MI014_17910,4.0,1.0,6.0,3.0,1.0,1.0,1.0,3.0,3.0,,2,2.5
1.3.6.1.4.1.14519.5.2.1.6279.6001.280125803152924778388346920341,MI014_17903,4.0,1.0,6.0,4.0,2.0,1.0,1.0,4.0,4.0,1,3,5.0
1.3.6.1.4.1.14519.5.2.1.6279.6001.280125803152924778388346920341,MI014_17897,5.0,1.0,6.0,5.0,5.0,1.0,1.0,5.0,4.0,1,3,5.0
1.3.6.1.4.1.14519.5.2.1.6279.6001.280125803152924778388346920341,MI014_17918,3.0,1.0,6.0,4.0,1.0,1.0,1.0,3.0,2.0,0,1,0.0
1.3.6.1.4.1.14519.5.2.1.6279.6001.280125803152924778388346920341,MI014_17985,4.0,1.0,6.0,4.0,2.0,1.0,3.0,3.0,3.0,,2,2.5
1.3.6.1.4.1.14519.5.2.1.6279.6001.280125803152924778388346920341,MI014_17986,2.0,1.0,6.0,4.0,2.0,1.0,1.0,2.0,2.0,0,2,2.5
1.3.6.1.4.1.14519.5.2.1.6279.6001.280125803152924778388346920341,MI014_17987,4.0,1.0,6.0,3.0,2.0,1.0,1.0,4.0,3.0,,2,2.5
1.3.6.1.4.1.14519.5.2.1.6279.6001.280125803152924778388346920341,MI014_17988,4.0,1.0,6.0,4.0,4.0,1.0,1.0,4.0,3.0,,2,2.5
1.3.6.1.4.1.14519.5.2.1.6279.6001.280125803152924778388346920341,0,3.0,1.0,6.0,5.0,5.0,1.0,1.0,5.0,2.0,0,3,5.0
1.3.6.1.4.1.14519.5.2.1.6279.6001.280125803152924778388346920341,5,3.0,1.0,6.0,5.0,5.0,1.0,1.0,5.0,2.0,0,3,5.0
1.3.6.1.4.1.14519.5.2.1.6279.6001.280125803152924778388346920341,15,5.0,1.0,6.0,5.0,4.0,1.0,5.0,4.0,4.0,1,2,2.5
1.3.6.1.4.1.14519.5.2.1.6279.6001.280125803152924778388346920341,22,3.0,1.0,6.0,5.0,5.0,1.0,1.0,5.0,2.0,0,2,2.5
1.3.6.1.4.1.14519.5.2.1.6279.6001.280125803152924778388346920341,33,1.0,1.0,6.0,5.0,2.0,1.0,1.0,1.0,2.0,0,2,2.5
1.3.6.1.4.1.14519.5.2.1.6279.6001.503980049263254396021509831276,Nodule 001,4.0,1.0,6.0,3.0,5.0,1.0,1.0,5.0,2.0,0,3,5.0
1.3.6.1.4.1.14519.5.2.1.6279.6001.503980049263254396021509831276,Nodule 003,4.0,1.0,6.0,3.0,5.0,1.0,1.0,5.0,2.0,0,3,5.0
1.3.6.1.4.1.14519.5.2.1.6279.6001.503980049263254396021509831276,Nodule 002,5.0,1.0,6.0,3.0,4.0,2.0,2.0,5.0,5.0,1,6,12.5
1.3.6.1.4.1.14519.5.2.1.6279.6001.503980049263254396021509831276,IL057_159704,5.0,1.0,6.0,5.0,2.0,5.0,2.0,5.0,5.0,1,6,12.5
1.3.6.1.4.1.14519.5.2.1.6279.6001.503980049263254396021509831276,MI014_19470,5.0,1.0,6.0,4.0,4.0,5.0,2.0,5.0,5.0,1,7,15.0
1.3.6.1.4.1.14519.5.2.1.6279.6001.503980049263254396021509831276,MI014_19474,5.0,1.0,6.0,4.0,5.0,4.0,1.0,5.0,5.0,1,7,15.0
1.3.6.1.4.1.14519.5.2.1.6279.6001.503980049263254396021509831276,MI014_19478,5.0,1.0,6.0,3.0,2.0,2.0,1.0,4.0,5.0,1,3,5.0
1.3.6.1.4.1.14519.5.2.1.6279.6001.503980049263254396021509831276,0,3.0,1.0,6.0,5.0,5.0,1.0,1.0,5.0,2.0,0,3,5.0
1.3.6.1.4.1.14519.5.2.1.6279.6001.503980049263254396021509831276,3,3.0,1.0,6.0,5.0,5.0,1.0,1.0,5.0,2.0,0,5,10.0
1.3.6.1.4.1.14519.5.2.1.6279.6001.503980049263254396021509831276,4,5.0,1.0,6.0,5.0,5.0,4.0,1.0,5.0,3.0,,7,15.0
1.3.6.1.4.1.14519.5.2.1.6279.6001.511347030803753100045216493273,Nodule 002,5.0,1.0,6.0,3.0,4.0,2.0,3.0,5.0,5.0,1,11,25.0
1.3.6.1.4.1.14519.5.2.1.6279.6001.511347030803753100045216493273,Nodule 003,3.0,1.0,6.0,4.0,5.0,1.0,1.0,5.0,3.0,,5,10.0
1.3.6.1.4.1.14519.5.2.1.6279.6001.511347030803753100045216493273,Nodule 001,4.0,1.0,6.0,4.0,4.0,2.0,1.0,5.0,4.0,1,4,7.5
1.3.6.1.4.1.14519.5.2.1.6279.6001.511347030803753100045216493273,IL057_127424,5.0,1.0,6.0,5.0,4.0,5.0,4.0,5.0,5.0,1,10,22.5
1.3.6.1.4.1.14519.5.2.1.6279.6001.511347030803753100045216493273,IL057_127428,5.0,1.0,6.0,4.0,4.0,4.0,1.0,5.0,3.0,,5,10.0
1.3.6.1.4.1.14519.5.2.1.6279.6001.511347030803753100045216493273,IL057_128836,4.0,1.0,3.0,4.0,5.0,1.0,1.0,5.0,1.0,0,3,5.0
1.3.6.1.4.1.14519.5.2.1.6279.6001.511347030803753100045216493273,MI014_16447,5.0,1.0,6.0,4.0,2.0,4.0,3.0,3.0,3.0,,11,25.0
1.3.6.1.4.1.14519.5.2.1.6279.6001.511347030803753100045216493273,MI014_16451,4.0,1.0,6.0,4.0,4.0,2.0,1.0,4.0,3.0,,5,10.0
1.3.6.1.4.1.14519.5.2.1.6279.6001.511347030803753100045216493273,MI014_16455,4.0,1.0,3.0,5.0,5.0,1.0,1.0,5.0,1.0,0,5,10.0
1.3.6.1.4.1.14519.5.2.1.6279.6001.511347030803753100045216493273,0,5.0,1.0,6.0,5.0,5.0,4.0,1.0,5.0,3.0,,12,27.5
1.3.6.1.4.1.14519.5.2.1.6279.6001.511347030803753100045216493273,1,5.0,1.0,3.0,5.0,5.0,1.0,1.0,5.0,1.0,0,5,10.0
1.3.6.1.4.1.14519.5.2.1.6279.6001.511347030803753100045216493273,2,3.0,1.0,6.0,5.0,5.0,1.0,1.0,5.0,2.0,0,5,10.0
1.3.6.1.4.1.14519.5.2.1.6279.6001.511347030803753100045216493273,5,1.0,1.0,6.0,5.0,2.0,1.0,1.0,1.0,2.0,0,7,15.0
1.3.6.1.4.1.14519.5.2.1.6279.6001.910435939545691201820711078950,Nodule 007,4.0,1.0,6.0,3.0,5.0,1.0,1.0,5.0,3.0,,3,5.0
1.3.6.1.4.1.14519.5.2.1.6279.6001.910435939545691201820711078950,Nodule 006,4.0,1.0,6.0,3.0,4.0,2.0,1.0,5.0,4.0,1,3,5.0
1.3.6.1.4.1.14519.5.2.1.6279.6001.910435939545691201820711078950,Nodule 005,3.0,1.0,6.0,3.0,4.0,2.0,1.0,5.0,4.0,1,3,5.0
1.3.6.1.4.1.14519.5.2.1.6279.6001.910435939545691201820711078950,Nodule 018,3.0,1.0,6.0,3.0,4.0,1.0,1.0,3.0,4.0,1,3,5.0
1.3.6.1.4.1.14519.5.2.1.6279.6001.910435939545691201820711078950,Nodule 004,4.0,1.0,6.0,4.0,5.0,1.0,1.0,5.0,3.0,,3,5.0
1.3.6.1.4.1.14519.5.2.1.6279.6001.910435939545691201820711078950,Nodule 001,4.0,1.0,6.0,3.0,4.0,2.0,2.0,5.0,5.0,1,7,15.0
1.3.6.1.4.1.14519.5.2.1.6279.6001.910435939545691201820711078950,Nodule 003,4.0,1.0,6.0,4.0,5.0,1.0,1.0,5.0,2.0,0,5,10.0
1.3.6.1.4.1.14519.5.2.1.6279.6001.910435939545691201820711078950,Nodule 002,4.0,1.0,6.0,4.0,4.0,1.0,1.0,5.0,4.0,1,4,7.5
1.3.6.1.4.1.14519.5.2.1.6279.6001.910435939545691201820711078950,IL057_123012,5.0,1.0,6.0,4.0,3.0,4.0,4.0,5.0,5.0,1,6,12.5
1.3.6.1.4.1.14519.5.2.1.6279.6001.910435939545691201820711078950,IL057_123019,4.0,1.0,6.0,4.0,3.0,3.0,2.0,4.0,3.0,,3,5.0
1.3.6.1.4.1.14519.5.2.1.6279.6001.910435939545691201820711078950,IL057_123027,4.0,1.0,6.0,3.0,3.0,1.0,1.0,4.0,3.0,,2,2.5
1.3.6.1.4.1.14519.5.2.1.6279.6001.910435939545691201820711078950,IL057_123034,3.0,1.0,6.0,5.0,2.0,2.0,2.0,3.0,4.0,1,3,5.0
1.3.6.1.4.1.14519.5.2.1.6279.6001.910435939545691201820711078950,IL057_123039,5.0,1.0,3.0,5.0,5.0,1.0,1.0,5.0,1.0,0,3,5.0
1.3.6.1.4.1.14519.5.2.1.6279.6001.910435939545691201820711078950,IL057_123021,4.0,1.0,6.0,4.0,3.0,2.0,2.0,4.0,3.0,,5,10.0
1.3.6.1.4.1.14519.5.2.1.6279.6001.910435939545691201820711078950,IL057_128062,3.0,1.0,6.0,3.0,4.0,5.0,5.0,5.0,4.0,1,3,5.0
1.3.6.1.4.1.14519.5.2.1.6279.6001.910435939545691201820711078950,MI014_17568,3.0,1.0,6.0,4.0,1.0,1.0,1.0,3.0,3.0,,3,5.0
1.3.6.1.4.1.14519.5.2.1.6279.6001.910435939545691201820711078950,MI014_17556,4.0,1.0,6.0,4.0,4.0,1.0,1.0,4.0,4.0,1,5,10.0
1.3.6.1.4.1.14519.5.2.1.6279.6001.910435939545691201820711078950,MI014_17561,2.0,1.0,6.0,3.0,2.0,1.0,1.0,1.0,3.0,,5,10.0
1.3.6.1.4.1.14519.5.2.1.6279.6001.910435939545691201820711078950,MI014_17571,5.0,1.0,3.0,5.0,5.0,1.0,1.0,5.0,1.0,0,3,5.0
1.3.6.1.4.1.14519.5.2.1.6279.6001.910435939545691201820711078950,MI014_17565,2.0,1.0,6.0,4.0,3.0,1.0,1.0,2.0,3.0,,2,2.5
1.3.6.1.4.1.14519.5.2.1.6279.6001.910435939545691201820711078950,MI014_17551,5.0,1.0,6.0,4.0,3.0,1.0,3.0,5.0,4.0,1,3,5.0
1.3.6.1.4.1.14519.5.2.1.6279.6001.910435939545691201820711078950,MI014_17544,5.0,1.0,6.0,4.0,4.0,1.0,3.0,5.0,5.0,1,7,15.0
1.3.6.1.4.1.14519.5.2.1.6279.6001.910435939545691201820711078950,MI014_17563,3.0,1.0,6.0,2.0,3.0,3.0,3.0,3.0,3.0,,3,5.0
1.3.6.1.4.1.14519.5.2.1.6279.6001.910435939545691201820711078950,MI014_17549,5.0,1.0,6.0,4.0,3.0,4.0,4.0,4.0,4.0,1,3,5.0
1.3.6.1.4.1.14519.5.2.1.6279.6001.910435939545691201820711078950,MI014_17559,5.0,1.0,6.0,3.0,4.0,1.0,1.0,5.0,4.0,1,3,5.0
1.3.6.1.4.1.14519.5.2.1.6279.6001.910435939545691201820711078950,MI014_17597,5.0,1.0,6.0,4.0,2.0,1.0,4.0,5.0,4.0,1,5,10.0
1.3.6.1.4.1.14519.5.2.1.6279.6001.910435939545691201820711078950,MI014_18165,3.0,1.0,6.0,4.0,2.0,1.0,1.0,3.0,3.0,,3,5.0
1.3.6.1.4.1.14519.5.2.1.6279.6001.910435939545691201820711078950,0,3.0,1.0,6.0,4.0,5.0,1.0,1.0,5.0,2.0,0,5,10.0
1.3.6.1.4.1.14519.5.2.1.6279.6001.910435939545691201820711078950,21,5.0,1.0,3.0,5.0,5.0,1.0,1.0,5.0,1.0,0,3,5.0
1.3.6.1.4.1.14519.5.2.1.6279.6001.910435939545691201820711078950,22,5.0,1.0,6.0,5.0,5.0,4.0,1.0,5.0,3.0,,7,15.0
1.3.6.1.4.1.14519.5.2.1.6279.6001.910435939545691201820711078950,23,3.0,1.0,6.0,4.0,3.0,2.0,1.0,5.0,3.0,,4,7.5
1.3.6.1.4.1.14519.5.2.1.6279.6001.910435939545691201820711078950,24,3.0,1.0,6.0,5.0,5.0,1.0,1.0,5.0,2.0,0,5,10.0
1.3.6.1.4.1.14519.5.2.1.6279.6001.910435939545691201820711078950,25,1.0,1.0,6.0,5.0,2.0,3.0,1.0,1.0,2.0,0,3,5.0
1.3.6.1.4.1.14519.5.2.1.6279.6001.122914038048856168343065566972,Nodule 011,3.0,1.0,6.0,4.0,5.0,2.0,1.0,5.0,3.0,,4,7.5
1.3.6.1.4.1.14519.5.2.1.6279.6001.122914038048856168343065566972,Nodule 009,3.0,1.0,6.0,4.0,5.0,2.0,1.0,5.0,3.0,,3,5.0
1.3.6.1.4.1.14519.5.2.1.6279.6001.122914038048856168343065566972,Nodule 010,3.0,1.0,6.0,4.0,5.0,2.0,1.0,5.0,3.0,,2,2.5
1.3.6.1.4.1.14519.5.2.1.6279.6001.122914038048856168343065566972,Nodule 008,3.0,1.0,6.0,4.0,5.0,2.0,1.0,5.0,2.0,0,5,10.0
1.3.6.1.4.1.14519.5.2.1.6279.6001.122914038048856168343065566972,Nodule 012,4.0,1.0,4.0,4.0,4.0,1.0,1.0,5.0,2.0,0,2,2.5
1.3.6.1.4.1.14519.5.2.1.6279.6001.122914038048856168343065566972,Nodule 007,3.0,1.0,6.0,4.0,5.0,2.0,1.0,5.0,3.0,,3,5.0
1.3.6.1.4.1.14519.5.2.1.6279.6001.122914038048856168343065566972,IL057_127500,3.0,1.0,6.0,3.0,4.0,3.0,3.0,5.0,3.0,,6,12.5
1.3.6.1.4.1.14519.5.2.1.6279.6001.122914038048856168343065566972,IL057_127514,3.0,1.0,6.0,5.0,5.0,1.0,1.0,5.0,3.0,,3,5.0
1.3.6.1.4.1.14519.5.2.1.6279.6001.122914038048856168343065566972,IL057_127511,3.0,1.0,6.0,4.0,5.0,2.0,1.0,5.0,3.0,,1,0.0
1.3.6.1.4.1.14519.5.2.1.6279.6001.122914038048856168343065566972,IL057_127512,3.0,1.0,6.0,3.0,4.0,4.0,1.0,5.0,3.0,,2,2.5
1.3.6.1.4.1.14519.5.2.1.6279.6001.122914038048856168343065566972,IL057_128837,2.0,1.0,6.0,3.0,5.0,1.0,1.0,1.0,3.0,,1,0.0
1.3.6.1.4.1.14519.5.2.1.6279.6001.122914038048856168343065566972,IL057_128838,2.0,1.0,6.0,5.0,3.0,1.0,1.0,2.0,3.0,,2,2.5
1.3.6.1.4.1.14519.5.2.1.6279.6001.122914038048856168343065566972,MI014_17836,5.0,1.0,6.0,4.0,4.0,1.0,1.0,4.0,2.0,0,3,5.0
1.3.6.1.4.1.14519.5.2.1.6279.6001.122914038048856168343065566972,MI014_17838,2.0,1.0,6.0,2.0,2.0,1.0,1.0,1.0,2.0,0,2,2.5
1.3.6.1.4.1.14519.5.2.1.6279.6001.122914038048856168343065566972,MI014_17821,4.0,1.0,6.0,4.0,2.0,1.0,1.0,4.0,3.0,,3,5.0
1.3.6.1.4.1.14519.5.2.1.6279.6001.122914038048856168343065566972,MI014_17826,4.0,1.0,6.0,4.0,2.0,1.0,2.0,4.0,3.0,,3,5.0
1.3.6.1.4.1.14519.5.2.1.6279.6001.122914038048856168343065566972,MI014_17830,4.0,1.0,6.0,3.0,4.0,1.0,1.0,4.0,2.0,0,2,2.5
1.3.6.1.4.1.14519.5.2.1.6279.6001.122914038048856168343065566972,MI014_17896,4.0,1.0,6.0,4.0,2.0,1.0,1.0,4.0,3.0,,7,15.0
1.3.6.1.4.1.14519.5.2.1.6279.6001.122914038048856168343065566972,0,3.0,1.0,6.0,5.0,5.0,1.0,1.0,5.0,2.0,0,3,5.0
1.3.6.1.4.1.14519.5.2.1.6279.6001.122914038048856168343065566972,13,3.0,1.0,6.0,5.0,5.0,1.0,1.0,5.0,2.0,0,3,5.0
1.3.6.1.4.1.14519.5.2.1.6279.6001.122914038048856168343065566972,27,3.0,1.0,6.0,5.0,5.0,1.0,1.0,5.0,2.0,0,3,5.0
1.3.6.1.4.1.14519.5.2.1.6279.6001.338114620394879648539943280992,Nodule 001,4.0,1.0,6.0,3.0,4.0,2.0,2.0,5.0,4.0,1,5,7.5
1.3.6.1.4.1.14519.5.2.1.6279.6001.338114620394879648539943280992,IL057_127017,5.0,1.0,6.0,3.0,4.0,3.0,4.0,5.0,5.0,1,3,5.0
1.3.6.1.4.1.14519.5.2.1.6279.6001.338114620394879648539943280992,MI014_12034,5.0,1.0,6.0,3.0,4.0,2.0,2.0,5.0,5.0,1,4,7.5
1.3.6.1.4.1.14519.5.2.1.6279.6001.338114620394879648539943280992,0,5.0,1.0,6.0,5.0,5.0,4.0,1.0,5.0,3.0,,5,10.0
1.3.6.1.4.1.14519.5.2.1.6279.6001.250863365157630276148828903732,Nodule 003,4.0,1.0,6.0,4.0,5.0,1.0,1.0,5.0,2.0,0,6,6.25
1.3.6.1.4.1.14519.5.2.1.6279.6001.250863365157630276148828903732,Nodule 001,5.0,1.0,6.0,3.0,4.0,3.0,2.0,5.0,5.0,1,6,5.0
1.3.6.1.4.1.14519.5.2.1.6279.6001.250863365157630276148828903732,IL057_159589,4.0,1.0,6.0,5.0,2.0,4.0,2.0,3.0,4.0,1,4,3.75
1.3.6.1.4.1.14519.5.2.1.6279.6001.250863365157630276148828903732,IL057_159596,2.0,1.0,6.0,5.0,2.0,3.0,1.0,1.0,3.0,,3,2.5
1.3.6.1.4.1.14519.5.2.1.6279.6001.250863365157630276148828903732,0,1.0,1.0,6.0,5.0,2.0,1.0,1.0,1.0,2.0,0,7,7.5
1.3.6.1.4.1.14519.5.2.1.6279.6001.250863365157630276148828903732,5,1.0,1.0,6.0,5.0,2.0,1.0,1.0,1.0,2.0,0,7,7.5
1.3.6.1.4.1.14519.5.2.1.6279.6001.250863365157630276148828903732,17,1.0,1.0,6.0,5.0,2.0,1.0,1.0,1.0,2.0,0,3,2.5
1.3.6.1.4.1.14519.5.2.1.6279.6001.239358021703233250639913775427,Nodule 005,4.0,1.0,6.0,4.0,5.0,1.0,1.0,5.0,2.0,0,2,2.5
1.3.6.1.4.1.14519.5.2.1.6279.6001.239358021703233250639913775427,Nodule 002,4.0,1.0,6.0,4.0,5.0,1.0,1.0,5.0,3.0,,2,2.5
1.3.6.1.4.1.14519.5.2.1.6279.6001.239358021703233250639913775427,Nodule 020,3.0,1.0,6.0,3.0,4.0,1.0,1.0,5.0,3.0,,2,2.5
1.3.6.1.4.1.14519.5.2.1.6279.6001.239358021703233250639913775427,Nodule 018,4.0,1.0,6.0,4.0,5.0,1.0,1.0,5.0,2.0,0,2,2.5
1.3.6.1.4.1.14519.5.2.1.6279.6001.239358021703233250639913775427,Nodule 001,4.0,1.0,6.0,5.0,5.0,1.0,1.0,5.0,2.0,0,2,2.5
1.3.6.1.4.1.14519.5.2.1.6279.6001.239358021703233250639913775427,IL057_203363,3.0,1.0,6.0,5.0,4.0,1.0,1.0,5.0,3.0,,2,2.5
1.3.6.1.4.1.14519.5.2.1.6279.6001.239358021703233250639913775427,IL057_203351,3.0,1.0,6.0,4.0,5.0,1.0,2.0,5.0,4.0,1,2,2.5
1.3.6.1.4.1.14519.5.2.1.6279.6001.239358021703233250639913775427,IL057_203375,2.0,1.0,6.0,4.0,3.0,1.0,1.0,3.0,3.0,,1,0.0
1.3.6.1.4.1.14519.5.2.1.6279.6001.239358021703233250639913775427,IL057_203372,3.0,1.0,6.0,3.0,4.0,1.0,1.0,5.0,3.0,,1,0.0
1.3.6.1.4.1.14519.5.2.1.6279.6001.239358021703233250639913775427,IL057_203367,3.0,1.0,6.0,4.0,3.0,1.0,1.0,5.0,3.0,,2,2.5
1.3.6.1.4.1.14519.5.2.1.6279.6001.239358021703233250639913775427,IL057_205799,1.0,1.0,6.0,5.0,2.0,1.0,1.0,5.0,2.0,0,2,2.5
1.3.6.1.4.1.14519.5.2.1.6279.6001.239358021703233250639913775427,IL057_205800,4.0,1.0,6.0,4.0,4.0,1.0,2.0,5.0,3.0,,5,10.0
1.3.6.1.4.1.14519.5.2.1.6279.6001.239358021703233250639913775427,IL057_205801,2.0,1.0,6.0,4.0,4.0,1.0,1.0,5.0,2.0,0,2,2.5
1.3.6.1.4.1.14519.5.2.1.6279.6001.239358021703233250639913775427,IL057_205802,2.0,1.0,6.0,4.0,3.0,1.0,1.0,5.0,2.0,0,2,2.5
1.3.6.1.4.1.14519.5.2.1.6279.6001.239358021703233250639913775427,IL057_205803,2.0,1.0,6.0,4.0,4.0,1.0,1.0,5.0,3.0,,2,2.5
1.3.6.1.4.1.14519.5.2.1.6279.6001.239358021703233250639913775427,IL057_205804,4.0,1.0,6.0,4.0,4.0,1.0,1.0,5.0,3.0,,2,2.5
1.3.6.1.4.1.14519.5.2.1.6279.6001.239358021703233250639913775427,IL057_205805,2.0,1.0,6.0,5.0,5.0,1.0,1.0,5.0,2.0,0,2,2.5
1.3.6.1.4.1.14519.5.2.1.6279.6001.239358021703233250639913775427,IL057_205806,1.0,1.0,6.0,4.0,4.0,1.0,1.0,5.0,2.0,0,2,2.5
1.3.6.1.4.1.14519.5.2.1.6279.6001.239358021703233250639913775427,IL057_216822,2.0,1.0,6.0,4.0,3.0,1.0,1.0,5.0,2.0,0,3,5.0
1.3.6.1.4.1.14519.5.2.1.6279.6001.239358021703233250639913775427,MI014_21032,4.0,1.0,6.0,2.0,2.0,1.0,1.0,3.0,2.0,0,2,2.5
1.3.6.1.4.1.14519.5.2.1.6279.6001.239358021703233250639913775427,MI014_21036,3.0,1.0,6.0,5.0,1.0,1.0,2.0,3.0,2.0,0,3,5.0
1.3.6.1.4.1.14519.5.2.1.6279.6001.239358021703233250639913775427,MI014_21027,4.0,1.0,6.0,3.0,2.0,1.0,2.0,2.0,3.0,,4,7.5
1.3.6.1.4.1.14519.5.2.1.6279.6001.239358021703233250639913775427,MI014_21045,4.0,1.0,6.0,3.0,2.0,1.0,4.0,3.0,1.0,0,4,7.5
1.3.6.1.4.1.14519.5.2.1.6279.6001.239358021703233250639913775427,MI014_21049,3.0,1.0,6.0,2.0,2.0,1.0,1.0,1.0,1.0,0,2,2.5
1.3.6.1.4.1.14519.5.2.1.6279.6001.239358021703233250639913775427,MI014_21028,2.0,1.0,6.0,3.0,1.0,1.0,1.0,1.0,1.0,0,5,10.0
1.3.6.1.4.1.14519.5.2.1.6279.6001.239358021703233250639913775427,MI014_21043,2.0,1.0,6.0,3.0,1.0,1.0,1.0,1.0,2.0,0,2,2.5
1.3.6.1.4.1.14519.5.2.1.6279.6001.239358021703233250639913775427,MI014_21034,4.0,1.0,6.0,2.0,1.0,1.0,1.0,3.0,2.0,0,2,2.5
1.3.6.1.4.1.14519.5.2.1.6279.6001.239358021703233250639913775427,MI014_21040,2.0,1.0,6.0,4.0,1.0,1.0,1.0,3.0,2.0,0,3,5.0
1.3.6.1.4.1.14519.5.2.1.6279.6001.239358021703233250639913775427,MI014_21029,3.0,1.0,6.0,2.0,1.0,1.0,1.0,2.0,2.0,0,3,5.0
1.3.6.1.4.1.14519.5.2.1.6279.6001.239358021703233250639913775427,MI014_21099,4.0,1.0,6.0,4.0,2.0,2.0,2.0,4.0,3.0,,3,5.0
1.3.6.1.4.1.14519.5.2.1.6279.6001.239358021703233250639913775427,0,5.0,1.0,6.0,3.0,5.0,2.0,2.0,5.0,2.0,0,4,7.5
1.3.6.1.4.1.14519.5.2.1.6279.6001.239358021703233250639913775427,3,5.0,1.0,6.0,2.0,3.0,3.0,2.0,5.0,4.0,1,3,5.0
1.3.6.1.4.1.14519.5.2.1.6279.6001.239358021703233250639913775427,5,5.0,1.0,6.0,4.0,4.0,3.0,2.0,5.0,2.0,0,2,2.5
1.3.6.1.4.1.14519.5.2.1.6279.6001.239358021703233250639913775427,7,4.0,1.0,6.0,3.0,4.0,2.0,2.0,5.0,2.0,0,2,2.5
1.3.6.1.4.1.14519.5.2.1.6279.6001.239358021703233250639913775427,15,4.0,1.0,6.0,4.0,4.0,2.0,1.0,5.0,2.0,0,3,5.0
1.3.6.1.4.1.14519.5.2.1.6279.6001.239358021703233250639913775427,16,4.0,1.0,6.0,4.0,4.0,2.0,1.0,5.0,3.0,,4,7.5
1.3.6.1.4.1.14519.5.2.1.6279.6001.239358021703233250639913775427,18,4.0,1.0,6.0,5.0,4.0,1.0,1.0,5.0,2.0,0,2,2.5
1.3.6.1.4.1.14519.5.2.1.6279.6001.239358021703233250639913775427,24,5.0,1.0,6.0,4.0,4.0,2.0,2.0,5.0,2.0,0,3,5.0
1.3.6.1.4.1.14519.5.2.1.6279.6001.239358021703233250639913775427,25,4.0,1.0,6.0,4.0,4.0,2.0,2.0,5.0,3.0,,2,2.5
1.3.6.1.4.1.14519.5.2.1.6279.6001.183982839679953938397312236359,Nodule 001,5.0,1.0,6.0,3.0,3.0,3.0,5.0,5.0,5.0,1,9,20.0
1.3.6.1.4.1.14519.5.2.1.6279.6001.183982839679953938397312236359,IL057_127437,5.0,1.0,6.0,4.0,4.0,5.0,5.0,5.0,5.0,1,8,17.5
1.3.6.1.4.1.14519.5.2.1.6279.6001.183982839679953938397312236359,MI014_16464,5.0,1.0,6.0,4.0,3.0,2.0,3.0,5.0,3.0,,10,22.5
1.3.6.1.4.1.14519.5.2.1.6279.6001.183982839679953938397312236359,0,5.0,1.0,6.0,5.0,5.0,4.0,1.0,5.0,3.0,,9,20.0
1.3.6.1.4.1.14519.5.2.1.6279.6001.779493719385047675154892222907,Nodule 001,4.0,1.0,6.0,4.0,4.0,2.0,1.0,5.0,4.0,1,5,10.0
1.3.6.1.4.1.14519.5.2.1.6279.6001.779493719385047675154892222907,Nodule 004,4.0,1.0,6.0,4.0,4.0,2.0,2.0,5.0,4.0,1,6,12.5
1.3.6.1.4.1.14519.5.2.1.6279.6001.779493719385047675154892222907,IL057_126997,5.0,1.0,6.0,5.0,5.0,1.0,1.0,5.0,5.0,1,4,7.5
1.3.6.1.4.1.14519.5.2.1.6279.6001.779493719385047675154892222907,IL057_126993,5.0,1.0,6.0,5.0,5.0,1.0,1.0,5.0,5.0,1,5,10.0
1.3.6.1.4.1.14519.5.2.1.6279.6001.779493719385047675154892222907,IL057_126998,2.0,1.0,6.0,3.0,3.0,1.0,1.0,4.0,2.0,0,2,2.5
1.3.6.1.4.1.14519.5.2.1.6279.6001.779493719385047675154892222907,MI014_12238,2.0,1.0,6.0,3.0,3.0,1.0,2.0,5.0,3.0,,6,12.5
1.3.6.1.4.1.14519.5.2.1.6279.6001.779493719385047675154892222907,MI014_12233,5.0,1.0,6.0,3.0,5.0,2.0,1.0,5.0,4.0,1,5,10.0
1.3.6.1.4.1.14519.5.2.1.6279.6001.779493719385047675154892222907,0,3.0,1.0,6.0,5.0,5.0,1.0,1.0,5.0,2.0,0,6,12.5
1.3.6.1.4.1.14519.5.2.1.6279.6001.779493719385047675154892222907,5,3.0,1.0,6.0,5.0,5.0,1.0,1.0,5.0,2.0,0,6,12.5
1.3.6.1.4.1.14519.5.2.1.6279.6001.126631670596873065041988320084,Nodule 002,3.0,1.0,6.0,3.0,5.0,1.0,1.0,5.0,1.0,0,6,6.25
1.3.6.1.4.1.14519.5.2.1.6279.6001.126631670596873065041988320084,Nodule 001,5.0,1.0,6.0,3.0,3.0,3.0,5.0,5.0,5.0,1,11,12.5
1.3.6.1.4.1.14519.5.2.1.6279.6001.126631670596873065041988320084,IL057_159650,3.0,1.0,6.0,3.0,5.0,1.0,1.0,5.0,2.0,0,7,7.5
1.3.6.1.4.1.14519.5.2.1.6279.6001.126631670596873065041988320084,IL057_159648,5.0,1.0,6.0,4.0,3.0,3.0,5.0,5.0,5.0,1,9,8.75
1.3.6.1.4.1.14519.5.2.1.6279.6001.126631670596873065041988320084,MI014_13717,5.0,1.0,6.0,3.0,3.0,5.0,3.0,5.0,5.0,1,38,37.5
1.3.6.1.4.1.14519.5.2.1.6279.6001.126631670596873065041988320084,MI014_13738,3.0,1.0,6.0,3.0,5.0,1.0,1.0,5.0,3.0,,8,8.75
1.3.6.1.4.1.14519.5.2.1.6279.6001.126631670596873065041988320084,0,5.0,1.0,6.0,3.0,5.0,1.0,3.0,5.0,4.0,1,9,10.0
1.3.6.1.4.1.14519.5.2.1.6279.6001.126631670596873065041988320084,2,3.0,1.0,6.0,5.0,5.0,1.0,1.0,5.0,2.0,0,8,8.75
1.3.6.1.4.1.14519.5.2.1.6279.6001.300136985030081433029390459071,Nodule 002,5.0,1.0,6.0,4.0,4.0,2.0,2.0,5.0,4.0,1,9,20.0
1.3.6.1.4.1.14519.5.2.1.6279.6001.300136985030081433029390459071,Nodule 001,4.0,1.0,6.0,4.0,5.0,1.0,1.0,5.0,3.0,,3,5.0
1.3.6.1.4.1.14519.5.2.1.6279.6001.300136985030081433029390459071,IL057_203333,4.0,1.0,6.0,4.0,4.0,2.0,1.0,5.0,4.0,1,3,5.0
1.3.6.1.4.1.14519.5.2.1.6279.6001.300136985030081433029390459071,IL057_203329,5.0,1.0,6.0,5.0,5.0,3.0,1.0,5.0,4.0,1,9,20.0
1.3.6.1.4.1.14519.5.2.1.6279.6001.300136985030081433029390459071,MI014_21007,5.0,1.0,6.0,3.0,4.0,1.0,2.0,5.0,4.0,1,4,7.5
1.3.6.1.4.1.14519.5.2.1.6279.6001.300136985030081433029390459071,MI014_20983,5.0,1.0,6.0,4.0,5.0,1.0,1.0,5.0,5.0,1,10,20.0
1.3.6.1.4.1.14519.5.2.1.6279.6001.300136985030081433029390459071,0,5.0,1.0,6.0,4.0,5.0,3.0,2.0,5.0,3.0,,9,20.0
1.3.6.1.4.1.14519.5.2.1.6279.6001.300136985030081433029390459071,1,5.0,1.0,6.0,3.0,4.0,2.0,2.0,4.0,2.0,0,4,7.5
1.3.6.1.4.1.14519.5.2.1.6279.6001.174449669706458092793093760291,Nodule 001,5.0,1.0,6.0,3.0,4.0,2.0,2.0,5.0,5.0,1,6,12.5
1.3.6.1.4.1.14519.5.2.1.6279.6001.174449669706458092793093760291,IL057_127325,5.0,1.0,6.0,4.0,4.0,2.0,3.0,5.0,4.0,1,6,12.5
1.3.6.1.4.1.14519.5.2.1.6279.6001.174449669706458092793093760291,MI014_12069,5.0,1.0,6.0,3.0,5.0,2.0,1.0,5.0,5.0,1,7,15.0
1.3.6.1.4.1.14519.5.2.1.6279.6001.174449669706458092793093760291,0,3.0,1.0,6.0,5.0,5.0,1.0,1.0,5.0,2.0,0,7,15.0
1.3.6.1.4.1.14519.5.2.1.6279.6001.214252223927572015414741039150,Nodule 003,4.0,1.0,6.0,4.0,5.0,1.0,1.0,5.0,2.0,0,2,2.5
1.3.6.1.4.1.14519.5.2.1.6279.6001.214252223927572015414741039150,Nodule 002,4.0,1.0,6.0,4.0,4.0,2.0,2.0,5.0,4.0,1,3,5.0
1.3.6.1.4.1.14519.5.2.1.6279.6001.214252223927572015414741039150,Nodule 001,5.0,1.0,6.0,4.0,4.0,2.0,3.0,5.0,5.0,1,4,7.5
1.3.6.1.4.1.14519.5.2.1.6279.6001.214252223927572015414741039150,IL057_127726,4.0,1.0,6.0,3.0,3.0,4.0,4.0,3.0,4.0,1,4,7.5
1.3.6.1.4.1.14519.5.2.1.6279.6001.214252223927572015414741039150,IL057_127732,4.0,1.0,6.0,5.0,3.0,2.0,1.0,3.0,4.0,1,3,5.0
1.3.6.1.4.1.14519.5.2.1.6279.6001.214252223927572015414741039150,IL057_127736,3.0,1.0,6.0,3.0,3.0,2.0,2.0,4.0,3.0,,2,2.5
1.3.6.1.4.1.14519.5.2.1.6279.6001.214252223927572015414741039150,IL057_127742,2.0,1.0,6.0,4.0,2.0,1.0,1.0,1.0,3.0,,2,2.5
1.3.6.1.4.1.14519.5.2.1.6279.6001.214252223927572015414741039150,IL057_127735,4.0,1.0,6.0,3.0,3.0,3.0,4.0,5.0,4.0,1,1,0.0
1.3.6.1.4.1.14519.5.2.1.6279.6001.214252223927572015414741039150,MI014_18026,5.0,1.0,6.0,3.0,4.0,1.0,4.0,4.0,5.0,1,5,10.0
1.3.6.1.4.1.14519.5.2.1.6279.6001.214252223927572015414741039150,MI014_18045,1.0,1.0,6.0,5.0,1.0,1.0,1.0,1.0,3.0,,2,2.5
1.3.6.1.4.1.14519.5.2.1.6279.6001.214252223927572015414741039150,MI014_18038,2.0,1.0,6.0,4.0,1.0,1.0,2.0,1.0,3.0,,2,2.5
1.3.6.1.4.1.14519.5.2.1.6279.6001.214252223927572015414741039150,MI014_18043,1.0,1.0,6.0,5.0,1.0,1.0,2.0,1.0,3.0,,3,5.0
1.3.6.1.4.1.14519.5.2.1.6279.6001.214252223927572015414741039150,MI014_18032,4.0,1.0,6.0,4.0,3.0,3.0,2.0,4.0,4.0,1,2,2.5
1.3.6.1.4.1.14519.5.2.1.6279.6001.214252223927572015414741039150,MI014_18037,4.0,1.0,6.0,4.0,1.0,1.0,2.0,4.0,4.0,1,3,5.0
1.3.6.1.4.1.14519.5.2.1.6279.6001.214252223927572015414741039150,MI014_18029,4.0,1.0,6.0,4.0,1.0,1.0,1.0,4.0,4.0,1,3,5.0
1.3.6.1.4.1.14519.5.2.1.6279.6001.214252223927572015414741039150,MI014_18051,3.0,1.0,6.0,4.0,1.0,1.0,1.0,2.0,3.0,,3,5.0
1.3.6.1.4.1.14519.5.2.1.6279.6001.214252223927572015414741039150,0,3.0,1.0,6.0,3.0,5.0,3.0,1.0,5.0,2.0,0,6,12.5
1.3.6.1.4.1.14519.5.2.1.6279.6001.214252223927572015414741039150,1,1.0,1.0,6.0,5.0,2.0,1.0,1.0,1.0,2.0,0,3,5.0
1.3.6.1.4.1.14519.5.2.1.6279.6001.214252223927572015414741039150,2,5.0,1.0,6.0,5.0,5.0,4.0,1.0,5.0,3.0,,4,7.5
1.3.6.1.4.1.14519.5.2.1.6279.6001.214252223927572015414741039150,3,5.0,1.0,6.0,5.0,4.0,1.0,4.0,4.0,3.0,,3,5.0
1.3.6.1.4.1.14519.5.2.1.6279.6001.161067514225109999586362698069,Nodule 004,4.0,1.0,6.0,3.0,4.0,2.0,2.0,5.0,4.0,1,8,8.75
1.3.6.1.4.1.14519.5.2.1.6279.6001.161067514225109999586362698069,Nodule 001,3.0,1.0,6.0,4.0,5.0,2.0,1.0,5.0,3.0,,3,2.5
1.3.6.1.4.1.14519.5.2.1.6279.6001.161067514225109999586362698069,IL057_123928,2.0,1.0,6.0,5.0,3.0,1.0,1.0,5.0,2.0,0,3,2.5
1.3.6.1.4.1.14519.5.2.1.6279.6001.161067514225109999586362698069,IL057_123924,3.0,1.0,6.0,4.0,4.0,2.0,2.0,5.0,3.0,,8,8.75
1.3.6.1.4.1.14519.5.2.1.6279.6001.161067514225109999586362698069,IL057_132685,1.0,1.0,6.0,5.0,4.0,1.0,1.0,5.0,2.0,0,2,1.25
1.3.6.1.4.1.14519.5.2.1.6279.6001.161067514225109999586362698069,MI014_16238,2.0,1.0,6.0,4.0,4.0,2.0,1.0,5.0,3.0,,8,8.75
1.3.6.1.4.1.14519.5.2.1.6279.6001.161067514225109999586362698069,MI014_16242,1.0,1.0,6.0,3.0,4.0,1.0,1.0,5.0,3.0,,2,1.25
1.3.6.1.4.1.14519.5.2.1.6279.6001.161067514225109999586362698069,0,3.0,1.0,6.0,5.0,5.0,1.0,1.0,5.0,2.0,0,3,2.5
1.3.6.1.4.1.14519.5.2.1.6279.6001.161067514225109999586362698069,3,3.0,1.0,6.0,4.0,5.0,1.0,1.0,5.0,2.0,0,3,2.5
1.3.6.1.4.1.14519.5.2.1.6279.6001.161067514225109999586362698069,5,5.0,1.0,6.0,5.0,5.0,4.0,1.0,5.0,3.0,,9,10.0
1.3.6.1.4.1.14519.5.2.1.6279.6001.252634638822000832774167856951,Nodule 001,5.0,1.0,6.0,2.0,3.0,3.0,5.0,5.0,5.0,1,21,25.0
1.3.6.1.4.1.14519.5.2.1.6279.6001.252634638822000832774167856951,IL057_122745,5.0,1.0,6.0,4.0,4.0,4.0,4.0,5.0,5.0,1,22,26.25
1.3.6.1.4.1.14519.5.2.1.6279.6001.252634638822000832774167856951,MI014_17392,5.0,1.0,6.0,2.0,4.0,4.0,4.0,5.0,5.0,1,23,26.25
1.3.6.1.4.1.14519.5.2.1.6279.6001.252634638822000832774167856951,0,5.0,1.0,6.0,3.0,1.0,4.0,5.0,5.0,4.0,1,24,28.75
1.3.6.1.4.1.14519.5.2.1.6279.6001.323408652979949774528873200770,Nodule 001,5.0,1.0,6.0,3.0,3.0,3.0,5.0,5.0,5.0,1,6,12.5
1.3.6.1.4.1.14519.5.2.1.6279.6001.323408652979949774528873200770,Nodule 002,5.0,1.0,6.0,3.0,3.0,3.0,2.0,5.0,5.0,1,8,17.5
1.3.6.1.4.1.14519.5.2.1.6279.6001.323408652979949774528873200770,IL057_159672,5.0,1.0,6.0,3.0,4.0,2.0,5.0,5.0,5.0,1,7,15.0
1.3.6.1.4.1.14519.5.2.1.6279.6001.323408652979949774528873200770,IL057_159667,5.0,1.0,6.0,3.0,4.0,5.0,2.0,5.0,5.0,1,10,15.0
1.3.6.1.4.1.14519.5.2.1.6279.6001.323408652979949774528873200770,IL057_159675,2.0,1.0,6.0,3.0,1.0,2.0,3.0,1.0,3.0,,2,2.5
1.3.6.1.4.1.14519.5.2.1.6279.6001.323408652979949774528873200770,MI014_17624,5.0,1.0,6.0,3.0,2.0,5.0,2.0,5.0,3.0,,9,17.5
1.3.6.1.4.1.14519.5.2.1.6279.6001.323408652979949774528873200770,0,5.0,1.0,6.0,3.0,4.0,2.0,5.0,5.0,5.0,1,12,27.5
1.3.6.1.4.1.14519.5.2.1.6279.6001.323408652979949774528873200770,5,5.0,1.0,6.0,5.0,5.0,4.0,1.0,5.0,3.0,,8,17.5
1.3.6.1.4.1.14519.5.2.1.6279.6001.323408652979949774528873200770,6,1.0,1.0,6.0,5.0,2.0,1.0,1.0,1.0,2.0,0,4,7.5
1.3.6.1.4.1.14519.5.2.1.6279.6001.128023902651233986592378348912,Nodule 002,4.0,1.0,6.0,2.0,3.0,2.0,3.0,5.0,5.0,1,4,7.5
1.3.6.1.4.1.14519.5.2.1.6279.6001.128023902651233986592378348912,IL057_127306,4.0,1.0,6.0,4.0,2.0,5.0,2.0,4.0,4.0,1,4,7.5
1.3.6.1.4.1.14519.5.2.1.6279.6001.128023902651233986592378348912,MI014_12049,4.0,1.0,6.0,3.0,2.0,3.0,2.0,5.0,4.0,1,4,7.5
1.3.6.1.4.1.14519.5.2.1.6279.6001.128023902651233986592378348912,0,5.0,1.0,6.0,5.0,4.0,1.0,5.0,4.0,4.0,1,4,7.5
1.3.6.1.4.1.14519.5.2.1.6279.6001.463214953282361219537913355115,Nodule 004,4.0,1.0,6.0,3.0,3.0,2.0,3.0,3.0,5.0,1,5,10.0
1.3.6.1.4.1.14519.5.2.1.6279.6001.463214953282361219537913355115,Nodule 003,4.0,1.0,6.0,3.0,4.0,2.0,3.0,5.0,5.0,1,5,7.5
1.3.6.1.4.1.14519.5.2.1.6279.6001.463214953282361219537913355115,Nodule 002,4.0,1.0,6.0,3.0,3.0,2.0,3.0,4.0,5.0,1,9,17.5
1.3.6.1.4.1.14519.5.2.1.6279.6001.463214953282361219537913355115,Nodule 001,5.0,1.0,6.0,3.0,3.0,3.0,3.0,3.0,5.0,1,9,20.0
1.3.6.1.4.1.14519.5.2.1.6279.6001.463214953282361219537913355115,IL057_130537,4.0,1.0,6.0,3.0,1.0,2.0,3.0,5.0,4.0,1,3,5.0
1.3.6.1.4.1.14519.5.2.1.6279.6001.463214953282361219537913355115,IL057_130535,5.0,1.0,6.0,4.0,3.0,5.0,4.0,5.0,5.0,1,4,7.5
1.3.6.1.4.1.14519.5.2.1.6279.6001.463214953282361219537913355115,IL057_130545,4.0,1.0,6.0,3.0,2.0,5.0,4.0,4.0,5.0,1,2,2.5
1.3.6.1.4.1.14519.5.2.1.6279.6001.463214953282361219537913355115,IL057_130532,5.0,1.0,6.0,3.0,3.0,3.0,3.0,5.0,5.0,1,3,5.0
1.3.6.1.4.1.14519.5.2.1.6279.6001.463214953282361219537913355115,IL057_130543,4.0,1.0,6.0,5.0,3.0,4.0,4.0,5.0,5.0,1,4,7.5
1.3.6.1.4.1.14519.5.2.1.6279.6001.463214953282361219537913355115,IL057_130527,4.0,4.0,6.0,3.0,2.0,2.0,2.0,5.0,4.0,1,16,20.0
1.3.6.1.4.1.14519.5.2.1.6279.6001.463214953282361219537913355115,IL057_130548,5.0,1.0,6.0,3.0,1.0,4.0,4.0,2.0,4.0,1,2,2.5
1.3.6.1.4.1.14519.5.2.1.6279.6001.463214953282361219537913355115,MI014_16525,4.0,1.0,6.0,5.0,3.0,3.0,3.0,4.0,3.0,,5,10.0
1.3.6.1.4.1.14519.5.2.1.6279.6001.463214953282361219537913355115,0,5.0,1.0,6.0,4.0,4.0,2.0,5.0,5.0,4.0,1,6,12.5
1.3.6.1.4.1.14519.5.2.1.6279.6001.287966244644280690737019247886,Nodule 003,4.0,1.0,6.0,3.0,4.0,2.0,1.0,5.0,4.0,1,5,10.0
1.3.6.1.4.1.14519.5.2.1.6279.6001.287966244644280690737019247886,Nodule 002,3.0,1.0,6.0,4.0,5.0,1.0,1.0,5.0,3.0,,4,7.5
1.3.6.1.4.1.14519.5.2.1.6279.6001.287966244644280690737019247886,Nodule 001,4.0,1.0,6.0,3.0,5.0,1.0,1.0,5.0,2.0,0,3,5.0
1.3.6.1.4.1.14519.5.2.1.6279.6001.287966244644280690737019247886,IL057_127195,5.0,1.0,6.0,5.0,5.0,1.0,1.0,5.0,5.0,1,13,30.0
1.3.6.1.4.1.14519.5.2.1.6279.6001.287966244644280690737019247886,IL057_127205,5.0,1.0,6.0,5.0,5.0,1.0,1.0,5.0,5.0,1,5,10.0
1.3.6.1.4.1.14519.5.2.1.6279.6001.287966244644280690737019247886,IL057_127214,3.0,1.0,6.0,3.0,5.0,1.0,1.0,5.0,3.0,,1,0.0
1.3.6.1.4.1.14519.5.2.1.6279.6001.287966244644280690737019247886,IL057_127212,4.0,1.0,6.0,3.0,5.0,1.0,1.0,5.0,3.0,,3,5.0
1.3.6.1.4.1.14519.5.2.1.6279.6001.287966244644280690737019247886,IL057_127208,4.0,1.0,6.0,3.0,5.0,1.0,1.0,5.0,3.0,,4,7.5
1.3.6.1.4.1.14519.5.2.1.6279.6001.287966244644280690737019247886,MI014_17687,4.0,1.0,6.0,3.0,4.0,1.0,1.0,5.0,3.0,,3,5.0
1.3.6.1.4.1.14519.5.2.1.6279.6001.287966244644280690737019247886,MI014_17681,3.0,1.0,6.0,4.0,5.0,1.0,1.0,5.0,3.0,,4,7.5
1.3.6.1.4.1.14519.5.2.1.6279.6001.287966244644280690737019247886,MI014_17690,3.0,1.0,6.0,3.0,2.0,1.0,1.0,2.0,3.0,,1,0.0
1.3.6.1.4.1.14519.5.2.1.6279.6001.287966244644280690737019247886,MI014_17677,5.0,1.0,6.0,4.0,5.0,1.0,1.0,5.0,5.0,1,6,12.5
1.3.6.1.4.1.14519.5.2.1.6279.6001.287966244644280690737019247886,MI014_17704,5.0,1.0,6.0,4.0,4.0,2.0,1.0,5.0,5.0,1,15,35.0
1.3.6.1.4.1.14519.5.2.1.6279.6001.287966244644280690737019247886,0,3.0,1.0,6.0,5.0,5.0,1.0,1.0,5.0,2.0,0,6,12.5
1.3.6.1.4.1.14519.5.2.1.6279.6001.287966244644280690737019247886,1,3.0,1.0,6.0,5.0,5.0,1.0,1.0,5.0,2.0,0,4,7.5
1.3.6.1.4.1.14519.5.2.1.6279.6001.287966244644280690737019247886,2,3.0,1.0,6.0,5.0,5.0,1.0,1.0,5.0,2.0,0,3,5.0
1.3.6.1.4.1.14519.5.2.1.6279.6001.287966244644280690737019247886,3,3.0,1.0,6.0,5.0,5.0,1.0,1.0,5.0,2.0,0,15,35.0
1.3.6.1.4.1.14519.5.2.1.6279.6001.287966244644280690737019247886,4,3.0,1.0,6.0,5.0,5.0,1.0,1.0,5.0,2.0,0,23,55.0
1.3.6.1.4.1.14519.5.2.1.6279.6001.287966244644280690737019247886,5,3.0,1.0,6.0,5.0,5.0,1.0,1.0,5.0,2.0,0,2,2.5
1.3.6.1.4.1.14519.5.2.1.6279.6001.272190966764020277652079081128,Nodule 001,4.0,1.0,6.0,4.0,5.0,1.0,1.0,3.0,4.0,1,4,7.5
1.3.6.1.4.1.14519.5.2.1.6279.6001.272190966764020277652079081128,Nodule 002,5.0,1.0,6.0,3.0,3.0,3.0,3.0,5.0,5.0,1,9,12.5
1.3.6.1.4.1.14519.5.2.1.6279.6001.272190966764020277652079081128,Nodule 007,4.0,1.0,6.0,4.0,5.0,1.0,1.0,5.0,3.0,,3,5.0
1.3.6.1.4.1.14519.5.2.1.6279.6001.272190966764020277652079081128,IL057_127044,4.0,1.0,6.0,5.0,4.0,1.0,1.0,4.0,3.0,,2,2.5
1.3.6.1.4.1.14519.5.2.1.6279.6001.272190966764020277652079081128,IL057_127040,4.0,1.0,6.0,4.0,4.0,3.0,4.0,5.0,4.0,1,6,12.5
1.3.6.1.4.1.14519.5.2.1.6279.6001.272190966764020277652079081128,IL057_128329,3.0,4.0,6.0,5.0,4.0,1.0,2.0,2.0,3.0,,5,5.0
1.3.6.1.4.1.14519.5.2.1.6279.6001.272190966764020277652079081128,MI014_16301,4.0,1.0,6.0,5.0,4.0,1.0,1.0,4.0,3.0,,3,5.0
1.3.6.1.4.1.14519.5.2.1.6279.6001.272190966764020277652079081128,MI014_16302,2.0,1.0,3.0,2.0,5.0,1.0,1.0,5.0,1.0,0,2,2.5
1.3.6.1.4.1.14519.5.2.1.6279.6001.272190966764020277652079081128,MI014_16299,3.0,4.0,6.0,4.0,5.0,2.0,1.0,5.0,3.0,,4,7.5
1.3.6.1.4.1.14519.5.2.1.6279.6001.272190966764020277652079081128,3,3.0,1.0,6.0,5.0,5.0,1.0,1.0,5.0,2.0,0,3,5.0
1.3.6.1.4.1.14519.5.2.1.6279.6001.487268565754493433372433148666,Nodule 001,5.0,1.0,6.0,4.0,4.0,1.0,1.0,5.0,3.0,,10,22.5
1.3.6.1.4.1.14519.5.2.1.6279.6001.487268565754493433372433148666,Nodule 002,4.0,1.0,6.0,3.0,4.0,2.0,2.0,5.0,5.0,1,12,20.0
1.3.6.1.4.1.14519.5.2.1.6279.6001.487268565754493433372433148666,IL057_130629,5.0,1.0,6.0,4.0,4.0,5.0,1.0,5.0,5.0,1,9,17.5
1.3.6.1.4.1.14519.5.2.1.6279.6001.487268565754493433372433148666,IL057_130626,5.0,1.0,6.0,5.0,5.0,3.0,1.0,5.0,4.0,1,10,22.5
1.3.6.1.4.1.14519.5.2.1.6279.6001.487268565754493433372433148666,MI014_16627,5.0,1.0,6.0,4.0,3.0,5.0,2.0,4.0,3.0,,9,20.0
1.3.6.1.4.1.14519.5.2.1.6279.6001.487268565754493433372433148666,MI014_16624,5.0,1.0,6.0,5.0,4.0,2.0,1.0,5.0,3.0,,10,22.5
1.3.6.1.4.1.14519.5.2.1.6279.6001.487268565754493433372433148666,0,3.0,1.0,6.0,5.0,5.0,1.0,1.0,5.0,2.0,0,10,22.5
1.3.6.1.4.1.14519.5.2.1.6279.6001.487268565754493433372433148666,1,5.0,1.0,6.0,5.0,5.0,4.0,1.0,5.0,3.0,,11,25.0
1.3.6.1.4.1.14519.5.2.1.6279.6001.163217526257871051722166468085,IL057_128061,1.0,1.0,6.0,5.0,3.0,1.0,1.0,4.0,3.0,,2,1.25
1.3.6.1.4.1.14519.5.2.1.6279.6001.163217526257871051722166468085,MI014_16258,1.0,1.0,6.0,4.0,4.0,1.0,1.0,5.0,3.0,,2,1.25
1.3.6.1.4.1.14519.5.2.1.6279.6001.430109407146633213496148200410,110373,5.0,1.0,6.0,3.0,1.0,4.0,3.0,5.0,4.0,1,46,15.0
1.3.6.1.4.1.14519.5.2.1.6279.6001.430109407146633213496148200410,110375,5.0,1.0,6.0,3.0,3.0,3.0,4.0,5.0,3.0,,11,5.0
1.3.6.1.4.1.14519.5.2.1.6279.6001.430109407146633213496148200410,111459,4.0,1.0,6.0,2.0,2.0,3.0,3.0,3.0,3.0,,4,1.5
1.3.6.1.4.1.14519.5.2.1.6279.6001.430109407146633213496148200410,122655,4.0,1.0,6.0,2.0,3.0,4.0,4.0,5.0,4.0,1,23,11.0
1.3.6.1.4.1.14519.5.2.1.6279.6001.430109407146633213496148200410,122660,4.0,1.0,6.0,3.0,4.0,3.0,2.0,5.0,4.0,1,11,5.0
1.3.6.1.4.1.14519.5.2.1.6279.6001.430109407146633213496148200410,122663,4.0,1.0,6.0,3.0,3.0,2.0,3.0,5.0,4.0,1,4,1.5
1.3.6.1.4.1.14519.5.2.1.6279.6001.430109407146633213496148200410,11739,5.0,1.0,6.0,3.0,3.0,5.0,4.0,5.0,5.0,1,43,15.0
1.3.6.1.4.1.14519.5.2.1.6279.6001.430109407146633213496148200410,11744,4.0,1.0,6.0,3.0,3.0,3.0,3.0,5.0,4.0,1,13,6.0
1.3.6.1.4.1.14519.5.2.1.6279.6001.430109407146633213496148200410,0,5.0,1.0,6.0,5.0,4.0,1.0,5.0,4.0,4.0,1,7,3.0
1.3.6.1.4.1.14519.5.2.1.6279.6001.430109407146633213496148200410,13,5.0,1.0,6.0,5.0,4.0,1.0,5.0,4.0,4.0,1,34,17.0
1.3.6.1.4.1.14519.5.2.1.6279.6001.430109407146633213496148200410,14,5.0,1.0,6.0,5.0,5.0,4.0,1.0,5.0,3.0,,14,6.5
1.3.6.1.4.1.14519.5.2.1.6279.6001.228511122591230092662900221600,Nodule 001,4.0,1.0,6.0,4.0,5.0,1.0,2.0,5.0,4.0,1,8,8.75
1.3.6.1.4.1.14519.5.2.1.6279.6001.228511122591230092662900221600,Nodule 002,4.0,1.0,6.0,4.0,5.0,1.0,1.0,5.0,3.0,,4,3.75
1.3.6.1.4.1.14519.5.2.1.6279.6001.228511122591230092662900221600,Nodule 007,4.0,1.0,6.0,4.0,4.0,1.0,2.0,5.0,4.0,1,5,5.0
1.3.6.1.4.1.14519.5.2.1.6279.6001.228511122591230092662900221600,IL057_201446,3.0,1.0,6.0,4.0,5.0,1.0,2.0,5.0,3.0,,4,3.75
1.3.6.1.4.1.14519.5.2.1.6279.6001.228511122591230092662900221600,IL057_201450,4.0,1.0,6.0,5.0,5.0,1.0,1.0,5.0,2.0,0,5,5.0
1.3.6.1.4.1.14519.5.2.1.6279.6001.228511122591230092662900221600,IL057_201453,3.0,1.0,6.0,3.0,5.0,2.0,2.0,5.0,2.0,0,3,2.5
1.3.6.1.4.1.14519.5.2.1.6279.6001.228511122591230092662900221600,IL057_201443,5.0,1.0,6.0,5.0,5.0,1.0,1.0,5.0,4.0,1,9,10.0
1.3.6.1.4.1.14519.5.2.1.6279.6001.228511122591230092662900221600,MI014_20583,3.0,1.0,6.0,4.0,3.0,4.0,2.0,4.0,3.0,,5,5.0
1.3.6.1.4.1.14519.5.2.1.6279.6001.228511122591230092662900221600,MI014_20590,4.0,1.0,6.0,3.0,1.0,1.0,3.0,4.0,2.0,0,3,2.5
1.3.6.1.4.1.14519.5.2.1.6279.6001.228511122591230092662900221600,MI014_20586,4.0,1.0,2.0,5.0,3.0,1.0,1.0,3.0,3.0,,4,3.75
1.3.6.1.4.1.14519.5.2.1.6279.6001.228511122591230092662900221600,MI014_20579,5.0,1.0,6.0,3.0,5.0,2.0,1.0,4.0,4.0,1,9,10.0
1.3.6.1.4.1.14519.5.2.1.6279.6001.228511122591230092662900221600,0,5.0,1.0,6.0,5.0,5.0,1.0,1.0,5.0,2.0,0,9,10.0
1.3.6.1.4.1.14519.5.2.1.6279.6001.228511122591230092662900221600,4,5.0,1.0,6.0,4.0,3.0,1.0,1.0,5.0,2.0,0,4,3.75
1.3.6.1.4.1.14519.5.2.1.6279.6001.228511122591230092662900221600,7,3.0,1.0,6.0,5.0,5.0,1.0,1.0,5.0,2.0,0,5,5.0
1.3.6.1.4.1.14519.5.2.1.6279.6001.187108608022306504546286626125,0,3.0,1.0,6.0,5.0,5.0,1.0,1.0,5.0,2.0,0,10,11.25
1.3.6.1.4.1.14519.5.2.1.6279.6001.187108608022306504546286626125,2,3.0,1.0,6.0,5.0,5.0,1.0,1.0,5.0,2.0,0,9,10.0
1.3.6.1.4.1.14519.5.2.1.6279.6001.187108608022306504546286626125,4,3.0,1.0,6.0,5.0,5.0,1.0,1.0,5.0,2.0,0,7,7.5
1.3.6.1.4.1.14519.5.2.1.6279.6001.187108608022306504546286626125,5,3.0,1.0,6.0,5.0,5.0,1.0,1.0,5.0,2.0,0,6,6.25
1.3.6.1.4.1.14519.5.2.1.6279.6001.187108608022306504546286626125,6,3.0,1.0,6.0,5.0,5.0,1.0,1.0,5.0,2.0,0,5,5.0
1.3.6.1.4.1.14519.5.2.1.6279.6001.187108608022306504546286626125,114086,5.0,1.0,6.0,5.0,5.0,2.0,3.0,5.0,4.0,1,8,8.75
1.3.6.1.4.1.14519.5.2.1.6279.6001.187108608022306504546286626125,114103,4.0,1.0,6.0,3.0,5.0,1.0,2.0,5.0,3.0,,3,2.5
1.3.6.1.4.1.14519.5.2.1.6279.6001.187108608022306504546286626125,114094,5.0,1.0,6.0,3.0,5.0,1.0,3.0,5.0,4.0,1,6,6.25
1.3.6.1.4.1.14519.5.2.1.6279.6001.187108608022306504546286626125,114089,5.0,1.0,6.0,4.0,5.0,1.0,2.0,5.0,4.0,1,7,7.5
1.3.6.1.4.1.14519.5.2.1.6279.6001.187108608022306504546286626125,114099,4.0,1.0,6.0,3.0,5.0,1.0,2.0,5.0,3.0,,5,5.0
1.3.6.1.4.1.14519.5.2.1.6279.6001.187108608022306504546286626125,114101,4.0,1.0,6.0,3.0,5.0,2.0,1.0,5.0,3.0,,4,3.75
1.3.6.1.4.1.14519.5.2.1.6279.6001.187108608022306504546286626125,134903,5.0,1.0,6.0,4.0,5.0,3.0,2.0,5.0,5.0,1,8,8.75
1.3.6.1.4.1.14519.5.2.1.6279.6001.187108608022306504546286626125,134920,3.0,1.0,6.0,4.0,5.0,2.0,1.0,5.0,2.0,0,3,2.5
1.3.6.1.4.1.14519.5.2.1.6279.6001.187108608022306504546286626125,134911,5.0,1.0,6.0,4.0,5.0,2.0,1.0,5.0,5.0,1,6,6.25
1.3.6.1.4.1.14519.5.2.1.6279.6001.187108608022306504546286626125,134918,4.0,1.0,6.0,4.0,5.0,2.0,1.0,5.0,3.0,,4,3.75
1.3.6.1.4.1.14519.5.2.1.6279.6001.187108608022306504546286626125,134914,4.0,1.0,6.0,4.0,5.0,1.0,1.0,5.0,3.0,,5,5.0
1.3.6.1.4.1.14519.5.2.1.6279.6001.187108608022306504546286626125,134907,5.0,1.0,6.0,3.0,5.0,1.0,1.0,5.0,5.0,1,7,7.5
1.3.6.1.4.1.14519.5.2.1.6279.6001.187108608022306504546286626125,Nodule 007,3.0,1.0,6.0,4.0,5.0,1.0,1.0,5.0,3.0,,5,5.0
1.3.6.1.4.1.14519.5.2.1.6279.6001.187108608022306504546286626125,Nodule 001,3.0,1.0,6.0,4.0,5.0,1.0,1.0,5.0,4.0,1,6,6.25
1.3.6.1.4.1.14519.5.2.1.6279.6001.187108608022306504546286626125,Nodule 002,4.0,1.0,6.0,4.0,4.0,1.0,1.0,5.0,3.0,,6,6.25
1.3.6.1.4.1.14519.5.2.1.6279.6001.187108608022306504546286626125,Nodule 004,4.0,1.0,6.0,4.0,5.0,1.0,1.0,5.0,3.0,,8,8.75
1.3.6.1.4.1.14519.5.2.1.6279.6001.187108608022306504546286626125,Nodule 005,4.0,1.0,6.0,4.0,5.0,1.0,2.0,5.0,4.0,1,8,8.75
1.3.6.1.4.1.14519.5.2.1.6279.6001.178391668569567816549737454720,Nodule 003,4.0,1.0,6.0,4.0,5.0,1.0,1.0,5.0,3.0,,2,2.5
1.3.6.1.4.1.14519.5.2.1.6279.6001.178391668569567816549737454720,IL057_167650,2.0,1.0,6.0,5.0,3.0,1.0,1.0,5.0,2.0,0,2,2.5
1.3.6.1.4.1.14519.5.2.1.6279.6001.178391668569567816549737454720,IL057_168525,2.0,1.0,6.0,4.0,5.0,1.0,1.0,5.0,2.0,0,2,2.5
1.3.6.1.4.1.14519.5.2.1.6279.6001.178391668569567816549737454720,IL057_168526,1.0,1.0,6.0,5.0,5.0,1.0,1.0,5.0,2.0,0,1,0.0
1.3.6.1.4.1.14519.5.2.1.6279.6001.178391668569567816549737454720,MI014_17932,2.0,1.0,6.0,2.0,4.0,1.0,1.0,5.0,3.0,,2,2.5
1.3.6.1.4.1.14519.5.2.1.6279.6001.178391668569567816549737454720,MI014_17933,2.0,1.0,6.0,4.0,4.0,1.0,1.0,5.0,1.0,0,1,0.0
1.3.6.1.4.1.14519.5.2.1.6279.6001.178391668569567816549737454720,MI014_17928,1.0,1.0,6.0,5.0,4.0,2.0,1.0,4.0,3.0,,2,2.5
1.3.6.1.4.1.14519.5.2.1.6279.6001.153985109349433321657655488650,101448,5.0,1.0,6.0,3.0,1.0,3.0,5.0,3.0,5.0,1,27,23.75
1.3.6.1.4.1.14519.5.2.1.6279.6001.153985109349433321657655488650,123231,5.0,1.0,6.0,3.0,4.0,3.0,4.0,4.0,5.0,1,23,25.0
1.3.6.1.4.1.14519.5.2.1.6279.6001.153985109349433321657655488650,Nodule 002,5.0,1.0,6.0,2.0,3.0,2.0,4.0,5.0,5.0,1,23,26.25
1.3.6.1.4.1.14519.5.2.1.6279.6001.279300249795483097365868125932,Nodule 002,3.0,1.0,6.0,3.0,4.0,2.0,1.0,5.0,4.0,1,2,2.5
1.3.6.1.4.1.14519.5.2.1.6279.6001.279300249795483097365868125932,Nodule 001,5.0,1.0,6.0,3.0,4.0,2.0,1.0,5.0,5.0,1,5,10.0
1.3.6.1.4.1.14519.5.2.1.6279.6001.279300249795483097365868125932,IL057_160194,4.0,1.0,6.0,5.0,3.0,2.0,2.0,5.0,4.0,1,5,10.0
1.3.6.1.4.1.14519.5.2.1.6279.6001.279300249795483097365868125932,MI014_20101,4.0,1.0,6.0,4.0,2.0,2.0,1.0,3.0,2.0,0,2,2.5
1.3.6.1.4.1.14519.5.2.1.6279.6001.279300249795483097365868125932,MI014_20096,5.0,1.0,6.0,5.0,5.0,4.0,2.0,5.0,5.0,1,6,12.5
1.3.6.1.4.1.14519.5.2.1.6279.6001.279300249795483097365868125932,MI014_20099,3.0,1.0,6.0,2.0,1.0,1.0,1.0,3.0,1.0,0,3,5.0
1.3.6.1.4.1.14519.5.2.1.6279.6001.279300249795483097365868125932,0,3.0,1.0,6.0,5.0,5.0,1.0,1.0,5.0,2.0,0,5,10.0
1.3.6.1.4.1.14519.5.2.1.6279.6001.339546614783708685476232944897,Nodule 001,5.0,1.0,6.0,3.0,4.0,2.0,3.0,5.0,5.0,1,6,12.5
1.3.6.1.4.1.14519.5.2.1.6279.6001.339546614783708685476232944897,IL057_201385,5.0,1.0,6.0,4.0,4.0,4.0,2.0,5.0,5.0,1,7,15.0
1.3.6.1.4.1.14519.5.2.1.6279.6001.339546614783708685476232944897,0,5.0,1.0,6.0,3.0,5.0,2.0,2.0,5.0,2.0,0,6,12.5
1.3.6.1.4.1.14519.5.2.1.6279.6001.177086402277715068525592995222,206669,3.0,1.0,6.0,2.0,3.0,1.0,3.0,1.0,3.0,,6,6.25
1.3.6.1.4.1.14519.5.2.1.6279.6001.177086402277715068525592995222,206665,5.0,1.0,6.0,3.0,3.0,5.0,5.0,4.0,5.0,1,20,23.75
1.3.6.1.4.1.14519.5.2.1.6279.6001.177086402277715068525592995222,Nodule 001,5.0,1.0,6.0,3.0,4.0,3.0,4.0,5.0,5.0,1,19,22.5
1.3.6.1.4.1.14519.5.2.1.6279.6001.177086402277715068525592995222,Nodule 003,3.0,1.0,6.0,3.0,5.0,1.0,1.0,2.0,3.0,,6,6.25
1.3.6.1.4.1.14519.5.2.1.6279.6001.177086402277715068525592995222,15437,3.0,1.0,6.0,3.0,3.0,1.0,2.0,4.0,3.0,,7,7.5
1.3.6.1.4.1.14519.5.2.1.6279.6001.177086402277715068525592995222,15439,2.0,1.0,6.0,2.0,1.0,2.0,2.0,3.0,3.0,,7,6.25
1.3.6.1.4.1.14519.5.2.1.6279.6001.177086402277715068525592995222,15471,1.0,1.0,6.0,3.0,2.0,1.0,1.0,1.0,3.0,,3,2.5
1.3.6.1.4.1.14519.5.2.1.6279.6001.177086402277715068525592995222,0,3.0,1.0,6.0,3.0,3.0,3.0,3.0,2.0,3.0,,7,7.5
1.3.6.1.4.1.14519.5.2.1.6279.6001.177086402277715068525592995222,3,5.0,1.0,6.0,2.0,4.0,2.0,5.0,5.0,5.0,1,21,25.0
1.3.6.1.4.1.14519.5.2.1.6279.6001.479402560265137632920333093071,Nodule 001,4.0,1.0,6.0,3.0,4.0,1.0,2.0,5.0,4.0,1,6,6.25
1.3.6.1.4.1.14519.5.2.1.6279.6001.479402560265137632920333093071,Nodule 003,4.0,1.0,6.0,4.0,5.0,1.0,1.0,2.0,4.0,1,6,6.25
1.3.6.1.4.1.14519.5.2.1.6279.6001.479402560265137632920333093071,IL057_201509,3.0,1.0,6.0,3.0,3.0,1.0,1.0,1.0,3.0,,6,6.25
1.3.6.1.4.1.14519.5.2.1.6279.6001.479402560265137632920333093071,IL057_201505,5.0,1.0,6.0,4.0,5.0,1.0,1.0,5.0,3.0,,7,7.5
1.3.6.1.4.1.14519.5.2.1.6279.6001.479402560265137632920333093071,MI014_20642,3.0,1.0,6.0,4.0,3.0,4.0,1.0,4.0,3.0,,8,8.75
1.3.6.1.4.1.14519.5.2.1.6279.6001.479402560265137632920333093071,MI014_20646,3.0,1.0,6.0,3.0,1.0,1.0,1.0,3.0,3.0,,6,6.25
1.3.6.1.4.1.14519.5.2.1.6279.6001.479402560265137632920333093071,0,5.0,1.0,6.0,4.0,5.0,1.0,1.0,5.0,1.0,0,6,6.25
1.3.6.1.4.1.14519.5.2.1.6279.6001.479402560265137632920333093071,2,1.0,1.0,6.0,5.0,2.0,1.0,1.0,1.0,2.0,0,5,5.0
1.3.6.1.4.1.14519.5.2.1.6279.6001.669435869708883155232318480131,Nodule 001,5.0,1.0,6.0,4.0,4.0,2.0,2.0,5.0,5.0,1,10,22.5
1.3.6.1.4.1.14519.5.2.1.6279.6001.669435869708883155232318480131,IL057_201403,5.0,1.0,6.0,5.0,5.0,1.0,1.0,5.0,5.0,1,10,22.5
1.3.6.1.4.1.14519.5.2.1.6279.6001.669435869708883155232318480131,MI014_20539,5.0,1.0,6.0,5.0,5.0,4.0,1.0,5.0,5.0,1,10,22.5
1.3.6.1.4.1.14519.5.2.1.6279.6001.669435869708883155232318480131,MI014_20542,2.0,1.0,6.0,4.0,1.0,2.0,2.0,3.0,3.0,,4,7.5
1.3.6.1.4.1.14519.5.2.1.6279.6001.669435869708883155232318480131,0,5.0,1.0,6.0,4.0,5.0,1.0,2.0,5.0,2.0,0,10,22.5
1.3.6.1.4.1.14519.5.2.1.6279.6001.613212850444255764524630781782,Nodule 004,5.0,1.0,6.0,3.0,4.0,2.0,5.0,5.0,5.0,1,16,18.75
1.3.6.1.4.1.14519.5.2.1.6279.6001.613212850444255764524630781782,IL057_201470,5.0,1.0,6.0,4.0,5.0,4.0,3.0,5.0,5.0,1,16,18.75
1.3.6.1.4.1.14519.5.2.1.6279.6001.613212850444255764524630781782,IL057_203646,5.0,1.0,6.0,4.0,5.0,2.0,1.0,5.0,4.0,1,10,11.25
1.3.6.1.4.1.14519.5.2.1.6279.6001.613212850444255764524630781782,MI014_20609,5.0,1.0,6.0,4.0,5.0,1.0,1.0,5.0,5.0,1,12,13.75
1.3.6.1.4.1.14519.5.2.1.6279.6001.613212850444255764524630781782,MI014_20607,5.0,1.0,6.0,4.0,1.0,5.0,5.0,5.0,5.0,1,16,18.75
1.3.6.1.4.1.14519.5.2.1.6279.6001.613212850444255764524630781782,0,5.0,1.0,6.0,3.0,5.0,2.0,5.0,5.0,5.0,1,18,21.25
1.3.6.1.4.1.14519.5.2.1.6279.6001.613212850444255764524630781782,3,5.0,1.0,6.0,4.0,5.0,2.0,1.0,5.0,2.0,0,11,12.5
1.3.6.1.4.1.14519.5.2.1.6279.6001.172243743899615313644757844726,Nodule 002,4.0,1.0,6.0,4.0,4.0,2.0,1.0,5.0,4.0,1,5,5.0
1.3.6.1.4.1.14519.5.2.1.6279.6001.172243743899615313644757844726,Nodule 001,5.0,1.0,6.0,3.0,4.0,3.0,3.0,5.0,5.0,1,9,20.0
1.3.6.1.4.1.14519.5.2.1.6279.6001.172243743899615313644757844726,IL057_167494,5.0,1.0,3.0,4.0,5.0,1.0,3.0,5.0,1.0,0,9,20.0
1.3.6.1.4.1.14519.5.2.1.6279.6001.172243743899615313644757844726,IL057_167497,4.0,1.0,6.0,4.0,5.0,1.0,1.0,5.0,4.0,1,4,7.5
1.3.6.1.4.1.14519.5.2.1.6279.6001.172243743899615313644757844726,MI014_19585,5.0,1.0,6.0,5.0,5.0,1.0,1.0,5.0,5.0,1,4,7.5
1.3.6.1.4.1.14519.5.2.1.6279.6001.172243743899615313644757844726,MI014_19581,5.0,1.0,3.0,2.0,5.0,5.0,3.0,5.0,5.0,1,10,22.5
1.3.6.1.4.1.14519.5.2.1.6279.6001.172243743899615313644757844726,0,3.0,1.0,6.0,5.0,5.0,1.0,1.0,5.0,2.0,0,4,7.5
1.3.6.1.4.1.14519.5.2.1.6279.6001.652347820272212119124022644822,Nodule 001,4.0,1.0,6.0,3.0,4.0,2.0,5.0,5.0,5.0,1,13,15.0
1.3.6.1.4.1.14519.5.2.1.6279.6001.652347820272212119124022644822,IL057_196991,5.0,1.0,6.0,4.0,3.0,4.0,5.0,5.0,5.0,1,14,16.25
1.3.6.1.4.1.14519.5.2.1.6279.6001.652347820272212119124022644822,0,5.0,1.0,6.0,4.0,5.0,1.0,5.0,5.0,4.0,1,15,17.5
1.3.6.1.4.1.14519.5.2.1.6279.6001.204287915902811325371247860532,Nodule 002,3.0,1.0,6.0,4.0,5.0,1.0,1.0,5.0,3.0,,3,2.5
1.3.6.1.4.1.14519.5.2.1.6279.6001.204287915902811325371247860532,IL057_167427,2.0,1.0,6.0,5.0,4.0,1.0,1.0,5.0,3.0,,3,2.5
1.3.6.1.4.1.14519.5.2.1.6279.6001.204287915902811325371247860532,IL057_167424,2.0,1.0,6.0,4.0,4.0,1.0,2.0,5.0,3.0,,5,5.0
1.3.6.1.4.1.14519.5.2.1.6279.6001.204287915902811325371247860532,MI014_17725,2.0,1.0,6.0,5.0,4.0,1.0,2.0,5.0,3.0,,4,3.75
1.3.6.1.4.1.14519.5.2.1.6279.6001.204287915902811325371247860532,MI014_17740,1.0,1.0,6.0,5.0,4.0,1.0,1.0,5.0,3.0,,3,2.5
1.3.6.1.4.1.14519.5.2.1.6279.6001.204287915902811325371247860532,0,3.0,1.0,6.0,5.0,5.0,1.0,1.0,5.0,2.0,0,4,3.75
1.3.6.1.4.1.14519.5.2.1.6279.6001.204287915902811325371247860532,4,3.0,1.0,6.0,5.0,5.0,1.0,1.0,5.0,2.0,0,3,2.5
1.3.6.1.4.1.14519.5.2.1.6279.6001.288701997968615460794642979503,12477,5.0,1.0,6.0,4.0,3.0,1.0,1.0,5.0,2.0,0,3,4.0
1.3.6.1.4.1.14519.5.2.1.6279.6001.288701997968615460794642979503,12472,5.0,1.0,6.0,3.0,3.0,1.0,1.0,3.0,3.0,,3,4.0
1.3.6.1.4.1.14519.5.2.1.6279.6001.288701997968615460794642979503,12486,2.0,1.0,6.0,2.0,3.0,2.0,1.0,5.0,1.0,0,2,2.0
1.3.6.1.4.1.14519.5.2.1.6279.6001.288701997968615460794642979503,12492,3.0,1.0,6.0,4.0,5.0,1.0,1.0,5.0,1.0,0,2,2.0
1.3.6.1.4.1.14519.5.2.1.6279.6001.288701997968615460794642979503,12483,2.0,1.0,6.0,2.0,3.0,1.0,1.0,5.0,1.0,0,3,4.0
1.3.6.1.4.1.14519.5.2.1.6279.6001.288701997968615460794642979503,16512,3.0,1.0,6.0,2.0,4.0,1.0,2.0,5.0,3.0,,3,4.0
1.3.6.1.4.1.14519.5.2.1.6279.6001.288701997968615460794642979503,16513,3.0,1.0,6.0,2.0,3.0,1.0,4.0,5.0,3.0,,2,2.0
1.3.6.1.4.1.14519.5.2.1.6279.6001.288701997968615460794642979503,16514,3.0,1.0,6.0,4.0,3.0,1.0,1.0,5.0,3.0,,3,4.0
1.3.6.1.4.1.14519.5.2.1.6279.6001.288701997968615460794642979503,2887,5.0,1.0,6.0,3.0,4.0,1.0,1.0,4.0,3.0,,3,4.0
1.3.6.1.4.1.14519.5.2.1.6279.6001.288701997968615460794642979503,2882,5.0,1.0,6.0,4.0,2.0,1.0,4.0,4.0,2.0,0,2,2.0
1.3.6.1.4.1.14519.5.2.1.6279.6001.288701997968615460794642979503,2889,5.0,1.0,6.0,4.0,3.0,1.0,1.0,4.0,3.0,,3,4.0
1.3.6.1.4.1.14519.5.2.1.6279.6001.288701997968615460794642979503,2896,4.0,1.0,6.0,4.0,4.0,1.0,1.0,4.0,2.0,0,3,4.0
1.3.6.1.4.1.14519.5.2.1.6279.6001.288701997968615460794642979503,2902,5.0,1.0,6.0,3.0,2.0,1.0,4.0,4.0,2.0,0,3,4.0
1.3.6.1.4.1.14519.5.2.1.6279.6001.156990013635454707781600846659,206701,3.0,1.0,6.0,1.0,3.0,3.0,1.0,3.0,2.0,0,2,1.25
1.3.6.1.4.1.14519.5.2.1.6279.6001.156990013635454707781600846659,Nodule 002,3.0,1.0,6.0,4.0,5.0,1.0,1.0,5.0,2.0,0,2,1.25
1.3.6.1.4.1.14519.5.2.1.6279.6001.156990013635454707781600846659,15431,1.0,1.0,6.0,3.0,4.0,1.0,1.0,4.0,3.0,,1,0.0
1.3.6.1.4.1.14519.5.2.1.6279.6001.156990013635454707781600846659,0,4.0,1.0,6.0,4.0,4.0,2.0,1.0,5.0,2.0,0,2,1.25
1.3.6.1.4.1.14519.5.2.1.6279.6001.156990013635454707781600846659,4,4.0,1.0,6.0,5.0,5.0,1.0,1.0,5.0,2.0,0,3,2.5
1.3.6.1.4.1.14519.5.2.1.6279.6001.145580766024236783540879444879,112053,3.0,1.0,6.0,4.0,4.0,2.0,2.0,5.0,3.0,,6,7.5
1.3.6.1.4.1.14519.5.2.1.6279.6001.145580766024236783540879444879,123649,2.0,1.0,6.0,5.0,5.0,1.0,1.0,5.0,2.0,0,5,6.0
1.3.6.1.4.1.14519.5.2.1.6279.6001.194632613233275988184244485809,Nodule 002,5.0,1.0,6.0,3.0,3.0,3.0,5.0,4.0,5.0,1,8,17.5
1.3.6.1.4.1.14519.5.2.1.6279.6001.194632613233275988184244485809,IL057_168328,5.0,1.0,6.0,5.0,4.0,4.0,5.0,5.0,5.0,1,18,20.0
1.3.6.1.4.1.14519.5.2.1.6279.6001.194632613233275988184244485809,IL057_168331,4.0,1.0,3.0,5.0,5.0,1.0,1.0,5.0,1.0,0,2,2.5
1.3.6.1.4.1.14519.5.2.1.6279.6001.194632613233275988184244485809,0,5.0,1.0,6.0,4.0,5.0,1.0,5.0,5.0,4.0,1,8,17.5
1.3.6.1.4.1.14519.5.2.1.6279.6001.113679818447732724990336702075,162992,5.0,1.0,6.0,3.0,3.0,2.0,3.0,2.0,3.0,,4,3.75
1.3.6.1.4.1.14519.5.2.1.6279.6001.113679818447732724990336702075,163019,4.0,1.0,6.0,3.0,3.0,4.0,2.0,2.0,3.0,,3,2.5
1.3.6.1.4.1.14519.5.2.1.6279.6001.113679818447732724990336702075,163072,5.0,1.0,3.0,3.0,4.0,4.0,2.0,5.0,1.0,0,4,3.75
1.3.6.1.4.1.14519.5.2.1.6279.6001.113679818447732724990336702075,4,1.0,1.0,6.0,5.0,2.0,1.0,1.0,1.0,2.0,0,4,3.75
1.3.6.1.4.1.14519.5.2.1.6279.6001.113679818447732724990336702075,Nodule 003,3.0,1.0,6.0,4.0,4.0,1.0,1.0,3.0,4.0,1,3,2.5
1.3.6.1.4.1.14519.5.2.1.6279.6001.113679818447732724990336702075,Nodule 001,3.0,1.0,6.0,4.0,4.0,1.0,1.0,5.0,2.0,0,4,3.75
1.3.6.1.4.1.14519.5.2.1.6279.6001.113679818447732724990336702075,Nodule 002,3.0,1.0,6.0,4.0,5.0,1.0,1.0,5.0,2.0,0,2,1.25
1.3.6.1.4.1.14519.5.2.1.6279.6001.113679818447732724990336702075,167714,2.0,1.0,6.0,4.0,2.0,1.0,1.0,2.0,2.0,0,3,2.5
1.3.6.1.4.1.14519.5.2.1.6279.6001.113679818447732724990336702075,167712,2.0,1.0,6.0,4.0,2.0,2.0,1.0,1.0,3.0,,3,2.5
1.3.6.1.4.1.14519.5.2.1.6279.6001.113679818447732724990336702075,178025,4.0,1.0,3.0,4.0,5.0,1.0,1.0,5.0,1.0,0,4,3.75
1.3.6.1.4.1.14519.5.2.1.6279.6001.146987333806092287055399155268,Nodule 001,5.0,1.0,6.0,3.0,4.0,2.0,3.0,5.0,5.0,1,10,22.5
1.3.6.1.4.1.14519.5.2.1.6279.6001.146987333806092287055399155268,IL057_201436,5.0,1.0,6.0,5.0,5.0,3.0,3.0,5.0,5.0,1,10,22.5
1.3.6.1.4.1.14519.5.2.1.6279.6001.146987333806092287055399155268,MI014_20571,5.0,1.0,6.0,4.0,5.0,2.0,3.0,5.0,5.0,1,11,25.0
1.3.6.1.4.1.14519.5.2.1.6279.6001.146987333806092287055399155268,0,5.0,1.0,6.0,4.0,5.0,2.0,2.0,5.0,3.0,,10,22.5
1.3.6.1.4.1.14519.5.2.1.6279.6001.733642690503782454656013446707,0,3.0,1.0,6.0,5.0,5.0,1.0,1.0,5.0,2.0,0,3,5.0
1.3.6.1.4.1.14519.5.2.1.6279.6001.733642690503782454656013446707,114286,5.0,1.0,6.0,3.0,3.0,3.0,2.0,5.0,3.0,,2,2.5
1.3.6.1.4.1.14519.5.2.1.6279.6001.733642690503782454656013446707,126932,4.0,1.0,6.0,4.0,5.0,3.0,2.0,5.0,2.0,0,3,5.0
1.3.6.1.4.1.14519.5.2.1.6279.6001.733642690503782454656013446707,Nodule 002,3.0,1.0,6.0,4.0,4.0,1.0,2.0,5.0,4.0,1,3,5.0
1.3.6.1.4.1.14519.5.2.1.6279.6001.134996872583497382954024478441,0,5.0,1.0,6.0,5.0,5.0,4.0,1.0,5.0,3.0,,7,7.5
1.3.6.1.4.1.14519.5.2.1.6279.6001.134996872583497382954024478441,4,5.0,1.0,6.0,5.0,4.0,1.0,5.0,4.0,4.0,1,10,11.25
1.3.6.1.4.1.14519.5.2.1.6279.6001.134996872583497382954024478441,5,3.0,1.0,6.0,5.0,5.0,1.0,1.0,5.0,2.0,0,13,15.0
1.3.6.1.4.1.14519.5.2.1.6279.6001.134996872583497382954024478441,6,3.0,1.0,6.0,5.0,5.0,1.0,1.0,5.0,2.0,0,7,7.5
1.3.6.1.4.1.14519.5.2.1.6279.6001.134996872583497382954024478441,114186,5.0,1.0,6.0,3.0,3.0,2.0,3.0,5.0,3.0,,5,5.0
1.3.6.1.4.1.14519.5.2.1.6279.6001.134996872583497382954024478441,114179,5.0,1.0,6.0,3.0,3.0,2.0,2.0,5.0,3.0,,8,8.75
1.3.6.1.4.1.14519.5.2.1.6279.6001.134996872583497382954024478441,114176,5.0,4.0,6.0,4.0,2.0,2.0,2.0,5.0,2.0,0,8,8.75
1.3.6.1.4.1.14519.5.2.1.6279.6001.134996872583497382954024478441,114189,3.0,1.0,6.0,2.0,4.0,2.0,2.0,5.0,3.0,,2,1.25
1.3.6.1.4.1.14519.5.2.1.6279.6001.134996872583497382954024478441,114182,3.0,1.0,6.0,4.0,4.0,2.0,2.0,5.0,3.0,,3,2.5
1.3.6.1.4.1.14519.5.2.1.6279.6001.134996872583497382954024478441,126834,3.0,1.0,6.0,4.0,5.0,3.0,1.0,5.0,4.0,1,5,5.0
1.3.6.1.4.1.14519.5.2.1.6279.6001.134996872583497382954024478441,126835,2.0,1.0,6.0,3.0,5.0,2.0,1.0,5.0,3.0,,4,3.75
1.3.6.1.4.1.14519.5.2.1.6279.6001.134996872583497382954024478441,126822,4.0,1.0,6.0,5.0,4.0,2.0,1.0,5.0,4.0,1,7,7.5
1.3.6.1.4.1.14519.5.2.1.6279.6001.134996872583497382954024478441,126825,3.0,1.0,6.0,4.0,3.0,2.0,1.0,5.0,3.0,,7,7.5
1.3.6.1.4.1.14519.5.2.1.6279.6001.134996872583497382954024478441,131503,4.0,1.0,6.0,4.0,4.0,3.0,1.0,5.0,3.0,,5,5.0
1.3.6.1.4.1.14519.5.2.1.6279.6001.134996872583497382954024478441,Nodule 003,4.0,1.0,6.0,3.0,5.0,1.0,1.0,5.0,2.0,0,5,5.0
1.3.6.1.4.1.14519.5.2.1.6279.6001.134996872583497382954024478441,Nodule 002,4.0,1.0,6.0,3.0,5.0,1.0,1.0,5.0,2.0,0,6,6.25
1.3.6.1.4.1.14519.5.2.1.6279.6001.134996872583497382954024478441,Nodule 001,4.0,1.0,6.0,4.0,5.0,1.0,1.0,3.0,4.0,1,9,10.0
1.3.6.1.4.1.14519.5.2.1.6279.6001.286217539434358186648717203667,Nodule 007,4.0,1.0,3.0,3.0,5.0,1.0,1.0,5.0,1.0,0,5,5.0
1.3.6.1.4.1.14519.5.2.1.6279.6001.286217539434358186648717203667,Nodule 002,4.0,1.0,6.0,4.0,5.0,1.0,1.0,5.0,2.0,0,5,5.0
1.3.6.1.4.1.14519.5.2.1.6279.6001.286217539434358186648717203667,Nodule 001,4.0,1.0,6.0,4.0,4.0,1.0,1.0,5.0,3.0,,4,3.75
1.3.6.1.4.1.14519.5.2.1.6279.6001.286217539434358186648717203667,Nodule 003,3.0,1.0,6.0,3.0,5.0,1.0,1.0,5.0,2.0,0,4,3.75
1.3.6.1.4.1.14519.5.2.1.6279.6001.286217539434358186648717203667,Nodule 006,4.0,1.0,3.0,3.0,5.0,1.0,1.0,5.0,1.0,0,3,2.5
1.3.6.1.4.1.14519.5.2.1.6279.6001.286217539434358186648717203667,IL057_197141,5.0,1.0,3.0,3.0,5.0,1.0,1.0,5.0,1.0,0,3,2.5
1.3.6.1.4.1.14519.5.2.1.6279.6001.286217539434358186648717203667,IL057_197136,5.0,1.0,3.0,2.0,5.0,1.0,1.0,5.0,1.0,0,5,5.0
1.3.6.1.4.1.14519.5.2.1.6279.6001.286217539434358186648717203667,IL057_197128,5.0,1.0,4.0,3.0,5.0,3.0,1.0,5.0,3.0,,6,6.25
1.3.6.1.4.1.14519.5.2.1.6279.6001.286217539434358186648717203667,IL057_197134,5.0,1.0,3.0,3.0,5.0,1.0,1.0,5.0,1.0,0,5,5.0
1.3.6.1.4.1.14519.5.2.1.6279.6001.286217539434358186648717203667,MI014_20352,5.0,1.0,4.0,4.0,4.0,4.0,1.0,4.0,3.0,,10,11.25
1.3.6.1.4.1.14519.5.2.1.6279.6001.286217539434358186648717203667,MI014_20358,5.0,1.0,5.0,5.0,5.0,1.0,1.0,5.0,1.0,0,7,7.5
1.3.6.1.4.1.14519.5.2.1.6279.6001.286217539434358186648717203667,MI014_20365,5.0,1.0,5.0,5.0,5.0,1.0,1.0,5.0,1.0,0,4,3.75
1.3.6.1.4.1.14519.5.2.1.6279.6001.286217539434358186648717203667,0,5.0,1.0,6.0,3.0,4.0,2.0,1.0,5.0,2.0,0,9,8.75
1.3.6.1.4.1.14519.5.2.1.6279.6001.227707494413800460340110762069,Nodule 003,3.0,1.0,6.0,4.0,5.0,1.0,1.0,5.0,4.0,1,3,5.0
1.3.6.1.4.1.14519.5.2.1.6279.6001.227707494413800460340110762069,IL057_160805,2.0,1.0,6.0,5.0,4.0,2.0,1.0,5.0,3.0,,3,5.0
1.3.6.1.4.1.14519.5.2.1.6279.6001.227707494413800460340110762069,MI014_19836,5.0,1.0,6.0,5.0,5.0,1.0,1.0,5.0,5.0,1,3,5.0
1.3.6.1.4.1.14519.5.2.1.6279.6001.227707494413800460340110762069,MI014_19838,2.0,1.0,6.0,4.0,2.0,1.0,1.0,3.0,2.0,0,3,5.0
1.3.6.1.4.1.14519.5.2.1.6279.6001.227707494413800460340110762069,2,3.0,1.0,6.0,5.0,5.0,1.0,1.0,5.0,2.0,0,3,5.0
1.3.6.1.4.1.14519.5.2.1.6279.6001.143622857676008763729469324839,110365,5.0,1.0,4.0,2.0,4.0,5.0,2.0,5.0,3.0,,29,23.0
1.3.6.1.4.1.14519.5.2.1.6279.6001.143622857676008763729469324839,122708,5.0,1.0,4.0,3.0,4.0,5.0,2.0,5.0,4.0,1,20,19.0
1.3.6.1.4.1.14519.5.2.1.6279.6001.143622857676008763729469324839,11825,5.0,1.0,6.0,3.0,5.0,3.0,1.0,5.0,5.0,1,23,20.0
1.3.6.1.4.1.14519.5.2.1.6279.6001.143622857676008763729469324839,0,5.0,1.0,6.0,3.0,5.0,3.0,2.0,5.0,4.0,1,25,24.0
1.3.6.1.4.1.14519.5.2.1.6279.6001.137773550852881583165286615668,112097,5.0,1.0,6.0,4.0,3.0,5.0,2.0,5.0,4.0,1,17,16.0
1.3.6.1.4.1.14519.5.2.1.6279.6001.137773550852881583165286615668,112100,4.0,1.0,6.0,2.0,3.0,2.0,2.0,5.0,3.0,,11,10.0
1.3.6.1.4.1.14519.5.2.1.6279.6001.137773550852881583165286615668,123694,5.0,1.0,6.0,5.0,5.0,2.0,1.0,5.0,5.0,1,16,14.0
1.3.6.1.4.1.14519.5.2.1.6279.6001.137773550852881583165286615668,131284,3.0,1.0,6.0,3.0,4.0,1.0,1.0,5.0,5.0,1,9,7.0
1.3.6.1.4.1.14519.5.2.1.6279.6001.137773550852881583165286615668,131285,2.0,1.0,6.0,2.0,4.0,1.0,1.0,5.0,3.0,,3,2.0
1.3.6.1.4.1.14519.5.2.1.6279.6001.137773550852881583165286615668,11788,5.0,1.0,6.0,3.0,4.0,2.0,2.0,5.0,5.0,1,17,16.0
1.3.6.1.4.1.14519.5.2.1.6279.6001.137773550852881583165286615668,11812,2.0,1.0,6.0,3.0,5.0,1.0,1.0,5.0,4.0,1,8,7.0
1.3.6.1.4.1.14519.5.2.1.6279.6001.137773550852881583165286615668,0,3.0,1.0,6.0,5.0,5.0,1.0,1.0,5.0,2.0,0,17,16.0
1.3.6.1.4.1.14519.5.2.1.6279.6001.137773550852881583165286615668,6,5.0,1.0,6.0,5.0,4.0,1.0,2.0,4.0,4.0,1,10,9.0
1.3.6.1.4.1.14519.5.2.1.6279.6001.310548927038333190233889983845,IL057_196949,4.0,1.0,6.0,3.0,3.0,3.0,3.0,5.0,4.0,1,2,2.5
1.3.6.1.4.1.14519.5.2.1.6279.6001.310548927038333190233889983845,MI014_14657,4.0,1.0,6.0,3.0,3.0,2.0,2.0,5.0,4.0,1,3,5.0
1.3.6.1.4.1.14519.5.2.1.6279.6001.310548927038333190233889983845,0,5.0,1.0,6.0,5.0,4.0,1.0,1.0,4.0,2.0,0,3,5.0
1.3.6.1.4.1.14519.5.2.1.6279.6001.461155505515403114280165935891,Nodule 001,4.0,1.0,6.0,3.0,4.0,1.0,1.0,5.0,2.0,0,5,5.0
1.3.6.1.4.1.14519.5.2.1.6279.6001.461155505515403114280165935891,IL057_197104,5.0,1.0,6.0,3.0,5.0,2.0,1.0,5.0,3.0,,5,5.0
1.3.6.1.4.1.14519.5.2.1.6279.6001.461155505515403114280165935891,MI014_14884,4.0,1.0,6.0,3.0,5.0,1.0,1.0,5.0,3.0,,8,8.75
1.3.6.1.4.1.14519.5.2.1.6279.6001.286524966129599998397777745271,104174,5.0,1.0,6.0,4.0,4.0,5.0,2.0,5.0,1.0,0,3,6.0
1.3.6.1.4.1.14519.5.2.1.6279.6001.286524966129599998397777745271,3192,5.0,1.0,6.0,4.0,3.0,5.0,3.0,4.0,5.0,1,4,6.0
1.3.6.1.4.1.14519.5.2.1.6279.6001.286524966129599998397777745271,1239,4.0,1.0,6.0,3.0,2.0,4.0,4.0,5.0,4.0,1,6,12.0
1.3.6.1.4.1.14519.5.2.1.6279.6001.931383239747372227838946053237,Nodule 004,3.0,1.0,6.0,3.0,5.0,1.0,1.0,5.0,2.0,0,5,5.0
1.3.6.1.4.1.14519.5.2.1.6279.6001.931383239747372227838946053237,Nodule 002,4.0,1.0,6.0,3.0,4.0,1.0,2.0,5.0,4.0,1,7,7.5
1.3.6.1.4.1.14519.5.2.1.6279.6001.931383239747372227838946053237,Nodule 001,4.0,1.0,6.0,3.0,4.0,1.0,1.0,5.0,3.0,,5,5.0
1.3.6.1.4.1.14519.5.2.1.6279.6001.931383239747372227838946053237,IL057_168444,3.0,1.0,6.0,3.0,4.0,1.0,1.0,5.0,3.0,,5,5.0
1.3.6.1.4.1.14519.5.2.1.6279.6001.931383239747372227838946053237,IL057_168449,1.0,1.0,6.0,3.0,3.0,1.0,1.0,1.0,3.0,,2,1.25
1.3.6.1.4.1.14519.5.2.1.6279.6001.931383239747372227838946053237,IL057_168447,3.0,1.0,6.0,3.0,3.0,1.0,1.0,2.0,3.0,,6,6.25
1.3.6.1.4.1.14519.5.2.1.6279.6001.931383239747372227838946053237,MI014_13958,4.0,1.0,6.0,3.0,5.0,1.0,1.0,5.0,3.0,,6,6.25
1.3.6.1.4.1.14519.5.2.1.6279.6001.931383239747372227838946053237,4,3.0,1.0,6.0,2.0,3.0,1.0,1.0,5.0,2.0,0,4,3.75
1.3.6.1.4.1.14519.5.2.1.6279.6001.931383239747372227838946053237,7,3.0,1.0,6.0,3.0,3.0,1.0,1.0,5.0,1.0,0,5,5.0
1.3.6.1.4.1.14519.5.2.1.6279.6001.234400932423244218697302970157,IL057_167693,2.0,1.0,6.0,4.0,3.0,1.0,1.0,5.0,2.0,0,2,2.5
1.3.6.1.4.1.14519.5.2.1.6279.6001.234400932423244218697302970157,MI014_17974,1.0,1.0,6.0,3.0,3.0,2.0,1.0,5.0,3.0,,2,2.5
1.3.6.1.4.1.14519.5.2.1.6279.6001.234400932423244218697302970157,MI014_17977,1.0,1.0,6.0,5.0,3.0,1.0,1.0,5.0,3.0,,1,0.0
1.3.6.1.4.1.14519.5.2.1.6279.6001.266485463235825902797310439568,70386,4.0,1.0,6.0,4.0,5.0,1.0,1.0,4.0,3.0,,2,3.0
1.3.6.1.4.1.14519.5.2.1.6279.6001.266485463235825902797310439568,70016,2.0,1.0,6.0,4.0,5.0,1.0,1.0,4.0,3.0,,2,3.0
1.3.6.1.4.1.14519.5.2.1.6279.6001.266485463235825902797310439568,14393,1.0,1.0,6.0,4.0,3.0,1.0,1.0,2.0,3.0,,2,3.0
1.3.6.1.4.1.14519.5.2.1.6279.6001.266485463235825902797310439568,0,3.0,1.0,6.0,5.0,5.0,1.0,1.0,5.0,2.0,0,2,3.0
1.3.6.1.4.1.14519.5.2.1.6279.6001.266485463235825902797310439568,3,1.0,1.0,6.0,5.0,5.0,1.0,1.0,5.0,2.0,0,1,0.0
1.3.6.1.4.1.14519.5.2.1.6279.6001.130794651720796841292503408531,124103,5.0,1.0,6.0,4.0,3.0,2.0,3.0,5.0,3.0,,5,12.0
1.3.6.1.4.1.14519.5.2.1.6279.6001.130794651720796841292503408531,134862,5.0,1.0,6.0,5.0,5.0,1.0,1.0,5.0,5.0,1,4,9.0
1.3.6.1.4.1.14519.5.2.1.6279.6001.130794651720796841292503408531,17350,5.0,1.0,6.0,5.0,4.0,1.0,1.0,5.0,5.0,1,5,12.0
1.3.6.1.4.1.14519.5.2.1.6279.6001.130794651720796841292503408531,0,3.0,1.0,6.0,5.0,5.0,1.0,1.0,5.0,2.0,0,5,12.0
1.3.6.1.4.1.14519.5.2.1.6279.6001.745109871503276594185453478952,Nodule 001,3.0,1.0,6.0,4.0,5.0,1.0,1.0,5.0,3.0,,2,2.5
1.3.6.1.4.1.14519.5.2.1.6279.6001.745109871503276594185453478952,IL057_196761,3.0,1.0,6.0,4.0,4.0,3.0,2.0,5.0,3.0,,3,5.0
1.3.6.1.4.1.14519.5.2.1.6279.6001.745109871503276594185453478952,IL057_196762,3.0,1.0,6.0,5.0,5.0,1.0,1.0,5.0,2.0,0,2,2.5
1.3.6.1.4.1.14519.5.2.1.6279.6001.712472578497712558367294720243,21282,4.0,1.0,6.0,4.0,3.0,3.0,3.0,5.0,4.0,1,3,4.0
1.3.6.1.4.1.14519.5.2.1.6279.6001.712472578497712558367294720243,7375,4.0,1.0,6.0,4.0,2.0,4.0,4.0,3.0,4.0,1,4,6.0
1.3.6.1.4.1.14519.5.2.1.6279.6001.712472578497712558367294720243,1210,4.0,1.0,6.0,2.0,3.0,1.0,3.0,4.0,1.0,0,2,2.0
1.3.6.1.4.1.14519.5.2.1.6279.6001.712472578497712558367294720243,1193,4.0,1.0,6.0,4.0,4.0,2.0,2.0,4.0,1.0,0,2,2.0
1.3.6.1.4.1.14519.5.2.1.6279.6001.712472578497712558367294720243,1190,4.0,1.0,6.0,4.0,4.0,2.0,1.0,5.0,3.0,,3,4.0
1.3.6.1.4.1.14519.5.2.1.6279.6001.712472578497712558367294720243,1222,2.0,1.0,6.0,4.0,3.0,2.0,2.0,3.0,3.0,,2,2.0
1.3.6.1.4.1.14519.5.2.1.6279.6001.712472578497712558367294720243,1186,4.0,1.0,6.0,4.0,1.0,3.0,3.0,4.0,3.0,,4,4.0
1.3.6.1.4.1.14519.5.2.1.6279.6001.712472578497712558367294720243,1183,2.0,1.0,6.0,4.0,3.0,2.0,1.0,3.0,2.0,0,2,2.0
1.3.6.1.4.1.14519.5.2.1.6279.6001.712472578497712558367294720243,26,2.0,1.0,6.0,4.0,5.0,2.0,1.0,5.0,3.0,,2,2.0
1.3.6.1.4.1.14519.5.2.1.6279.6001.712472578497712558367294720243,45,5.0,1.0,6.0,3.0,3.0,3.0,5.0,3.0,4.0,1,4,6.0
1.3.6.1.4.1.14519.5.2.1.6279.6001.696727502904070993160975844791,115155,5.0,1.0,6.0,4.0,4.0,2.0,2.0,5.0,3.0,,4,6.0
1.3.6.1.4.1.14519.5.2.1.6279.6001.696727502904070993160975844791,128807,4.0,1.0,6.0,4.0,3.0,1.0,4.0,4.0,4.0,1,2,2.0
1.3.6.1.4.1.14519.5.2.1.6279.6001.696727502904070993160975844791,16570,3.0,1.0,6.0,3.0,3.0,2.0,2.0,4.0,3.0,,3,4.0
1.3.6.1.4.1.14519.5.2.1.6279.6001.696727502904070993160975844791,0,3.0,1.0,6.0,5.0,5.0,1.0,1.0,5.0,2.0,0,4,6.0
1.3.6.1.4.1.14519.5.2.1.6279.6001.696727502904070993160975844791,2,1.0,1.0,6.0,5.0,2.0,1.0,1.0,1.0,2.0,0,3,4.0
1.3.6.1.4.1.14519.5.2.1.6279.6001.696727502904070993160975844791,3,1.0,1.0,6.0,5.0,2.0,1.0,1.0,1.0,2.0,0,3,4.0
1.3.6.1.4.1.14519.5.2.1.6279.6001.251215764736737018371915284679,Nodule 001,5.0,1.0,6.0,2.0,4.0,3.0,2.0,5.0,5.0,1,7,15.0
1.3.6.1.4.1.14519.5.2.1.6279.6001.251215764736737018371915284679,Nodule 003,4.0,1.0,6.0,3.0,4.0,2.0,1.0,5.0,4.0,1,4,7.5
1.3.6.1.4.1.14519.5.2.1.6279.6001.251215764736737018371915284679,IL057_160213,5.0,1.0,6.0,3.0,5.0,5.0,5.0,5.0,5.0,1,6,12.5
1.3.6.1.4.1.14519.5.2.1.6279.6001.251215764736737018371915284679,MI014_20119,3.0,1.0,6.0,4.0,1.0,1.0,1.0,2.0,1.0,0,2,2.5
1.3.6.1.4.1.14519.5.2.1.6279.6001.251215764736737018371915284679,MI014_20115,5.0,1.0,6.0,4.0,4.0,5.0,4.0,5.0,5.0,1,7,15.0
1.3.6.1.4.1.14519.5.2.1.6279.6001.251215764736737018371915284679,0,5.0,1.0,6.0,5.0,4.0,1.0,5.0,4.0,4.0,1,7,15.0
1.3.6.1.4.1.14519.5.2.1.6279.6001.276710697414087561012670296643,Nodule 001,5.0,1.0,6.0,5.0,5.0,1.0,1.0,5.0,3.0,,9,10.0
1.3.6.1.4.1.14519.5.2.1.6279.6001.276710697414087561012670296643,IL057_160168,4.0,1.0,6.0,5.0,5.0,2.0,1.0,5.0,3.0,,7,7.5
1.3.6.1.4.1.14519.5.2.1.6279.6001.276710697414087561012670296643,MI014_20067,5.0,1.0,6.0,5.0,5.0,1.0,1.0,5.0,5.0,1,9,10.0
1.3.6.1.4.1.14519.5.2.1.6279.6001.276710697414087561012670296643,0,3.0,1.0,6.0,5.0,5.0,1.0,1.0,5.0,2.0,0,9,10.0
1.3.6.1.4.1.14519.5.2.1.6279.6001.257383535269991165447822992959,Nodule 003,4.0,1.0,6.0,4.0,5.0,2.0,1.0,5.0,3.0,,2,2.5
1.3.6.1.4.1.14519.5.2.1.6279.6001.257383535269991165447822992959,Nodule 002,5.0,1.0,6.0,3.0,4.0,2.0,4.0,5.0,5.0,1,7,15.0
1.3.6.1.4.1.14519.5.2.1.6279.6001.257383535269991165447822992959,Nodule 001,5.0,1.0,6.0,3.0,4.0,3.0,4.0,5.0,5.0,1,4,7.5
1.3.6.1.4.1.14519.5.2.1.6279.6001.257383535269991165447822992959,Nodule 004,3.0,1.0,6.0,4.0,4.0,1.0,1.0,1.0,4.0,1,3,5.0
1.3.6.1.4.1.14519.5.2.1.6279.6001.257383535269991165447822992959,IL057_197080,1.0,1.0,6.0,4.0,1.0,1.0,1.0,1.0,2.0,0,5,10.0
1.3.6.1.4.1.14519.5.2.1.6279.6001.257383535269991165447822992959,IL057_197078,1.0,1.0,6.0,4.0,1.0,1.0,1.0,1.0,3.0,,3,5.0
1.3.6.1.4.1.14519.5.2.1.6279.6001.257383535269991165447822992959,IL057_197075,5.0,1.0,6.0,4.0,3.0,4.0,3.0,5.0,5.0,1,5,10.0
1.3.6.1.4.1.14519.5.2.1.6279.6001.257383535269991165447822992959,IL057_197083,3.0,1.0,6.0,4.0,5.0,2.0,2.0,5.0,3.0,,1,0.0
1.3.6.1.4.1.14519.5.2.1.6279.6001.257383535269991165447822992959,IL057_197071,5.0,1.0,6.0,4.0,4.0,4.0,4.0,5.0,5.0,1,8,15.0
1.3.6.1.4.1.14519.5.2.1.6279.6001.257383535269991165447822992959,IL057_203504,1.0,1.0,6.0,4.0,1.0,1.0,1.0,1.0,3.0,,2,2.5
1.3.6.1.4.1.14519.5.2.1.6279.6001.257383535269991165447822992959,MI014_14836,1.0,1.0,6.0,3.0,3.0,1.0,1.0,1.0,3.0,,3,5.0
1.3.6.1.4.1.14519.5.2.1.6279.6001.257383535269991165447822992959,MI014_14833,5.0,1.0,6.0,3.0,4.0,5.0,3.0,5.0,5.0,1,6,12.5
1.3.6.1.4.1.14519.5.2.1.6279.6001.257383535269991165447822992959,MI014_14829,4.0,1.0,6.0,3.0,3.0,3.0,3.0,5.0,3.0,,7,15.0
1.3.6.1.4.1.14519.5.2.1.6279.6001.257383535269991165447822992959,MI014_14839,2.0,1.0,6.0,3.0,5.0,1.0,1.0,5.0,3.0,,2,2.5
1.3.6.1.4.1.14519.5.2.1.6279.6001.257383535269991165447822992959,0,5.0,1.0,6.0,5.0,4.0,1.0,5.0,4.0,4.0,1,8,17.5
1.3.6.1.4.1.14519.5.2.1.6279.6001.257383535269991165447822992959,9,4.0,1.0,6.0,5.0,3.0,1.0,1.0,5.0,2.0,0,3,5.0
1.3.6.1.4.1.14519.5.2.1.6279.6001.257383535269991165447822992959,10,5.0,1.0,6.0,5.0,4.0,1.0,5.0,4.0,4.0,1,7,15.0
1.3.6.1.4.1.14519.5.2.1.6279.6001.257383535269991165447822992959,11,1.0,1.0,6.0,5.0,2.0,1.0,1.0,1.0,2.0,0,4,7.5
1.3.6.1.4.1.14519.5.2.1.6279.6001.313334055029671473836954456733,Nodule 001,4.0,1.0,6.0,3.0,4.0,2.0,1.0,5.0,4.0,1,4,7.5
1.3.6.1.4.1.14519.5.2.1.6279.6001.313334055029671473836954456733,IL057_168355,5.0,1.0,6.0,5.0,4.0,1.0,1.0,5.0,5.0,1,3,5.0
1.3.6.1.4.1.14519.5.2.1.6279.6001.313334055029671473836954456733,MI014_13955,2.0,1.0,6.0,2.0,5.0,1.0,1.0,5.0,3.0,,4,7.5
1.3.6.1.4.1.14519.5.2.1.6279.6001.313334055029671473836954456733,0,5.0,1.0,6.0,5.0,5.0,1.0,1.0,5.0,2.0,0,4,7.5
1.3.6.1.4.1.14519.5.2.1.6279.6001.336225579776978874775723463327,Nodule 002,3.0,1.0,6.0,3.0,4.0,2.0,1.0,5.0,4.0,1,2,2.5
1.3.6.1.4.1.14519.5.2.1.6279.6001.336225579776978874775723463327,IL057_201370,3.0,1.0,6.0,3.0,3.0,2.0,1.0,5.0,3.0,,3,5.0
1.3.6.1.4.1.14519.5.2.1.6279.6001.336225579776978874775723463327,1,4.0,1.0,6.0,4.0,4.0,1.0,1.0,5.0,2.0,0,3,5.0
1.3.6.1.4.1.14519.5.2.1.6279.6001.105495028985881418176186711228,Nodule 001,4.0,1.0,6.0,4.0,4.0,1.0,1.0,4.0,5.0,1,6,6.25
1.3.6.1.4.1.14519.5.2.1.6279.6001.105495028985881418176186711228,IL057_167386,4.0,1.0,6.0,4.0,3.0,2.0,1.0,5.0,3.0,,7,6.25
1.3.6.1.4.1.14519.5.2.1.6279.6001.105495028985881418176186711228,MI014_17687,4.0,1.0,6.0,5.0,2.0,2.0,3.0,5.0,3.0,,11,8.75
1.3.6.1.4.1.14519.5.2.1.6279.6001.105495028985881418176186711228,5,5.0,1.0,6.0,5.0,5.0,4.0,1.0,5.0,3.0,,8,8.75
1.3.6.1.4.1.14519.5.2.1.6279.6001.202811684116768680758082619196,Nodule 001,4.0,1.0,6.0,4.0,5.0,1.0,1.0,5.0,2.0,0,1,0.0
1.3.6.1.4.1.14519.5.2.1.6279.6001.202811684116768680758082619196,Nodule 002,5.0,1.0,6.0,3.0,4.0,2.0,2.0,5.0,5.0,1,7,15.0
1.3.6.1.4.1.14519.5.2.1.6279.6001.202811684116768680758082619196,IL057_160231,5.0,1.0,6.0,3.0,5.0,2.0,4.0,5.0,5.0,1,7,15.0
1.3.6.1.4.1.14519.5.2.1.6279.6001.202811684116768680758082619196,MI014_20132,5.0,1.0,6.0,4.0,5.0,4.0,4.0,5.0,5.0,1,7,15.0
1.3.6.1.4.1.14519.5.2.1.6279.6001.202811684116768680758082619196,1,5.0,1.0,6.0,5.0,4.0,1.0,5.0,4.0,4.0,1,7,15.0
1.3.6.1.4.1.14519.5.2.1.6279.6001.295958572786158575287945391206,4613,4.0,1.0,6.0,3.0,3.0,5.0,4.0,5.0,1.0,0,4,9.0
1.3.6.1.4.1.14519.5.2.1.6279.6001.295958572786158575287945391206,3179,4.0,1.0,6.0,4.0,5.0,5.0,5.0,5.0,5.0,1,4,9.0
1.3.6.1.4.1.14519.5.2.1.6279.6001.295958572786158575287945391206,1230,3.0,1.0,6.0,2.0,4.0,3.0,5.0,5.0,3.0,,4,9.0
1.3.6.1.4.1.14519.5.2.1.6279.6001.295958572786158575287945391206,0,3.0,1.0,6.0,3.0,4.0,3.0,1.0,4.0,2.0,0,4,9.0
1.3.6.1.4.1.14519.5.2.1.6279.6001.129982010889624423230394257528,11,5.0,1.0,3.0,5.0,5.0,1.0,1.0,5.0,1.0,0,4,3.75
1.3.6.1.4.1.14519.5.2.1.6279.6001.129982010889624423230394257528,13,5.0,1.0,3.0,5.0,5.0,1.0,1.0,5.0,1.0,0,4,3.75
1.3.6.1.4.1.14519.5.2.1.6279.6001.129982010889624423230394257528,15,5.0,1.0,3.0,5.0,5.0,1.0,1.0,5.0,1.0,0,6,6.25
1.3.6.1.4.1.14519.5.2.1.6279.6001.129982010889624423230394257528,124206,5.0,1.0,3.0,4.0,5.0,3.0,1.0,5.0,1.0,0,5,5.0
1.3.6.1.4.1.14519.5.2.1.6279.6001.129982010889624423230394257528,124197,5.0,1.0,3.0,3.0,5.0,1.0,1.0,5.0,1.0,0,5,5.0
1.3.6.1.4.1.14519.5.2.1.6279.6001.129982010889624423230394257528,124204,5.0,1.0,3.0,4.0,5.0,1.0,1.0,5.0,1.0,0,3,2.5
1.3.6.1.4.1.14519.5.2.1.6279.6001.129982010889624423230394257528,124208,5.0,1.0,3.0,4.0,5.0,1.0,1.0,5.0,1.0,0,4,3.75
1.3.6.1.4.1.14519.5.2.1.6279.6001.129982010889624423230394257528,124209,5.0,1.0,3.0,4.0,5.0,1.0,1.0,5.0,1.0,0,4,3.75
1.3.6.1.4.1.14519.5.2.1.6279.6001.129982010889624423230394257528,124202,5.0,1.0,3.0,3.0,5.0,1.0,1.0,5.0,1.0,0,3,2.5
1.3.6.1.4.1.14519.5.2.1.6279.6001.129982010889624423230394257528,Nodule 002,3.0,1.0,6.0,3.0,5.0,1.0,1.0,5.0,2.0,0,4,3.75
1.3.6.1.4.1.14519.5.2.1.6279.6001.129982010889624423230394257528,Nodule 001,3.0,1.0,6.0,5.0,5.0,1.0,1.0,5.0,1.0,0,4,3.75
1.3.6.1.4.1.14519.5.2.1.6279.6001.129982010889624423230394257528,134744,4.0,1.0,3.0,4.0,5.0,1.0,1.0,5.0,1.0,0,4,3.75
1.3.6.1.4.1.14519.5.2.1.6279.6001.129982010889624423230394257528,134749,4.0,1.0,3.0,4.0,5.0,1.0,1.0,5.0,1.0,0,3,2.5
1.3.6.1.4.1.14519.5.2.1.6279.6001.129982010889624423230394257528,145185,4.0,1.0,3.0,5.0,5.0,1.0,1.0,5.0,1.0,0,4,3.75
1.3.6.1.4.1.14519.5.2.1.6279.6001.129982010889624423230394257528,145186,4.0,1.0,3.0,5.0,5.0,1.0,1.0,5.0,1.0,0,5,5.0
1.3.6.1.4.1.14519.5.2.1.6279.6001.129982010889624423230394257528,145187,4.0,1.0,3.0,5.0,5.0,1.0,1.0,5.0,1.0,0,4,3.75
1.3.6.1.4.1.14519.5.2.1.6279.6001.185154482385982570363528682299,124130,5.0,1.0,2.0,3.0,5.0,1.0,3.0,5.0,1.0,0,12,11.0
1.3.6.1.4.1.14519.5.2.1.6279.6001.185154482385982570363528682299,124241,2.0,1.0,2.0,4.0,5.0,2.0,1.0,5.0,1.0,0,7,6.0
1.3.6.1.4.1.14519.5.2.1.6279.6001.185154482385982570363528682299,134876,5.0,1.0,2.0,5.0,5.0,1.0,1.0,5.0,1.0,0,12,11.0
1.3.6.1.4.1.14519.5.2.1.6279.6001.185154482385982570363528682299,135726,3.0,1.0,2.0,5.0,5.0,1.0,1.0,5.0,1.0,0,6,5.0
1.3.6.1.4.1.14519.5.2.1.6279.6001.185154482385982570363528682299,17365,5.0,1.0,3.0,3.0,5.0,1.0,1.0,5.0,1.0,0,12,11.0
1.3.6.1.4.1.14519.5.2.1.6279.6001.185154482385982570363528682299,17367,5.0,1.0,3.0,4.0,5.0,1.0,1.0,5.0,1.0,0,7,6.0
1.3.6.1.4.1.14519.5.2.1.6279.6001.185154482385982570363528682299,0,5.0,1.0,3.0,5.0,5.0,1.0,1.0,5.0,1.0,0,13,12.0
1.3.6.1.4.1.14519.5.2.1.6279.6001.185154482385982570363528682299,1,5.0,1.0,3.0,5.0,5.0,1.0,1.0,5.0,1.0,0,11,10.0
1.3.6.1.4.1.14519.5.2.1.6279.6001.254254303842550572473665729969,10,2.0,1.0,6.0,3.0,3.0,1.0,1.0,1.0,3.0,,9,16.0
1.3.6.1.4.1.14519.5.2.1.6279.6001.254254303842550572473665729969,12523,5.0,1.0,6.0,4.0,3.0,3.0,1.0,5.0,4.0,1,6,10.0
1.3.6.1.4.1.14519.5.2.1.6279.6001.254254303842550572473665729969,12530,2.0,1.0,6.0,4.0,2.0,2.0,1.0,1.0,4.0,1,9,16.0
1.3.6.1.4.1.14519.5.2.1.6279.6001.254254303842550572473665729969,12527,2.0,1.0,6.0,4.0,1.0,3.0,1.0,1.0,3.0,,4,6.0
1.3.6.1.4.1.14519.5.2.1.6279.6001.254254303842550572473665729969,12533,2.0,1.0,6.0,3.0,2.0,1.0,2.0,2.0,3.0,,6,10.0
1.3.6.1.4.1.14519.5.2.1.6279.6001.254254303842550572473665729969,16515,4.0,1.0,6.0,4.0,3.0,2.0,3.0,5.0,4.0,1,6,10.0
1.3.6.1.4.1.14519.5.2.1.6279.6001.254254303842550572473665729969,2935,5.0,1.0,6.0,4.0,4.0,1.0,1.0,5.0,4.0,1,7,12.0
1.3.6.1.4.1.14519.5.2.1.6279.6001.254254303842550572473665729969,2939,4.0,2.0,6.0,4.0,1.0,1.0,1.0,1.0,3.0,,5,8.0
1.3.6.1.4.1.14519.5.2.1.6279.6001.254254303842550572473665729969,2942,5.0,2.0,6.0,3.0,2.0,1.0,2.0,1.0,3.0,,9,16.0
1.3.6.1.4.1.14519.5.2.1.6279.6001.254254303842550572473665729969,2945,4.0,2.0,6.0,4.0,2.0,1.0,1.0,1.0,3.0,,7,12.0
1.3.6.1.4.1.14519.5.2.1.6279.6001.225515255547637437801620523312,Nodule 001,4.0,1.0,6.0,3.0,5.0,1.0,1.0,5.0,4.0,1,12,13.75
1.3.6.1.4.1.14519.5.2.1.6279.6001.225515255547637437801620523312,Nodule 003,3.0,1.0,6.0,4.0,5.0,2.0,1.0,5.0,3.0,,5,5.0
1.3.6.1.4.1.14519.5.2.1.6279.6001.225515255547637437801620523312,IL057_197155,5.0,1.0,6.0,4.0,5.0,1.0,1.0,5.0,5.0,1,12,13.75
1.3.6.1.4.1.14519.5.2.1.6279.6001.225515255547637437801620523312,IL057_197158,4.0,1.0,6.0,5.0,5.0,1.0,1.0,5.0,3.0,,5,5.0
1.3.6.1.4.1.14519.5.2.1.6279.6001.225515255547637437801620523312,MI014_20381,5.0,1.0,6.0,5.0,5.0,1.0,1.0,5.0,5.0,1,6,6.25
1.3.6.1.4.1.14519.5.2.1.6279.6001.225515255547637437801620523312,MI014_20377,5.0,1.0,6.0,4.0,4.0,3.0,1.0,5.0,5.0,1,12,13.75
1.3.6.1.4.1.14519.5.2.1.6279.6001.225515255547637437801620523312,0,3.0,1.0,6.0,5.0,5.0,1.0,1.0,5.0,2.0,0,12,13.75
1.3.6.1.4.1.14519.5.2.1.6279.6001.225515255547637437801620523312,2,3.0,1.0,6.0,5.0,5.0,1.0,1.0,5.0,2.0,0,6,6.25
1.3.6.1.4.1.14519.5.2.1.6279.6001.108197895896446896160048741492,Nodule 001,4.0,1.0,6.0,4.0,5.0,1.0,1.0,5.0,3.0,,3,5.0
1.3.6.1.4.1.14519.5.2.1.6279.6001.108197895896446896160048741492,IL057_196978,3.0,1.0,6.0,5.0,3.0,1.0,1.0,5.0,3.0,,3,5.0
1.3.6.1.4.1.14519.5.2.1.6279.6001.108197895896446896160048741492,MI014_14696,1.0,1.0,6.0,3.0,5.0,1.0,1.0,5.0,3.0,,3,5.0
1.3.6.1.4.1.14519.5.2.1.6279.6001.108197895896446896160048741492,0,3.0,1.0,6.0,5.0,5.0,1.0,1.0,5.0,2.0,0,3,5.0
1.3.6.1.4.1.14519.5.2.1.6279.6001.103115201714075993579787468219,IL057_168520,3.0,1.0,6.0,4.0,4.0,2.0,1.0,5.0,3.0,,5,5.0
1.3.6.1.4.1.14519.5.2.1.6279.6001.103115201714075993579787468219,1,3.0,1.0,6.0,3.0,4.0,2.0,1.0,5.0,2.0,0,5,5.0
1.3.6.1.4.1.14519.5.2.1.6279.6001.112767175295249119452142211437,3,1.0,1.0,6.0,5.0,2.0,1.0,1.0,1.0,2.0,0,2,2.5
1.3.6.1.4.1.14519.5.2.1.6279.6001.112767175295249119452142211437,6,3.0,1.0,6.0,5.0,5.0,1.0,1.0,5.0,2.0,0,3,5.0
1.3.6.1.4.1.14519.5.2.1.6279.6001.112767175295249119452142211437,11,3.0,1.0,6.0,5.0,5.0,1.0,1.0,5.0,2.0,0,2,2.5
1.3.6.1.4.1.14519.5.2.1.6279.6001.112767175295249119452142211437,14,3.0,1.0,6.0,5.0,5.0,1.0,1.0,5.0,2.0,0,2,2.5
1.3.6.1.4.1.14519.5.2.1.6279.6001.112767175295249119452142211437,19,3.0,1.0,6.0,5.0,5.0,1.0,1.0,5.0,2.0,0,4,7.5
1.3.6.1.4.1.14519.5.2.1.6279.6001.112767175295249119452142211437,21,3.0,1.0,6.0,5.0,5.0,1.0,1.0,5.0,2.0,0,3,5.0
1.3.6.1.4.1.14519.5.2.1.6279.6001.112767175295249119452142211437,24,3.0,1.0,6.0,5.0,5.0,1.0,1.0,5.0,2.0,0,2,2.5
1.3.6.1.4.1.14519.5.2.1.6279.6001.112767175295249119452142211437,25,3.0,1.0,6.0,5.0,5.0,1.0,1.0,5.0,2.0,0,3,5.0
1.3.6.1.4.1.14519.5.2.1.6279.6001.112767175295249119452142211437,26,3.0,1.0,6.0,5.0,5.0,1.0,1.0,5.0,2.0,0,3,5.0
1.3.6.1.4.1.14519.5.2.1.6279.6001.112767175295249119452142211437,29,3.0,1.0,6.0,5.0,5.0,1.0,1.0,5.0,2.0,0,3,5.0
1.3.6.1.4.1.14519.5.2.1.6279.6001.112767175295249119452142211437,30,3.0,1.0,6.0,5.0,5.0,1.0,1.0,5.0,2.0,0,4,7.5
1.3.6.1.4.1.14519.5.2.1.6279.6001.112767175295249119452142211437,115269,4.0,1.0,6.0,2.0,3.0,2.0,2.0,5.0,3.0,,1,0.0
1.3.6.1.4.1.14519.5.2.1.6279.6001.112767175295249119452142211437,115293,4.0,1.0,6.0,3.0,4.0,2.0,2.0,5.0,2.0,0,2,2.5
1.3.6.1.4.1.14519.5.2.1.6279.6001.112767175295249119452142211437,115281,5.0,1.0,6.0,5.0,4.0,2.0,2.0,5.0,3.0,,2,2.5
1.3.6.1.4.1.14519.5.2.1.6279.6001.112767175295249119452142211437,115266,5.0,1.0,6.0,5.0,4.0,2.0,2.0,5.0,3.0,,4,7.5
1.3.6.1.4.1.14519.5.2.1.6279.6001.112767175295249119452142211437,115273,5.0,1.0,6.0,4.0,4.0,2.0,2.0,5.0,3.0,,2,2.5
1.3.6.1.4.1.14519.5.2.1.6279.6001.112767175295249119452142211437,115262,5.0,1.0,6.0,4.0,4.0,2.0,2.0,5.0,3.0,,3,5.0
1.3.6.1.4.1.14519.5.2.1.6279.6001.112767175295249119452142211437,116478,4.0,1.0,6.0,5.0,4.0,2.0,2.0,5.0,3.0,,2,2.5
1.3.6.1.4.1.14519.5.2.1.6279.6001.112767175295249119452142211437,116515,3.0,1.0,6.0,5.0,4.0,2.0,2.0,5.0,3.0,,3,5.0
1.3.6.1.4.1.14519.5.2.1.6279.6001.112767175295249119452142211437,135005,3.0,1.0,6.0,4.0,3.0,3.0,1.0,5.0,3.0,,2,2.5
1.3.6.1.4.1.14519.5.2.1.6279.6001.112767175295249119452142211437,135013,3.0,1.0,6.0,5.0,5.0,1.0,1.0,5.0,3.0,,2,2.5
1.3.6.1.4.1.14519.5.2.1.6279.6001.112767175295249119452142211437,135023,2.0,1.0,6.0,4.0,5.0,1.0,1.0,5.0,3.0,,2,2.5
1.3.6.1.4.1.14519.5.2.1.6279.6001.112767175295249119452142211437,135000,5.0,1.0,6.0,5.0,5.0,1.0,1.0,5.0,5.0,1,3,5.0
1.3.6.1.4.1.14519.5.2.1.6279.6001.112767175295249119452142211437,135031,2.0,1.0,6.0,3.0,5.0,1.0,1.0,5.0,2.0,0,2,2.5
1.3.6.1.4.1.14519.5.2.1.6279.6001.112767175295249119452142211437,135017,3.0,1.0,6.0,5.0,5.0,1.0,1.0,5.0,3.0,,2,2.5
1.3.6.1.4.1.14519.5.2.1.6279.6001.112767175295249119452142211437,135033,2.0,1.0,6.0,5.0,3.0,1.0,1.0,5.0,2.0,0,2,2.5
1.3.6.1.4.1.14519.5.2.1.6279.6001.112767175295249119452142211437,135025,3.0,1.0,6.0,5.0,5.0,1.0,1.0,5.0,3.0,,3,5.0
1.3.6.1.4.1.14519.5.2.1.6279.6001.112767175295249119452142211437,135040,2.0,1.0,6.0,5.0,4.0,1.0,1.0,5.0,2.0,0,1,0.0
1.3.6.1.4.1.14519.5.2.1.6279.6001.112767175295249119452142211437,135021,2.0,1.0,6.0,5.0,5.0,1.0,1.0,5.0,3.0,,1,0.0
1.3.6.1.4.1.14519.5.2.1.6279.6001.112767175295249119452142211437,135009,4.0,1.0,6.0,5.0,5.0,1.0,1.0,5.0,4.0,1,2,2.5
1.3.6.1.4.1.14519.5.2.1.6279.6001.112767175295249119452142211437,135002,4.0,1.0,6.0,5.0,5.0,1.0,1.0,5.0,3.0,,3,5.0
1.3.6.1.4.1.14519.5.2.1.6279.6001.112767175295249119452142211437,135720,1.0,1.0,6.0,5.0,3.0,1.0,1.0,5.0,3.0,,1,0.0
1.3.6.1.4.1.14519.5.2.1.6279.6001.112767175295249119452142211437,Nodule 002,4.0,1.0,6.0,4.0,5.0,2.0,1.0,5.0,2.0,0,3,5.0
1.3.6.1.4.1.14519.5.2.1.6279.6001.112767175295249119452142211437,Nodule 004,3.0,1.0,6.0,4.0,5.0,1.0,1.0,5.0,2.0,0,2,2.5
1.3.6.1.4.1.14519.5.2.1.6279.6001.112767175295249119452142211437,Nodule 025,3.0,1.0,6.0,5.0,5.0,1.0,1.0,5.0,2.0,0,3,5.0
1.3.6.1.4.1.14519.5.2.1.6279.6001.316393351033132458296975008261,Nodule 004,4.0,1.0,6.0,5.0,5.0,1.0,1.0,5.0,2.0,0,2,1.25
1.3.6.1.4.1.14519.5.2.1.6279.6001.316393351033132458296975008261,Nodule 001,4.0,1.0,6.0,4.0,5.0,1.0,1.0,5.0,2.0,0,4,3.75
1.3.6.1.4.1.14519.5.2.1.6279.6001.316393351033132458296975008261,Nodule 002,4.0,1.0,6.0,3.0,5.0,1.0,1.0,5.0,2.0,0,3,2.5
1.3.6.1.4.1.14519.5.2.1.6279.6001.316393351033132458296975008261,IL057_203724,3.0,1.0,6.0,4.0,3.0,1.0,1.0,5.0,3.0,,4,3.75
1.3.6.1.4.1.14519.5.2.1.6279.6001.316393351033132458296975008261,5,3.0,1.0,6.0,3.0,5.0,1.0,1.0,5.0,2.0,0,3,2.5
1.3.6.1.4.1.14519.5.2.1.6279.6001.454273545863197752384437758130,Nodule 001,3.0,1.0,6.0,4.0,5.0,1.0,1.0,5.0,2.0,0,2,2.5
1.3.6.1.4.1.14519.5.2.1.6279.6001.454273545863197752384437758130,Nodule 002,4.0,1.0,6.0,4.0,5.0,1.0,1.0,5.0,2.0,0,3,5.0
1.3.6.1.4.1.14519.5.2.1.6279.6001.454273545863197752384437758130,IL057_168314,4.0,1.0,6.0,5.0,5.0,1.0,1.0,5.0,3.0,,3,5.0
1.3.6.1.4.1.14519.5.2.1.6279.6001.454273545863197752384437758130,IL057_168318,2.0,1.0,6.0,4.0,4.0,1.0,1.0,5.0,2.0,0,1,0.0
1.3.6.1.4.1.14519.5.2.1.6279.6001.454273545863197752384437758130,MI014_13909,3.0,1.0,6.0,3.0,5.0,2.0,1.0,5.0,3.0,,3,5.0
1.3.6.1.4.1.14519.5.2.1.6279.6001.454273545863197752384437758130,0,3.0,1.0,6.0,3.0,3.0,1.0,1.0,3.0,1.0,0,3,5.0
1.3.6.1.4.1.14519.5.2.1.6279.6001.454273545863197752384437758130,1,3.0,1.0,6.0,4.0,3.0,3.0,1.0,5.0,1.0,0,3,5.0
1.3.6.1.4.1.14519.5.2.1.6279.6001.241717018262666382493757419144,Nodule 001,4.0,1.0,6.0,4.0,4.0,2.0,3.0,5.0,5.0,1,5,5.0
1.3.6.1.4.1.14519.5.2.1.6279.6001.241717018262666382493757419144,IL057_201527,4.0,1.0,6.0,4.0,3.0,1.0,1.0,1.0,4.0,1,6,6.25
1.3.6.1.4.1.14519.5.2.1.6279.6001.241717018262666382493757419144,IL057_201533,1.0,1.0,6.0,5.0,3.0,1.0,1.0,1.0,3.0,,4,3.75
1.3.6.1.4.1.14519.5.2.1.6279.6001.241717018262666382493757419144,MI014_14885,4.0,1.0,6.0,3.0,4.0,1.0,3.0,5.0,3.0,,8,7.5
1.3.6.1.4.1.14519.5.2.1.6279.6001.241717018262666382493757419144,MI014_14889,2.0,1.0,6.0,4.0,5.0,2.0,1.0,5.0,3.0,,5,5.0
1.3.6.1.4.1.14519.5.2.1.6279.6001.241717018262666382493757419144,MI014_14918,1.0,1.0,6.0,5.0,3.0,1.0,1.0,1.0,3.0,,4,3.75
1.3.6.1.4.1.14519.5.2.1.6279.6001.241717018262666382493757419144,0,1.0,1.0,6.0,5.0,2.0,1.0,1.0,1.0,2.0,0,8,8.75
1.3.6.1.4.1.14519.5.2.1.6279.6001.241717018262666382493757419144,11,1.0,1.0,6.0,5.0,2.0,1.0,1.0,1.0,2.0,0,3,2.5
1.3.6.1.4.1.14519.5.2.1.6279.6001.176030616406569931557298712518,1,3.0,1.0,6.0,5.0,5.0,1.0,1.0,5.0,2.0,0,4,3.75
1.3.6.1.4.1.14519.5.2.1.6279.6001.176030616406569931557298712518,3,3.0,1.0,6.0,5.0,5.0,1.0,1.0,5.0,2.0,0,7,7.5
1.3.6.1.4.1.14519.5.2.1.6279.6001.176030616406569931557298712518,5,5.0,1.0,6.0,5.0,5.0,4.0,1.0,5.0,3.0,,10,11.25
1.3.6.1.4.1.14519.5.2.1.6279.6001.176030616406569931557298712518,6,3.0,1.0,6.0,5.0,5.0,1.0,1.0,5.0,2.0,0,6,6.25
1.3.6.1.4.1.14519.5.2.1.6279.6001.176030616406569931557298712518,19,3.0,1.0,6.0,5.0,5.0,1.0,1.0,5.0,2.0,0,6,6.25
1.3.6.1.4.1.14519.5.2.1.6279.6001.176030616406569931557298712518,20,3.0,1.0,6.0,5.0,5.0,1.0,1.0,5.0,2.0,0,6,6.25
1.3.6.1.4.1.14519.5.2.1.6279.6001.176030616406569931557298712518,21,3.0,1.0,6.0,5.0,5.0,1.0,1.0,5.0,2.0,0,4,3.75
1.3.6.1.4.1.14519.5.2.1.6279.6001.176030616406569931557298712518,22,3.0,1.0,6.0,5.0,5.0,1.0,1.0,5.0,2.0,0,4,3.75
1.3.6.1.4.1.14519.5.2.1.6279.6001.176030616406569931557298712518,23,3.0,1.0,6.0,5.0,5.0,1.0,1.0,5.0,2.0,0,7,7.5
1.3.6.1.4.1.14519.5.2.1.6279.6001.176030616406569931557298712518,24,3.0,1.0,6.0,5.0,5.0,1.0,1.0,5.0,2.0,0,10,11.25
1.3.6.1.4.1.14519.5.2.1.6279.6001.176030616406569931557298712518,114250,2.0,1.0,6.0,2.0,4.0,1.0,1.0,5.0,3.0,,3,2.5
1.3.6.1.4.1.14519.5.2.1.6279.6001.176030616406569931557298712518,114248,2.0,1.0,6.0,5.0,5.0,1.0,2.0,5.0,3.0,,2,1.25
1.3.6.1.4.1.14519.5.2.1.6279.6001.176030616406569931557298712518,114223,5.0,1.0,6.0,5.0,1.0,1.0,2.0,5.0,3.0,,5,5.0
1.3.6.1.4.1.14519.5.2.1.6279.6001.176030616406569931557298712518,114219,5.0,1.0,6.0,3.0,5.0,1.0,2.0,5.0,3.0,,5,5.0
1.3.6.1.4.1.14519.5.2.1.6279.6001.176030616406569931557298712518,114244,3.0,1.0,6.0,3.0,5.0,1.0,2.0,5.0,3.0,,4,3.75
1.3.6.1.4.1.14519.5.2.1.6279.6001.176030616406569931557298712518,114238,3.0,1.0,6.0,3.0,5.0,1.0,2.0,5.0,3.0,,4,3.75
1.3.6.1.4.1.14519.5.2.1.6279.6001.176030616406569931557298712518,114230,4.0,1.0,6.0,4.0,4.0,1.0,2.0,5.0,3.0,,6,6.25
1.3.6.1.4.1.14519.5.2.1.6279.6001.176030616406569931557298712518,114215,5.0,1.0,6.0,5.0,5.0,1.0,3.0,5.0,4.0,1,9,10.0
1.3.6.1.4.1.14519.5.2.1.6279.6001.176030616406569931557298712518,114241,3.0,1.0,6.0,2.0,4.0,3.0,3.0,5.0,3.0,,3,2.5
1.3.6.1.4.1.14519.5.2.1.6279.6001.176030616406569931557298712518,114247,2.0,1.0,6.0,2.0,5.0,2.0,1.0,5.0,3.0,,1,0.0
1.3.6.1.4.1.14519.5.2.1.6279.6001.176030616406569931557298712518,114227,5.0,1.0,6.0,4.0,5.0,2.0,3.0,5.0,3.0,,5,5.0
1.3.6.1.4.1.14519.5.2.1.6279.6001.176030616406569931557298712518,114212,5.0,1.0,6.0,3.0,5.0,2.0,3.0,5.0,4.0,1,9,10.0
1.3.6.1.4.1.14519.5.2.1.6279.6001.176030616406569931557298712518,114234,4.0,1.0,6.0,5.0,5.0,2.0,1.0,5.0,3.0,,6,6.25
1.3.6.1.4.1.14519.5.2.1.6279.6001.176030616406569931557298712518,126858,5.0,1.0,6.0,5.0,5.0,3.0,1.0,5.0,5.0,1,9,10.0
1.3.6.1.4.1.14519.5.2.1.6279.6001.176030616406569931557298712518,126860,5.0,1.0,6.0,5.0,5.0,2.0,1.0,5.0,5.0,1,9,10.0
1.3.6.1.4.1.14519.5.2.1.6279.6001.176030616406569931557298712518,126878,4.0,1.0,6.0,5.0,5.0,1.0,1.0,5.0,4.0,1,5,5.0
1.3.6.1.4.1.14519.5.2.1.6279.6001.176030616406569931557298712518,126896,3.0,1.0,6.0,5.0,5.0,1.0,1.0,5.0,4.0,1,2,1.25
1.3.6.1.4.1.14519.5.2.1.6279.6001.176030616406569931557298712518,126884,3.0,1.0,6.0,5.0,5.0,1.0,1.0,5.0,3.0,,4,3.75
1.3.6.1.4.1.14519.5.2.1.6279.6001.176030616406569931557298712518,126871,4.0,1.0,6.0,5.0,5.0,2.0,1.0,5.0,4.0,1,5,5.0
1.3.6.1.4.1.14519.5.2.1.6279.6001.176030616406569931557298712518,126893,3.0,1.0,6.0,3.0,5.0,1.0,1.0,5.0,2.0,0,3,2.5
1.3.6.1.4.1.14519.5.2.1.6279.6001.176030616406569931557298712518,126889,2.0,1.0,6.0,5.0,4.0,2.0,2.0,5.0,3.0,,2,1.25
1.3.6.1.4.1.14519.5.2.1.6279.6001.176030616406569931557298712518,126869,4.0,1.0,6.0,5.0,5.0,1.0,1.0,5.0,4.0,1,5,5.0
1.3.6.1.4.1.14519.5.2.1.6279.6001.176030616406569931557298712518,126865,4.0,1.0,6.0,5.0,5.0,1.0,1.0,5.0,4.0,1,6,6.25
1.3.6.1.4.1.14519.5.2.1.6279.6001.176030616406569931557298712518,126882,2.0,1.0,6.0,5.0,5.0,1.0,1.0,5.0,4.0,1,6,6.25
1.3.6.1.4.1.14519.5.2.1.6279.6001.176030616406569931557298712518,131504,2.0,1.0,6.0,5.0,5.0,1.0,1.0,5.0,3.0,,4,3.75
1.3.6.1.4.1.14519.5.2.1.6279.6001.176030616406569931557298712518,131505,1.0,1.0,6.0,4.0,5.0,1.0,1.0,5.0,2.0,0,6,6.25
1.3.6.1.4.1.14519.5.2.1.6279.6001.176030616406569931557298712518,131506,2.0,1.0,6.0,5.0,5.0,1.0,1.0,5.0,2.0,0,3,2.5
1.3.6.1.4.1.14519.5.2.1.6279.6001.176030616406569931557298712518,131507,1.0,1.0,6.0,5.0,5.0,1.0,1.0,5.0,2.0,0,3,2.5
1.3.6.1.4.1.14519.5.2.1.6279.6001.176030616406569931557298712518,Nodule 008,3.0,1.0,6.0,4.0,5.0,1.0,1.0,5.0,2.0,0,6,6.25
1.3.6.1.4.1.14519.5.2.1.6279.6001.176030616406569931557298712518,Nodule 007,5.0,1.0,6.0,4.0,5.0,1.0,1.0,5.0,3.0,,10,11.25
1.3.6.1.4.1.14519.5.2.1.6279.6001.176030616406569931557298712518,Nodule 006,4.0,1.0,6.0,4.0,5.0,1.0,1.0,5.0,3.0,,9,10.0
1.3.6.1.4.1.14519.5.2.1.6279.6001.176030616406569931557298712518,Nodule 017,3.0,1.0,6.0,4.0,5.0,1.0,1.0,5.0,2.0,0,3,2.5
1.3.6.1.4.1.14519.5.2.1.6279.6001.176030616406569931557298712518,Nodule 005,3.0,1.0,6.0,4.0,5.0,1.0,1.0,5.0,2.0,0,6,6.25
1.3.6.1.4.1.14519.5.2.1.6279.6001.176030616406569931557298712518,Nodule 016,3.0,1.0,6.0,4.0,5.0,1.0,1.0,5.0,2.0,0,3,2.5
1.3.6.1.4.1.14519.5.2.1.6279.6001.176030616406569931557298712518,Nodule 014,3.0,1.0,6.0,4.0,5.0,1.0,1.0,5.0,2.0,0,6,6.25
1.3.6.1.4.1.14519.5.2.1.6279.6001.176030616406569931557298712518,Nodule 002,4.0,1.0,6.0,4.0,5.0,1.0,1.0,5.0,2.0,0,5,5.0
1.3.6.1.4.1.14519.5.2.1.6279.6001.176030616406569931557298712518,Nodule 001,4.0,1.0,6.0,4.0,4.0,1.0,2.0,5.0,4.0,1,5,5.0
1.3.6.1.4.1.14519.5.2.1.6279.6001.176030616406569931557298712518,Nodule 013,3.0,1.0,6.0,4.0,5.0,1.0,1.0,5.0,2.0,0,3,2.5
1.3.6.1.4.1.14519.5.2.1.6279.6001.257515388956260258681136624817,110360,5.0,1.0,6.0,4.0,5.0,4.0,1.0,5.0,3.0,,14,13.0
1.3.6.1.4.1.14519.5.2.1.6279.6001.257515388956260258681136624817,110362,5.0,1.0,3.0,4.0,5.0,3.0,1.0,5.0,1.0,0,8,7.0
1.3.6.1.4.1.14519.5.2.1.6279.6001.257515388956260258681136624817,122705,5.0,1.0,6.0,5.0,5.0,1.0,1.0,5.0,4.0,1,13,12.0
1.3.6.1.4.1.14519.5.2.1.6279.6001.257515388956260258681136624817,122707,3.0,1.0,3.0,5.0,5.0,1.0,1.0,5.0,1.0,0,4,3.0
1.3.6.1.4.1.14519.5.2.1.6279.6001.257515388956260258681136624817,11735,5.0,1.0,6.0,3.0,3.0,4.0,5.0,5.0,5.0,1,4,3.0
1.3.6.1.4.1.14519.5.2.1.6279.6001.257515388956260258681136624817,14213,5.0,1.0,6.0,5.0,5.0,2.0,5.0,5.0,5.0,1,13,12.0
1.3.6.1.4.1.14519.5.2.1.6279.6001.257515388956260258681136624817,0,3.0,1.0,6.0,5.0,5.0,1.0,1.0,5.0,2.0,0,15,14.0
1.3.6.1.4.1.14519.5.2.1.6279.6001.257515388956260258681136624817,1,5.0,1.0,3.0,5.0,5.0,1.0,1.0,5.0,1.0,0,8,7.0
1.3.6.1.4.1.14519.5.2.1.6279.6001.975426625618184773401026809852,Nodule 001,4.0,1.0,6.0,3.0,4.0,2.0,2.0,2.0,4.0,1,3,2.5
1.3.6.1.4.1.14519.5.2.1.6279.6001.975426625618184773401026809852,IL057_196960,3.0,1.0,6.0,3.0,1.0,4.0,3.0,1.0,4.0,1,3,2.5
1.3.6.1.4.1.14519.5.2.1.6279.6001.975426625618184773401026809852,MI014_14670,1.0,1.0,6.0,3.0,1.0,1.0,1.0,2.0,3.0,,5,5.0
1.3.6.1.4.1.14519.5.2.1.6279.6001.975426625618184773401026809852,4,4.0,1.0,6.0,4.0,4.0,1.0,1.0,1.0,2.0,0,4,3.75
1.3.6.1.4.1.14519.5.2.1.6279.6001.254176853278710432756285662989,87200,5.0,1.0,6.0,3.0,5.0,4.0,2.0,3.0,2.0,0,9,24.0
1.3.6.1.4.1.14519.5.2.1.6279.6001.254176853278710432756285662989,87201,5.0,1.0,6.0,5.0,5.0,2.0,1.0,5.0,3.0,,5,12.0
1.3.6.1.4.1.14519.5.2.1.6279.6001.254176853278710432756285662989,87202,4.0,1.0,6.0,5.0,5.0,1.0,1.0,5.0,1.0,0,1,0.0
1.3.6.1.4.1.14519.5.2.1.6279.6001.254176853278710432756285662989,50602,5.0,4.0,6.0,4.0,4.0,3.0,3.0,5.0,5.0,1,9,18.0
1.3.6.1.4.1.14519.5.2.1.6279.6001.254176853278710432756285662989,50666,3.0,1.0,6.0,3.0,4.0,1.0,1.0,5.0,3.0,,2,3.0
1.3.6.1.4.1.14519.5.2.1.6279.6001.254176853278710432756285662989,50610,2.0,1.0,6.0,3.0,4.0,1.0,1.0,5.0,3.0,,1,0.0
1.3.6.1.4.1.14519.5.2.1.6279.6001.254176853278710432756285662989,50606,5.0,4.0,6.0,5.0,4.0,1.0,2.0,5.0,5.0,1,4,9.0
1.3.6.1.4.1.14519.5.2.1.6279.6001.254176853278710432756285662989,50667,3.0,1.0,6.0,5.0,5.0,1.0,1.0,5.0,3.0,,3,6.0
1.3.6.1.4.1.14519.5.2.1.6279.6001.254176853278710432756285662989,13112,5.0,1.0,6.0,4.0,4.0,5.0,1.0,5.0,5.0,1,8,21.0
1.3.6.1.4.1.14519.5.2.1.6279.6001.254176853278710432756285662989,13117,5.0,1.0,6.0,4.0,5.0,1.0,1.0,5.0,5.0,1,4,9.0
1.3.6.1.4.1.14519.5.2.1.6279.6001.254176853278710432756285662989,13120,5.0,1.0,6.0,3.0,2.0,2.0,1.0,3.0,4.0,1,4,9.0
1.3.6.1.4.1.14519.5.2.1.6279.6001.254176853278710432756285662989,13121,5.0,1.0,6.0,3.0,4.0,1.0,1.0,5.0,4.0,1,2,3.0
1.3.6.1.4.1.14519.5.2.1.6279.6001.254176853278710432756285662989,13123,4.0,1.0,6.0,4.0,4.0,1.0,1.0,4.0,4.0,1,2,3.0
1.3.6.1.4.1.14519.5.2.1.6279.6001.254176853278710432756285662989,0,5.0,1.0,6.0,4.0,3.0,3.0,1.0,5.0,3.0,,9,24.0
1.3.6.1.4.1.14519.5.2.1.6279.6001.254176853278710432756285662989,3,5.0,1.0,6.0,5.0,5.0,1.0,1.0,5.0,3.0,,2,3.0
1.3.6.1.4.1.14519.5.2.1.6279.6001.254176853278710432756285662989,6,5.0,1.0,6.0,5.0,5.0,1.0,1.0,5.0,3.0,,4,9.0
1.3.6.1.4.1.14519.5.2.1.6279.6001.254176853278710432756285662989,11,5.0,1.0,6.0,5.0,5.0,1.0,1.0,4.0,3.0,,2,3.0
1.3.6.1.4.1.14519.5.2.1.6279.6001.133378195429627807109985347209,Nodule 002,3.0,1.0,6.0,3.0,5.0,1.0,1.0,5.0,3.0,,6,6.25
1.3.6.1.4.1.14519.5.2.1.6279.6001.133378195429627807109985347209,Nodule 001,5.0,1.0,6.0,3.0,5.0,1.0,1.0,5.0,3.0,,13,15.0
1.3.6.1.4.1.14519.5.2.1.6279.6001.133378195429627807109985347209,IL057_160149,4.0,1.0,6.0,5.0,4.0,1.0,1.0,5.0,3.0,,12,13.75
1.3.6.1.4.1.14519.5.2.1.6279.6001.133378195429627807109985347209,IL057_160153,3.0,1.0,6.0,3.0,4.0,2.0,2.0,5.0,3.0,,7,7.5
1.3.6.1.4.1.14519.5.2.1.6279.6001.133378195429627807109985347209,MI014_20054,4.0,1.0,6.0,3.0,5.0,1.0,1.0,5.0,3.0,,9,10.0
1.3.6.1.4.1.14519.5.2.1.6279.6001.133378195429627807109985347209,MI014_20050,5.0,1.0,6.0,5.0,5.0,1.0,1.0,5.0,4.0,1,13,15.0
1.3.6.1.4.1.14519.5.2.1.6279.6001.133378195429627807109985347209,1,3.0,1.0,6.0,5.0,5.0,1.0,1.0,5.0,2.0,0,13,15.0
1.3.6.1.4.1.14519.5.2.1.6279.6001.102962801900681595502684962582,70338,5.0,1.0,6.0,5.0,5.0,1.0,1.0,5.0,5.0,1,4,9.0
1.3.6.1.4.1.14519.5.2.1.6279.6001.102962801900681595502684962582,70340,5.0,1.0,6.0,5.0,5.0,1.0,1.0,5.0,5.0,1,3,6.0
1.3.6.1.4.1.14519.5.2.1.6279.6001.102962801900681595502684962582,69973,4.0,1.0,6.0,5.0,5.0,2.0,1.0,5.0,3.0,,2,3.0
1.3.6.1.4.1.14519.5.2.1.6279.6001.102962801900681595502684962582,69970,4.0,1.0,6.0,5.0,5.0,1.0,1.0,5.0,3.0,,4,9.0
1.3.6.1.4.1.14519.5.2.1.6279.6001.102962801900681595502684962582,14339,4.0,1.0,6.0,5.0,3.0,2.0,2.0,4.0,3.0,,5,12.0
1.3.6.1.4.1.14519.5.2.1.6279.6001.102962801900681595502684962582,14343,2.0,1.0,6.0,4.0,4.0,2.0,1.0,3.0,3.0,,2,3.0
1.3.6.1.4.1.14519.5.2.1.6279.6001.102962801900681595502684962582,0,5.0,1.0,6.0,5.0,5.0,1.0,1.0,5.0,2.0,0,4,9.0
1.3.6.1.4.1.14519.5.2.1.6279.6001.102962801900681595502684962582,1,5.0,1.0,6.0,5.0,5.0,1.0,1.0,5.0,3.0,,5,12.0
1.3.6.1.4.1.14519.5.2.1.6279.6001.102962801900681595502684962582,4,5.0,1.0,3.0,5.0,5.0,1.0,1.0,5.0,1.0,0,2,3.0
1.3.6.1.4.1.14519.5.2.1.6279.6001.294120933998772507043263238704,0,2.0,1.0,6.0,2.0,3.0,3.0,1.0,5.0,2.0,0,3,5.0
1.3.6.1.4.1.14519.5.2.1.6279.6001.294120933998772507043263238704,4,3.0,1.0,6.0,4.0,4.0,1.0,1.0,5.0,2.0,0,2,2.5
1.3.6.1.4.1.14519.5.2.1.6279.6001.294120933998772507043263238704,5,4.0,1.0,6.0,4.0,4.0,1.0,1.0,5.0,2.0,0,4,7.5
1.3.6.1.4.1.14519.5.2.1.6279.6001.294120933998772507043263238704,6,4.0,1.0,6.0,4.0,4.0,1.0,1.0,5.0,3.0,,4,7.5
1.3.6.1.4.1.14519.5.2.1.6279.6001.294120933998772507043263238704,98673,4.0,1.0,6.0,3.0,4.0,2.0,1.0,5.0,3.0,,3,5.0
1.3.6.1.4.1.14519.5.2.1.6279.6001.294120933998772507043263238704,98687,4.0,1.0,6.0,2.0,3.0,2.0,3.0,5.0,2.0,0,2,2.5
1.3.6.1.4.1.14519.5.2.1.6279.6001.294120933998772507043263238704,98670,5.0,1.0,6.0,3.0,4.0,2.0,2.0,5.0,3.0,,3,5.0
1.3.6.1.4.1.14519.5.2.1.6279.6001.294120933998772507043263238704,98683,5.0,1.0,6.0,5.0,5.0,1.0,1.0,5.0,2.0,0,3,5.0
1.3.6.1.4.1.14519.5.2.1.6279.6001.294120933998772507043263238704,98680,4.0,1.0,6.0,3.0,4.0,3.0,2.0,5.0,2.0,0,2,2.5
1.3.6.1.4.1.14519.5.2.1.6279.6001.294120933998772507043263238704,98678,5.0,1.0,6.0,5.0,4.0,2.0,2.0,5.0,3.0,,2,2.5
1.3.6.1.4.1.14519.5.2.1.6279.6001.294120933998772507043263238704,Nodule 002,5.0,1.0,6.0,4.0,4.0,1.0,2.0,5.0,4.0,1,3,5.0
1.3.6.1.4.1.14519.5.2.1.6279.6001.294120933998772507043263238704,Nodule 001,4.0,1.0,6.0,5.0,5.0,1.0,1.0,5.0,2.0,0,3,5.0
1.3.6.1.4.1.14519.5.2.1.6279.6001.294120933998772507043263238704,Nodule 003,4.0,1.0,6.0,4.0,5.0,1.0,1.0,5.0,2.0,0,2,2.5
1.3.6.1.4.1.14519.5.2.1.6279.6001.294120933998772507043263238704,106246,3.0,1.0,6.0,3.0,2.0,2.0,1.0,4.0,3.0,,2,2.5
1.3.6.1.4.1.14519.5.2.1.6279.6001.294120933998772507043263238704,106244,3.0,1.0,6.0,4.0,4.0,1.0,1.0,5.0,3.0,,2,2.5
1.3.6.1.4.1.14519.5.2.1.6279.6001.294120933998772507043263238704,106241,3.0,1.0,6.0,4.0,5.0,1.0,1.0,5.0,3.0,,3,5.0
1.3.6.1.4.1.14519.5.2.1.6279.6001.294120933998772507043263238704,106236,4.0,1.0,6.0,5.0,5.0,1.0,1.0,5.0,3.0,,3,5.0
1.3.6.1.4.1.14519.5.2.1.6279.6001.294120933998772507043263238704,106251,2.0,1.0,6.0,5.0,5.0,1.0,1.0,5.0,2.0,0,3,5.0
1.3.6.1.4.1.14519.5.2.1.6279.6001.294120933998772507043263238704,106269,3.0,1.0,6.0,4.0,2.0,2.0,1.0,5.0,3.0,,2,2.5
1.3.6.1.4.1.14519.5.2.1.6279.6001.970428941353693253759289796610,0,5.0,1.0,6.0,5.0,4.0,1.0,5.0,4.0,4.0,1,5,10.0
1.3.6.1.4.1.14519.5.2.1.6279.6001.970428941353693253759289796610,2,5.0,1.0,6.0,3.0,4.0,3.0,2.0,4.0,3.0,,5,7.5
1.3.6.1.4.1.14519.5.2.1.6279.6001.970428941353693253759289796610,114122,5.0,1.0,6.0,2.0,2.0,2.0,2.0,5.0,3.0,,10,22.5
1.3.6.1.4.1.14519.5.2.1.6279.6001.970428941353693253759289796610,114127,5.0,1.0,6.0,2.0,4.0,4.0,2.0,4.0,2.0,0,5,7.5
1.3.6.1.4.1.14519.5.2.1.6279.6001.970428941353693253759289796610,115939,4.0,1.0,3.0,5.0,5.0,2.0,1.0,5.0,1.0,0,2,2.5
1.3.6.1.4.1.14519.5.2.1.6279.6001.970428941353693253759289796610,126768,5.0,1.0,6.0,3.0,4.0,2.0,2.0,5.0,5.0,1,11,25.0
1.3.6.1.4.1.14519.5.2.1.6279.6001.970428941353693253759289796610,126779,3.0,1.0,3.0,5.0,5.0,1.0,1.0,5.0,1.0,0,2,2.5
1.3.6.1.4.1.14519.5.2.1.6279.6001.970428941353693253759289796610,126773,5.0,1.0,6.0,3.0,3.0,4.0,3.0,5.0,4.0,1,5,7.5
1.3.6.1.4.1.14519.5.2.1.6279.6001.970428941353693253759289796610,Nodule 002,5.0,1.0,6.0,3.0,4.0,2.0,2.0,5.0,4.0,1,3,5.0
1.3.6.1.4.1.14519.5.2.1.6279.6001.970428941353693253759289796610,Nodule 003,5.0,1.0,6.0,3.0,4.0,2.0,2.0,5.0,5.0,1,4,7.5
1.3.6.1.4.1.14519.5.2.1.6279.6001.104780906131535625872840889059,98644,5.0,1.0,6.0,3.0,2.0,4.0,4.0,5.0,1.0,0,30,35.0
1.3.6.1.4.1.14519.5.2.1.6279.6001.481278873893653517789960724156,Nodule 002,5.0,1.0,6.0,3.0,4.0,2.0,3.0,5.0,5.0,1,15,35.0
1.3.6.1.4.1.14519.5.2.1.6279.6001.481278873893653517789960724156,Nodule 003,5.0,1.0,6.0,3.0,4.0,3.0,2.0,5.0,5.0,1,10,22.5
1.3.6.1.4.1.14519.5.2.1.6279.6001.481278873893653517789960724156,Nodule 001,5.0,1.0,6.0,3.0,4.0,2.0,2.0,5.0,5.0,1,8,17.5
1.3.6.1.4.1.14519.5.2.1.6279.6001.481278873893653517789960724156,IL057_196922,5.0,1.0,6.0,3.0,4.0,5.0,4.0,5.0,5.0,1,7,15.0
1.3.6.1.4.1.14519.5.2.1.6279.6001.481278873893653517789960724156,IL057_196919,5.0,1.0,6.0,3.0,4.0,4.0,3.0,5.0,5.0,1,14,32.5
1.3.6.1.4.1.14519.5.2.1.6279.6001.481278873893653517789960724156,IL057_196914,5.0,1.0,6.0,3.0,4.0,4.0,2.0,5.0,5.0,1,9,20.0
1.3.6.1.4.1.14519.5.2.1.6279.6001.481278873893653517789960724156,MI014_14654,2.0,1.0,6.0,4.0,5.0,1.0,1.0,5.0,3.0,,2,2.5
1.3.6.1.4.1.14519.5.2.1.6279.6001.481278873893653517789960724156,1,5.0,1.0,6.0,4.0,5.0,3.0,1.0,5.0,3.0,,10,20.0
1.3.6.1.4.1.14519.5.2.1.6279.6001.481278873893653517789960724156,4,5.0,1.0,6.0,3.0,5.0,3.0,1.0,5.0,2.0,0,8,17.5
1.3.6.1.4.1.14519.5.2.1.6279.6001.139258777898746693365877042411,115165,5.0,1.0,6.0,4.0,5.0,3.0,1.0,5.0,2.0,0,17,8.0
1.3.6.1.4.1.14519.5.2.1.6279.6001.139258777898746693365877042411,128769,5.0,1.0,6.0,5.0,5.0,1.0,1.0,5.0,3.0,,16,7.5
1.3.6.1.4.1.14519.5.2.1.6279.6001.139258777898746693365877042411,12296,4.0,1.0,6.0,3.0,4.0,2.0,1.0,5.0,3.0,,16,7.5
1.3.6.1.4.1.14519.5.2.1.6279.6001.139258777898746693365877042411,0,5.0,1.0,6.0,3.0,5.0,2.0,1.0,5.0,3.0,,18,8.0
1.3.6.1.4.1.14519.5.2.1.6279.6001.267957701183569638795986183786,206725,5.0,1.0,6.0,3.0,3.0,2.0,2.0,5.0,2.0,0,5,4.0
1.3.6.1.4.1.14519.5.2.1.6279.6001.267957701183569638795986183786,206717,5.0,1.0,4.0,3.0,5.0,1.0,1.0,5.0,2.0,0,7,6.0
1.3.6.1.4.1.14519.5.2.1.6279.6001.267957701183569638795986183786,206722,5.0,1.0,6.0,3.0,4.0,2.0,1.0,5.0,2.0,0,4,3.0
1.3.6.1.4.1.14519.5.2.1.6279.6001.267957701183569638795986183786,206714,5.0,1.0,1.0,3.0,4.0,3.0,3.0,5.0,1.0,0,29,27.0
1.3.6.1.4.1.14519.5.2.1.6279.6001.267957701183569638795986183786,202780,3.0,1.0,6.0,4.0,5.0,1.0,1.0,5.0,3.0,,3,2.0
1.3.6.1.4.1.14519.5.2.1.6279.6001.267957701183569638795986183786,202777,3.0,1.0,6.0,3.0,4.0,1.0,1.0,3.0,2.0,0,4,3.0
1.3.6.1.4.1.14519.5.2.1.6279.6001.267957701183569638795986183786,202772,5.0,1.0,6.0,3.0,5.0,3.0,1.0,5.0,3.0,,7,6.0
1.3.6.1.4.1.14519.5.2.1.6279.6001.267957701183569638795986183786,202767,5.0,1.0,4.0,3.0,5.0,1.0,1.0,5.0,2.0,0,42,41.0
1.3.6.1.4.1.14519.5.2.1.6279.6001.267957701183569638795986183786,20960,5.0,1.0,3.0,2.0,3.0,1.0,3.0,4.0,4.0,1,10,7.0
1.3.6.1.4.1.14519.5.2.1.6279.6001.267957701183569638795986183786,20961,4.0,1.0,6.0,3.0,2.0,1.0,2.0,3.0,3.0,,5,4.0
1.3.6.1.4.1.14519.5.2.1.6279.6001.267957701183569638795986183786,20955,5.0,1.0,2.0,3.0,2.0,2.0,2.0,5.0,5.0,1,27,26.0
1.3.6.1.4.1.14519.5.2.1.6279.6001.267957701183569638795986183786,0,4.0,1.0,6.0,4.0,4.0,1.0,1.0,5.0,2.0,0,5,4.0
1.3.6.1.4.1.14519.5.2.1.6279.6001.267957701183569638795986183786,1,4.0,1.0,6.0,3.0,4.0,3.0,3.0,4.0,3.0,,5,4.0
1.3.6.1.4.1.14519.5.2.1.6279.6001.267957701183569638795986183786,2,4.0,1.0,6.0,4.0,4.0,1.0,2.0,4.0,3.0,,6,5.0
1.3.6.1.4.1.14519.5.2.1.6279.6001.267957701183569638795986183786,3,5.0,1.0,6.0,2.0,4.0,4.0,3.0,5.0,4.0,1,9,8.0
1.3.6.1.4.1.14519.5.2.1.6279.6001.267957701183569638795986183786,4,5.0,1.0,6.0,2.0,4.0,3.0,2.0,5.0,4.0,1,33,32.0
1.3.6.1.4.1.14519.5.2.1.6279.6001.233433352108264931671753343044,101461,5.0,1.0,6.0,4.0,4.0,2.0,3.0,5.0,3.0,,6,5.0
1.3.6.1.4.1.14519.5.2.1.6279.6001.233433352108264931671753343044,101464,5.0,1.0,3.0,3.0,5.0,1.0,1.0,5.0,1.0,0,6,5.0
1.3.6.1.4.1.14519.5.2.1.6279.6001.233433352108264931671753343044,102812,3.0,1.0,6.0,4.0,4.0,2.0,2.0,4.0,3.0,,5,4.0
1.3.6.1.4.1.14519.5.2.1.6279.6001.233433352108264931671753343044,122716,4.0,1.0,6.0,5.0,4.0,2.0,2.0,5.0,4.0,1,7,6.0
1.3.6.1.4.1.14519.5.2.1.6279.6001.233433352108264931671753343044,122722,2.0,1.0,6.0,3.0,4.0,3.0,1.0,5.0,2.0,0,3,2.0
1.3.6.1.4.1.14519.5.2.1.6279.6001.233433352108264931671753343044,122719,3.0,1.0,3.0,4.0,5.0,1.0,1.0,5.0,1.0,0,5,4.0
1.3.6.1.4.1.14519.5.2.1.6279.6001.233433352108264931671753343044,17068,5.0,1.0,6.0,5.0,4.0,1.0,1.0,5.0,4.0,1,8,7.0
1.3.6.1.4.1.14519.5.2.1.6279.6001.233433352108264931671753343044,17070,3.0,1.0,6.0,3.0,3.0,1.0,3.0,4.0,2.0,0,6,5.0
1.3.6.1.4.1.14519.5.2.1.6279.6001.233433352108264931671753343044,17072,5.0,1.0,3.0,3.0,5.0,1.0,1.0,5.0,1.0,0,7,6.0
1.3.6.1.4.1.14519.5.2.1.6279.6001.233433352108264931671753343044,0,3.0,1.0,4.0,5.0,5.0,1.0,1.0,5.0,1.0,0,9,8.0
1.3.6.1.4.1.14519.5.2.1.6279.6001.233433352108264931671753343044,6,5.0,1.0,6.0,3.0,5.0,4.0,2.0,5.0,2.0,0,7,6.0
1.3.6.1.4.1.14519.5.2.1.6279.6001.233433352108264931671753343044,7,5.0,1.0,5.0,4.0,5.0,1.0,1.0,5.0,1.0,0,8,7.0
1.3.6.1.4.1.14519.5.2.1.6279.6001.233433352108264931671753343044,8,3.0,1.0,6.0,5.0,5.0,1.0,1.0,5.0,2.0,0,6,5.0
1.3.6.1.4.1.14519.5.2.1.6279.6001.249404938669582150398726875826,Nodule 004,4.0,1.0,6.0,3.0,5.0,2.0,1.0,5.0,3.0,,4,7.5
1.3.6.1.4.1.14519.5.2.1.6279.6001.249404938669582150398726875826,Nodule 005,4.0,1.0,6.0,4.0,5.0,1.0,1.0,5.0,2.0,0,2,2.5
1.3.6.1.4.1.14519.5.2.1.6279.6001.249404938669582150398726875826,Nodule 003,4.0,1.0,3.0,5.0,5.0,1.0,1.0,5.0,1.0,0,2,2.5
1.3.6.1.4.1.14519.5.2.1.6279.6001.249404938669582150398726875826,Nodule 002,4.0,1.0,6.0,3.0,5.0,2.0,1.0,5.0,2.0,0,3,5.0
1.3.6.1.4.1.14519.5.2.1.6279.6001.249404938669582150398726875826,Nodule 001,4.0,1.0,6.0,4.0,5.0,2.0,1.0,5.0,4.0,1,4,7.5
1.3.6.1.4.1.14519.5.2.1.6279.6001.249404938669582150398726875826,IL057_197039,5.0,1.0,6.0,4.0,4.0,1.0,1.0,5.0,4.0,1,4,7.5
1.3.6.1.4.1.14519.5.2.1.6279.6001.249404938669582150398726875826,IL057_197044,5.0,1.0,3.0,4.0,4.0,4.0,1.0,5.0,1.0,0,3,5.0
1.3.6.1.4.1.14519.5.2.1.6279.6001.249404938669582150398726875826,IL057_197051,3.0,1.0,3.0,3.0,4.0,1.0,1.0,5.0,1.0,0,2,2.5
1.3.6.1.4.1.14519.5.2.1.6279.6001.249404938669582150398726875826,IL057_197049,3.0,1.0,3.0,3.0,4.0,2.0,1.0,5.0,1.0,0,3,5.0
1.3.6.1.4.1.14519.5.2.1.6279.6001.249404938669582150398726875826,MI014_14778,5.0,1.0,6.0,5.0,5.0,1.0,1.0,5.0,4.0,1,4,7.5
1.3.6.1.4.1.14519.5.2.1.6279.6001.249404938669582150398726875826,MI014_14787,4.0,1.0,6.0,3.0,5.0,1.0,2.0,5.0,3.0,,5,10.0
1.3.6.1.4.1.14519.5.2.1.6279.6001.249404938669582150398726875826,MI014_14785,5.0,1.0,6.0,2.0,5.0,1.0,2.0,5.0,3.0,,3,5.0
1.3.6.1.4.1.14519.5.2.1.6279.6001.249404938669582150398726875826,MI014_14810,5.0,1.0,3.0,3.0,5.0,2.0,2.0,5.0,3.0,,3,5.0
1.3.6.1.4.1.14519.5.2.1.6279.6001.249404938669582150398726875826,0,5.0,1.0,3.0,5.0,5.0,1.0,1.0,5.0,1.0,0,5,10.0
1.3.6.1.4.1.14519.5.2.1.6279.6001.249404938669582150398726875826,6,5.0,1.0,6.0,4.0,5.0,1.0,1.0,5.0,1.0,0,3,5.0
1.3.6.1.4.1.14519.5.2.1.6279.6001.249404938669582150398726875826,8,5.0,1.0,3.0,5.0,5.0,1.0,1.0,5.0,1.0,0,4,7.5
1.3.6.1.4.1.14519.5.2.1.6279.6001.249404938669582150398726875826,9,3.0,1.0,6.0,5.0,5.0,1.0,1.0,5.0,2.0,0,4,7.5
1.3.6.1.4.1.14519.5.2.1.6279.6001.333145094436144085379032922488,Nodule 001,4.0,1.0,6.0,4.0,4.0,1.0,2.0,5.0,3.0,,4,7.5
1.3.6.1.4.1.14519.5.2.1.6279.6001.333145094436144085379032922488,IL057_167661,4.0,1.0,6.0,5.0,4.0,1.0,2.0,5.0,4.0,1,4,7.5
1.3.6.1.4.1.14519.5.2.1.6279.6001.333145094436144085379032922488,IL057_167664,1.0,1.0,6.0,3.0,4.0,1.0,1.0,5.0,2.0,0,2,2.5
1.3.6.1.4.1.14519.5.2.1.6279.6001.333145094436144085379032922488,MI014_17942,3.0,1.0,6.0,5.0,3.0,3.0,3.0,5.0,3.0,,4,7.5
1.3.6.1.4.1.14519.5.2.1.6279.6001.333145094436144085379032922488,MI014_17945,2.0,1.0,6.0,4.0,4.0,2.0,1.0,5.0,3.0,,1,0.0
1.3.6.1.4.1.14519.5.2.1.6279.6001.333145094436144085379032922488,0,5.0,1.0,6.0,5.0,4.0,1.0,5.0,4.0,4.0,1,4,7.5
1.3.6.1.4.1.14519.5.2.1.6279.6001.410251741986998833890312367579,Nodule 001,4.0,1.0,6.0,3.0,4.0,2.0,3.0,5.0,4.0,1,15,17.5
1.3.6.1.4.1.14519.5.2.1.6279.6001.410251741986998833890312367579,IL057_168415,4.0,1.0,6.0,4.0,5.0,1.0,1.0,5.0,4.0,1,14,16.25
1.3.6.1.4.1.14519.5.2.1.6279.6001.410251741986998833890312367579,MI014_13843,4.0,1.0,6.0,3.0,5.0,1.0,1.0,5.0,3.0,,15,17.5
1.3.6.1.4.1.14519.5.2.1.6279.6001.410251741986998833890312367579,0,4.0,1.0,6.0,4.0,4.0,2.0,1.0,5.0,2.0,0,15,17.5
1.3.6.1.4.1.14519.5.2.1.6279.6001.188059920088313909273628445208,12821,5.0,1.0,6.0,4.0,5.0,1.0,1.0,5.0,1.0,0,3,4.0
1.3.6.1.4.1.14519.5.2.1.6279.6001.188059920088313909273628445208,12829,5.0,1.0,6.0,4.0,5.0,1.0,1.0,5.0,1.0,0,4,6.0
1.3.6.1.4.1.14519.5.2.1.6279.6001.188059920088313909273628445208,16858,4.0,1.0,6.0,2.0,3.0,2.0,1.0,5.0,3.0,,1,0.0
1.3.6.1.4.1.14519.5.2.1.6279.6001.188059920088313909273628445208,16862,4.0,1.0,6.0,4.0,3.0,1.0,2.0,5.0,3.0,,3,4.0
1.3.6.1.4.1.14519.5.2.1.6279.6001.188059920088313909273628445208,16866,4.0,1.0,6.0,5.0,3.0,1.0,2.0,5.0,3.0,,3,4.0
1.3.6.1.4.1.14519.5.2.1.6279.6001.188059920088313909273628445208,16871,4.0,1.0,6.0,3.0,3.0,2.0,2.0,5.0,3.0,,2,2.0
1.3.6.1.4.1.14519.5.2.1.6279.6001.188059920088313909273628445208,16875,4.0,1.0,6.0,5.0,3.0,1.0,1.0,5.0,3.0,,2,2.0
1.3.6.1.4.1.14519.5.2.1.6279.6001.188059920088313909273628445208,16879,4.0,1.0,6.0,5.0,3.0,2.0,1.0,5.0,3.0,,2,2.0
1.3.6.1.4.1.14519.5.2.1.6279.6001.188059920088313909273628445208,16883,4.0,1.0,6.0,5.0,4.0,2.0,1.0,5.0,3.0,,4,6.0
1.3.6.1.4.1.14519.5.2.1.6279.6001.188059920088313909273628445208,2975,5.0,1.0,6.0,5.0,4.0,1.0,1.0,4.0,3.0,,3,4.0
1.3.6.1.4.1.14519.5.2.1.6279.6001.188059920088313909273628445208,2983,5.0,1.0,6.0,5.0,5.0,1.0,1.0,4.0,4.0,1,3,4.0
1.3.6.1.4.1.14519.5.2.1.6279.6001.188059920088313909273628445208,2988,5.0,1.0,6.0,3.0,4.0,1.0,1.0,4.0,3.0,,2,2.0
1.3.6.1.4.1.14519.5.2.1.6279.6001.188059920088313909273628445208,2992,5.0,1.0,6.0,5.0,4.0,1.0,1.0,4.0,4.0,1,3,4.0
1.3.6.1.4.1.14519.5.2.1.6279.6001.188059920088313909273628445208,2996,5.0,1.0,6.0,4.0,4.0,1.0,1.0,4.0,3.0,,2,2.0
1.3.6.1.4.1.14519.5.2.1.6279.6001.188059920088313909273628445208,3000,4.0,1.0,6.0,4.0,4.0,3.0,1.0,4.0,4.0,1,3,4.0
1.3.6.1.4.1.14519.5.2.1.6279.6001.128881800399702510818644205032,0,5.0,1.0,6.0,5.0,5.0,4.0,1.0,5.0,3.0,,6,12.5
1.3.6.1.4.1.14519.5.2.1.6279.6001.128881800399702510818644205032,1,5.0,1.0,6.0,5.0,4.0,1.0,5.0,4.0,4.0,1,6,12.5
1.3.6.1.4.1.14519.5.2.1.6279.6001.128881800399702510818644205032,114149,5.0,1.0,6.0,4.0,3.0,4.0,3.0,5.0,4.0,1,6,12.5
1.3.6.1.4.1.14519.5.2.1.6279.6001.128881800399702510818644205032,114147,5.0,1.0,6.0,2.0,3.0,4.0,3.0,5.0,4.0,1,6,10.0
1.3.6.1.4.1.14519.5.2.1.6279.6001.128881800399702510818644205032,126792,4.0,1.0,6.0,2.0,4.0,4.0,3.0,5.0,5.0,1,5,10.0
1.3.6.1.4.1.14519.5.2.1.6279.6001.128881800399702510818644205032,126798,5.0,1.0,6.0,4.0,4.0,4.0,3.0,5.0,5.0,1,6,10.0
1.3.6.1.4.1.14519.5.2.1.6279.6001.128881800399702510818644205032,126799,2.0,1.0,6.0,4.0,4.0,1.0,1.0,5.0,2.0,0,1,0.0
1.3.6.1.4.1.14519.5.2.1.6279.6001.128881800399702510818644205032,Nodule 001,5.0,1.0,6.0,4.0,4.0,2.0,2.0,5.0,5.0,1,5,10.0
1.3.6.1.4.1.14519.5.2.1.6279.6001.128881800399702510818644205032,Nodule 002,5.0,1.0,6.0,2.0,4.0,2.0,3.0,5.0,5.0,1,7,12.5
1.3.6.1.4.1.14519.5.2.1.6279.6001.225154811831720426832024114593,1,3.0,1.0,6.0,5.0,5.0,1.0,1.0,5.0,2.0,0,3,5.0
1.3.6.1.4.1.14519.5.2.1.6279.6001.225154811831720426832024114593,9,5.0,1.0,3.0,5.0,5.0,1.0,1.0,5.0,1.0,0,4,7.5
1.3.6.1.4.1.14519.5.2.1.6279.6001.225154811831720426832024114593,18,5.0,1.0,3.0,5.0,5.0,1.0,1.0,5.0,1.0,0,3,5.0
1.3.6.1.4.1.14519.5.2.1.6279.6001.225154811831720426832024114593,134942,4.0,1.0,6.0,5.0,5.0,1.0,1.0,5.0,2.0,0,3,5.0
1.3.6.1.4.1.14519.5.2.1.6279.6001.225154811831720426832024114593,134946,4.0,1.0,6.0,5.0,5.0,1.0,1.0,5.0,3.0,,2,2.5
1.3.6.1.4.1.14519.5.2.1.6279.6001.225154811831720426832024114593,134947,2.0,1.0,6.0,5.0,5.0,1.0,1.0,5.0,2.0,0,2,2.5
1.3.6.1.4.1.14519.5.2.1.6279.6001.225154811831720426832024114593,134953,2.0,1.0,6.0,5.0,5.0,1.0,1.0,5.0,2.0,0,1,0.0
1.3.6.1.4.1.14519.5.2.1.6279.6001.225154811831720426832024114593,134957,2.0,1.0,6.0,5.0,5.0,1.0,1.0,5.0,2.0,0,1,0.0
1.3.6.1.4.1.14519.5.2.1.6279.6001.225154811831720426832024114593,135716,3.0,1.0,6.0,3.0,4.0,3.0,1.0,5.0,3.0,,2,2.5
1.3.6.1.4.1.14519.5.2.1.6279.6001.225154811831720426832024114593,135717,2.0,1.0,6.0,4.0,4.0,4.0,1.0,5.0,2.0,0,1,0.0
1.3.6.1.4.1.14519.5.2.1.6279.6001.225154811831720426832024114593,Nodule 001,4.0,1.0,6.0,5.0,5.0,1.0,1.0,5.0,2.0,0,2,2.5
1.3.6.1.4.1.14519.5.2.1.6279.6001.225154811831720426832024114593,Nodule 004,4.0,1.0,6.0,4.0,4.0,1.0,2.0,5.0,3.0,,3,5.0
1.3.6.1.4.1.14519.5.2.1.6279.6001.225154811831720426832024114593,115213,3.0,1.0,6.0,5.0,4.0,1.0,2.0,5.0,3.0,,2,2.5
1.3.6.1.4.1.14519.5.2.1.6279.6001.225154811831720426832024114593,115207,4.0,1.0,6.0,4.0,5.0,1.0,2.0,5.0,3.0,,2,2.5
1.3.6.1.4.1.14519.5.2.1.6279.6001.225154811831720426832024114593,115203,4.0,1.0,6.0,5.0,5.0,1.0,1.0,5.0,3.0,,3,5.0
1.3.6.1.4.1.14519.5.2.1.6279.6001.225154811831720426832024114593,115201,3.0,1.0,6.0,2.0,4.0,1.0,3.0,5.0,3.0,,2,2.5
1.3.6.1.4.1.14519.5.2.1.6279.6001.768856069922657732839929586657,69900,5.0,1.0,6.0,3.0,3.0,3.0,4.0,4.0,4.0,1,4,9.0
1.3.6.1.4.1.14519.5.2.1.6279.6001.768856069922657732839929586657,52510,5.0,1.0,6.0,4.0,3.0,4.0,2.0,5.0,5.0,1,4,9.0
1.3.6.1.4.1.14519.5.2.1.6279.6001.768856069922657732839929586657,13314,4.0,1.0,6.0,3.0,3.0,4.0,3.0,4.0,3.0,,5,9.0
1.3.6.1.4.1.14519.5.2.1.6279.6001.768856069922657732839929586657,0,5.0,1.0,6.0,3.0,2.0,2.0,1.0,5.0,3.0,,4,9.0
1.3.6.1.4.1.14519.5.2.1.6279.6001.724562063158320418413995627171,Nodule 001,4.0,1.0,6.0,4.0,5.0,1.0,1.0,5.0,2.0,0,4,7.5
1.3.6.1.4.1.14519.5.2.1.6279.6001.724562063158320418413995627171,IL057_162037,2.0,1.0,6.0,5.0,5.0,1.0,1.0,5.0,3.0,,4,7.5
1.3.6.1.4.1.14519.5.2.1.6279.6001.724562063158320418413995627171,MI014_20076,5.0,1.0,6.0,5.0,5.0,1.0,1.0,5.0,4.0,1,4,7.5
1.3.6.1.4.1.14519.5.2.1.6279.6001.724562063158320418413995627171,0,3.0,1.0,6.0,5.0,5.0,1.0,1.0,5.0,2.0,0,4,7.5
1.3.6.1.4.1.14519.5.2.1.6279.6001.183924380327950237519832859527,Nodule 001,5.0,1.0,6.0,3.0,4.0,3.0,1.0,5.0,4.0,1,7,12.5
1.3.6.1.4.1.14519.5.2.1.6279.6001.183924380327950237519832859527,IL057_167684,5.0,1.0,6.0,4.0,5.0,1.0,4.0,5.0,5.0,1,6,12.5
1.3.6.1.4.1.14519.5.2.1.6279.6001.183924380327950237519832859527,IL057_167687,5.0,1.0,6.0,3.0,5.0,1.0,1.0,5.0,4.0,1,7,15.0
1.3.6.1.4.1.14519.5.2.1.6279.6001.183924380327950237519832859527,MI014_17963,5.0,1.0,6.0,3.0,4.0,3.0,2.0,5.0,3.0,,6,12.5
1.3.6.1.4.1.14519.5.2.1.6279.6001.183924380327950237519832859527,MI014_17966,5.0,1.0,6.0,2.0,4.0,2.0,1.0,5.0,3.0,,6,12.5
1.3.6.1.4.1.14519.5.2.1.6279.6001.183924380327950237519832859527,1,5.0,1.0,6.0,5.0,5.0,4.0,1.0,5.0,3.0,,7,15.0
1.3.6.1.4.1.14519.5.2.1.6279.6001.238042459915048190592571019348,Nodule 001,4.0,1.0,6.0,4.0,4.0,1.0,1.0,5.0,3.0,,3,2.5
1.3.6.1.4.1.14519.5.2.1.6279.6001.238042459915048190592571019348,IL057_167405,5.0,1.0,6.0,2.0,2.0,2.0,2.0,5.0,3.0,,4,3.75
1.3.6.1.4.1.14519.5.2.1.6279.6001.168042389372367513325505818854,124090,5.0,1.0,6.0,4.0,4.0,5.0,2.0,5.0,4.0,1,4,9.0
1.3.6.1.4.1.14519.5.2.1.6279.6001.168042389372367513325505818854,134855,5.0,1.0,6.0,3.0,4.0,4.0,1.0,5.0,4.0,1,4,9.0
1.3.6.1.4.1.14519.5.2.1.6279.6001.168042389372367513325505818854,18168,5.0,1.0,6.0,4.0,4.0,4.0,2.0,5.0,5.0,1,4,9.0
1.3.6.1.4.1.14519.5.2.1.6279.6001.168042389372367513325505818854,0,5.0,1.0,6.0,5.0,5.0,4.0,1.0,5.0,3.0,,4,9.0
1.3.6.1.4.1.14519.5.2.1.6279.6001.436403998650924660479049012235,IL057_160175,2.0,1.0,6.0,3.0,3.0,2.0,2.0,5.0,3.0,,1,0.0
1.3.6.1.4.1.14519.5.2.1.6279.6001.436403998650924660479049012235,MI014_20092,5.0,1.0,6.0,4.0,1.0,1.0,1.0,3.0,2.0,0,3,5.0
1.3.6.1.4.1.14519.5.2.1.6279.6001.244204120220889433826451158706,Nodule 002,4.0,1.0,6.0,4.0,5.0,1.0,1.0,5.0,3.0,,5,5.0
1.3.6.1.4.1.14519.5.2.1.6279.6001.244204120220889433826451158706,IL057_209744,4.0,1.0,6.0,3.0,3.0,2.0,3.0,5.0,2.0,0,6,6.25
1.3.6.1.4.1.14519.5.2.1.6279.6001.244204120220889433826451158706,IL057_209801,2.0,1.0,6.0,5.0,4.0,2.0,2.0,5.0,3.0,,6,6.25
1.3.6.1.4.1.14519.5.2.1.6279.6001.244204120220889433826451158706,MI014_15691,3.0,1.0,6.0,3.0,2.0,1.0,2.0,5.0,3.0,,6,6.25
1.3.6.1.4.1.14519.5.2.1.6279.6001.244204120220889433826451158706,MI014_15695,3.0,1.0,6.0,3.0,4.0,1.0,1.0,5.0,3.0,,3,2.5
1.3.6.1.4.1.14519.5.2.1.6279.6001.244204120220889433826451158706,MI014_15694,1.0,1.0,6.0,3.0,5.0,1.0,1.0,5.0,3.0,,9,10.0
1.3.6.1.4.1.14519.5.2.1.6279.6001.244204120220889433826451158706,0,4.0,1.0,6.0,3.0,3.0,3.0,3.0,5.0,3.0,,6,6.25
1.3.6.1.4.1.14519.5.2.1.6279.6001.244204120220889433826451158706,3,5.0,1.0,3.0,5.0,5.0,1.0,1.0,5.0,1.0,0,7,7.5
1.3.6.1.4.1.14519.5.2.1.6279.6001.244204120220889433826451158706,5,5.0,1.0,6.0,4.0,4.0,2.0,2.0,5.0,2.0,0,9,10.0
1.3.6.1.4.1.14519.5.2.1.6279.6001.244204120220889433826451158706,7,4.0,1.0,6.0,3.0,2.0,3.0,3.0,4.0,3.0,,6,6.25
1.3.6.1.4.1.14519.5.2.1.6279.6001.255999614855292116767517149228,0,3.0,1.0,6.0,5.0,5.0,1.0,1.0,5.0,2.0,0,6,12.5
1.3.6.1.4.1.14519.5.2.1.6279.6001.255999614855292116767517149228,1,5.0,1.0,3.0,5.0,5.0,1.0,1.0,5.0,1.0,0,3,5.0
1.3.6.1.4.1.14519.5.2.1.6279.6001.255999614855292116767517149228,115547,5.0,1.0,6.0,4.0,4.0,3.0,2.0,5.0,4.0,1,6,12.5
1.3.6.1.4.1.14519.5.2.1.6279.6001.255999614855292116767517149228,115550,4.0,1.0,3.0,3.0,5.0,1.0,1.0,5.0,1.0,0,2,2.5
1.3.6.1.4.1.14519.5.2.1.6279.6001.255999614855292116767517149228,128753,5.0,1.0,6.0,4.0,5.0,2.0,1.0,5.0,4.0,1,5,10.0
1.3.6.1.4.1.14519.5.2.1.6279.6001.255999614855292116767517149228,Nodule 001,5.0,1.0,6.0,4.0,5.0,1.0,1.0,5.0,3.0,,5,10.0
1.3.6.1.4.1.14519.5.2.1.6279.6001.603126300703296693942875967838,0,3.0,1.0,6.0,5.0,5.0,1.0,1.0,5.0,2.0,0,5,10.0
1.3.6.1.4.1.14519.5.2.1.6279.6001.603126300703296693942875967838,1,3.0,1.0,6.0,5.0,5.0,1.0,1.0,5.0,2.0,0,5,10.0
1.3.6.1.4.1.14519.5.2.1.6279.6001.603126300703296693942875967838,4,5.0,1.0,3.0,5.0,5.0,1.0,1.0,5.0,1.0,0,6,12.5
1.3.6.1.4.1.14519.5.2.1.6279.6001.603126300703296693942875967838,124264,4.0,1.0,6.0,5.0,5.0,1.0,3.0,5.0,4.0,1,5,10.0
1.3.6.1.4.1.14519.5.2.1.6279.6001.603126300703296693942875967838,124270,4.0,1.0,3.0,3.0,5.0,3.0,3.0,5.0,1.0,0,4,7.5
1.3.6.1.4.1.14519.5.2.1.6279.6001.603126300703296693942875967838,124274,3.0,1.0,6.0,3.0,4.0,1.0,2.0,5.0,3.0,,3,5.0
1.3.6.1.4.1.14519.5.2.1.6279.6001.603126300703296693942875967838,124268,5.0,1.0,6.0,3.0,5.0,2.0,1.0,5.0,3.0,,3,5.0
1.3.6.1.4.1.14519.5.2.1.6279.6001.603126300703296693942875967838,Nodule 004,4.0,1.0,6.0,4.0,4.0,1.0,1.0,5.0,3.0,,3,5.0
1.3.6.1.4.1.14519.5.2.1.6279.6001.603126300703296693942875967838,Nodule 003,4.0,1.0,6.0,4.0,5.0,1.0,1.0,4.0,4.0,1,5,10.0
1.3.6.1.4.1.14519.5.2.1.6279.6001.603126300703296693942875967838,Nodule 002,3.0,1.0,6.0,3.0,5.0,1.0,1.0,5.0,3.0,,4,7.5
1.3.6.1.4.1.14519.5.2.1.6279.6001.603126300703296693942875967838,Nodule 001,4.0,1.0,5.0,2.0,4.0,1.0,1.0,5.0,2.0,0,3,5.0
1.3.6.1.4.1.14519.5.2.1.6279.6001.603126300703296693942875967838,134831,4.0,1.0,6.0,5.0,5.0,1.0,1.0,5.0,4.0,1,3,5.0
1.3.6.1.4.1.14519.5.2.1.6279.6001.603126300703296693942875967838,134835,4.0,1.0,6.0,5.0,5.0,1.0,1.0,5.0,4.0,1,3,5.0
1.3.6.1.4.1.14519.5.2.1.6279.6001.603126300703296693942875967838,134839,4.0,1.0,6.0,3.0,5.0,1.0,1.0,5.0,4.0,1,3,5.0
1.3.6.1.4.1.14519.5.2.1.6279.6001.603126300703296693942875967838,134844,4.0,1.0,3.0,3.0,5.0,1.0,1.0,5.0,1.0,0,4,7.5
1.3.6.1.4.1.14519.5.2.1.6279.6001.189483585244687808087477024767,0,3.0,1.0,6.0,5.0,5.0,1.0,1.0,5.0,2.0,0,6,6.25
1.3.6.1.4.1.14519.5.2.1.6279.6001.189483585244687808087477024767,8,3.0,1.0,6.0,5.0,5.0,1.0,1.0,5.0,2.0,0,4,3.75
1.3.6.1.4.1.14519.5.2.1.6279.6001.189483585244687808087477024767,36,1.0,1.0,6.0,5.0,2.0,1.0,1.0,1.0,2.0,0,9,10.0
1.3.6.1.4.1.14519.5.2.1.6279.6001.189483585244687808087477024767,162643,4.0,1.0,6.0,3.0,4.0,2.0,2.0,5.0,3.0,,7,7.5
1.3.6.1.4.1.14519.5.2.1.6279.6001.189483585244687808087477024767,164469,3.0,1.0,6.0,3.0,3.0,3.0,2.0,5.0,3.0,,4,3.75
1.3.6.1.4.1.14519.5.2.1.6279.6001.189483585244687808087477024767,160292,3.0,1.0,6.0,3.0,4.0,1.0,2.0,5.0,3.0,,5,5.0
1.3.6.1.4.1.14519.5.2.1.6279.6001.189483585244687808087477024767,160287,3.0,1.0,6.0,3.0,4.0,2.0,2.0,2.0,3.0,,5,5.0
1.3.6.1.4.1.14519.5.2.1.6279.6001.189483585244687808087477024767,160296,2.0,1.0,6.0,5.0,4.0,3.0,1.0,5.0,3.0,,4,3.75
1.3.6.1.4.1.14519.5.2.1.6279.6001.189483585244687808087477024767,Nodule 004,3.0,1.0,6.0,3.0,4.0,2.0,1.0,5.0,4.0,1,5,5.0
1.3.6.1.4.1.14519.5.2.1.6279.6001.189483585244687808087477024767,Nodule 005,3.0,1.0,6.0,3.0,5.0,2.0,1.0,5.0,3.0,,3,2.5
1.3.6.1.4.1.14519.5.2.1.6279.6001.837810280808122125183730411210,2,1.0,1.0,6.0,5.0,2.0,1.0,1.0,1.0,2.0,0,4,7.5
1.3.6.1.4.1.14519.5.2.1.6279.6001.837810280808122125183730411210,160412,3.0,1.0,6.0,3.0,4.0,2.0,2.0,5.0,4.0,1,2,2.5
1.3.6.1.4.1.14519.5.2.1.6279.6001.837810280808122125183730411210,162770,5.0,1.0,6.0,2.0,3.0,3.0,2.0,5.0,3.0,,4,7.5
1.3.6.1.4.1.14519.5.2.1.6279.6001.837810280808122125183730411210,Nodule 001,3.0,1.0,6.0,4.0,5.0,1.0,1.0,5.0,2.0,0,2,2.5
1.3.6.1.4.1.14519.5.2.1.6279.6001.837810280808122125183730411210,Nodule 005,3.0,1.0,6.0,3.0,5.0,1.0,1.0,5.0,2.0,0,4,7.5
1.3.6.1.4.1.14519.5.2.1.6279.6001.271307051432838466826189754230,154675,5.0,1.0,6.0,3.0,5.0,3.0,1.0,5.0,4.0,1,9,20.0
1.3.6.1.4.1.14519.5.2.1.6279.6001.271307051432838466826189754230,0,5.0,1.0,6.0,5.0,4.0,1.0,5.0,4.0,4.0,1,9,20.0
1.3.6.1.4.1.14519.5.2.1.6279.6001.271307051432838466826189754230,Nodule 001,4.0,1.0,6.0,3.0,5.0,1.0,1.0,5.0,4.0,1,9,20.0
1.3.6.1.4.1.14519.5.2.1.6279.6001.271307051432838466826189754230,201271,5.0,1.0,6.0,4.0,5.0,3.0,3.0,5.0,5.0,1,10,22.5
1.3.6.1.4.1.14519.5.2.1.6279.6001.219428004988664846407984058588,0,3.0,1.0,6.0,5.0,5.0,1.0,1.0,5.0,2.0,0,12,13.75
1.3.6.1.4.1.14519.5.2.1.6279.6001.219428004988664846407984058588,2,3.0,1.0,6.0,5.0,5.0,1.0,1.0,5.0,2.0,0,4,3.75
1.3.6.1.4.1.14519.5.2.1.6279.6001.219428004988664846407984058588,8,3.0,1.0,6.0,5.0,5.0,1.0,1.0,5.0,2.0,0,8,8.75
1.3.6.1.4.1.14519.5.2.1.6279.6001.219428004988664846407984058588,9,3.0,1.0,6.0,5.0,5.0,1.0,1.0,5.0,2.0,0,6,6.25
1.3.6.1.4.1.14519.5.2.1.6279.6001.219428004988664846407984058588,11,3.0,1.0,6.0,5.0,5.0,1.0,1.0,5.0,2.0,0,6,6.25
1.3.6.1.4.1.14519.5.2.1.6279.6001.219428004988664846407984058588,12,3.0,1.0,6.0,5.0,5.0,1.0,1.0,5.0,2.0,0,5,5.0
1.3.6.1.4.1.14519.5.2.1.6279.6001.219428004988664846407984058588,13,3.0,1.0,6.0,5.0,5.0,1.0,1.0,5.0,2.0,0,9,10.0
1.3.6.1.4.1.14519.5.2.1.6279.6001.219428004988664846407984058588,14,3.0,1.0,6.0,5.0,5.0,1.0,1.0,5.0,2.0,0,7,7.5
1.3.6.1.4.1.14519.5.2.1.6279.6001.219428004988664846407984058588,15,5.0,1.0,6.0,5.0,5.0,4.0,1.0,5.0,3.0,,13,15.0
1.3.6.1.4.1.14519.5.2.1.6279.6001.219428004988664846407984058588,115372,5.0,1.0,6.0,4.0,4.0,2.0,2.0,5.0,3.0,,9,10.0
1.3.6.1.4.1.14519.5.2.1.6279.6001.219428004988664846407984058588,115387,4.0,1.0,6.0,5.0,4.0,2.0,2.0,5.0,3.0,,6,6.25
1.3.6.1.4.1.14519.5.2.1.6279.6001.219428004988664846407984058588,115394,5.0,1.0,6.0,5.0,5.0,2.0,1.0,5.0,3.0,,6,6.25
1.3.6.1.4.1.14519.5.2.1.6279.6001.219428004988664846407984058588,115400,4.0,1.0,6.0,3.0,4.0,3.0,2.0,5.0,3.0,,5,5.0
1.3.6.1.4.1.14519.5.2.1.6279.6001.219428004988664846407984058588,115401,4.0,1.0,6.0,5.0,5.0,1.0,1.0,5.0,3.0,,4,3.75
1.3.6.1.4.1.14519.5.2.1.6279.6001.219428004988664846407984058588,115398,5.0,1.0,6.0,4.0,4.0,2.0,2.0,5.0,3.0,,5,5.0
1.3.6.1.4.1.14519.5.2.1.6279.6001.219428004988664846407984058588,115383,5.0,1.0,6.0,4.0,4.0,2.0,2.0,5.0,3.0,,6,6.25
1.3.6.1.4.1.14519.5.2.1.6279.6001.219428004988664846407984058588,115378,5.0,1.0,6.0,3.0,4.0,4.0,2.0,5.0,3.0,,6,6.25
1.3.6.1.4.1.14519.5.2.1.6279.6001.219428004988664846407984058588,115376,5.0,1.0,6.0,3.0,4.0,4.0,2.0,5.0,3.0,,7,7.5
1.3.6.1.4.1.14519.5.2.1.6279.6001.219428004988664846407984058588,115390,5.0,1.0,6.0,3.0,3.0,3.0,2.0,3.0,3.0,,4,3.75
1.3.6.1.4.1.14519.5.2.1.6279.6001.219428004988664846407984058588,135111,5.0,1.0,6.0,3.0,5.0,2.0,1.0,5.0,4.0,1,7,7.5
1.3.6.1.4.1.14519.5.2.1.6279.6001.219428004988664846407984058588,135116,5.0,1.0,6.0,3.0,5.0,1.0,1.0,5.0,4.0,1,5,5.0
1.3.6.1.4.1.14519.5.2.1.6279.6001.219428004988664846407984058588,135119,4.0,1.0,6.0,5.0,5.0,1.0,1.0,5.0,4.0,1,6,6.25
1.3.6.1.4.1.14519.5.2.1.6279.6001.219428004988664846407984058588,135134,4.0,1.0,6.0,5.0,5.0,1.0,1.0,5.0,3.0,,5,5.0
1.3.6.1.4.1.14519.5.2.1.6279.6001.219428004988664846407984058588,135122,4.0,1.0,6.0,5.0,5.0,1.0,1.0,5.0,4.0,1,6,6.25
1.3.6.1.4.1.14519.5.2.1.6279.6001.219428004988664846407984058588,135108,5.0,1.0,6.0,5.0,5.0,2.0,1.0,5.0,5.0,1,9,10.0
1.3.6.1.4.1.14519.5.2.1.6279.6001.219428004988664846407984058588,135132,3.0,1.0,6.0,5.0,5.0,1.0,1.0,5.0,3.0,,6,6.25
1.3.6.1.4.1.14519.5.2.1.6279.6001.219428004988664846407984058588,135126,4.0,1.0,6.0,4.0,2.0,2.0,1.0,3.0,3.0,,4,3.75
1.3.6.1.4.1.14519.5.2.1.6279.6001.219428004988664846407984058588,135721,3.0,1.0,6.0,4.0,5.0,1.0,1.0,5.0,3.0,,5,5.0
1.3.6.1.4.1.14519.5.2.1.6279.6001.219428004988664846407984058588,135722,2.0,1.0,6.0,5.0,5.0,1.0,1.0,5.0,3.0,,4,3.75
1.3.6.1.4.1.14519.5.2.1.6279.6001.219428004988664846407984058588,Nodule 005,4.0,1.0,6.0,4.0,4.0,1.0,2.0,5.0,4.0,1,6,6.25
1.3.6.1.4.1.14519.5.2.1.6279.6001.219428004988664846407984058588,Nodule 004,5.0,1.0,6.0,3.0,4.0,2.0,2.0,5.0,5.0,1,10,11.25
1.3.6.1.4.1.14519.5.2.1.6279.6001.219428004988664846407984058588,Nodule 003,4.0,1.0,6.0,4.0,4.0,1.0,1.0,5.0,3.0,,6,6.25
1.3.6.1.4.1.14519.5.2.1.6279.6001.219428004988664846407984058588,Nodule 001,4.0,1.0,6.0,4.0,5.0,1.0,1.0,5.0,2.0,0,6,6.25
1.3.6.1.4.1.14519.5.2.1.6279.6001.219428004988664846407984058588,Nodule 002,3.0,1.0,6.0,4.0,5.0,1.0,1.0,5.0,2.0,0,5,5.0
1.3.6.1.4.1.14519.5.2.1.6279.6001.219428004988664846407984058588,Nodule 009,4.0,1.0,6.0,3.0,5.0,1.0,1.0,5.0,3.0,,5,5.0
1.3.6.1.4.1.14519.5.2.1.6279.6001.219428004988664846407984058588,Nodule 006,4.0,1.0,6.0,4.0,4.0,2.0,1.0,5.0,4.0,1,7,7.5
1.3.6.1.4.1.14519.5.2.1.6279.6001.320967206808467952819309001585,160541,2.0,1.0,6.0,3.0,2.0,3.0,2.0,1.0,3.0,,2,2.5
1.3.6.1.4.1.14519.5.2.1.6279.6001.120842785645314664964010792308,3,5.0,1.0,6.0,4.0,5.0,1.0,1.0,4.0,2.0,0,15,35.0
1.3.6.1.4.1.14519.5.2.1.6279.6001.120842785645314664964010792308,160277,5.0,1.0,6.0,5.0,5.0,1.0,1.0,5.0,3.0,,13,30.0
1.3.6.1.4.1.14519.5.2.1.6279.6001.336198008634390022174744544656,Nodule 002,4.0,1.0,6.0,3.0,5.0,1.0,1.0,5.0,2.0,0,2,2.5
1.3.6.1.4.1.14519.5.2.1.6279.6001.336198008634390022174744544656,Nodule 001,4.0,1.0,6.0,3.0,4.0,2.0,1.0,5.0,3.0,,3,5.0
1.3.6.1.4.1.14519.5.2.1.6279.6001.336198008634390022174744544656,196718,3.0,1.0,6.0,3.0,3.0,2.0,1.0,2.0,3.0,,3,5.0
1.3.6.1.4.1.14519.5.2.1.6279.6001.336198008634390022174744544656,196721,3.0,1.0,6.0,4.0,4.0,1.0,1.0,5.0,2.0,0,2,2.5
1.3.6.1.4.1.14519.5.2.1.6279.6001.336198008634390022174744544656,196724,5.0,1.0,3.0,5.0,5.0,1.0,1.0,5.0,1.0,0,2,2.5
1.3.6.1.4.1.14519.5.2.1.6279.6001.336198008634390022174744544656,184699,4.0,1.0,3.0,3.0,5.0,1.0,1.0,5.0,1.0,0,2,2.5
1.3.6.1.4.1.14519.5.2.1.6279.6001.295298571102631191572192562523,0,5.0,1.0,3.0,5.0,5.0,1.0,1.0,5.0,1.0,0,5,5.0
1.3.6.1.4.1.14519.5.2.1.6279.6001.295298571102631191572192562523,160474,3.0,1.0,3.0,3.0,5.0,1.0,1.0,5.0,1.0,0,4,3.75
1.3.6.1.4.1.14519.5.2.1.6279.6001.295298571102631191572192562523,161759,2.0,1.0,6.0,3.0,5.0,3.0,1.0,4.0,3.0,,6,6.25
1.3.6.1.4.1.14519.5.2.1.6279.6001.295298571102631191572192562523,162936,5.0,1.0,3.0,3.0,5.0,1.0,1.0,5.0,1.0,0,4,3.75
1.3.6.1.4.1.14519.5.2.1.6279.6001.295298571102631191572192562523,162932,4.0,1.0,6.0,3.0,5.0,3.0,1.0,5.0,3.0,,5,5.0
1.3.6.1.4.1.14519.5.2.1.6279.6001.295298571102631191572192562523,Nodule 002,4.0,1.0,6.0,3.0,5.0,1.0,1.0,5.0,2.0,0,4,3.75
1.3.6.1.4.1.14519.5.2.1.6279.6001.295298571102631191572192562523,Nodule 001,4.0,1.0,6.0,4.0,5.0,1.0,1.0,5.0,3.0,,6,6.25
1.3.6.1.4.1.14519.5.2.1.6279.6001.935683764293840351008008793409,0,5.0,1.0,6.0,4.0,4.0,3.0,2.0,4.0,3.0,,3,2.5
1.3.6.1.4.1.14519.5.2.1.6279.6001.935683764293840351008008793409,1,5.0,1.0,6.0,5.0,4.0,3.0,3.0,5.0,3.0,,8,8.75
1.3.6.1.4.1.14519.5.2.1.6279.6001.935683764293840351008008793409,2,5.0,1.0,6.0,4.0,5.0,2.0,2.0,5.0,2.0,0,6,6.25
1.3.6.1.4.1.14519.5.2.1.6279.6001.935683764293840351008008793409,209783,4.0,1.0,6.0,5.0,4.0,4.0,3.0,5.0,5.0,1,6,6.25
1.3.6.1.4.1.14519.5.2.1.6279.6001.935683764293840351008008793409,209803,3.0,1.0,6.0,5.0,5.0,2.0,2.0,5.0,3.0,,6,6.25
1.3.6.1.4.1.14519.5.2.1.6279.6001.935683764293840351008008793409,209804,2.0,1.0,6.0,4.0,3.0,3.0,2.0,5.0,3.0,,3,2.5
1.3.6.1.4.1.14519.5.2.1.6279.6001.935683764293840351008008793409,212465,4.0,1.0,6.0,3.0,4.0,1.0,3.0,5.0,3.0,,5,5.0
1.3.6.1.4.1.14519.5.2.1.6279.6001.935683764293840351008008793409,212463,5.0,1.0,6.0,4.0,4.0,4.0,1.0,5.0,4.0,1,7,7.5
1.3.6.1.4.1.14519.5.2.1.6279.6001.935683764293840351008008793409,Nodule 001,4.0,1.0,6.0,4.0,4.0,2.0,1.0,5.0,4.0,1,6,6.25
1.3.6.1.4.1.14519.5.2.1.6279.6001.935683764293840351008008793409,Nodule 002,3.0,1.0,6.0,5.0,5.0,1.0,1.0,5.0,2.0,0,5,5.0
1.3.6.1.4.1.14519.5.2.1.6279.6001.948414623428298219623354433437,0,5.0,1.0,6.0,5.0,4.0,1.0,5.0,4.0,4.0,1,17,20.0
1.3.6.1.4.1.14519.5.2.1.6279.6001.948414623428298219623354433437,163096,5.0,1.0,6.0,3.0,4.0,2.0,4.0,5.0,3.0,,14,16.25
1.3.6.1.4.1.14519.5.2.1.6279.6001.948414623428298219623354433437,163092,5.0,1.0,6.0,3.0,4.0,3.0,2.0,5.0,3.0,,21,23.75
1.3.6.1.4.1.14519.5.2.1.6279.6001.948414623428298219623354433437,160632,5.0,1.0,6.0,3.0,4.0,4.0,1.0,1.0,5.0,1,12,13.75
1.3.6.1.4.1.14519.5.2.1.6279.6001.948414623428298219623354433437,160627,4.0,1.0,6.0,3.0,4.0,3.0,2.0,5.0,5.0,1,19,20.0
1.3.6.1.4.1.14519.5.2.1.6279.6001.948414623428298219623354433437,Nodule 002,5.0,1.0,6.0,3.0,4.0,3.0,3.0,5.0,5.0,1,17,18.75
1.3.6.1.4.1.14519.5.2.1.6279.6001.948414623428298219623354433437,Nodule 001,4.0,1.0,6.0,2.0,4.0,2.0,3.0,5.0,5.0,1,14,16.25
1.3.6.1.4.1.14519.5.2.1.6279.6001.283569726884265181140892667131,3,3.0,1.0,6.0,5.0,5.0,1.0,1.0,5.0,2.0,0,4,7.5
1.3.6.1.4.1.14519.5.2.1.6279.6001.283569726884265181140892667131,4,3.0,1.0,6.0,5.0,5.0,1.0,1.0,5.0,2.0,0,3,5.0
1.3.6.1.4.1.14519.5.2.1.6279.6001.283569726884265181140892667131,5,3.0,1.0,6.0,5.0,5.0,1.0,1.0,5.0,2.0,0,3,5.0
1.3.6.1.4.1.14519.5.2.1.6279.6001.283569726884265181140892667131,6,3.0,1.0,6.0,5.0,5.0,1.0,1.0,5.0,2.0,0,9,20.0
1.3.6.1.4.1.14519.5.2.1.6279.6001.283569726884265181140892667131,115456,4.0,1.0,6.0,3.0,4.0,1.0,2.0,5.0,3.0,,2,2.5
1.3.6.1.4.1.14519.5.2.1.6279.6001.283569726884265181140892667131,115461,3.0,1.0,6.0,4.0,4.0,1.0,2.0,5.0,3.0,,2,2.5
1.3.6.1.4.1.14519.5.2.1.6279.6001.283569726884265181140892667131,115458,4.0,1.0,6.0,3.0,4.0,1.0,1.0,5.0,3.0,,3,5.0
1.3.6.1.4.1.14519.5.2.1.6279.6001.283569726884265181140892667131,115451,5.0,1.0,6.0,4.0,4.0,3.0,3.0,5.0,4.0,1,6,12.5
1.3.6.1.4.1.14519.5.2.1.6279.6001.283569726884265181140892667131,135202,2.0,1.0,6.0,5.0,5.0,1.0,1.0,5.0,2.0,0,1,0.0
1.3.6.1.4.1.14519.5.2.1.6279.6001.283569726884265181140892667131,135205,3.0,1.0,6.0,5.0,5.0,1.0,1.0,5.0,2.0,0,1,0.0
1.3.6.1.4.1.14519.5.2.1.6279.6001.283569726884265181140892667131,135189,5.0,1.0,6.0,5.0,3.0,1.0,1.0,4.0,4.0,1,6,12.5
1.3.6.1.4.1.14519.5.2.1.6279.6001.283569726884265181140892667131,135194,2.0,1.0,6.0,4.0,5.0,1.0,1.0,5.0,2.0,0,3,5.0
1.3.6.1.4.1.14519.5.2.1.6279.6001.283569726884265181140892667131,135199,2.0,1.0,6.0,3.0,4.0,1.0,1.0,5.0,2.0,0,2,2.5
1.3.6.1.4.1.14519.5.2.1.6279.6001.283569726884265181140892667131,135192,3.0,1.0,6.0,4.0,4.0,1.0,1.0,5.0,3.0,,2,2.5
1.3.6.1.4.1.14519.5.2.1.6279.6001.283569726884265181140892667131,Nodule 006,4.0,1.0,6.0,3.0,3.0,2.0,2.0,5.0,4.0,1,6,12.5
1.3.6.1.4.1.14519.5.2.1.6279.6001.283569726884265181140892667131,Nodule 005,4.0,1.0,6.0,4.0,4.0,1.0,1.0,5.0,3.0,,2,2.5
1.3.6.1.4.1.14519.5.2.1.6279.6001.283569726884265181140892667131,Nodule 007,3.0,1.0,6.0,3.0,5.0,1.0,1.0,5.0,2.0,0,2,2.5
1.3.6.1.4.1.14519.5.2.1.6279.6001.283569726884265181140892667131,Nodule 004,3.0,1.0,6.0,4.0,4.0,1.0,1.0,5.0,2.0,0,3,5.0
1.3.6.1.4.1.14519.5.2.1.6279.6001.752756872840730509471096155114,0,5.0,1.0,6.0,5.0,5.0,1.0,1.0,5.0,2.0,0,8,17.5
1.3.6.1.4.1.14519.5.2.1.6279.6001.752756872840730509471096155114,Nodule 001,5.0,1.0,6.0,4.0,4.0,1.0,2.0,5.0,4.0,1,8,17.5
1.3.6.1.4.1.14519.5.2.1.6279.6001.752756872840730509471096155114,196678,5.0,1.0,6.0,5.0,5.0,2.0,1.0,5.0,5.0,1,8,17.5
1.3.6.1.4.1.14519.5.2.1.6279.6001.752756872840730509471096155114,184654,5.0,1.0,6.0,4.0,5.0,3.0,1.0,5.0,5.0,1,8,17.5
1.3.6.1.4.1.14519.5.2.1.6279.6001.279953669991076107785464313394,Nodule 001,3.0,1.0,6.0,4.0,5.0,1.0,1.0,5.0,2.0,0,3,5.0
1.3.6.1.4.1.14519.5.2.1.6279.6001.339142594937666268384335506819,0,3.0,1.0,6.0,5.0,5.0,1.0,1.0,5.0,2.0,0,4,7.5
1.3.6.1.4.1.14519.5.2.1.6279.6001.339142594937666268384335506819,115555,5.0,1.0,6.0,4.0,4.0,2.0,2.0,5.0,3.0,,4,7.5
1.3.6.1.4.1.14519.5.2.1.6279.6001.339142594937666268384335506819,128761,5.0,1.0,6.0,5.0,5.0,1.0,1.0,5.0,4.0,1,3,5.0
1.3.6.1.4.1.14519.5.2.1.6279.6001.339142594937666268384335506819,Nodule 001,4.0,1.0,6.0,4.0,4.0,1.0,1.0,5.0,3.0,,4,7.5
1.3.6.1.4.1.14519.5.2.1.6279.6001.397202838387416555106806022938,161982,5.0,1.0,6.0,4.0,4.0,3.0,2.0,5.0,3.0,,6,6.25
1.3.6.1.4.1.14519.5.2.1.6279.6001.397202838387416555106806022938,171442,5.0,1.0,6.0,3.0,3.0,3.0,3.0,5.0,3.0,,2,1.25
1.3.6.1.4.1.14519.5.2.1.6279.6001.397202838387416555106806022938,Nodule 001,3.0,1.0,6.0,5.0,5.0,1.0,1.0,5.0,1.0,0,2,1.25
1.3.6.1.4.1.14519.5.2.1.6279.6001.397202838387416555106806022938,Nodule 002,3.0,1.0,6.0,4.0,5.0,1.0,1.0,5.0,1.0,0,2,1.25
1.3.6.1.4.1.14519.5.2.1.6279.6001.397202838387416555106806022938,5,5.0,1.0,6.0,5.0,4.0,1.0,5.0,4.0,4.0,1,4,3.75
1.3.6.1.4.1.14519.5.2.1.6279.6001.367204840301639918160517361062,0,5.0,1.0,6.0,5.0,5.0,4.0,1.0,5.0,3.0,,4,7.5
1.3.6.1.4.1.14519.5.2.1.6279.6001.367204840301639918160517361062,124231,4.0,1.0,6.0,3.0,4.0,3.0,2.0,5.0,3.0,,4,7.5
1.3.6.1.4.1.14519.5.2.1.6279.6001.367204840301639918160517361062,Nodule 001,4.0,1.0,6.0,3.0,4.0,2.0,1.0,5.0,4.0,1,3,5.0
1.3.6.1.4.1.14519.5.2.1.6279.6001.367204840301639918160517361062,134807,4.0,1.0,6.0,3.0,5.0,2.0,1.0,5.0,2.0,0,3,5.0
1.3.6.1.4.1.14519.5.2.1.6279.6001.140527383975300992150799777603,163152,3.0,1.0,6.0,3.0,5.0,1.0,1.0,5.0,3.0,,1,0.0
1.3.6.1.4.1.14519.5.2.1.6279.6001.140527383975300992150799777603,Nodule 002,3.0,1.0,6.0,4.0,5.0,1.0,1.0,5.0,1.0,0,2,2.5
1.3.6.1.4.1.14519.5.2.1.6279.6001.202283133206014258077705539227,0,1.0,1.0,6.0,5.0,2.0,1.0,1.0,1.0,2.0,0,6,12.5
1.3.6.1.4.1.14519.5.2.1.6279.6001.202283133206014258077705539227,1,1.0,1.0,6.0,5.0,2.0,1.0,1.0,1.0,2.0,0,3,5.0
1.3.6.1.4.1.14519.5.2.1.6279.6001.202283133206014258077705539227,3,1.0,1.0,6.0,5.0,2.0,1.0,1.0,1.0,2.0,0,3,5.0
1.3.6.1.4.1.14519.5.2.1.6279.6001.202283133206014258077705539227,14,1.0,1.0,6.0,5.0,2.0,1.0,1.0,1.0,2.0,0,3,5.0
1.3.6.1.4.1.14519.5.2.1.6279.6001.202283133206014258077705539227,15,1.0,1.0,6.0,5.0,2.0,1.0,1.0,1.0,2.0,0,3,5.0
1.3.6.1.4.1.14519.5.2.1.6279.6001.202283133206014258077705539227,160577,2.0,1.0,6.0,3.0,2.0,2.0,1.0,1.0,3.0,,4,7.5
1.3.6.1.4.1.14519.5.2.1.6279.6001.202283133206014258077705539227,160570,3.0,1.0,6.0,5.0,2.0,3.0,2.0,1.0,4.0,1,5,10.0
1.3.6.1.4.1.14519.5.2.1.6279.6001.202283133206014258077705539227,160575,2.0,1.0,6.0,3.0,2.0,2.0,1.0,1.0,3.0,,4,7.5
1.3.6.1.4.1.14519.5.2.1.6279.6001.202283133206014258077705539227,160581,2.0,1.0,6.0,3.0,2.0,1.0,1.0,1.0,3.0,,2,2.5
1.3.6.1.4.1.14519.5.2.1.6279.6001.202283133206014258077705539227,160572,2.0,1.0,6.0,3.0,2.0,2.0,2.0,1.0,3.0,,2,2.5
1.3.6.1.4.1.14519.5.2.1.6279.6001.202283133206014258077705539227,160573,2.0,1.0,6.0,3.0,1.0,1.0,1.0,1.0,3.0,,2,2.5
1.3.6.1.4.1.14519.5.2.1.6279.6001.202283133206014258077705539227,161763,2.0,1.0,6.0,3.0,2.0,2.0,1.0,1.0,3.0,,3,5.0
1.3.6.1.4.1.14519.5.2.1.6279.6001.202283133206014258077705539227,161764,2.0,1.0,6.0,3.0,1.0,3.0,1.0,1.0,3.0,,2,2.5
1.3.6.1.4.1.14519.5.2.1.6279.6001.202283133206014258077705539227,161767,1.0,1.0,6.0,3.0,1.0,3.0,1.0,1.0,3.0,,2,2.5
1.3.6.1.4.1.14519.5.2.1.6279.6001.202283133206014258077705539227,161770,1.0,1.0,6.0,3.0,1.0,3.0,1.0,1.0,3.0,,2,2.5
1.3.6.1.4.1.14519.5.2.1.6279.6001.202283133206014258077705539227,161773,1.0,1.0,6.0,3.0,1.0,3.0,1.0,1.0,3.0,,2,2.5
1.3.6.1.4.1.14519.5.2.1.6279.6001.202283133206014258077705539227,161776,1.0,1.0,6.0,3.0,1.0,2.0,1.0,1.0,3.0,,1,0.0
1.3.6.1.4.1.14519.5.2.1.6279.6001.202283133206014258077705539227,163047,2.0,1.0,6.0,2.0,2.0,1.0,3.0,1.0,3.0,,3,5.0
1.3.6.1.4.1.14519.5.2.1.6279.6001.202283133206014258077705539227,163045,1.0,1.0,6.0,2.0,2.0,1.0,2.0,1.0,3.0,,3,5.0
1.3.6.1.4.1.14519.5.2.1.6279.6001.202283133206014258077705539227,163036,2.0,1.0,6.0,2.0,2.0,1.0,2.0,1.0,3.0,,3,5.0
1.3.6.1.4.1.14519.5.2.1.6279.6001.202283133206014258077705539227,163041,1.0,1.0,6.0,3.0,3.0,1.0,2.0,1.0,3.0,,2,2.5
1.3.6.1.4.1.14519.5.2.1.6279.6001.202283133206014258077705539227,163033,4.0,1.0,6.0,5.0,2.0,3.0,1.0,1.0,4.0,1,6,12.5
1.3.6.1.4.1.14519.5.2.1.6279.6001.202283133206014258077705539227,Nodule 001,4.0,1.0,6.0,3.0,4.0,2.0,2.0,2.0,4.0,1,5,10.0
1.3.6.1.4.1.14519.5.2.1.6279.6001.470912100568074901744259213968,196691,3.0,1.0,6.0,4.0,4.0,2.0,1.0,5.0,3.0,,4,3.75
1.3.6.1.4.1.14519.5.2.1.6279.6001.243094273518213382155770295147,128173,5.0,1.0,6.0,4.0,4.0,4.0,2.0,5.0,3.0,,7,15.0
1.3.6.1.4.1.14519.5.2.1.6279.6001.243094273518213382155770295147,128189,5.0,1.0,6.0,5.0,5.0,2.0,1.0,5.0,3.0,,5,10.0
1.3.6.1.4.1.14519.5.2.1.6279.6001.243094273518213382155770295147,128195,5.0,1.0,6.0,4.0,4.0,1.0,2.0,5.0,3.0,,4,7.5
1.3.6.1.4.1.14519.5.2.1.6279.6001.243094273518213382155770295147,128199,5.0,1.0,6.0,3.0,5.0,1.0,1.0,5.0,3.0,,3,5.0
1.3.6.1.4.1.14519.5.2.1.6279.6001.243094273518213382155770295147,128181,5.0,1.0,6.0,3.0,3.0,4.0,3.0,5.0,3.0,,6,12.5
1.3.6.1.4.1.14519.5.2.1.6279.6001.243094273518213382155770295147,128183,5.0,1.0,6.0,2.0,5.0,2.0,1.0,5.0,2.0,0,6,12.5
1.3.6.1.4.1.14519.5.2.1.6279.6001.243094273518213382155770295147,128191,4.0,1.0,6.0,1.0,4.0,2.0,1.0,5.0,2.0,0,5,10.0
1.3.6.1.4.1.14519.5.2.1.6279.6001.243094273518213382155770295147,0,3.0,1.0,6.0,5.0,5.0,1.0,1.0,5.0,2.0,0,8,17.5
1.3.6.1.4.1.14519.5.2.1.6279.6001.243094273518213382155770295147,5,5.0,1.0,3.0,5.0,5.0,1.0,1.0,5.0,1.0,0,5,10.0
1.3.6.1.4.1.14519.5.2.1.6279.6001.243094273518213382155770295147,6,3.0,1.0,6.0,5.0,5.0,1.0,1.0,5.0,2.0,0,4,7.5
1.3.6.1.4.1.14519.5.2.1.6279.6001.243094273518213382155770295147,8,3.0,1.0,6.0,5.0,5.0,1.0,1.0,5.0,2.0,0,6,12.5
1.3.6.1.4.1.14519.5.2.1.6279.6001.243094273518213382155770295147,9,3.0,1.0,6.0,5.0,5.0,1.0,1.0,5.0,2.0,0,6,12.5
1.3.6.1.4.1.14519.5.2.1.6279.6001.243094273518213382155770295147,11,3.0,1.0,6.0,5.0,5.0,1.0,1.0,5.0,2.0,0,4,7.5
1.3.6.1.4.1.14519.5.2.1.6279.6001.243094273518213382155770295147,Nodule 003,4.0,1.0,6.0,2.0,4.0,1.0,1.0,4.0,4.0,1,5,10.0
1.3.6.1.4.1.14519.5.2.1.6279.6001.243094273518213382155770295147,Nodule 002,4.0,1.0,6.0,4.0,5.0,1.0,1.0,5.0,3.0,,5,10.0
1.3.6.1.4.1.14519.5.2.1.6279.6001.243094273518213382155770295147,Nodule 001,5.0,1.0,6.0,3.0,4.0,1.0,1.0,4.0,4.0,1,6,12.5
1.3.6.1.4.1.14519.5.2.1.6279.6001.243094273518213382155770295147,Nodule 004,4.0,1.0,6.0,4.0,4.0,1.0,2.0,5.0,4.0,1,4,7.5
1.3.6.1.4.1.14519.5.2.1.6279.6001.243094273518213382155770295147,Nodule 006,4.0,1.0,3.0,3.0,5.0,2.0,1.0,5.0,1.0,0,4,7.5
1.3.6.1.4.1.14519.5.2.1.6279.6001.243094273518213382155770295147,Nodule 005,4.0,1.0,6.0,4.0,4.0,1.0,1.0,4.0,4.0,1,6,12.5
1.3.6.1.4.1.14519.5.2.1.6279.6001.243094273518213382155770295147,134769,5.0,1.0,6.0,4.0,5.0,3.0,1.0,5.0,5.0,1,6,12.5
1.3.6.1.4.1.14519.5.2.1.6279.6001.243094273518213382155770295147,134773,5.0,1.0,6.0,5.0,5.0,1.0,1.0,5.0,4.0,1,4,7.5
1.3.6.1.4.1.14519.5.2.1.6279.6001.243094273518213382155770295147,134777,4.0,1.0,6.0,5.0,5.0,1.0,1.0,5.0,4.0,1,3,5.0
1.3.6.1.4.1.14519.5.2.1.6279.6001.243094273518213382155770295147,134783,4.0,1.0,6.0,5.0,5.0,3.0,1.0,5.0,4.0,1,5,10.0
1.3.6.1.4.1.14519.5.2.1.6279.6001.243094273518213382155770295147,134787,4.0,1.0,6.0,3.0,5.0,1.0,1.0,5.0,4.0,1,3,5.0
1.3.6.1.4.1.14519.5.2.1.6279.6001.100953483028192176989979435275,0,5.0,1.0,6.0,5.0,5.0,4.0,1.0,5.0,3.0,,4,7.5
1.3.6.1.4.1.14519.5.2.1.6279.6001.100953483028192176989979435275,162753,5.0,2.0,6.0,4.0,3.0,3.0,3.0,5.0,2.0,0,4,7.5
1.3.6.1.4.1.14519.5.2.1.6279.6001.100953483028192176989979435275,160393,4.0,1.0,6.0,5.0,4.0,1.0,2.0,5.0,3.0,,3,5.0
1.3.6.1.4.1.14519.5.2.1.6279.6001.100953483028192176989979435275,160395,2.0,1.0,6.0,3.0,5.0,1.0,1.0,5.0,2.0,0,2,2.5
1.3.6.1.4.1.14519.5.2.1.6279.6001.100953483028192176989979435275,Nodule 001,3.0,1.0,6.0,4.0,5.0,1.0,1.0,5.0,2.0,0,2,2.5
1.3.6.1.4.1.14519.5.2.1.6279.6001.100953483028192176989979435275,Nodule 004,3.0,1.0,6.0,4.0,5.0,1.0,1.0,5.0,2.0,0,2,2.5
1.3.6.1.4.1.14519.5.2.1.6279.6001.100953483028192176989979435275,Nodule 002,4.0,1.0,6.0,3.0,5.0,1.0,1.0,5.0,2.0,0,4,7.5
1.3.6.1.4.1.14519.5.2.1.6279.6001.153732973534937692357111055819,0,3.0,1.0,6.0,5.0,5.0,1.0,1.0,5.0,2.0,0,5,10.0
1.3.6.1.4.1.14519.5.2.1.6279.6001.153732973534937692357111055819,1,5.0,1.0,6.0,3.0,5.0,2.0,2.0,5.0,3.0,,10,22.5
1.3.6.1.4.1.14519.5.2.1.6279.6001.153732973534937692357111055819,115532,5.0,1.0,6.0,1.0,3.0,4.0,5.0,5.0,5.0,1,10,22.5
1.3.6.1.4.1.14519.5.2.1.6279.6001.153732973534937692357111055819,115933,3.0,1.0,6.0,4.0,5.0,3.0,1.0,5.0,3.0,,5,10.0
1.3.6.1.4.1.14519.5.2.1.6279.6001.153732973534937692357111055819,128738,5.0,1.0,6.0,2.0,4.0,4.0,4.0,5.0,4.0,1,9,20.0
1.3.6.1.4.1.14519.5.2.1.6279.6001.153732973534937692357111055819,128840,2.0,1.0,6.0,4.0,4.0,1.0,2.0,5.0,3.0,,4,7.5
1.3.6.1.4.1.14519.5.2.1.6279.6001.153732973534937692357111055819,Nodule 001,5.0,1.0,6.0,2.0,3.0,2.0,3.0,5.0,5.0,1,9,20.0
1.3.6.1.4.1.14519.5.2.1.6279.6001.106630482085576298661469304872,1,5.0,1.0,3.0,5.0,5.0,1.0,1.0,5.0,1.0,0,4,7.5
1.3.6.1.4.1.14519.5.2.1.6279.6001.106630482085576298661469304872,160663,3.0,1.0,6.0,3.0,4.0,1.0,1.0,5.0,3.0,,3,5.0
1.3.6.1.4.1.14519.5.2.1.6279.6001.106630482085576298661469304872,Nodule 002,5.0,1.0,3.0,4.0,5.0,1.0,1.0,5.0,1.0,0,3,5.0
1.3.6.1.4.1.14519.5.2.1.6279.6001.106630482085576298661469304872,163136,4.0,1.0,6.0,3.0,5.0,1.0,2.0,5.0,3.0,,3,5.0
1.3.6.1.4.1.14519.5.2.1.6279.6001.197063290812663596858124411210,9,3.0,1.0,6.0,5.0,5.0,1.0,1.0,5.0,2.0,0,2,2.5
1.3.6.1.4.1.14519.5.2.1.6279.6001.197063290812663596858124411210,11,3.0,1.0,6.0,5.0,5.0,1.0,1.0,5.0,2.0,0,3,5.0
1.3.6.1.4.1.14519.5.2.1.6279.6001.197063290812663596858124411210,12,3.0,1.0,6.0,5.0,5.0,1.0,1.0,5.0,2.0,0,5,10.0
1.3.6.1.4.1.14519.5.2.1.6279.6001.197063290812663596858124411210,13,5.0,1.0,3.0,5.0,5.0,1.0,1.0,5.0,1.0,0,5,10.0
1.3.6.1.4.1.14519.5.2.1.6279.6001.197063290812663596858124411210,15,3.0,1.0,6.0,5.0,5.0,1.0,1.0,5.0,2.0,0,3,5.0
1.3.6.1.4.1.14519.5.2.1.6279.6001.197063290812663596858124411210,16,3.0,1.0,6.0,5.0,5.0,1.0,1.0,5.0,2.0,0,2,2.5
1.3.6.1.4.1.14519.5.2.1.6279.6001.197063290812663596858124411210,115508,4.0,1.0,6.0,3.0,4.0,1.0,3.0,5.0,3.0,,3,5.0
1.3.6.1.4.1.14519.5.2.1.6279.6001.197063290812663596858124411210,115499,5.0,1.0,6.0,4.0,4.0,2.0,2.0,5.0,3.0,,2,2.5
1.3.6.1.4.1.14519.5.2.1.6279.6001.197063290812663596858124411210,115502,5.0,1.0,5.0,3.0,4.0,3.0,2.0,5.0,1.0,0,2,2.5
1.3.6.1.4.1.14519.5.2.1.6279.6001.197063290812663596858124411210,115494,4.0,1.0,6.0,3.0,4.0,4.0,2.0,5.0,3.0,,4,7.5
1.3.6.1.4.1.14519.5.2.1.6279.6001.197063290812663596858124411210,115491,5.0,1.0,5.0,4.0,4.0,2.0,2.0,5.0,1.0,0,4,7.5
1.3.6.1.4.1.14519.5.2.1.6279.6001.197063290812663596858124411210,115904,3.0,1.0,6.0,2.0,2.0,2.0,3.0,5.0,2.0,0,3,5.0
1.3.6.1.4.1.14519.5.2.1.6279.6001.197063290812663596858124411210,128697,5.0,1.0,3.0,4.0,4.0,1.0,1.0,5.0,1.0,0,4,7.5
1.3.6.1.4.1.14519.5.2.1.6279.6001.197063290812663596858124411210,128705,3.0,1.0,6.0,5.0,3.0,1.0,1.0,4.0,3.0,,2,2.5
1.3.6.1.4.1.14519.5.2.1.6279.6001.197063290812663596858124411210,128700,3.0,1.0,6.0,2.0,4.0,1.0,2.0,5.0,3.0,,3,5.0
1.3.6.1.4.1.14519.5.2.1.6279.6001.197063290812663596858124411210,128708,3.0,1.0,5.0,4.0,3.0,1.0,2.0,5.0,2.0,0,2,2.5
1.3.6.1.4.1.14519.5.2.1.6279.6001.197063290812663596858124411210,128839,3.0,1.0,6.0,5.0,4.0,1.0,1.0,5.0,3.0,,1,0.0
1.3.6.1.4.1.14519.5.2.1.6279.6001.197063290812663596858124411210,Nodule 007,4.0,1.0,6.0,3.0,4.0,1.0,1.0,5.0,3.0,,4,7.5
1.3.6.1.4.1.14519.5.2.1.6279.6001.197063290812663596858124411210,Nodule 003,4.0,1.0,6.0,3.0,5.0,1.0,1.0,5.0,2.0,0,2,2.5
1.3.6.1.4.1.14519.5.2.1.6279.6001.197063290812663596858124411210,Nodule 002,4.0,1.0,3.0,4.0,5.0,1.0,1.0,5.0,1.0,0,4,7.5
1.3.6.1.4.1.14519.5.2.1.6279.6001.204566802718283633558802774757,0,5.0,1.0,6.0,5.0,4.0,1.0,5.0,4.0,4.0,1,6,12.5
1.3.6.1.4.1.14519.5.2.1.6279.6001.204566802718283633558802774757,8,1.0,1.0,6.0,5.0,2.0,1.0,1.0,1.0,2.0,0,4,7.5
1.3.6.1.4.1.14519.5.2.1.6279.6001.204566802718283633558802774757,115424,5.0,1.0,6.0,4.0,1.0,5.0,3.0,5.0,5.0,1,4,7.5
1.3.6.1.4.1.14519.5.2.1.6279.6001.204566802718283633558802774757,115418,5.0,4.0,6.0,3.0,2.0,3.0,4.0,5.0,3.0,,9,20.0
1.3.6.1.4.1.14519.5.2.1.6279.6001.204566802718283633558802774757,115426,4.0,1.0,6.0,3.0,3.0,3.0,2.0,5.0,3.0,,3,5.0
1.3.6.1.4.1.14519.5.2.1.6279.6001.204566802718283633558802774757,115429,5.0,1.0,3.0,4.0,5.0,3.0,1.0,5.0,1.0,0,2,2.5
1.3.6.1.4.1.14519.5.2.1.6279.6001.204566802718283633558802774757,135160,5.0,1.0,6.0,4.0,4.0,3.0,4.0,5.0,5.0,1,4,7.5
1.3.6.1.4.1.14519.5.2.1.6279.6001.204566802718283633558802774757,135164,3.0,1.0,6.0,4.0,2.0,1.0,1.0,4.0,3.0,,2,2.5
1.3.6.1.4.1.14519.5.2.1.6279.6001.204566802718283633558802774757,135154,5.0,4.0,6.0,4.0,3.0,2.0,3.0,5.0,3.0,,10,20.0
1.3.6.1.4.1.14519.5.2.1.6279.6001.204566802718283633558802774757,135724,4.0,1.0,3.0,5.0,5.0,1.0,1.0,5.0,1.0,0,2,2.5
1.3.6.1.4.1.14519.5.2.1.6279.6001.204566802718283633558802774757,Nodule 001,5.0,1.0,6.0,3.0,4.0,2.0,3.0,5.0,5.0,1,4,7.5
1.3.6.1.4.1.14519.5.2.1.6279.6001.102681962408431413578140925249,0,3.0,1.0,6.0,5.0,5.0,1.0,1.0,5.0,2.0,0,8,17.5
1.3.6.1.4.1.14519.5.2.1.6279.6001.102681962408431413578140925249,12,1.0,1.0,6.0,5.0,2.0,1.0,1.0,1.0,2.0,0,2,2.5
1.3.6.1.4.1.14519.5.2.1.6279.6001.102681962408431413578140925249,160495,5.0,1.0,6.0,5.0,5.0,4.0,5.0,5.0,5.0,1,8,17.5
1.3.6.1.4.1.14519.5.2.1.6279.6001.102681962408431413578140925249,160501,3.0,1.0,6.0,5.0,3.0,2.0,1.0,5.0,3.0,,2,2.5
1.3.6.1.4.1.14519.5.2.1.6279.6001.102681962408431413578140925249,161762,2.0,1.0,6.0,3.0,2.0,2.0,2.0,1.0,3.0,,2,2.5
1.3.6.1.4.1.14519.5.2.1.6279.6001.102681962408431413578140925249,Nodule 001,3.0,1.0,6.0,3.0,5.0,1.0,1.0,5.0,2.0,0,2,2.5
1.3.6.1.4.1.14519.5.2.1.6279.6001.102681962408431413578140925249,Nodule 003,5.0,1.0,6.0,3.0,4.0,2.0,2.0,5.0,5.0,1,9,17.5
1.3.6.1.4.1.14519.5.2.1.6279.6001.102681962408431413578140925249,162958,5.0,1.0,6.0,5.0,4.0,4.0,5.0,4.0,5.0,1,8,17.5
1.3.6.1.4.1.14519.5.2.1.6279.6001.616033753016904899083676284739,1,5.0,1.0,6.0,5.0,5.0,1.0,1.0,5.0,2.0,0,11,25.0
1.3.6.1.4.1.14519.5.2.1.6279.6001.616033753016904899083676284739,6,3.0,1.0,6.0,5.0,5.0,1.0,1.0,5.0,2.0,0,3,5.0
1.3.6.1.4.1.14519.5.2.1.6279.6001.616033753016904899083676284739,11,3.0,1.0,6.0,5.0,5.0,1.0,1.0,5.0,2.0,0,3,5.0
1.3.6.1.4.1.14519.5.2.1.6279.6001.616033753016904899083676284739,12,3.0,1.0,6.0,5.0,5.0,1.0,1.0,5.0,2.0,0,3,5.0
1.3.6.1.4.1.14519.5.2.1.6279.6001.616033753016904899083676284739,184635,5.0,1.0,6.0,4.0,4.0,2.0,1.0,5.0,3.0,,2,2.5
1.3.6.1.4.1.14519.5.2.1.6279.6001.616033753016904899083676284739,184614,5.0,1.0,6.0,4.0,4.0,4.0,1.0,5.0,4.0,1,9,20.0
1.3.6.1.4.1.14519.5.2.1.6279.6001.616033753016904899083676284739,184621,5.0,1.0,6.0,3.0,4.0,4.0,1.0,5.0,3.0,,2,2.5
1.3.6.1.4.1.14519.5.2.1.6279.6001.616033753016904899083676284739,184624,4.0,1.0,6.0,3.0,4.0,3.0,1.0,5.0,3.0,,3,5.0
1.3.6.1.4.1.14519.5.2.1.6279.6001.616033753016904899083676284739,184617,4.0,1.0,6.0,4.0,4.0,4.0,1.0,5.0,3.0,,3,5.0
1.3.6.1.4.1.14519.5.2.1.6279.6001.616033753016904899083676284739,Nodule 001,5.0,1.0,6.0,3.0,4.0,2.0,1.0,5.0,4.0,1,11,20.0
1.3.6.1.4.1.14519.5.2.1.6279.6001.616033753016904899083676284739,Nodule 011,4.0,1.0,6.0,4.0,5.0,1.0,1.0,5.0,2.0,0,3,5.0
1.3.6.1.4.1.14519.5.2.1.6279.6001.616033753016904899083676284739,Nodule 012,3.0,1.0,6.0,4.0,5.0,1.0,1.0,5.0,2.0,0,2,2.5
1.3.6.1.4.1.14519.5.2.1.6279.6001.616033753016904899083676284739,Nodule 004,4.0,1.0,6.0,4.0,5.0,1.0,1.0,5.0,2.0,0,2,2.5
1.3.6.1.4.1.14519.5.2.1.6279.6001.616033753016904899083676284739,Nodule 008,4.0,1.0,6.0,3.0,5.0,2.0,1.0,5.0,4.0,1,2,2.5
1.3.6.1.4.1.14519.5.2.1.6279.6001.616033753016904899083676284739,Nodule 007,3.0,1.0,6.0,3.0,5.0,1.0,1.0,5.0,2.0,0,2,2.5
1.3.6.1.4.1.14519.5.2.1.6279.6001.616033753016904899083676284739,196641,5.0,1.0,6.0,5.0,4.0,2.0,1.0,5.0,5.0,1,9,20.0
1.3.6.1.4.1.14519.5.2.1.6279.6001.616033753016904899083676284739,196644,4.0,1.0,6.0,4.0,4.0,3.0,1.0,5.0,5.0,1,3,5.0
1.3.6.1.4.1.14519.5.2.1.6279.6001.616033753016904899083676284739,196652,2.0,1.0,6.0,4.0,4.0,4.0,1.0,5.0,3.0,,2,2.5
1.3.6.1.4.1.14519.5.2.1.6279.6001.616033753016904899083676284739,196648,3.0,1.0,6.0,4.0,5.0,1.0,1.0,5.0,3.0,,2,2.5
1.3.6.1.4.1.14519.5.2.1.6279.6001.616033753016904899083676284739,196664,2.0,1.0,6.0,5.0,5.0,1.0,1.0,5.0,2.0,0,2,2.5
1.3.6.1.4.1.14519.5.2.1.6279.6001.616033753016904899083676284739,203498,3.0,1.0,6.0,5.0,5.0,1.0,1.0,5.0,3.0,,3,5.0
1.3.6.1.4.1.14519.5.2.1.6279.6001.616033753016904899083676284739,203499,2.0,1.0,6.0,5.0,5.0,1.0,1.0,5.0,2.0,0,2,2.5
1.3.6.1.4.1.14519.5.2.1.6279.6001.616033753016904899083676284739,203500,2.0,1.0,6.0,5.0,5.0,1.0,1.0,5.0,2.0,0,1,0.0
1.3.6.1.4.1.14519.5.2.1.6279.6001.616033753016904899083676284739,203501,2.0,1.0,6.0,5.0,5.0,1.0,1.0,5.0,2.0,0,2,2.5
1.3.6.1.4.1.14519.5.2.1.6279.6001.306948744223170422945185006551,0,5.0,1.0,6.0,5.0,5.0,4.0,1.0,5.0,3.0,,7,15.0
1.3.6.1.4.1.14519.5.2.1.6279.6001.306948744223170422945185006551,1,5.0,1.0,6.0,5.0,5.0,4.0,1.0,5.0,3.0,,10,22.5
1.3.6.1.4.1.14519.5.2.1.6279.6001.306948744223170422945185006551,162901,5.0,1.0,6.0,3.0,5.0,1.0,4.0,5.0,5.0,1,6,12.5
1.3.6.1.4.1.14519.5.2.1.6279.6001.306948744223170422945185006551,162895,5.0,1.0,6.0,3.0,5.0,4.0,1.0,5.0,5.0,1,10,22.5
1.3.6.1.4.1.14519.5.2.1.6279.6001.306948744223170422945185006551,167775,5.0,1.0,6.0,3.0,5.0,3.0,1.0,5.0,5.0,1,10,22.5
1.3.6.1.4.1.14519.5.2.1.6279.6001.306948744223170422945185006551,167779,5.0,1.0,6.0,3.0,5.0,2.0,1.0,5.0,5.0,1,5,10.0
1.3.6.1.4.1.14519.5.2.1.6279.6001.306948744223170422945185006551,Nodule 001,5.0,1.0,6.0,3.0,4.0,2.0,2.0,5.0,4.0,1,11,25.0
1.3.6.1.4.1.14519.5.2.1.6279.6001.306948744223170422945185006551,Nodule 002,5.0,1.0,6.0,3.0,4.0,2.0,2.0,5.0,4.0,1,7,15.0
1.3.6.1.4.1.14519.5.2.1.6279.6001.194766721609772924944646251928,Nodule 001,5.0,1.0,6.0,3.0,3.0,2.0,4.0,5.0,5.0,1,7,15.0
1.3.6.1.4.1.14519.5.2.1.6279.6001.194766721609772924944646251928,163111,5.0,1.0,6.0,3.0,4.0,5.0,5.0,5.0,5.0,1,11,25.0
1.3.6.1.4.1.14519.5.2.1.6279.6001.194766721609772924944646251928,160640,5.0,1.0,6.0,3.0,4.0,3.0,5.0,5.0,5.0,1,10,22.5
1.3.6.1.4.1.14519.5.2.1.6279.6001.194766721609772924944646251928,0,5.0,1.0,6.0,5.0,4.0,1.0,5.0,4.0,4.0,1,8,17.5
1.3.6.1.4.1.14519.5.2.1.6279.6001.868211851413924881662621747734,2,3.0,1.0,6.0,5.0,5.0,1.0,1.0,5.0,2.0,0,6,6.25
1.3.6.1.4.1.14519.5.2.1.6279.6001.868211851413924881662621747734,162911,3.0,1.0,6.0,5.0,4.0,1.0,2.0,5.0,3.0,,4,3.75
1.3.6.1.4.1.14519.5.2.1.6279.6001.868211851413924881662621747734,162907,4.0,1.0,6.0,4.0,5.0,1.0,2.0,5.0,3.0,,4,3.75
1.3.6.1.4.1.14519.5.2.1.6279.6001.868211851413924881662621747734,162904,4.0,1.0,6.0,3.0,4.0,3.0,1.0,5.0,3.0,,6,6.25
1.3.6.1.4.1.14519.5.2.1.6279.6001.868211851413924881662621747734,167792,1.0,1.0,6.0,5.0,5.0,1.0,1.0,5.0,2.0,0,3,2.5
1.3.6.1.4.1.14519.5.2.1.6279.6001.868211851413924881662621747734,167794,1.0,1.0,6.0,5.0,5.0,1.0,1.0,5.0,2.0,0,3,2.5
1.3.6.1.4.1.14519.5.2.1.6279.6001.868211851413924881662621747734,167789,3.0,1.0,6.0,5.0,5.0,1.0,1.0,5.0,3.0,,4,3.75
1.3.6.1.4.1.14519.5.2.1.6279.6001.868211851413924881662621747734,178027,3.0,1.0,6.0,5.0,4.0,1.0,1.0,5.0,3.0,,4,3.75
1.3.6.1.4.1.14519.5.2.1.6279.6001.868211851413924881662621747734,178028,4.0,1.0,6.0,5.0,4.0,2.0,2.0,5.0,4.0,1,4,3.75
1.3.6.1.4.1.14519.5.2.1.6279.6001.868211851413924881662621747734,Nodule 001,4.0,1.0,6.0,4.0,5.0,1.0,1.0,5.0,3.0,,6,6.25
1.3.6.1.4.1.14519.5.2.1.6279.6001.868211851413924881662621747734,Nodule 003,4.0,1.0,6.0,4.0,5.0,1.0,1.0,5.0,3.0,,4,3.75
1.3.6.1.4.1.14519.5.2.1.6279.6001.868211851413924881662621747734,Nodule 002,3.0,1.0,6.0,4.0,5.0,1.0,1.0,5.0,3.0,,4,3.75
1.3.6.1.4.1.14519.5.2.1.6279.6001.287560874054243719452635194040,1,3.0,1.0,6.0,5.0,5.0,1.0,1.0,5.0,2.0,0,3,5.0
1.3.6.1.4.1.14519.5.2.1.6279.6001.287560874054243719452635194040,162862,5.0,1.0,6.0,2.0,4.0,3.0,1.0,5.0,2.0,0,3,5.0
1.3.6.1.4.1.14519.5.2.1.6279.6001.287560874054243719452635194040,167743,4.0,1.0,6.0,2.0,5.0,1.0,1.0,5.0,2.0,0,3,5.0
1.3.6.1.4.1.14519.5.2.1.6279.6001.287560874054243719452635194040,Nodule 001,4.0,1.0,6.0,3.0,4.0,1.0,1.0,5.0,3.0,,3,5.0
1.3.6.1.4.1.14519.5.2.1.6279.6001.198698492013538481395497694975,0,5.0,1.0,6.0,5.0,4.0,1.0,5.0,4.0,4.0,1,6,12.5
1.3.6.1.4.1.14519.5.2.1.6279.6001.198698492013538481395497694975,1,5.0,1.0,6.0,5.0,4.0,1.0,5.0,4.0,4.0,1,8,17.5
1.3.6.1.4.1.14519.5.2.1.6279.6001.198698492013538481395497694975,2,3.0,1.0,6.0,3.0,3.0,2.0,3.0,3.0,4.0,1,7,15.0
1.3.6.1.4.1.14519.5.2.1.6279.6001.198698492013538481395497694975,162737,5.0,1.0,6.0,3.0,1.0,4.0,4.0,5.0,4.0,1,5,10.0
1.3.6.1.4.1.14519.5.2.1.6279.6001.198698492013538481395497694975,162729,5.0,1.0,6.0,3.0,1.0,4.0,5.0,5.0,4.0,1,5,10.0
1.3.6.1.4.1.14519.5.2.1.6279.6001.198698492013538481395497694975,162731,5.0,1.0,6.0,3.0,1.0,4.0,4.0,3.0,3.0,,8,17.5
1.3.6.1.4.1.14519.5.2.1.6279.6001.198698492013538481395497694975,160379,4.0,1.0,6.0,3.0,4.0,4.0,5.0,5.0,5.0,1,3,5.0
1.3.6.1.4.1.14519.5.2.1.6279.6001.198698492013538481395497694975,160371,4.0,1.0,6.0,3.0,4.0,4.0,5.0,5.0,5.0,1,5,10.0
1.3.6.1.4.1.14519.5.2.1.6279.6001.198698492013538481395497694975,160373,5.0,1.0,6.0,4.0,3.0,3.0,4.0,4.0,3.0,,7,5.0
1.3.6.1.4.1.14519.5.2.1.6279.6001.198698492013538481395497694975,Nodule 001,5.0,1.0,6.0,3.0,3.0,2.0,5.0,5.0,5.0,1,7,10.0
1.3.6.1.4.1.14519.5.2.1.6279.6001.198698492013538481395497694975,Nodule 002,5.0,1.0,6.0,3.0,4.0,2.0,2.0,4.0,5.0,1,5,10.0
1.3.6.1.4.1.14519.5.2.1.6279.6001.826829446346820089862659555750,IL057_123395,5.0,1.0,6.0,5.0,5.0,1.0,1.0,5.0,5.0,1,4,7.5
1.3.6.1.4.1.14519.5.2.1.6279.6001.826829446346820089862659555750,IL057_123385,5.0,1.0,6.0,3.0,5.0,3.0,1.0,5.0,5.0,1,6,12.5
1.3.6.1.4.1.14519.5.2.1.6279.6001.826829446346820089862659555750,IL057_123373,5.0,1.0,6.0,4.0,4.0,3.0,2.0,5.0,5.0,1,7,15.0
1.3.6.1.4.1.14519.5.2.1.6279.6001.826829446346820089862659555750,IL057_123389,5.0,1.0,6.0,3.0,5.0,3.0,1.0,5.0,5.0,1,4,7.5
1.3.6.1.4.1.14519.5.2.1.6279.6001.826829446346820089862659555750,IL057_123382,5.0,1.0,6.0,4.0,5.0,2.0,1.0,5.0,5.0,1,4,7.5
1.3.6.1.4.1.14519.5.2.1.6279.6001.826829446346820089862659555750,IL057_123392,4.0,1.0,6.0,3.0,4.0,2.0,1.0,5.0,4.0,1,1,0.0
1.3.6.1.4.1.14519.5.2.1.6279.6001.826829446346820089862659555750,Nodule 005,5.0,1.0,6.0,3.0,4.0,2.0,1.0,5.0,4.0,1,6,12.5
1.3.6.1.4.1.14519.5.2.1.6279.6001.826829446346820089862659555750,Nodule 004,5.0,1.0,6.0,3.0,4.0,2.0,1.0,5.0,3.0,,4,7.5
1.3.6.1.4.1.14519.5.2.1.6279.6001.826829446346820089862659555750,Nodule 003,5.0,1.0,6.0,3.0,4.0,2.0,1.0,5.0,4.0,1,7,15.0
1.3.6.1.4.1.14519.5.2.1.6279.6001.826829446346820089862659555750,Nodule 002,5.0,1.0,6.0,2.0,5.0,4.0,1.0,5.0,4.0,1,8,12.5
1.3.6.1.4.1.14519.5.2.1.6279.6001.826829446346820089862659555750,Nodule 001,5.0,1.0,6.0,4.0,4.0,2.0,1.0,5.0,3.0,,4,7.5
1.3.6.1.4.1.14519.5.2.1.6279.6001.826829446346820089862659555750,1597,5.0,1.0,6.0,2.0,5.0,1.0,2.0,5.0,5.0,1,8,17.5
1.3.6.1.4.1.14519.5.2.1.6279.6001.826829446346820089862659555750,1595,5.0,1.0,6.0,4.0,5.0,2.0,2.0,5.0,5.0,1,7,15.0
1.3.6.1.4.1.14519.5.2.1.6279.6001.826829446346820089862659555750,1602,5.0,1.0,6.0,5.0,5.0,1.0,1.0,5.0,5.0,1,6,12.5
1.3.6.1.4.1.14519.5.2.1.6279.6001.826829446346820089862659555750,1612,2.0,1.0,6.0,3.0,5.0,1.0,2.0,5.0,4.0,1,4,7.5
1.3.6.1.4.1.14519.5.2.1.6279.6001.826829446346820089862659555750,1607,5.0,1.0,6.0,2.0,5.0,1.0,3.0,5.0,5.0,1,8,12.5
1.3.6.1.4.1.14519.5.2.1.6279.6001.826829446346820089862659555750,1617,5.0,1.0,6.0,3.0,5.0,1.0,2.0,5.0,5.0,1,4,7.5
1.3.6.1.4.1.14519.5.2.1.6279.6001.826829446346820089862659555750,1645,5.0,1.0,6.0,3.0,5.0,2.0,1.0,5.0,5.0,1,4,7.5
1.3.6.1.4.1.14519.5.2.1.6279.6001.826829446346820089862659555750,10014,5.0,1.0,6.0,4.0,4.0,2.0,3.0,5.0,3.0,,4,7.5
1.3.6.1.4.1.14519.5.2.1.6279.6001.826829446346820089862659555750,10004,5.0,1.0,2.0,3.0,5.0,2.0,5.0,5.0,2.0,0,8,12.5
1.3.6.1.4.1.14519.5.2.1.6279.6001.826829446346820089862659555750,09992,5.0,1.0,6.0,3.0,4.0,2.0,4.0,5.0,4.0,1,8,17.5
1.3.6.1.4.1.14519.5.2.1.6279.6001.826829446346820089862659555750,10000,5.0,1.0,6.0,3.0,4.0,2.0,4.0,5.0,3.0,,6,12.5
1.3.6.1.4.1.14519.5.2.1.6279.6001.826829446346820089862659555750,10007,5.0,1.0,6.0,3.0,4.0,2.0,4.0,5.0,3.0,,5,10.0
1.3.6.1.4.1.14519.5.2.1.6279.6001.826829446346820089862659555750,11424,5.0,1.0,6.0,2.0,4.0,2.0,2.0,5.0,2.0,0,8,17.5
1.3.6.1.4.1.14519.5.2.1.6279.6001.826829446346820089862659555750,11425,3.0,1.0,6.0,2.0,4.0,3.0,1.0,5.0,3.0,,3,5.0
1.3.6.1.4.1.14519.5.2.1.6279.6001.160586340600816116143631200450,1561,4.0,1.0,6.0,2.0,1.0,3.0,3.0,5.0,5.0,1,6,10.0
1.3.6.1.4.1.14519.5.2.1.6279.6001.160586340600816116143631200450,Nodule 001,5.0,1.0,6.0,2.0,4.0,2.0,3.0,5.0,5.0,1,5,10.0
1.3.6.1.4.1.14519.5.2.1.6279.6001.160586340600816116143631200450,09961,5.0,1.0,6.0,2.0,3.0,2.0,2.0,5.0,3.0,,4,7.5
1.3.6.1.4.1.14519.5.2.1.6279.6001.160586340600816116143631200450,IL057_123344,3.0,1.0,6.0,3.0,4.0,2.0,2.0,5.0,4.0,1,6,10.0
1.3.6.1.4.1.14519.5.2.1.6279.6001.465032801496479029639448332481,3,3.0,1.0,6.0,2.0,3.0,1.0,1.0,5.0,1.0,0,2,2.5
1.3.6.1.4.1.14519.5.2.1.6279.6001.465032801496479029639448332481,172377,3.0,1.0,6.0,3.0,5.0,1.0,1.0,5.0,3.0,,3,5.0
1.3.6.1.4.1.14519.5.2.1.6279.6001.302557165094691896097534021075,174516,5.0,1.0,6.0,3.0,5.0,2.0,1.0,5.0,3.0,,12,13.75
1.3.6.1.4.1.14519.5.2.1.6279.6001.302557165094691896097534021075,30,5.0,1.0,6.0,4.0,5.0,1.0,1.0,5.0,2.0,0,13,15.0
1.3.6.1.4.1.14519.5.2.1.6279.6001.302557165094691896097534021075,Nodule 002,3.0,1.0,6.0,4.0,5.0,1.0,1.0,5.0,2.0,0,3,2.5
1.3.6.1.4.1.14519.5.2.1.6279.6001.302557165094691896097534021075,Nodule 007,4.0,1.0,6.0,3.0,4.0,1.0,1.0,5.0,3.0,,12,13.75
1.3.6.1.4.1.14519.5.2.1.6279.6001.302557165094691896097534021075,172685,5.0,1.0,6.0,4.0,5.0,1.0,1.0,5.0,4.0,1,11,12.5
1.3.6.1.4.1.14519.5.2.1.6279.6001.302557165094691896097534021075,172689,3.0,1.0,3.0,5.0,5.0,1.0,1.0,5.0,1.0,0,6,6.25
1.3.6.1.4.1.14519.5.2.1.6279.6001.302557165094691896097534021075,172696,2.0,1.0,6.0,3.0,4.0,1.0,1.0,5.0,2.0,0,2,1.25
1.3.6.1.4.1.14519.5.2.1.6279.6001.302557165094691896097534021075,186421,3.0,1.0,3.0,5.0,5.0,1.0,1.0,5.0,1.0,0,3,2.5
1.3.6.1.4.1.14519.5.2.1.6279.6001.195913706607582347421429908613,174402,3.0,1.0,6.0,2.0,5.0,2.0,1.0,5.0,3.0,,1,0.0
1.3.6.1.4.1.14519.5.2.1.6279.6001.195913706607582347421429908613,0,3.0,1.0,6.0,3.0,5.0,1.0,1.0,5.0,2.0,0,3,5.0
1.3.6.1.4.1.14519.5.2.1.6279.6001.195913706607582347421429908613,172582,3.0,1.0,6.0,5.0,4.0,1.0,1.0,5.0,3.0,,2,2.5
1.3.6.1.4.1.14519.5.2.1.6279.6001.195913706607582347421429908613,172579,3.0,1.0,6.0,4.0,5.0,1.0,1.0,5.0,2.0,0,2,2.5
1.3.6.1.4.1.14519.5.2.1.6279.6001.236698827306171960683086245994,9699,2.0,1.0,6.0,3.0,2.0,1.0,1.0,3.0,3.0,,4,7.5
1.3.6.1.4.1.14519.5.2.1.6279.6001.236698827306171960683086245994,9700,2.0,1.0,6.0,3.0,1.0,1.0,1.0,2.0,2.0,0,2,2.5
1.3.6.1.4.1.14519.5.2.1.6279.6001.236698827306171960683086245994,9705,4.0,1.0,6.0,4.0,1.0,1.0,1.0,3.0,3.0,,2,2.5
1.3.6.1.4.1.14519.5.2.1.6279.6001.236698827306171960683086245994,9708,3.0,1.0,6.0,5.0,4.0,1.0,1.0,4.0,3.0,,3,5.0
1.3.6.1.4.1.14519.5.2.1.6279.6001.236698827306171960683086245994,9714,2.0,1.0,6.0,4.0,1.0,1.0,2.0,2.0,2.0,0,3,5.0
1.3.6.1.4.1.14519.5.2.1.6279.6001.236698827306171960683086245994,9709,3.0,1.0,6.0,3.0,2.0,1.0,1.0,3.0,1.0,0,2,2.5
1.3.6.1.4.1.14519.5.2.1.6279.6001.236698827306171960683086245994,9703,4.0,1.0,3.0,3.0,2.0,1.0,1.0,4.0,1.0,0,3,5.0
1.3.6.1.4.1.14519.5.2.1.6279.6001.236698827306171960683086245994,Nodule 004,5.0,1.0,6.0,3.0,4.0,3.0,5.0,5.0,5.0,1,7,15.0
1.3.6.1.4.1.14519.5.2.1.6279.6001.236698827306171960683086245994,IL057_157685,4.0,1.0,6.0,4.0,4.0,4.0,4.0,4.0,4.0,1,11,25.0
1.3.6.1.4.1.14519.5.2.1.6279.6001.236698827306171960683086245994,62634,3.0,1.0,6.0,3.0,4.0,3.0,2.0,5.0,2.0,0,2,2.5
1.3.6.1.4.1.14519.5.2.1.6279.6001.236698827306171960683086245994,62635,4.0,1.0,6.0,2.0,3.0,3.0,2.0,5.0,2.0,0,2,2.5
1.3.6.1.4.1.14519.5.2.1.6279.6001.113697708991260454310623082679,174056,4.0,1.0,6.0,3.0,3.0,2.0,2.0,5.0,3.0,,2,2.5
1.3.6.1.4.1.14519.5.2.1.6279.6001.113697708991260454310623082679,172306,2.0,1.0,6.0,3.0,3.0,1.0,1.0,1.0,3.0,,2,2.5
1.3.6.1.4.1.14519.5.2.1.6279.6001.329404588567903628160652715124,174462,5.0,1.0,3.0,3.0,5.0,1.0,1.0,5.0,1.0,0,3,5.0
1.3.6.1.4.1.14519.5.2.1.6279.6001.329404588567903628160652715124,174452,5.0,1.0,6.0,3.0,2.0,5.0,4.0,3.0,5.0,1,15,35.0
1.3.6.1.4.1.14519.5.2.1.6279.6001.329404588567903628160652715124,5,5.0,1.0,3.0,4.0,5.0,1.0,1.0,5.0,1.0,0,3,5.0
1.3.6.1.4.1.14519.5.2.1.6279.6001.329404588567903628160652715124,6,4.0,1.0,6.0,3.0,5.0,1.0,3.0,5.0,3.0,,10,22.5
1.3.6.1.4.1.14519.5.2.1.6279.6001.329404588567903628160652715124,Nodule 004,5.0,1.0,3.0,4.0,5.0,1.0,1.0,5.0,1.0,0,3,5.0
1.3.6.1.4.1.14519.5.2.1.6279.6001.329404588567903628160652715124,Nodule 002,5.0,1.0,6.0,3.0,3.0,3.0,4.0,3.0,5.0,1,12,22.5
1.3.6.1.4.1.14519.5.2.1.6279.6001.329404588567903628160652715124,172639,5.0,1.0,3.0,5.0,5.0,1.0,1.0,5.0,1.0,0,3,5.0
1.3.6.1.4.1.14519.5.2.1.6279.6001.329404588567903628160652715124,172630,5.0,1.0,6.0,3.0,4.0,2.0,2.0,5.0,4.0,1,10,22.5
1.3.6.1.4.1.14519.5.2.1.6279.6001.149041668385192796520281592139,71329,5.0,1.0,6.0,2.0,3.0,4.0,4.0,5.0,4.0,1,13,27.5
1.3.6.1.4.1.14519.5.2.1.6279.6001.149041668385192796520281592139,IL057_166294,4.0,1.0,6.0,2.0,4.0,4.0,4.0,5.0,3.0,,11,25.0
1.3.6.1.4.1.14519.5.2.1.6279.6001.149041668385192796520281592139,3697,5.0,1.0,6.0,2.0,3.0,3.0,5.0,5.0,5.0,1,14,32.5
1.3.6.1.4.1.14519.5.2.1.6279.6001.149041668385192796520281592139,Nodule 002,4.0,1.0,6.0,2.0,4.0,2.0,2.0,5.0,5.0,1,6,12.5
1.3.6.1.4.1.14519.5.2.1.6279.6001.149041668385192796520281592139,Nodule 001,4.0,1.0,6.0,3.0,4.0,2.0,1.0,5.0,4.0,1,3,5.0
1.3.6.1.4.1.14519.5.2.1.6279.6001.149041668385192796520281592139,Nodule 003,5.0,1.0,6.0,3.0,4.0,2.0,1.0,5.0,4.0,1,5,10.0
1.3.6.1.4.1.14519.5.2.1.6279.6001.324567010179873305471925391582,09876,5.0,1.0,6.0,4.0,1.0,4.0,4.0,4.0,4.0,1,10,8.75
1.3.6.1.4.1.14519.5.2.1.6279.6001.324567010179873305471925391582,09879,4.0,1.0,6.0,3.0,4.0,2.0,2.0,5.0,2.0,0,4,3.75
1.3.6.1.4.1.14519.5.2.1.6279.6001.324567010179873305471925391582,10262,3.0,1.0,6.0,2.0,4.0,3.0,2.0,5.0,3.0,,5,5.0
1.3.6.1.4.1.14519.5.2.1.6279.6001.324567010179873305471925391582,IL057_123250,3.0,1.0,6.0,4.0,4.0,2.0,1.0,5.0,2.0,0,4,3.75
1.3.6.1.4.1.14519.5.2.1.6279.6001.324567010179873305471925391582,IL057_123244,5.0,4.0,6.0,4.0,3.0,3.0,3.0,5.0,5.0,1,7,7.5
1.3.6.1.4.1.14519.5.2.1.6279.6001.324567010179873305471925391582,IL057_123247,2.0,1.0,6.0,4.0,5.0,2.0,1.0,5.0,2.0,0,4,3.75
1.3.6.1.4.1.14519.5.2.1.6279.6001.324567010179873305471925391582,Nodule 002,4.0,1.0,6.0,4.0,5.0,1.0,1.0,5.0,2.0,0,4,3.75
1.3.6.1.4.1.14519.5.2.1.6279.6001.324567010179873305471925391582,Nodule 001,5.0,1.0,6.0,2.0,4.0,2.0,2.0,3.0,5.0,1,9,10.0
1.3.6.1.4.1.14519.5.2.1.6279.6001.324567010179873305471925391582,8066,5.0,4.0,6.0,4.0,1.0,2.0,3.0,5.0,4.0,1,8,8.75
1.3.6.1.4.1.14519.5.2.1.6279.6001.324567010179873305471925391582,8072,4.0,1.0,6.0,3.0,4.0,1.0,1.0,4.0,2.0,0,5,5.0
1.3.6.1.4.1.14519.5.2.1.6279.6001.324567010179873305471925391582,8162,4.0,1.0,6.0,4.0,3.0,1.0,1.0,4.0,3.0,,5,5.0
1.3.6.1.4.1.14519.5.2.1.6279.6001.324567010179873305471925391582,8163,2.0,1.0,6.0,4.0,2.0,1.0,1.0,4.0,2.0,0,2,1.25
1.3.6.1.4.1.14519.5.2.1.6279.6001.122621219961396951727742490470,168646,5.0,1.0,6.0,3.0,2.0,4.0,3.0,5.0,3.0,,5,5.0
1.3.6.1.4.1.14519.5.2.1.6279.6001.122621219961396951727742490470,179793,3.0,1.0,6.0,3.0,3.0,2.0,1.0,5.0,4.0,1,5,5.0
1.3.6.1.4.1.14519.5.2.1.6279.6001.122621219961396951727742490470,Nodule 002,4.0,1.0,6.0,3.0,4.0,2.0,2.0,5.0,2.0,0,5,5.0
1.3.6.1.4.1.14519.5.2.1.6279.6001.122621219961396951727742490470,Nodule 003,4.0,1.0,6.0,2.0,5.0,1.0,1.0,5.0,1.0,0,3,2.5
1.3.6.1.4.1.14519.5.2.1.6279.6001.310395752124284049604069960014,Nodule 002,5.0,1.0,6.0,3.0,4.0,2.0,1.0,5.0,4.0,1,3,5.0
1.3.6.1.4.1.14519.5.2.1.6279.6001.310395752124284049604069960014,Nodule 001,4.0,1.0,6.0,5.0,5.0,1.0,1.0,5.0,2.0,0,3,5.0
1.3.6.1.4.1.14519.5.2.1.6279.6001.310395752124284049604069960014,5932,3.0,1.0,6.0,4.0,5.0,1.0,1.0,5.0,3.0,,3,5.0
1.3.6.1.4.1.14519.5.2.1.6279.6001.310395752124284049604069960014,6027,4.0,1.0,6.0,4.0,3.0,2.0,2.0,4.0,3.0,,3,5.0
1.3.6.1.4.1.14519.5.2.1.6279.6001.310395752124284049604069960014,6041,1.0,1.0,6.0,4.0,4.0,2.0,2.0,4.0,3.0,,2,2.5
1.3.6.1.4.1.14519.5.2.1.6279.6001.310395752124284049604069960014,IL057_123510,4.0,1.0,6.0,5.0,5.0,2.0,1.0,5.0,3.0,,3,5.0
1.3.6.1.4.1.14519.5.2.1.6279.6001.310395752124284049604069960014,IL057_123513,2.0,1.0,6.0,4.0,4.0,1.0,1.0,1.0,3.0,,2,2.5
1.3.6.1.4.1.14519.5.2.1.6279.6001.310395752124284049604069960014,IL057_123507,5.0,1.0,6.0,5.0,3.0,1.0,2.0,5.0,4.0,1,3,5.0
1.3.6.1.4.1.14519.5.2.1.6279.6001.310395752124284049604069960014,10130,5.0,1.0,6.0,4.0,4.0,2.0,2.0,5.0,3.0,,3,5.0
1.3.6.1.4.1.14519.5.2.1.6279.6001.310395752124284049604069960014,10125,5.0,1.0,6.0,4.0,4.0,2.0,2.0,5.0,3.0,,3,5.0
1.3.6.1.4.1.14519.5.2.1.6279.6001.310395752124284049604069960014,10133,5.0,1.0,6.0,5.0,4.0,2.0,2.0,5.0,3.0,,2,2.5
1.3.6.1.4.1.14519.5.2.1.6279.6001.805925269324902055566754756843,IL057_123540,5.0,1.0,6.0,4.0,5.0,3.0,1.0,5.0,5.0,1,7,15.0
1.3.6.1.4.1.14519.5.2.1.6279.6001.805925269324902055566754756843,10158,5.0,1.0,6.0,3.0,5.0,4.0,1.0,5.0,3.0,,8,17.5
1.3.6.1.4.1.14519.5.2.1.6279.6001.805925269324902055566754756843,Nodule 003,5.0,1.0,6.0,3.0,4.0,3.0,3.0,5.0,5.0,1,8,17.5
1.3.6.1.4.1.14519.5.2.1.6279.6001.805925269324902055566754756843,6059,4.0,1.0,6.0,4.0,5.0,2.0,1.0,5.0,3.0,,8,17.5
1.3.6.1.4.1.14519.5.2.1.6279.6001.193808128386712859512130599234,174147,4.0,1.0,6.0,3.0,4.0,3.0,1.0,5.0,3.0,,3,5.0
1.3.6.1.4.1.14519.5.2.1.6279.6001.193808128386712859512130599234,0,5.0,1.0,6.0,4.0,4.0,2.0,2.0,5.0,3.0,,3,5.0
1.3.6.1.4.1.14519.5.2.1.6279.6001.193808128386712859512130599234,172364,4.0,1.0,6.0,4.0,4.0,1.0,3.0,5.0,3.0,,3,5.0
1.3.6.1.4.1.14519.5.2.1.6279.6001.193808128386712859512130599234,Nodule 001,4.0,1.0,6.0,4.0,4.0,2.0,2.0,5.0,4.0,1,3,5.0
1.3.6.1.4.1.14519.5.2.1.6279.6001.173931884906244951746140865701,1,5.0,1.0,6.0,5.0,5.0,4.0,1.0,5.0,3.0,,16,18.75
1.3.6.1.4.1.14519.5.2.1.6279.6001.173931884906244951746140865701,171504,5.0,1.0,6.0,3.0,4.0,1.0,2.0,5.0,2.0,0,4,3.75
1.3.6.1.4.1.14519.5.2.1.6279.6001.173931884906244951746140865701,171500,5.0,1.0,6.0,3.0,3.0,5.0,4.0,5.0,5.0,1,21,25.0
1.3.6.1.4.1.14519.5.2.1.6279.6001.173931884906244951746140865701,168147,5.0,1.0,6.0,3.0,4.0,4.0,2.0,5.0,5.0,1,17,20.0
1.3.6.1.4.1.14519.5.2.1.6279.6001.173931884906244951746140865701,Nodule 001,5.0,1.0,6.0,3.0,4.0,3.0,4.0,5.0,5.0,1,19,22.5
1.3.6.1.4.1.14519.5.2.1.6279.6001.261700367741314729940340271960,171431,5.0,1.0,3.0,4.0,5.0,1.0,1.0,5.0,1.0,0,2,2.5
1.3.6.1.4.1.14519.5.2.1.6279.6001.261700367741314729940340271960,0,5.0,1.0,6.0,4.0,4.0,1.0,1.0,5.0,1.0,0,2,2.5
1.3.6.1.4.1.14519.5.2.1.6279.6001.261700367741314729940340271960,168257,5.0,1.0,3.0,5.0,5.0,1.0,1.0,5.0,1.0,0,2,2.5
1.3.6.1.4.1.14519.5.2.1.6279.6001.200841000324240313648595016964,0,5.0,1.0,3.0,5.0,5.0,1.0,1.0,5.0,1.0,0,5,10.0
1.3.6.1.4.1.14519.5.2.1.6279.6001.200841000324240313648595016964,163209,5.0,1.0,3.0,3.0,5.0,2.0,1.0,5.0,1.0,0,4,7.5
1.3.6.1.4.1.14519.5.2.1.6279.6001.200841000324240313648595016964,160722,4.0,1.0,3.0,4.0,5.0,1.0,1.0,5.0,1.0,0,4,7.5
1.3.6.1.4.1.14519.5.2.1.6279.6001.200841000324240313648595016964,Nodule 002,4.0,1.0,6.0,4.0,5.0,1.0,1.0,5.0,2.0,0,4,7.5
1.3.6.1.4.1.14519.5.2.1.6279.6001.312704771348460502013249647868,0176,5.0,1.0,3.0,3.0,5.0,1.0,1.0,5.0,1.0,0,4,3.75
1.3.6.1.4.1.14519.5.2.1.6279.6001.312704771348460502013249647868,0174,3.0,1.0,6.0,4.0,1.0,2.0,1.0,3.0,2.0,0,3,2.5
1.3.6.1.4.1.14519.5.2.1.6279.6001.312704771348460502013249647868,Nodule 007,2.0,1.0,6.0,3.0,5.0,1.0,1.0,5.0,3.0,,3,2.5
1.3.6.1.4.1.14519.5.2.1.6279.6001.312704771348460502013249647868,Nodule 003,3.0,1.0,6.0,4.0,5.0,1.0,1.0,5.0,2.0,0,2,1.25
1.3.6.1.4.1.14519.5.2.1.6279.6001.312704771348460502013249647868,Nodule 002,3.0,1.0,6.0,4.0,5.0,1.0,1.0,5.0,2.0,0,2,1.25
1.3.6.1.4.1.14519.5.2.1.6279.6001.312704771348460502013249647868,Nodule 001,3.0,1.0,3.0,5.0,5.0,1.0,1.0,5.0,1.0,0,3,2.5
1.3.6.1.4.1.14519.5.2.1.6279.6001.312704771348460502013249647868,73936,2.0,1.0,6.0,3.0,4.0,2.0,2.0,5.0,3.0,,3,2.5
1.3.6.1.4.1.14519.5.2.1.6279.6001.312704771348460502013249647868,74631,5.0,1.0,3.0,3.0,5.0,3.0,1.0,5.0,1.0,0,4,3.75
1.3.6.1.4.1.14519.5.2.1.6279.6001.312704771348460502013249647868,IL057_172165,2.0,1.0,6.0,2.0,3.0,1.0,1.0,1.0,3.0,,2,1.25
1.3.6.1.4.1.14519.5.2.1.6279.6001.312704771348460502013249647868,IL057_172162,2.0,1.0,6.0,4.0,3.0,3.0,1.0,5.0,3.0,,2,1.25
1.3.6.1.4.1.14519.5.2.1.6279.6001.312704771348460502013249647868,IL057_184224,2.0,1.0,6.0,4.0,4.0,1.0,1.0,5.0,3.0,,2,1.25
1.3.6.1.4.1.14519.5.2.1.6279.6001.312704771348460502013249647868,IL057_184225,5.0,1.0,3.0,4.0,5.0,1.0,1.0,5.0,1.0,0,4,3.75
1.3.6.1.4.1.14519.5.2.1.6279.6001.566816709786169715745131047975,IL057_123354,4.0,1.0,6.0,5.0,5.0,1.0,1.0,5.0,2.0,0,3,5.0
1.3.6.1.4.1.14519.5.2.1.6279.6001.566816709786169715745131047975,IL057_123357,2.0,1.0,6.0,5.0,4.0,1.0,1.0,5.0,2.0,0,1,0.0
1.3.6.1.4.1.14519.5.2.1.6279.6001.566816709786169715745131047975,09973,5.0,1.0,3.0,5.0,5.0,1.0,1.0,5.0,1.0,0,3,5.0
1.3.6.1.4.1.14519.5.2.1.6279.6001.566816709786169715745131047975,09976,5.0,1.0,6.0,5.0,4.0,1.0,1.0,3.0,2.0,0,2,2.5
1.3.6.1.4.1.14519.5.2.1.6279.6001.566816709786169715745131047975,Nodule 001,5.0,1.0,6.0,4.0,5.0,1.0,1.0,5.0,4.0,1,3,5.0
1.3.6.1.4.1.14519.5.2.1.6279.6001.566816709786169715745131047975,1575,4.0,1.0,6.0,5.0,5.0,1.0,1.0,5.0,3.0,,3,5.0
1.3.6.1.4.1.14519.5.2.1.6279.6001.313283554967554803238484128406,174336,5.0,1.0,6.0,4.0,5.0,1.0,3.0,5.0,4.0,1,5,10.0
1.3.6.1.4.1.14519.5.2.1.6279.6001.313283554967554803238484128406,174342,5.0,1.0,6.0,3.0,5.0,1.0,3.0,5.0,4.0,1,4,7.5
1.3.6.1.4.1.14519.5.2.1.6279.6001.313283554967554803238484128406,174335,5.0,1.0,6.0,3.0,4.0,3.0,1.0,5.0,4.0,1,5,10.0
1.3.6.1.4.1.14519.5.2.1.6279.6001.313283554967554803238484128406,0,5.0,1.0,6.0,4.0,5.0,3.0,1.0,5.0,2.0,0,5,10.0
1.3.6.1.4.1.14519.5.2.1.6279.6001.313283554967554803238484128406,4,5.0,1.0,6.0,3.0,5.0,1.0,1.0,5.0,2.0,0,4,7.5
1.3.6.1.4.1.14519.5.2.1.6279.6001.313283554967554803238484128406,5,5.0,1.0,6.0,4.0,5.0,2.0,1.0,5.0,2.0,0,7,15.0
1.3.6.1.4.1.14519.5.2.1.6279.6001.313283554967554803238484128406,Nodule 001,4.0,1.0,6.0,3.0,4.0,2.0,3.0,5.0,4.0,1,6,12.5
1.3.6.1.4.1.14519.5.2.1.6279.6001.313283554967554803238484128406,Nodule 003,4.0,1.0,6.0,4.0,4.0,2.0,2.0,5.0,4.0,1,4,7.5
1.3.6.1.4.1.14519.5.2.1.6279.6001.313283554967554803238484128406,Nodule 004,4.0,1.0,6.0,4.0,4.0,2.0,1.0,5.0,4.0,1,5,10.0
1.3.6.1.4.1.14519.5.2.1.6279.6001.313283554967554803238484128406,172522,5.0,1.0,6.0,5.0,5.0,3.0,1.0,5.0,4.0,1,5,10.0
1.3.6.1.4.1.14519.5.2.1.6279.6001.313283554967554803238484128406,172527,5.0,1.0,6.0,4.0,5.0,2.0,1.0,5.0,4.0,1,4,7.5
1.3.6.1.4.1.14519.5.2.1.6279.6001.313283554967554803238484128406,172517,5.0,1.0,6.0,4.0,5.0,3.0,1.0,5.0,5.0,1,5,10.0
1.3.6.1.4.1.14519.5.2.1.6279.6001.309901913847714156367981722205,Nodule 001,5.0,1.0,6.0,4.0,4.0,1.0,2.0,5.0,4.0,1,4,7.5
1.3.6.1.4.1.14519.5.2.1.6279.6001.309901913847714156367981722205,10104,5.0,1.0,6.0,5.0,4.0,2.0,2.0,5.0,3.0,,4,7.5
1.3.6.1.4.1.14519.5.2.1.6279.6001.309901913847714156367981722205,6003,4.0,1.0,6.0,4.0,4.0,1.0,1.0,5.0,3.0,,4,7.5
1.3.6.1.4.1.14519.5.2.1.6279.6001.309901913847714156367981722205,IL057_123483,4.0,1.0,6.0,5.0,5.0,1.0,1.0,5.0,5.0,1,4,7.5
1.3.6.1.4.1.14519.5.2.1.6279.6001.208737629504245244513001631764,174290,4.0,1.0,6.0,2.0,2.0,2.0,5.0,2.0,4.0,1,9,10.0
1.3.6.1.4.1.14519.5.2.1.6279.6001.208737629504245244513001631764,174287,4.0,1.0,6.0,3.0,4.0,2.0,3.0,5.0,3.0,,15,17.5
1.3.6.1.4.1.14519.5.2.1.6279.6001.208737629504245244513001631764,174744,5.0,1.0,6.0,3.0,4.0,3.0,2.0,4.0,3.0,,6,6.25
1.3.6.1.4.1.14519.5.2.1.6279.6001.208737629504245244513001631764,5,3.0,1.0,6.0,3.0,3.0,2.0,2.0,1.0,2.0,0,7,7.5
1.3.6.1.4.1.14519.5.2.1.6279.6001.208737629504245244513001631764,6,4.0,1.0,6.0,3.0,4.0,2.0,2.0,4.0,2.0,0,6,6.25
1.3.6.1.4.1.14519.5.2.1.6279.6001.208737629504245244513001631764,7,5.0,1.0,6.0,3.0,5.0,1.0,1.0,5.0,2.0,0,11,12.5
1.3.6.1.4.1.14519.5.2.1.6279.6001.208737629504245244513001631764,Nodule 001,4.0,1.0,6.0,3.0,3.0,2.0,2.0,5.0,4.0,1,7,7.5
1.3.6.1.4.1.14519.5.2.1.6279.6001.208737629504245244513001631764,Nodule 002,4.0,1.0,6.0,3.0,4.0,2.0,3.0,5.0,5.0,1,10,11.25
1.3.6.1.4.1.14519.5.2.1.6279.6001.208737629504245244513001631764,172481,5.0,1.0,6.0,4.0,4.0,3.0,1.0,5.0,4.0,1,7,7.5
1.3.6.1.4.1.14519.5.2.1.6279.6001.208737629504245244513001631764,172475,4.0,1.0,6.0,4.0,3.0,4.0,2.0,1.0,4.0,1,7,7.5
1.3.6.1.4.1.14519.5.2.1.6279.6001.208737629504245244513001631764,172472,5.0,1.0,6.0,3.0,5.0,2.0,1.0,5.0,4.0,1,10,11.25
1.3.6.1.4.1.14519.5.2.1.6279.6001.272344603176687884771013620823,0,5.0,1.0,6.0,5.0,4.0,1.0,5.0,4.0,4.0,1,9,20.0
1.3.6.1.4.1.14519.5.2.1.6279.6001.272344603176687884771013620823,163563,5.0,1.0,6.0,3.0,3.0,4.0,5.0,5.0,5.0,1,8,17.5
1.3.6.1.4.1.14519.5.2.1.6279.6001.272344603176687884771013620823,168003,5.0,1.0,6.0,3.0,3.0,5.0,3.0,5.0,5.0,1,8,17.5
1.3.6.1.4.1.14519.5.2.1.6279.6001.272344603176687884771013620823,Nodule 001,5.0,1.0,6.0,3.0,4.0,3.0,5.0,5.0,5.0,1,8,17.5
1.3.6.1.4.1.14519.5.2.1.6279.6001.233652865358649579816568545171,174375,5.0,1.0,2.0,3.0,5.0,1.0,1.0,5.0,2.0,0,3,5.0
1.3.6.1.4.1.14519.5.2.1.6279.6001.233652865358649579816568545171,0,5.0,1.0,3.0,5.0,5.0,1.0,1.0,5.0,1.0,0,3,5.0
1.3.6.1.4.1.14519.5.2.1.6279.6001.233652865358649579816568545171,Nodule 001,4.0,1.0,6.0,3.0,4.0,1.0,1.0,5.0,3.0,,3,5.0
1.3.6.1.4.1.14519.5.2.1.6279.6001.233652865358649579816568545171,172555,5.0,1.0,3.0,5.0,5.0,1.0,1.0,5.0,1.0,0,3,5.0
1.3.6.1.4.1.14519.5.2.1.6279.6001.249314567767437206995861966896,174255,5.0,1.0,6.0,3.0,2.0,1.0,5.0,3.0,5.0,1,16,18.75
1.3.6.1.4.1.14519.5.2.1.6279.6001.249314567767437206995861966896,174259,5.0,1.0,6.0,3.0,3.0,5.0,3.0,4.0,5.0,1,12,13.75
1.3.6.1.4.1.14519.5.2.1.6279.6001.249314567767437206995861966896,0,3.0,1.0,6.0,3.0,3.0,2.0,2.0,3.0,3.0,,14,16.25
1.3.6.1.4.1.14519.5.2.1.6279.6001.249314567767437206995861966896,6,4.0,1.0,6.0,3.0,4.0,1.0,2.0,5.0,3.0,,14,13.75
1.3.6.1.4.1.14519.5.2.1.6279.6001.249314567767437206995861966896,Nodule 001,5.0,1.0,6.0,3.0,4.0,2.0,4.0,5.0,5.0,1,12,12.5
1.3.6.1.4.1.14519.5.2.1.6279.6001.249314567767437206995861966896,172440,4.0,1.0,6.0,3.0,2.0,1.0,1.0,3.0,5.0,1,16,18.75
1.3.6.1.4.1.14519.5.2.1.6279.6001.249314567767437206995861966896,172445,5.0,1.0,4.0,4.0,4.0,4.0,2.0,5.0,3.0,,10,11.25
1.3.6.1.4.1.14519.5.2.1.6279.6001.249314567767437206995861966896,186419,2.0,1.0,6.0,4.0,4.0,3.0,2.0,5.0,3.0,,4,3.75
1.3.6.1.4.1.14519.5.2.1.6279.6001.518487185634324801733841260431,10143,5.0,1.0,6.0,4.0,4.0,3.0,2.0,5.0,3.0,,3,5.0
1.3.6.1.4.1.14519.5.2.1.6279.6001.518487185634324801733841260431,IL057_123525,4.0,1.0,6.0,5.0,5.0,1.0,1.0,5.0,3.0,,3,5.0
1.3.6.1.4.1.14519.5.2.1.6279.6001.518487185634324801733841260431,6043,4.0,1.0,6.0,4.0,5.0,1.0,1.0,5.0,3.0,,4,7.5
1.3.6.1.4.1.14519.5.2.1.6279.6001.518487185634324801733841260431,Nodule 001,5.0,1.0,6.0,4.0,5.0,1.0,2.0,5.0,4.0,1,4,7.5
1.3.6.1.4.1.14519.5.2.1.6279.6001.337845202462615014431060697507,9756,5.0,1.0,6.0,4.0,1.0,1.0,1.0,4.0,4.0,1,5,10.0
1.3.6.1.4.1.14519.5.2.1.6279.6001.337845202462615014431060697507,Nodule 002,5.0,1.0,6.0,3.0,4.0,2.0,1.0,5.0,4.0,1,5,10.0
1.3.6.1.4.1.14519.5.2.1.6279.6001.337845202462615014431060697507,61763,5.0,1.0,6.0,3.0,4.0,2.0,3.0,5.0,3.0,,5,10.0
1.3.6.1.4.1.14519.5.2.1.6279.6001.337845202462615014431060697507,IL057_157729,4.0,1.0,6.0,3.0,5.0,2.0,2.0,5.0,3.0,,4,7.5
1.3.6.1.4.1.14519.5.2.1.6279.6001.173106154739244262091404659845,IL057_123721,5.0,1.0,6.0,5.0,5.0,2.0,2.0,5.0,5.0,1,6,12.5
1.3.6.1.4.1.14519.5.2.1.6279.6001.173106154739244262091404659845,IL057_123732,3.0,1.0,6.0,3.0,4.0,2.0,1.0,5.0,3.0,,1,0.0
1.3.6.1.4.1.14519.5.2.1.6279.6001.173106154739244262091404659845,IL057_123726,5.0,1.0,6.0,5.0,5.0,1.0,1.0,5.0,5.0,1,4,7.5
1.3.6.1.4.1.14519.5.2.1.6279.6001.173106154739244262091404659845,IL057_123717,5.0,1.0,6.0,3.0,5.0,1.0,1.0,5.0,5.0,1,8,17.5
1.3.6.1.4.1.14519.5.2.1.6279.6001.173106154739244262091404659845,IL057_123742,4.0,1.0,6.0,3.0,5.0,1.0,1.0,5.0,3.0,,1,0.0
1.3.6.1.4.1.14519.5.2.1.6279.6001.173106154739244262091404659845,IL057_123729,4.0,1.0,6.0,4.0,5.0,3.0,1.0,5.0,4.0,1,3,5.0
1.3.6.1.4.1.14519.5.2.1.6279.6001.173106154739244262091404659845,1653,4.0,1.0,6.0,3.0,2.0,3.0,2.0,3.0,5.0,1,8,17.5
1.3.6.1.4.1.14519.5.2.1.6279.6001.173106154739244262091404659845,1661,4.0,1.0,4.0,3.0,5.0,1.0,1.0,5.0,4.0,1,3,5.0
1.3.6.1.4.1.14519.5.2.1.6279.6001.173106154739244262091404659845,1655,5.0,1.0,6.0,5.0,5.0,1.0,1.0,5.0,4.0,1,4,7.5
1.3.6.1.4.1.14519.5.2.1.6279.6001.173106154739244262091404659845,1649,5.0,1.0,6.0,3.0,5.0,1.0,1.0,5.0,5.0,1,8,17.5
1.3.6.1.4.1.14519.5.2.1.6279.6001.173106154739244262091404659845,1682,1.0,1.0,6.0,3.0,5.0,1.0,1.0,5.0,3.0,,2,2.5
1.3.6.1.4.1.14519.5.2.1.6279.6001.173106154739244262091404659845,1683,2.0,1.0,6.0,3.0,5.0,2.0,1.0,5.0,3.0,,1,0.0
1.3.6.1.4.1.14519.5.2.1.6279.6001.173106154739244262091404659845,Nodule 001,5.0,1.0,6.0,3.0,3.0,3.0,2.0,5.0,5.0,1,8,17.5
1.3.6.1.4.1.14519.5.2.1.6279.6001.173106154739244262091404659845,Nodule 011,5.0,1.0,3.0,5.0,5.0,1.0,1.0,5.0,1.0,0,1,0.0
1.3.6.1.4.1.14519.5.2.1.6279.6001.173106154739244262091404659845,Nodule 002,5.0,1.0,6.0,4.0,4.0,1.0,2.0,5.0,5.0,1,4,7.5
1.3.6.1.4.1.14519.5.2.1.6279.6001.173106154739244262091404659845,Nodule 003,5.0,1.0,6.0,3.0,4.0,2.0,2.0,5.0,5.0,1,4,7.5
1.3.6.1.4.1.14519.5.2.1.6279.6001.173106154739244262091404659845,Nodule 004,4.0,1.0,6.0,5.0,5.0,1.0,1.0,5.0,3.0,,3,5.0
1.3.6.1.4.1.14519.5.2.1.6279.6001.173106154739244262091404659845,Nodule 005,5.0,1.0,6.0,4.0,5.0,1.0,2.0,5.0,4.0,1,6,12.5
1.3.6.1.4.1.14519.5.2.1.6279.6001.173106154739244262091404659845,10052,5.0,1.0,6.0,4.0,4.0,4.0,2.0,5.0,3.0,,4,7.5
1.3.6.1.4.1.14519.5.2.1.6279.6001.173106154739244262091404659845,10044,5.0,1.0,6.0,4.0,4.0,3.0,2.0,5.0,3.0,,6,12.5
1.3.6.1.4.1.14519.5.2.1.6279.6001.173106154739244262091404659845,10057,5.0,1.0,6.0,3.0,4.0,3.0,2.0,5.0,3.0,,1,0.0
1.3.6.1.4.1.14519.5.2.1.6279.6001.173106154739244262091404659845,10062,3.0,1.0,6.0,2.0,3.0,2.0,3.0,3.0,3.0,,1,0.0
1.3.6.1.4.1.14519.5.2.1.6279.6001.173106154739244262091404659845,10049,5.0,1.0,6.0,4.0,4.0,2.0,2.0,5.0,3.0,,4,7.5
1.3.6.1.4.1.14519.5.2.1.6279.6001.173106154739244262091404659845,10040,5.0,1.0,6.0,2.0,4.0,3.0,2.0,5.0,3.0,,8,17.5
1.3.6.1.4.1.14519.5.2.1.6279.6001.173106154739244262091404659845,10067,5.0,1.0,6.0,2.0,4.0,2.0,2.0,5.0,3.0,,1,0.0
1.3.6.1.4.1.14519.5.2.1.6279.6001.328944769569002417592093467626,174023,5.0,1.0,6.0,4.0,4.0,2.0,1.0,5.0,3.0,,3,5.0
1.3.6.1.4.1.14519.5.2.1.6279.6001.328944769569002417592093467626,174641,4.0,1.0,3.0,4.0,5.0,1.0,4.0,5.0,1.0,0,4,7.5
1.3.6.1.4.1.14519.5.2.1.6279.6001.328944769569002417592093467626,174642,4.0,1.0,6.0,4.0,3.0,2.0,2.0,5.0,3.0,,1,0.0
1.3.6.1.4.1.14519.5.2.1.6279.6001.328944769569002417592093467626,172276,3.0,1.0,6.0,5.0,3.0,1.0,1.0,5.0,3.0,,1,0.0
1.3.6.1.4.1.14519.5.2.1.6279.6001.328944769569002417592093467626,172273,3.0,1.0,6.0,5.0,4.0,1.0,1.0,5.0,3.0,,2,2.5
1.3.6.1.4.1.14519.5.2.1.6279.6001.328944769569002417592093467626,Nodule 001,4.0,1.0,6.0,4.0,5.0,1.0,1.0,5.0,3.0,,2,2.5
1.3.6.1.4.1.14519.5.2.1.6279.6001.246589849815292078281051154201,174488,5.0,1.0,3.0,5.0,5.0,1.0,1.0,5.0,1.0,0,2,2.5
1.3.6.1.4.1.14519.5.2.1.6279.6001.246589849815292078281051154201,186420,4.0,1.0,3.0,5.0,5.0,1.0,1.0,5.0,1.0,0,1,0.0
1.3.6.1.4.1.14519.5.2.1.6279.6001.177985905159808659201278495182,171412,4.0,1.0,3.0,3.0,5.0,2.0,1.0,5.0,1.0,0,2,2.5
1.3.6.1.4.1.14519.5.2.1.6279.6001.177985905159808659201278495182,168247,3.0,1.0,6.0,3.0,4.0,3.0,1.0,5.0,3.0,,2,2.5
1.3.6.1.4.1.14519.5.2.1.6279.6001.177985905159808659201278495182,Nodule 001,4.0,1.0,6.0,4.0,5.0,1.0,1.0,5.0,3.0,,1,0.0
1.3.6.1.4.1.14519.5.2.1.6279.6001.188209889686363159853715266493,161417,2.0,1.0,6.0,3.0,4.0,2.0,1.0,5.0,3.0,,2,2.5
1.3.6.1.4.1.14519.5.2.1.6279.6001.188209889686363159853715266493,161781,1.0,1.0,6.0,5.0,4.0,3.0,2.0,5.0,3.0,,2,2.5
1.3.6.1.4.1.14519.5.2.1.6279.6001.188209889686363159853715266493,163329,5.0,1.0,6.0,4.0,4.0,2.0,2.0,5.0,3.0,,2,2.5
1.3.6.1.4.1.14519.5.2.1.6279.6001.188209889686363159853715266493,163332,3.0,1.0,6.0,5.0,4.0,2.0,3.0,5.0,3.0,,2,2.5
1.3.6.1.4.1.14519.5.2.1.6279.6001.188209889686363159853715266493,Nodule 003,3.0,1.0,6.0,4.0,4.0,1.0,1.0,5.0,2.0,0,2,2.5
1.3.6.1.4.1.14519.5.2.1.6279.6001.188209889686363159853715266493,Nodule 001,3.0,1.0,6.0,4.0,5.0,1.0,1.0,5.0,3.0,,2,2.5
1.3.6.1.4.1.14519.5.2.1.6279.6001.178680586845223339579041794709,2,3.0,1.0,6.0,5.0,5.0,1.0,1.0,5.0,2.0,0,3,5.0
1.3.6.1.4.1.14519.5.2.1.6279.6001.178680586845223339579041794709,163289,4.0,1.0,6.0,4.0,4.0,2.0,2.0,5.0,3.0,,3,5.0
1.3.6.1.4.1.14519.5.2.1.6279.6001.178680586845223339579041794709,161380,3.0,1.0,6.0,3.0,4.0,2.0,1.0,5.0,3.0,,2,2.5
1.3.6.1.4.1.14519.5.2.1.6279.6001.178680586845223339579041794709,Nodule 001,4.0,1.0,6.0,4.0,4.0,1.0,2.0,5.0,4.0,1,3,5.0
1.3.6.1.4.1.14519.5.2.1.6279.6001.162718361851587451505896742103,6,5.0,1.0,3.0,5.0,5.0,1.0,1.0,5.0,1.0,0,4,7.5
1.3.6.1.4.1.14519.5.2.1.6279.6001.162718361851587451505896742103,163221,5.0,1.0,6.0,4.0,4.0,4.0,3.0,5.0,3.0,,4,7.5
1.3.6.1.4.1.14519.5.2.1.6279.6001.162718361851587451505896742103,163228,4.0,1.0,6.0,4.0,4.0,3.0,2.0,5.0,2.0,0,2,2.5
1.3.6.1.4.1.14519.5.2.1.6279.6001.162718361851587451505896742103,160738,3.0,1.0,6.0,5.0,5.0,2.0,1.0,5.0,3.0,,3,5.0
1.3.6.1.4.1.14519.5.2.1.6279.6001.162718361851587451505896742103,Nodule 007,3.0,1.0,6.0,4.0,5.0,2.0,1.0,5.0,2.0,0,3,5.0
1.3.6.1.4.1.14519.5.2.1.6279.6001.162718361851587451505896742103,Nodule 003,4.0,1.0,6.0,4.0,4.0,1.0,1.0,5.0,2.0,0,4,7.5
1.3.6.1.4.1.14519.5.2.1.6279.6001.162718361851587451505896742103,Nodule 002,3.0,1.0,6.0,3.0,5.0,2.0,1.0,5.0,2.0,0,3,5.0
1.3.6.1.4.1.14519.5.2.1.6279.6001.106164978370116976238911317774,0,3.0,1.0,6.0,5.0,5.0,1.0,1.0,5.0,2.0,0,4,7.5
1.3.6.1.4.1.14519.5.2.1.6279.6001.106164978370116976238911317774,171373,5.0,1.0,6.0,3.0,4.0,2.0,2.0,5.0,3.0,,4,7.5
1.3.6.1.4.1.14519.5.2.1.6279.6001.106164978370116976238911317774,168238,5.0,1.0,6.0,3.0,4.0,1.0,1.0,5.0,3.0,,5,10.0
1.3.6.1.4.1.14519.5.2.1.6279.6001.106164978370116976238911317774,184217,3.0,1.0,6.0,4.0,5.0,1.0,1.0,5.0,4.0,1,3,5.0
1.3.6.1.4.1.14519.5.2.1.6279.6001.106164978370116976238911317774,Nodule 001,3.0,1.0,6.0,4.0,5.0,1.0,1.0,5.0,2.0,0,3,5.0
1.3.6.1.4.1.14519.5.2.1.6279.6001.438308540025607517017949816111,2,5.0,1.0,6.0,5.0,5.0,4.0,1.0,5.0,3.0,,4,7.5
1.3.6.1.4.1.14519.5.2.1.6279.6001.438308540025607517017949816111,3,3.0,1.0,6.0,5.0,5.0,1.0,1.0,5.0,2.0,0,3,5.0
1.3.6.1.4.1.14519.5.2.1.6279.6001.438308540025607517017949816111,163574,5.0,1.0,6.0,4.0,4.0,5.0,2.0,5.0,3.0,,4,7.5
1.3.6.1.4.1.14519.5.2.1.6279.6001.438308540025607517017949816111,163578,5.0,1.0,6.0,5.0,4.0,1.0,1.0,5.0,3.0,,3,5.0
1.3.6.1.4.1.14519.5.2.1.6279.6001.438308540025607517017949816111,166180,4.0,1.0,6.0,5.0,4.0,2.0,1.0,5.0,3.0,,3,5.0
1.3.6.1.4.1.14519.5.2.1.6279.6001.438308540025607517017949816111,168014,5.0,1.0,6.0,4.0,4.0,1.0,4.0,5.0,5.0,1,3,5.0
1.3.6.1.4.1.14519.5.2.1.6279.6001.438308540025607517017949816111,168018,5.0,1.0,6.0,5.0,5.0,1.0,1.0,5.0,3.0,,3,5.0
1.3.6.1.4.1.14519.5.2.1.6279.6001.438308540025607517017949816111,178031,2.0,1.0,6.0,5.0,5.0,1.0,1.0,5.0,3.0,,3,5.0
1.3.6.1.4.1.14519.5.2.1.6279.6001.438308540025607517017949816111,Nodule 001,4.0,1.0,6.0,4.0,5.0,1.0,1.0,5.0,2.0,0,3,5.0
1.3.6.1.4.1.14519.5.2.1.6279.6001.438308540025607517017949816111,Nodule 004,4.0,1.0,6.0,3.0,4.0,2.0,1.0,5.0,4.0,1,4,7.5
1.3.6.1.4.1.14519.5.2.1.6279.6001.187451715205085403623595258748,Nodule 002,4.0,1.0,6.0,3.0,4.0,1.0,2.0,2.0,5.0,1,4,7.5
1.3.6.1.4.1.14519.5.2.1.6279.6001.187451715205085403623595258748,Nodule 001,5.0,1.0,6.0,3.0,3.0,3.0,5.0,5.0,5.0,1,6,12.5
1.3.6.1.4.1.14519.5.2.1.6279.6001.187451715205085403623595258748,5990,1.0,1.0,6.0,2.0,4.0,2.0,3.0,3.0,3.0,,2,2.5
1.3.6.1.4.1.14519.5.2.1.6279.6001.187451715205085403623595258748,5983,5.0,1.0,6.0,4.0,1.0,4.0,4.0,3.0,3.0,,7,12.5
1.3.6.1.4.1.14519.5.2.1.6279.6001.187451715205085403623595258748,5991,1.0,1.0,6.0,2.0,3.0,2.0,2.0,2.0,3.0,,1,0.0
1.3.6.1.4.1.14519.5.2.1.6279.6001.187451715205085403623595258748,10082,5.0,1.0,6.0,4.0,1.0,4.0,5.0,5.0,5.0,1,7,15.0
1.3.6.1.4.1.14519.5.2.1.6279.6001.187451715205085403623595258748,10085,3.0,1.0,6.0,4.0,1.0,3.0,2.0,1.0,3.0,,4,7.5
1.3.6.1.4.1.14519.5.2.1.6279.6001.187451715205085403623595258748,IL057_123465,5.0,1.0,6.0,2.0,3.0,3.0,3.0,5.0,5.0,1,5,10.0
1.3.6.1.4.1.14519.5.2.1.6279.6001.187451715205085403623595258748,IL057_131657,2.0,1.0,6.0,3.0,1.0,1.0,1.0,1.0,2.0,0,5,7.5
1.3.6.1.4.1.14519.5.2.1.6279.6001.187451715205085403623595258748,IL057_131658,1.0,1.0,6.0,5.0,1.0,1.0,1.0,1.0,2.0,0,2,2.5
1.3.6.1.4.1.14519.5.2.1.6279.6001.154703816225841204080664115280,Nodule 007,4.0,1.0,6.0,2.0,5.0,2.0,1.0,5.0,3.0,,3,2.5
1.3.6.1.4.1.14519.5.2.1.6279.6001.154703816225841204080664115280,Nodule 010,4.0,1.0,6.0,2.0,5.0,2.0,1.0,5.0,2.0,0,2,1.25
1.3.6.1.4.1.14519.5.2.1.6279.6001.154703816225841204080664115280,Nodule 005,4.0,1.0,6.0,2.0,5.0,1.0,1.0,5.0,2.0,0,2,1.25
1.3.6.1.4.1.14519.5.2.1.6279.6001.154703816225841204080664115280,09918,5.0,1.0,6.0,2.0,4.0,3.0,2.0,5.0,3.0,,2,1.25
1.3.6.1.4.1.14519.5.2.1.6279.6001.154703816225841204080664115280,09911,4.0,1.0,6.0,2.0,2.0,4.0,2.0,5.0,3.0,,2,1.25
1.3.6.1.4.1.14519.5.2.1.6279.6001.154703816225841204080664115280,10265,5.0,1.0,6.0,4.0,4.0,2.0,2.0,5.0,3.0,,3,2.5
1.3.6.1.4.1.14519.5.2.1.6279.6001.154703816225841204080664115280,IL057_123289,3.0,1.0,6.0,3.0,4.0,1.0,1.0,5.0,2.0,0,2,1.25
1.3.6.1.4.1.14519.5.2.1.6279.6001.154703816225841204080664115280,IL057_123293,2.0,1.0,6.0,5.0,5.0,1.0,1.0,5.0,2.0,0,2,1.25
1.3.6.1.4.1.14519.5.2.1.6279.6001.154703816225841204080664115280,IL057_123283,2.0,1.0,6.0,5.0,5.0,1.0,1.0,5.0,2.0,0,3,2.5
1.3.6.1.4.1.14519.5.2.1.6279.6001.154703816225841204080664115280,IL057_123281,3.0,1.0,6.0,2.0,4.0,3.0,1.0,5.0,2.0,0,2,1.25
1.3.6.1.4.1.14519.5.2.1.6279.6001.154703816225841204080664115280,IL057_123290,2.0,1.0,6.0,5.0,5.0,1.0,1.0,5.0,2.0,0,3,2.5
1.3.6.1.4.1.14519.5.2.1.6279.6001.154703816225841204080664115280,8102,4.0,1.0,6.0,4.0,4.0,1.0,5.0,3.0,3.0,,4,3.75
1.3.6.1.4.1.14519.5.2.1.6279.6001.154703816225841204080664115280,8109,1.0,1.0,6.0,3.0,1.0,1.0,1.0,1.0,3.0,,3,2.5
1.3.6.1.4.1.14519.5.2.1.6279.6001.905371958588660410240398317235,0,5.0,1.0,6.0,5.0,4.0,1.0,5.0,4.0,4.0,1,9,20.0
1.3.6.1.4.1.14519.5.2.1.6279.6001.905371958588660410240398317235,163300,5.0,1.0,6.0,4.0,3.0,4.0,5.0,5.0,5.0,1,8,17.5
1.3.6.1.4.1.14519.5.2.1.6279.6001.905371958588660410240398317235,161388,5.0,1.0,6.0,5.0,4.0,5.0,5.0,5.0,5.0,1,7,15.0
1.3.6.1.4.1.14519.5.2.1.6279.6001.905371958588660410240398317235,Nodule 001,5.0,1.0,6.0,3.0,3.0,2.0,4.0,5.0,5.0,1,7,15.0
1.3.6.1.4.1.14519.5.2.1.6279.6001.939216568327879462530496768794,0,3.0,1.0,6.0,3.0,4.0,1.0,4.0,5.0,2.0,0,3,5.0
1.3.6.1.4.1.14519.5.2.1.6279.6001.939216568327879462530496768794,1,4.0,1.0,6.0,4.0,3.0,2.0,2.0,5.0,2.0,0,3,5.0
1.3.6.1.4.1.14519.5.2.1.6279.6001.270390050141765094612147226290,174322,5.0,1.0,4.0,3.0,5.0,1.0,3.0,5.0,4.0,1,6,12.5
1.3.6.1.4.1.14519.5.2.1.6279.6001.270390050141765094612147226290,174326,5.0,1.0,6.0,3.0,5.0,1.0,3.0,5.0,3.0,,3,5.0
1.3.6.1.4.1.14519.5.2.1.6279.6001.270390050141765094612147226290,174855,4.0,1.0,3.0,3.0,5.0,1.0,1.0,5.0,1.0,0,2,2.5
1.3.6.1.4.1.14519.5.2.1.6279.6001.270390050141765094612147226290,0,4.0,1.0,6.0,3.0,4.0,3.0,1.0,5.0,3.0,,6,12.5
1.3.6.1.4.1.14519.5.2.1.6279.6001.270390050141765094612147226290,1,5.0,1.0,6.0,4.0,4.0,1.0,1.0,5.0,2.0,0,3,5.0
1.3.6.1.4.1.14519.5.2.1.6279.6001.270390050141765094612147226290,2,5.0,1.0,3.0,5.0,5.0,1.0,1.0,5.0,1.0,0,2,2.5
1.3.6.1.4.1.14519.5.2.1.6279.6001.270390050141765094612147226290,Nodule 002,4.0,1.0,6.0,4.0,4.0,2.0,2.0,5.0,4.0,1,3,5.0
1.3.6.1.4.1.14519.5.2.1.6279.6001.270390050141765094612147226290,Nodule 001,4.0,1.0,6.0,3.0,5.0,1.0,1.0,5.0,1.0,0,2,2.5
1.3.6.1.4.1.14519.5.2.1.6279.6001.270390050141765094612147226290,172507,4.0,1.0,6.0,4.0,4.0,2.0,1.0,5.0,4.0,1,5,10.0
1.3.6.1.4.1.14519.5.2.1.6279.6001.270390050141765094612147226290,172511,4.0,1.0,5.0,5.0,5.0,1.0,1.0,5.0,1.0,0,3,5.0
1.3.6.1.4.1.14519.5.2.1.6279.6001.270390050141765094612147226290,172514,4.0,1.0,3.0,5.0,5.0,1.0,1.0,5.0,1.0,0,3,5.0
1.3.6.1.4.1.14519.5.2.1.6279.6001.320111824803959660037459294083,171520,4.0,1.0,6.0,3.0,5.0,1.0,1.0,5.0,3.0,,2,2.5
1.3.6.1.4.1.14519.5.2.1.6279.6001.320111824803959660037459294083,168163,2.0,1.0,6.0,5.0,4.0,1.0,1.0,5.0,3.0,,2,2.5
1.3.6.1.4.1.14519.5.2.1.6279.6001.320111824803959660037459294083,Nodule 001,3.0,1.0,6.0,4.0,4.0,1.0,1.0,5.0,2.0,0,2,2.5
1.3.6.1.4.1.14519.5.2.1.6279.6001.944888107209008719031293531091,174067,5.0,1.0,4.0,5.0,4.0,1.0,2.0,5.0,3.0,,3,5.0
1.3.6.1.4.1.14519.5.2.1.6279.6001.944888107209008719031293531091,1,5.0,1.0,6.0,4.0,5.0,1.0,1.0,5.0,2.0,0,3,5.0
1.3.6.1.4.1.14519.5.2.1.6279.6001.944888107209008719031293531091,172317,5.0,1.0,1.0,5.0,5.0,1.0,1.0,5.0,1.0,0,3,5.0
1.3.6.1.4.1.14519.5.2.1.6279.6001.944888107209008719031293531091,Nodule 001,4.0,1.0,6.0,4.0,4.0,2.0,1.0,5.0,4.0,1,3,5.0
1.3.6.1.4.1.14519.5.2.1.6279.6001.292576688635952269497781991202,177237,5.0,1.0,6.0,5.0,4.0,1.0,1.0,5.0,3.0,,1,0.0
1.3.6.1.4.1.14519.5.2.1.6279.6001.292576688635952269497781991202,172283,2.0,1.0,6.0,5.0,5.0,1.0,1.0,5.0,3.0,,1,0.0
1.3.6.1.4.1.14519.5.2.1.6279.6001.174168737938619557573021395302,163189,4.0,1.0,3.0,2.0,5.0,2.0,1.0,5.0,1.0,0,2,2.5
1.3.6.1.4.1.14519.5.2.1.6279.6001.174168737938619557573021395302,161965,2.0,1.0,3.0,3.0,5.0,1.0,1.0,5.0,1.0,0,2,2.5
1.3.6.1.4.1.14519.5.2.1.6279.6001.174168737938619557573021395302,Nodule 001,3.0,1.0,6.0,4.0,5.0,1.0,1.0,5.0,2.0,0,2,2.5
1.3.6.1.4.1.14519.5.2.1.6279.6001.321935195060268166151738328001,1,3.0,1.0,6.0,5.0,5.0,1.0,1.0,5.0,2.0,0,6,6.25
1.3.6.1.4.1.14519.5.2.1.6279.6001.321935195060268166151738328001,171510,5.0,1.0,6.0,2.0,1.0,4.0,3.0,5.0,4.0,1,17,20.0
1.3.6.1.4.1.14519.5.2.1.6279.6001.321935195060268166151738328001,173203,5.0,1.0,6.0,4.0,4.0,1.0,1.0,5.0,3.0,,6,6.25
1.3.6.1.4.1.14519.5.2.1.6279.6001.321935195060268166151738328001,168155,5.0,1.0,6.0,2.0,4.0,3.0,2.0,5.0,3.0,,19,18.75
1.3.6.1.4.1.14519.5.2.1.6279.6001.321935195060268166151738328001,168159,5.0,1.0,6.0,5.0,5.0,1.0,1.0,5.0,4.0,1,6,6.25
1.3.6.1.4.1.14519.5.2.1.6279.6001.321935195060268166151738328001,Nodule 003,4.0,1.0,6.0,3.0,5.0,1.0,1.0,5.0,4.0,1,7,7.5
1.3.6.1.4.1.14519.5.2.1.6279.6001.321935195060268166151738328001,Nodule 002,4.0,1.0,6.0,3.0,4.0,2.0,1.0,4.0,4.0,1,8,8.75
1.3.6.1.4.1.14519.5.2.1.6279.6001.321935195060268166151738328001,Nodule 001,4.0,1.0,6.0,3.0,4.0,2.0,3.0,5.0,4.0,1,5,5.0
1.3.6.1.4.1.14519.5.2.1.6279.6001.230491296081537726468075344411,2,3.0,1.0,6.0,5.0,5.0,1.0,1.0,5.0,2.0,0,6,12.5
1.3.6.1.4.1.14519.5.2.1.6279.6001.230491296081537726468075344411,3,3.0,1.0,6.0,5.0,5.0,1.0,1.0,5.0,2.0,0,5,10.0
1.3.6.1.4.1.14519.5.2.1.6279.6001.230491296081537726468075344411,163602,5.0,1.0,6.0,4.0,5.0,1.0,3.0,5.0,4.0,1,4,7.5
1.3.6.1.4.1.14519.5.2.1.6279.6001.230491296081537726468075344411,163607,5.0,1.0,6.0,3.0,5.0,1.0,4.0,4.0,4.0,1,5,10.0
1.3.6.1.4.1.14519.5.2.1.6279.6001.230491296081537726468075344411,163608,4.0,1.0,3.0,3.0,5.0,1.0,1.0,5.0,1.0,0,2,2.5
1.3.6.1.4.1.14519.5.2.1.6279.6001.230491296081537726468075344411,168041,5.0,1.0,6.0,5.0,5.0,1.0,1.0,5.0,5.0,1,4,7.5
1.3.6.1.4.1.14519.5.2.1.6279.6001.230491296081537726468075344411,168044,5.0,1.0,6.0,5.0,4.0,3.0,1.0,5.0,5.0,1,5,10.0
1.3.6.1.4.1.14519.5.2.1.6279.6001.230491296081537726468075344411,168047,4.0,1.0,3.0,3.0,5.0,1.0,1.0,5.0,1.0,0,2,2.5
1.3.6.1.4.1.14519.5.2.1.6279.6001.230491296081537726468075344411,Nodule 001,4.0,1.0,6.0,3.0,4.0,2.0,2.0,5.0,4.0,1,5,10.0
1.3.6.1.4.1.14519.5.2.1.6279.6001.230491296081537726468075344411,Nodule 002,4.0,1.0,6.0,3.0,4.0,2.0,3.0,5.0,5.0,1,4,7.5
1.3.6.1.4.1.14519.5.2.1.6279.6001.307835307280028057486413359377,174438,4.0,1.0,6.0,4.0,3.0,2.0,3.0,5.0,3.0,,5,10.0
1.3.6.1.4.1.14519.5.2.1.6279.6001.307835307280028057486413359377,0,3.0,1.0,6.0,4.0,3.0,1.0,1.0,4.0,2.0,0,3,5.0
1.3.6.1.4.1.14519.5.2.1.6279.6001.307835307280028057486413359377,Nodule 001,4.0,1.0,6.0,3.0,4.0,1.0,1.0,3.0,4.0,1,2,2.5
1.3.6.1.4.1.14519.5.2.1.6279.6001.307835307280028057486413359377,172618,4.0,1.0,6.0,5.0,3.0,1.0,1.0,5.0,3.0,,3,5.0
1.3.6.1.4.1.14519.5.2.1.6279.6001.330544495001617450666819906758,174001,5.0,1.0,6.0,2.0,2.0,3.0,5.0,5.0,5.0,1,7,15.0
1.3.6.1.4.1.14519.5.2.1.6279.6001.330544495001617450666819906758,0,5.0,1.0,6.0,3.0,5.0,3.0,2.0,5.0,3.0,,8,17.5
1.3.6.1.4.1.14519.5.2.1.6279.6001.330544495001617450666819906758,172251,5.0,1.0,6.0,2.0,4.0,4.0,4.0,5.0,5.0,1,7,12.5
1.3.6.1.4.1.14519.5.2.1.6279.6001.330544495001617450666819906758,Nodule 001,4.0,1.0,6.0,3.0,4.0,2.0,2.0,5.0,4.0,1,6,12.5
1.3.6.1.4.1.14519.5.2.1.6279.6001.330544495001617450666819906758,Nodule 002,4.0,1.0,6.0,4.0,4.0,2.0,1.0,5.0,4.0,1,5,10.0
1.3.6.1.4.1.14519.5.2.1.6279.6001.866845763956586959109892274084,6,5.0,1.0,3.0,5.0,5.0,1.0,1.0,5.0,1.0,0,3,5.0
1.3.6.1.4.1.14519.5.2.1.6279.6001.866845763956586959109892274084,161392,4.0,1.0,6.0,3.0,5.0,2.0,1.0,5.0,3.0,,3,5.0
1.3.6.1.4.1.14519.5.2.1.6279.6001.866845763956586959109892274084,161778,3.0,1.0,6.0,5.0,4.0,2.0,2.0,5.0,3.0,,1,0.0
1.3.6.1.4.1.14519.5.2.1.6279.6001.866845763956586959109892274084,163305,5.0,1.0,6.0,3.0,5.0,1.0,2.0,5.0,3.0,,3,5.0
1.3.6.1.4.1.14519.5.2.1.6279.6001.866845763956586959109892274084,163309,5.0,1.0,6.0,3.0,4.0,2.0,3.0,5.0,3.0,,1,0.0
1.3.6.1.4.1.14519.5.2.1.6279.6001.866845763956586959109892274084,173208,5.0,1.0,6.0,5.0,5.0,1.0,1.0,5.0,3.0,,2,2.5
1.3.6.1.4.1.14519.5.2.1.6279.6001.866845763956586959109892274084,Nodule 001,3.0,1.0,6.0,4.0,5.0,1.0,1.0,5.0,2.0,0,2,2.5
1.3.6.1.4.1.14519.5.2.1.6279.6001.866845763956586959109892274084,Nodule 003,4.0,1.0,6.0,3.0,4.0,1.0,1.0,5.0,2.0,0,3,5.0
1.3.6.1.4.1.14519.5.2.1.6279.6001.240969450540588211676803094518,174098,3.0,1.0,6.0,4.0,5.0,1.0,1.0,4.0,3.0,,2,2.5
1.3.6.1.4.1.14519.5.2.1.6279.6001.240969450540588211676803094518,174100,4.0,1.0,6.0,3.0,5.0,3.0,1.0,5.0,3.0,,2,2.5
1.3.6.1.4.1.14519.5.2.1.6279.6001.240969450540588211676803094518,0,4.0,1.0,6.0,4.0,4.0,1.0,1.0,5.0,2.0,0,3,5.0
1.3.6.1.4.1.14519.5.2.1.6279.6001.240969450540588211676803094518,1,4.0,1.0,6.0,4.0,4.0,1.0,1.0,5.0,2.0,0,2,2.5
1.3.6.1.4.1.14519.5.2.1.6279.6001.240969450540588211676803094518,172346,3.0,1.0,6.0,5.0,4.0,1.0,1.0,3.0,3.0,,3,5.0
1.3.6.1.4.1.14519.5.2.1.6279.6001.240969450540588211676803094518,172352,2.0,1.0,6.0,5.0,5.0,1.0,1.0,5.0,3.0,,2,2.5
1.3.6.1.4.1.14519.5.2.1.6279.6001.240969450540588211676803094518,Nodule 004,4.0,1.0,6.0,4.0,5.0,1.0,1.0,5.0,2.0,0,2,2.5
1.3.6.1.4.1.14519.5.2.1.6279.6001.240969450540588211676803094518,Nodule 002,4.0,1.0,6.0,4.0,5.0,1.0,1.0,5.0,2.0,0,2,2.5
1.3.6.1.4.1.14519.5.2.1.6279.6001.822128649427327893802314908658,164430,4.0,1.0,6.0,3.0,4.0,4.0,2.0,5.0,2.0,0,3,5.0
1.3.6.1.4.1.14519.5.2.1.6279.6001.822128649427327893802314908658,167838,2.0,1.0,6.0,4.0,4.0,1.0,1.0,5.0,2.0,0,2,2.5
1.3.6.1.4.1.14519.5.2.1.6279.6001.822128649427327893802314908658,178029,5.0,1.0,3.0,3.0,5.0,1.0,1.0,5.0,1.0,0,3,5.0
1.3.6.1.4.1.14519.5.2.1.6279.6001.822128649427327893802314908658,Nodule 002,3.0,1.0,6.0,2.0,5.0,1.0,1.0,5.0,1.0,0,3,5.0
1.3.6.1.4.1.14519.5.2.1.6279.6001.614147706162329660656328811671,164450,5.0,1.0,6.0,4.0,2.0,4.0,2.0,3.0,3.0,,5,10.0
1.3.6.1.4.1.14519.5.2.1.6279.6001.614147706162329660656328811671,161356,4.0,1.0,6.0,3.0,2.0,4.0,3.0,4.0,4.0,1,6,12.5
1.3.6.1.4.1.14519.5.2.1.6279.6001.614147706162329660656328811671,Nodule 001,4.0,1.0,6.0,3.0,4.0,2.0,2.0,5.0,4.0,1,5,10.0
1.3.6.1.4.1.14519.5.2.1.6279.6001.221017801605543296514746423389,0,5.0,1.0,6.0,5.0,5.0,4.0,1.0,5.0,3.0,,3,5.0
1.3.6.1.4.1.14519.5.2.1.6279.6001.221017801605543296514746423389,4,5.0,1.0,6.0,5.0,5.0,4.0,1.0,5.0,3.0,,5,10.0
1.3.6.1.4.1.14519.5.2.1.6279.6001.221017801605543296514746423389,171567,4.0,1.0,6.0,3.0,4.0,1.0,2.0,5.0,3.0,,3,5.0
1.3.6.1.4.1.14519.5.2.1.6279.6001.221017801605543296514746423389,171563,4.0,1.0,6.0,2.0,3.0,4.0,2.0,4.0,3.0,,3,5.0
1.3.6.1.4.1.14519.5.2.1.6279.6001.221017801605543296514746423389,168169,4.0,1.0,6.0,5.0,3.0,1.0,1.0,5.0,3.0,,2,2.5
1.3.6.1.4.1.14519.5.2.1.6279.6001.221017801605543296514746423389,168173,4.0,1.0,6.0,5.0,3.0,1.0,1.0,5.0,3.0,,3,5.0
1.3.6.1.4.1.14519.5.2.1.6279.6001.221017801605543296514746423389,Nodule 002,4.0,1.0,6.0,4.0,4.0,1.0,1.0,5.0,3.0,,3,5.0
1.3.6.1.4.1.14519.5.2.1.6279.6001.221017801605543296514746423389,Nodule 003,4.0,1.0,6.0,4.0,5.0,1.0,1.0,5.0,2.0,0,3,5.0
1.3.6.1.4.1.14519.5.2.1.6279.6001.242761658169703141430370511586,10076,5.0,1.0,6.0,4.0,5.0,2.0,1.0,5.0,2.0,0,6,12.5
1.3.6.1.4.1.14519.5.2.1.6279.6001.242761658169703141430370511586,1687,4.0,1.0,6.0,3.0,5.0,1.0,1.0,5.0,5.0,1,6,12.5
1.3.6.1.4.1.14519.5.2.1.6279.6001.242761658169703141430370511586,IL057_123458,4.0,1.0,6.0,3.0,5.0,2.0,1.0,5.0,3.0,,6,12.5
1.3.6.1.4.1.14519.5.2.1.6279.6001.242761658169703141430370511586,Nodule 001,4.0,1.0,6.0,3.0,4.0,1.0,2.0,5.0,4.0,1,6,12.5
1.3.6.1.4.1.14519.5.2.1.6279.6001.121993590721161347818774929286,0,5.0,1.0,6.0,5.0,5.0,4.0,1.0,5.0,3.0,,6,12.5
1.3.6.1.4.1.14519.5.2.1.6279.6001.121993590721161347818774929286,8,5.0,1.0,6.0,5.0,5.0,4.0,1.0,5.0,3.0,,6,12.5
1.3.6.1.4.1.14519.5.2.1.6279.6001.121993590721161347818774929286,163436,5.0,1.0,6.0,1.0,4.0,1.0,1.0,5.0,2.0,0,3,5.0
1.3.6.1.4.1.14519.5.2.1.6279.6001.121993590721161347818774929286,163430,5.0,1.0,6.0,5.0,3.0,3.0,4.0,5.0,3.0,,5,10.0
1.3.6.1.4.1.14519.5.2.1.6279.6001.121993590721161347818774929286,163425,5.0,1.0,6.0,4.0,4.0,4.0,2.0,5.0,3.0,,6,12.5
1.3.6.1.4.1.14519.5.2.1.6279.6001.121993590721161347818774929286,167867,5.0,1.0,6.0,5.0,5.0,2.0,1.0,5.0,5.0,1,5,10.0
1.3.6.1.4.1.14519.5.2.1.6279.6001.121993590721161347818774929286,167869,5.0,1.0,6.0,4.0,4.0,2.0,2.0,5.0,4.0,1,5,7.5
1.3.6.1.4.1.14519.5.2.1.6279.6001.121993590721161347818774929286,167864,5.0,1.0,6.0,4.0,5.0,4.0,2.0,5.0,5.0,1,5,10.0
1.3.6.1.4.1.14519.5.2.1.6279.6001.121993590721161347818774929286,178030,2.0,1.0,6.0,3.0,5.0,1.0,1.0,5.0,2.0,0,2,2.5
1.3.6.1.4.1.14519.5.2.1.6279.6001.121993590721161347818774929286,Nodule 001,5.0,1.0,6.0,3.0,4.0,2.0,2.0,5.0,5.0,1,6,12.5
1.3.6.1.4.1.14519.5.2.1.6279.6001.121993590721161347818774929286,Nodule 003,4.0,1.0,6.0,3.0,4.0,2.0,1.0,5.0,4.0,1,4,7.5
1.3.6.1.4.1.14519.5.2.1.6279.6001.121993590721161347818774929286,Nodule 002,5.0,1.0,6.0,3.0,4.0,1.0,2.0,5.0,4.0,1,7,10.0
1.3.6.1.4.1.14519.5.2.1.6279.6001.127965161564033605177803085629,9827,5.0,1.0,6.0,4.0,2.0,1.0,1.0,5.0,5.0,1,8,8.75
1.3.6.1.4.1.14519.5.2.1.6279.6001.127965161564033605177803085629,Nodule 001,4.0,1.0,6.0,4.0,4.0,2.0,1.0,5.0,4.0,1,5,5.0
1.3.6.1.4.1.14519.5.2.1.6279.6001.127965161564033605177803085629,61867,4.0,1.0,6.0,3.0,4.0,3.0,2.0,5.0,3.0,,7,7.5
1.3.6.1.4.1.14519.5.2.1.6279.6001.127965161564033605177803085629,IL057_157625,3.0,1.0,6.0,5.0,3.0,3.0,2.0,5.0,4.0,1,6,6.25
1.3.6.1.4.1.14519.5.2.1.6279.6001.200513183558872708878454294671,7760,5.0,1.0,3.0,4.0,4.0,1.0,1.0,5.0,1.0,0,2,2.5
1.3.6.1.4.1.14519.5.2.1.6279.6001.200513183558872708878454294671,10186,5.0,1.0,5.0,3.0,4.0,2.0,1.0,5.0,1.0,0,2,2.5
1.3.6.1.4.1.14519.5.2.1.6279.6001.200513183558872708878454294671,IL057_123565,4.0,1.0,4.0,4.0,5.0,1.0,1.0,5.0,1.0,0,2,2.5
1.3.6.1.4.1.14519.5.2.1.6279.6001.200513183558872708878454294671,Nodule 001,4.0,1.0,6.0,4.0,4.0,1.0,1.0,5.0,4.0,1,2,2.5
1.3.6.1.4.1.14519.5.2.1.6279.6001.262873069163227096134627700599,6,5.0,1.0,3.0,5.0,5.0,1.0,1.0,5.0,1.0,0,8,8.75
1.3.6.1.4.1.14519.5.2.1.6279.6001.262873069163227096134627700599,7,5.0,1.0,3.0,5.0,5.0,1.0,1.0,5.0,1.0,0,14,16.25
1.3.6.1.4.1.14519.5.2.1.6279.6001.262873069163227096134627700599,167905,5.0,1.0,6.0,5.0,5.0,1.0,1.0,5.0,5.0,1,12,13.75
1.3.6.1.4.1.14519.5.2.1.6279.6001.262873069163227096134627700599,167908,5.0,1.0,6.0,5.0,5.0,1.0,1.0,5.0,5.0,1,7,7.5
1.3.6.1.4.1.14519.5.2.1.6279.6001.262873069163227096134627700599,Nodule 004,4.0,1.0,6.0,3.0,5.0,1.0,1.0,5.0,2.0,0,7,7.5
1.3.6.1.4.1.14519.5.2.1.6279.6001.262873069163227096134627700599,Nodule 005,4.0,1.0,6.0,3.0,4.0,2.0,2.0,5.0,4.0,1,12,13.75
1.3.6.1.4.1.14519.5.2.1.6279.6001.262873069163227096134627700599,163466,5.0,1.0,6.0,4.0,3.0,2.0,2.0,5.0,3.0,,12,13.75
1.3.6.1.4.1.14519.5.2.1.6279.6001.262873069163227096134627700599,163468,5.0,1.0,6.0,4.0,4.0,2.0,2.0,5.0,3.0,,7,7.5
1.3.6.1.4.1.14519.5.2.1.6279.6001.217955041973656886482758642958,0,5.0,1.0,6.0,3.0,3.0,2.0,2.0,3.0,3.0,,9,20.0
1.3.6.1.4.1.14519.5.2.1.6279.6001.217955041973656886482758642958,163417,5.0,1.0,6.0,2.0,1.0,4.0,5.0,5.0,5.0,1,17,37.5
1.3.6.1.4.1.14519.5.2.1.6279.6001.217955041973656886482758642958,167857,5.0,1.0,6.0,4.0,3.0,2.0,4.0,4.0,5.0,1,12,25.0
1.3.6.1.4.1.14519.5.2.1.6279.6001.217955041973656886482758642958,Nodule 001,5.0,1.0,6.0,3.0,3.0,3.0,5.0,5.0,5.0,1,10,20.0
1.3.6.1.4.1.14519.5.2.1.6279.6001.341557859428950960906150406596,163498,5.0,1.0,6.0,4.0,4.0,2.0,4.0,5.0,3.0,,24,28.75
1.3.6.1.4.1.14519.5.2.1.6279.6001.341557859428950960906150406596,167937,5.0,1.0,6.0,4.0,5.0,1.0,1.0,5.0,5.0,1,24,27.5
1.3.6.1.4.1.14519.5.2.1.6279.6001.245181799370098278918756923992,171666,5.0,1.0,3.0,5.0,5.0,1.0,1.0,5.0,1.0,0,3,5.0
1.3.6.1.4.1.14519.5.2.1.6279.6001.245181799370098278918756923992,171661,5.0,1.0,6.0,4.0,2.0,4.0,4.0,5.0,5.0,1,26,62.5
1.3.6.1.4.1.14519.5.2.1.6279.6001.245181799370098278918756923992,168267,5.0,1.0,3.0,5.0,5.0,1.0,1.0,5.0,1.0,0,3,5.0
1.3.6.1.4.1.14519.5.2.1.6279.6001.245181799370098278918756923992,168262,5.0,1.0,6.0,5.0,4.0,3.0,3.0,5.0,5.0,1,24,57.5
1.3.6.1.4.1.14519.5.2.1.6279.6001.245181799370098278918756923992,Nodule 001,5.0,1.0,6.0,3.0,4.0,2.0,3.0,5.0,5.0,1,17,35.0
1.3.6.1.4.1.14519.5.2.1.6279.6001.203425588524695836343069893813,1,4.0,1.0,6.0,3.0,3.0,3.0,1.0,5.0,1.0,0,2,2.5
1.3.6.1.4.1.14519.5.2.1.6279.6001.249032660919473722154870746474,8088,2.0,1.0,6.0,4.0,1.0,3.0,1.0,2.0,3.0,,3,2.5
1.3.6.1.4.1.14519.5.2.1.6279.6001.249032660919473722154870746474,IL057_131655,2.0,1.0,6.0,3.0,3.0,1.0,1.0,1.0,3.0,,3,2.5
1.3.6.1.4.1.14519.5.2.1.6279.6001.249032660919473722154870746474,10264,3.0,1.0,6.0,4.0,3.0,2.0,2.0,2.0,3.0,,3,2.5
1.3.6.1.4.1.14519.5.2.1.6279.6001.277452631455527999380186898011,174236,3.0,1.0,6.0,3.0,4.0,2.0,1.0,4.0,3.0,,3,5.0
1.3.6.1.4.1.14519.5.2.1.6279.6001.277452631455527999380186898011,0,3.0,1.0,6.0,4.0,3.0,1.0,1.0,5.0,1.0,0,2,2.5
1.3.6.1.4.1.14519.5.2.1.6279.6001.277452631455527999380186898011,Nodule 001,3.0,1.0,6.0,4.0,5.0,1.0,1.0,5.0,2.0,0,2,2.5
1.3.6.1.4.1.14519.5.2.1.6279.6001.277452631455527999380186898011,172423,3.0,1.0,6.0,4.0,2.0,1.0,1.0,1.0,3.0,,2,2.5
1.3.6.1.4.1.14519.5.2.1.6279.6001.248357157975955379661896491341,0,5.0,1.0,3.0,5.0,5.0,1.0,1.0,5.0,1.0,0,2,2.5
1.3.6.1.4.1.14519.5.2.1.6279.6001.248357157975955379661896491341,163541,5.0,1.0,6.0,3.0,4.0,3.0,2.0,5.0,2.0,0,2,2.5
1.3.6.1.4.1.14519.5.2.1.6279.6001.248357157975955379661896491341,167978,3.0,1.0,6.0,5.0,5.0,1.0,1.0,5.0,3.0,,2,2.5
1.3.6.1.4.1.14519.5.2.1.6279.6001.248357157975955379661896491341,Nodule 001,4.0,1.0,6.0,4.0,4.0,1.0,1.0,5.0,3.0,,2,2.5
1.3.6.1.4.1.14519.5.2.1.6279.6001.176869045992276345870480098568,174360,2.0,1.0,6.0,2.0,4.0,3.0,1.0,4.0,2.0,0,2,2.5
1.3.6.1.4.1.14519.5.2.1.6279.6001.176869045992276345870480098568,1,3.0,1.0,6.0,3.0,4.0,2.0,1.0,5.0,2.0,0,2,2.5
1.3.6.1.4.1.14519.5.2.1.6279.6001.176869045992276345870480098568,Nodule 004,3.0,1.0,6.0,3.0,5.0,1.0,1.0,5.0,2.0,0,2,2.5
1.3.6.1.4.1.14519.5.2.1.6279.6001.176869045992276345870480098568,172543,2.0,1.0,6.0,4.0,3.0,2.0,1.0,5.0,3.0,,2,2.5
1.3.6.1.4.1.14519.5.2.1.6279.6001.268992195564407418480563388746,173987,5.0,1.0,6.0,3.0,4.0,2.0,1.0,5.0,3.0,,3,5.0
1.3.6.1.4.1.14519.5.2.1.6279.6001.268992195564407418480563388746,174640,1.0,1.0,6.0,4.0,2.0,1.0,1.0,5.0,3.0,,1,0.0
1.3.6.1.4.1.14519.5.2.1.6279.6001.268992195564407418480563388746,0,4.0,1.0,6.0,5.0,5.0,1.0,1.0,5.0,2.0,0,3,5.0
1.3.6.1.4.1.14519.5.2.1.6279.6001.268992195564407418480563388746,172240,1.0,1.0,6.0,5.0,4.0,1.0,1.0,5.0,3.0,,1,0.0
1.3.6.1.4.1.14519.5.2.1.6279.6001.268992195564407418480563388746,172238,3.0,1.0,6.0,5.0,5.0,1.0,1.0,5.0,3.0,,2,2.5
1.3.6.1.4.1.14519.5.2.1.6279.6001.268992195564407418480563388746,Nodule 001,3.0,1.0,6.0,4.0,5.0,1.0,1.0,5.0,2.0,0,3,5.0
1.3.6.1.4.1.14519.5.2.1.6279.6001.621916089407825046337959219998,174047,5.0,1.0,6.0,3.0,5.0,4.0,1.0,5.0,2.0,0,5,10.0
1.3.6.1.4.1.14519.5.2.1.6279.6001.621916089407825046337959219998,0,5.0,1.0,6.0,4.0,5.0,1.0,1.0,5.0,2.0,0,5,10.0
1.3.6.1.4.1.14519.5.2.1.6279.6001.621916089407825046337959219998,172298,5.0,1.0,6.0,4.0,5.0,1.0,1.0,5.0,5.0,1,5,10.0
1.3.6.1.4.1.14519.5.2.1.6279.6001.621916089407825046337959219998,Nodule 001,4.0,1.0,6.0,4.0,4.0,2.0,2.0,5.0,4.0,1,6,12.5
1.3.6.1.4.1.14519.5.2.1.6279.6001.315918264676377418120578391325,168130,2.0,1.0,6.0,5.0,4.0,1.0,1.0,5.0,2.0,0,2,2.5
1.3.6.1.4.1.14519.5.2.1.6279.6001.212346425055214308006918165305,1,5.0,1.0,6.0,5.0,4.0,1.0,5.0,4.0,4.0,1,3,5.0
1.3.6.1.4.1.14519.5.2.1.6279.6001.212346425055214308006918165305,168669,5.0,1.0,6.0,3.0,3.0,3.0,3.0,5.0,3.0,,5,10.0
1.3.6.1.4.1.14519.5.2.1.6279.6001.212346425055214308006918165305,168085,2.0,1.0,6.0,4.0,4.0,1.0,1.0,5.0,3.0,,2,2.5
1.3.6.1.4.1.14519.5.2.1.6279.6001.212346425055214308006918165305,168084,4.0,1.0,6.0,3.0,4.0,2.0,2.0,5.0,4.0,1,3,5.0
1.3.6.1.4.1.14519.5.2.1.6279.6001.212346425055214308006918165305,Nodule 001,4.0,1.0,6.0,3.0,4.0,1.0,1.0,5.0,4.0,1,3,5.0
1.3.6.1.4.1.14519.5.2.1.6279.6001.141149610914910880857802344415,0,5.0,1.0,3.0,5.0,5.0,1.0,1.0,5.0,1.0,0,5,10.0
1.3.6.1.4.1.14519.5.2.1.6279.6001.141149610914910880857802344415,163284,5.0,1.0,6.0,4.0,4.0,2.0,2.0,5.0,3.0,,4,7.5
1.3.6.1.4.1.14519.5.2.1.6279.6001.141149610914910880857802344415,161370,5.0,1.0,6.0,5.0,4.0,2.0,1.0,5.0,4.0,1,4,7.5
1.3.6.1.4.1.14519.5.2.1.6279.6001.141149610914910880857802344415,Nodule 001,4.0,1.0,6.0,4.0,4.0,1.0,2.0,5.0,4.0,1,4,7.5
1.3.6.1.4.1.14519.5.2.1.6279.6001.106379658920626694402549886949,1,3.0,1.0,6.0,5.0,5.0,1.0,1.0,5.0,2.0,0,4,3.75
1.3.6.1.4.1.14519.5.2.1.6279.6001.106379658920626694402549886949,171380,5.0,1.0,6.0,3.0,4.0,2.0,1.0,5.0,3.0,,4,3.75
1.3.6.1.4.1.14519.5.2.1.6279.6001.106379658920626694402549886949,171383,5.0,1.0,6.0,4.0,5.0,1.0,1.0,5.0,3.0,,4,2.5
1.3.6.1.4.1.14519.5.2.1.6279.6001.106379658920626694402549886949,168098,3.0,1.0,6.0,5.0,5.0,1.0,1.0,5.0,3.0,,3,2.5
1.3.6.1.4.1.14519.5.2.1.6279.6001.106379658920626694402549886949,168097,4.0,1.0,6.0,4.0,5.0,1.0,1.0,5.0,4.0,1,4,3.75
1.3.6.1.4.1.14519.5.2.1.6279.6001.106379658920626694402549886949,Nodule 002,4.0,1.0,6.0,3.0,5.0,2.0,1.0,5.0,3.0,,4,3.75
1.3.6.1.4.1.14519.5.2.1.6279.6001.106379658920626694402549886949,Nodule 004,3.0,1.0,6.0,4.0,5.0,1.0,1.0,5.0,2.0,0,4,3.75
1.3.6.1.4.1.14519.5.2.1.6279.6001.200837896655745926888305239398,167954,3.0,1.0,6.0,3.0,3.0,1.0,1.0,5.0,2.0,0,3,2.5
1.3.6.1.4.1.14519.5.2.1.6279.6001.861997885565255340442123234170,0,5.0,1.0,3.0,5.0,5.0,1.0,1.0,5.0,1.0,0,3,5.0
1.3.6.1.4.1.14519.5.2.1.6279.6001.861997885565255340442123234170,163372,5.0,1.0,3.0,3.0,5.0,5.0,1.0,5.0,1.0,0,3,5.0
1.3.6.1.4.1.14519.5.2.1.6279.6001.861997885565255340442123234170,167813,5.0,1.0,3.0,4.0,5.0,1.0,1.0,5.0,1.0,0,3,5.0
1.3.6.1.4.1.14519.5.2.1.6279.6001.861997885565255340442123234170,Nodule 001,3.0,1.0,6.0,3.0,4.0,1.0,1.0,5.0,3.0,,3,5.0
1.3.6.1.4.1.14519.5.2.1.6279.6001.257840703452266097926250569223,0,3.0,1.0,6.0,5.0,5.0,1.0,1.0,5.0,2.0,0,3,5.0
1.3.6.1.4.1.14519.5.2.1.6279.6001.257840703452266097926250569223,171413,5.0,1.0,6.0,3.0,3.0,2.0,2.0,5.0,3.0,,3,5.0
1.3.6.1.4.1.14519.5.2.1.6279.6001.257840703452266097926250569223,171417,5.0,1.0,6.0,3.0,4.0,2.0,2.0,5.0,3.0,,2,2.5
1.3.6.1.4.1.14519.5.2.1.6279.6001.257840703452266097926250569223,Nodule 001,4.0,1.0,6.0,4.0,5.0,2.0,1.0,5.0,3.0,,3,5.0
1.3.6.1.4.1.14519.5.2.1.6279.6001.257840703452266097926250569223,Nodule 003,4.0,1.0,6.0,4.0,5.0,2.0,1.0,5.0,2.0,0,2,2.5
1.3.6.1.4.1.14519.5.2.1.6279.6001.257840703452266097926250569223,168116,4.0,1.0,6.0,3.0,5.0,1.0,1.0,5.0,3.0,,3,5.0
1.3.6.1.4.1.14519.5.2.1.6279.6001.257840703452266097926250569223,168119,4.0,1.0,6.0,4.0,5.0,1.0,1.0,5.0,3.0,,2,2.5
1.3.6.1.4.1.14519.5.2.1.6279.6001.150097650621090951325113116280,174244,3.0,1.0,6.0,3.0,4.0,2.0,1.0,5.0,3.0,,5,10.0
1.3.6.1.4.1.14519.5.2.1.6279.6001.150097650621090951325113116280,0,3.0,1.0,6.0,4.0,5.0,1.0,1.0,5.0,2.0,0,4,7.5
1.3.6.1.4.1.14519.5.2.1.6279.6001.150097650621090951325113116280,Nodule 002,4.0,1.0,6.0,4.0,4.0,2.0,1.0,5.0,3.0,,3,5.0
1.3.6.1.4.1.14519.5.2.1.6279.6001.150097650621090951325113116280,172429,3.0,1.0,6.0,4.0,5.0,1.0,1.0,5.0,3.0,,3,5.0
1.3.6.1.4.1.14519.5.2.1.6279.6001.832260670372728970918746541371,IL057_157636,2.0,1.0,6.0,4.0,5.0,1.0,1.0,5.0,3.0,,2,2.5
1.3.6.1.4.1.14519.5.2.1.6279.6001.832260670372728970918746541371,IL057_203649,3.0,1.0,3.0,5.0,5.0,1.0,1.0,5.0,1.0,0,3,5.0
1.3.6.1.4.1.14519.5.2.1.6279.6001.832260670372728970918746541371,61813,5.0,1.0,6.0,3.0,4.0,2.0,2.0,5.0,3.0,,3,5.0
1.3.6.1.4.1.14519.5.2.1.6279.6001.832260670372728970918746541371,66181,4.0,1.0,3.0,2.0,5.0,4.0,1.0,5.0,1.0,0,3,5.0
1.3.6.1.4.1.14519.5.2.1.6279.6001.832260670372728970918746541371,9773,2.0,1.0,6.0,4.0,2.0,4.0,1.0,1.0,3.0,,2,2.5
1.3.6.1.4.1.14519.5.2.1.6279.6001.832260670372728970918746541371,9774,5.0,1.0,6.0,3.0,5.0,1.0,1.0,5.0,3.0,,3,5.0
1.3.6.1.4.1.14519.5.2.1.6279.6001.832260670372728970918746541371,9778,5.0,1.0,3.0,3.0,4.0,1.0,1.0,5.0,1.0,0,3,5.0
1.3.6.1.4.1.14519.5.2.1.6279.6001.832260670372728970918746541371,Nodule 001,4.0,1.0,6.0,4.0,5.0,1.0,1.0,5.0,2.0,0,3,5.0
1.3.6.1.4.1.14519.5.2.1.6279.6001.832260670372728970918746541371,Nodule 002,4.0,1.0,3.0,3.0,5.0,2.0,1.0,5.0,1.0,0,3,5.0
1.3.6.1.4.1.14519.5.2.1.6279.6001.486999111981013268988489262668,5,5.0,1.0,3.0,5.0,5.0,1.0,1.0,5.0,1.0,0,4,7.5
1.3.6.1.4.1.14519.5.2.1.6279.6001.486999111981013268988489262668,161435,3.0,1.0,6.0,3.0,4.0,5.0,1.0,5.0,5.0,1,8,17.5
1.3.6.1.4.1.14519.5.2.1.6279.6001.486999111981013268988489262668,161439,3.0,1.0,6.0,4.0,4.0,1.0,1.0,5.0,3.0,,3,5.0
1.3.6.1.4.1.14519.5.2.1.6279.6001.486999111981013268988489262668,163347,5.0,1.0,6.0,2.0,4.0,4.0,2.0,5.0,4.0,1,11,22.5
1.3.6.1.4.1.14519.5.2.1.6279.6001.486999111981013268988489262668,163353,5.0,1.0,6.0,4.0,4.0,2.0,1.0,5.0,3.0,,3,5.0
1.3.6.1.4.1.14519.5.2.1.6279.6001.486999111981013268988489262668,Nodule 003,3.0,1.0,6.0,4.0,5.0,1.0,1.0,5.0,2.0,0,3,5.0
1.3.6.1.4.1.14519.5.2.1.6279.6001.128059192202504367870633619224,0,3.0,1.0,6.0,5.0,5.0,1.0,1.0,5.0,2.0,0,4,7.5
1.3.6.1.4.1.14519.5.2.1.6279.6001.128059192202504367870633619224,1,5.0,1.0,3.0,5.0,5.0,1.0,1.0,5.0,1.0,0,3,5.0
1.3.6.1.4.1.14519.5.2.1.6279.6001.128059192202504367870633619224,171492,4.0,1.0,6.0,4.0,4.0,1.0,1.0,5.0,3.0,,4,7.5
1.3.6.1.4.1.14519.5.2.1.6279.6001.128059192202504367870633619224,171496,5.0,1.0,3.0,5.0,5.0,1.0,1.0,5.0,1.0,0,3,5.0
1.3.6.1.4.1.14519.5.2.1.6279.6001.128059192202504367870633619224,168141,5.0,1.0,3.0,5.0,5.0,1.0,1.0,5.0,1.0,0,2,2.5
1.3.6.1.4.1.14519.5.2.1.6279.6001.128059192202504367870633619224,168138,3.0,1.0,6.0,5.0,5.0,1.0,1.0,5.0,3.0,,3,5.0
1.3.6.1.4.1.14519.5.2.1.6279.6001.128059192202504367870633619224,Nodule 002,3.0,1.0,6.0,4.0,5.0,1.0,1.0,5.0,2.0,0,3,5.0
1.3.6.1.4.1.14519.5.2.1.6279.6001.128059192202504367870633619224,Nodule 003,3.0,1.0,6.0,4.0,5.0,1.0,1.0,5.0,2.0,0,3,5.0
1.3.6.1.4.1.14519.5.2.1.6279.6001.395623571499047043765181005112,174500,3.0,1.0,6.0,3.0,5.0,3.0,1.0,5.0,2.0,0,2,2.5
1.3.6.1.4.1.14519.5.2.1.6279.6001.395623571499047043765181005112,0,3.0,1.0,6.0,4.0,3.0,1.0,1.0,5.0,1.0,0,2,2.5
1.3.6.1.4.1.14519.5.2.1.6279.6001.395623571499047043765181005112,Nodule 002,4.0,1.0,6.0,4.0,5.0,1.0,1.0,5.0,2.0,0,2,2.5
1.3.6.1.4.1.14519.5.2.1.6279.6001.395623571499047043765181005112,172673,3.0,1.0,6.0,5.0,5.0,1.0,1.0,5.0,3.0,,2,2.5
1.3.6.1.4.1.14519.5.2.1.6279.6001.171667800241622018839592854574,168659,3.0,1.0,6.0,4.0,3.0,1.0,1.0,1.0,3.0,,4,3.75
1.3.6.1.4.1.14519.5.2.1.6279.6001.171667800241622018839592854574,171328,4.0,1.0,6.0,3.0,2.0,1.0,2.0,1.0,3.0,,2,1.25
1.3.6.1.4.1.14519.5.2.1.6279.6001.171667800241622018839592854574,168073,1.0,1.0,6.0,4.0,3.0,1.0,1.0,1.0,2.0,0,3,2.5
1.3.6.1.4.1.14519.5.2.1.6279.6001.171667800241622018839592854574,179794,2.0,1.0,6.0,4.0,3.0,1.0,1.0,1.0,2.0,0,2,1.25
1.3.6.1.4.1.14519.5.2.1.6279.6001.171667800241622018839592854574,Nodule 002,3.0,1.0,6.0,3.0,4.0,1.0,1.0,1.0,4.0,1,3,2.5
1.3.6.1.4.1.14519.5.2.1.6279.6001.219618492426142913407827034169,1,3.0,1.0,6.0,5.0,5.0,1.0,1.0,5.0,2.0,0,9,20.0
1.3.6.1.4.1.14519.5.2.1.6279.6001.219618492426142913407827034169,163380,5.0,1.0,6.0,3.0,5.0,1.0,1.0,5.0,2.0,0,9,20.0
1.3.6.1.4.1.14519.5.2.1.6279.6001.219618492426142913407827034169,163384,5.0,1.0,6.0,3.0,4.0,3.0,1.0,4.0,2.0,0,1,0.0
1.3.6.1.4.1.14519.5.2.1.6279.6001.219618492426142913407827034169,Nodule 001,3.0,1.0,6.0,4.0,5.0,2.0,1.0,5.0,2.0,0,1,0.0
1.3.6.1.4.1.14519.5.2.1.6279.6001.219618492426142913407827034169,167817,5.0,1.0,6.0,3.0,5.0,1.0,1.0,5.0,5.0,1,9,20.0
1.3.6.1.4.1.14519.5.2.1.6279.6001.219618492426142913407827034169,167825,2.0,1.0,6.0,5.0,5.0,1.0,1.0,5.0,2.0,0,1,0.0
1.3.6.1.4.1.14519.5.2.1.6279.6001.219618492426142913407827034169,167823,2.0,1.0,6.0,4.0,3.0,1.0,1.0,5.0,3.0,,1,0.0
1.3.6.1.4.1.14519.5.2.1.6279.6001.340012777775661021262977442176,168209,1.0,1.0,6.0,5.0,3.0,3.0,1.0,4.0,2.0,0,2,2.5
1.3.6.1.4.1.14519.5.2.1.6279.6001.340012777775661021262977442176,168213,1.0,1.0,6.0,5.0,2.0,1.0,1.0,3.0,2.0,0,1,0.0
1.3.6.1.4.1.14519.5.2.1.6279.6001.340012777775661021262977442176,168211,1.0,1.0,6.0,5.0,3.0,1.0,1.0,4.0,2.0,0,2,2.5
1.3.6.1.4.1.14519.5.2.1.6279.6001.170825539570536865106681134236,Nodule 001,3.0,1.0,6.0,3.0,5.0,1.0,1.0,5.0,1.0,0,5,5.0
1.3.6.1.4.1.14519.5.2.1.6279.6001.170825539570536865106681134236,7474,2.0,1.0,6.0,3.0,4.0,1.0,1.0,5.0,3.0,,5,5.0
1.3.6.1.4.1.14519.5.2.1.6279.6001.171177995014336749670107905732,Nodule 002,5.0,1.0,6.0,3.0,4.0,1.0,1.0,4.0,4.0,1,11,6.25
1.3.6.1.4.1.14519.5.2.1.6279.6001.171177995014336749670107905732,38111,4.0,1.0,6.0,5.0,5.0,1.0,1.0,5.0,2.0,0,11,6.25
1.3.6.1.4.1.14519.5.2.1.6279.6001.171177995014336749670107905732,25317,4.0,1.0,6.0,4.0,4.0,2.0,1.0,5.0,2.0,0,10,5.62
1.3.6.1.4.1.14519.5.2.1.6279.6001.211051626197585058967163339846,Nodule 001,5.0,1.0,6.0,4.0,5.0,2.0,1.0,5.0,5.0,1,9,14.4
1.3.6.1.4.1.14519.5.2.1.6279.6001.211051626197585058967163339846,13514,5.0,1.0,6.0,4.0,5.0,3.0,1.0,5.0,5.0,1,8,12.6
1.3.6.1.4.1.14519.5.2.1.6279.6001.211051626197585058967163339846,13527,2.0,1.0,6.0,4.0,3.0,1.0,1.0,4.0,2.0,0,2,1.8
1.3.6.1.4.1.14519.5.2.1.6279.6001.211051626197585058967163339846,1540,5.0,1.0,6.0,4.0,3.0,2.0,4.0,4.0,4.0,1,9,14.4
1.3.6.1.4.1.14519.5.2.1.6279.6001.211051626197585058967163339846,0,5.0,1.0,2.0,5.0,5.0,5.0,1.0,5.0,2.0,0,9,14.4
1.3.6.1.4.1.14519.5.2.1.6279.6001.166662353777397833477082464008,77806,5.0,1.0,6.0,5.0,5.0,2.0,1.0,5.0,4.0,1,5,12.0
1.3.6.1.4.1.14519.5.2.1.6279.6001.166662353777397833477082464008,74825,5.0,1.0,6.0,5.0,5.0,1.0,1.0,5.0,4.0,1,4,9.0
1.3.6.1.4.1.14519.5.2.1.6279.6001.166662353777397833477082464008,15078,5.0,1.0,6.0,5.0,4.0,1.0,1.0,5.0,3.0,,5,12.0
1.3.6.1.4.1.14519.5.2.1.6279.6001.166662353777397833477082464008,0,5.0,1.0,6.0,5.0,5.0,1.0,1.0,5.0,3.0,,5,12.0
1.3.6.1.4.1.14519.5.2.1.6279.6001.428038562098395445838061018440,57402,4.0,1.0,6.0,2.0,4.0,1.0,1.0,5.0,2.0,0,7,4.2
1.3.6.1.4.1.14519.5.2.1.6279.6001.428038562098395445838061018440,1,5.0,1.0,6.0,5.0,5.0,1.0,1.0,5.0,3.0,,4,2.1
1.3.6.1.4.1.14519.5.2.1.6279.6001.428038562098395445838061018440,3,5.0,1.0,6.0,3.0,5.0,1.0,1.0,5.0,2.0,0,7,4.2
1.3.6.1.4.1.14519.5.2.1.6279.6001.326057189095429101398977448288,Nodule 002,4.0,1.0,6.0,3.0,4.0,1.0,1.0,1.0,4.0,1,5,4.0
1.3.6.1.4.1.14519.5.2.1.6279.6001.326057189095429101398977448288,Nodule 001,4.0,1.0,6.0,3.0,5.0,1.0,1.0,5.0,3.0,,8,7.0
1.3.6.1.4.1.14519.5.2.1.6279.6001.326057189095429101398977448288,Nodule 005,4.0,1.0,6.0,4.0,5.0,1.0,1.0,3.0,2.0,0,5,4.0
1.3.6.1.4.1.14519.5.2.1.6279.6001.326057189095429101398977448288,Nodule 006,3.0,1.0,6.0,4.0,5.0,1.0,1.0,3.0,3.0,,6,4.0
1.3.6.1.4.1.14519.5.2.1.6279.6001.326057189095429101398977448288,Nodule 007,4.0,1.0,6.0,4.0,5.0,1.0,1.0,4.0,2.0,0,7,6.0
1.3.6.1.4.1.14519.5.2.1.6279.6001.326057189095429101398977448288,IL057_167636,3.0,1.0,6.0,4.0,2.0,1.0,1.0,3.0,2.0,0,3,2.0
1.3.6.1.4.1.14519.5.2.1.6279.6001.326057189095429101398977448288,IL057_167620,2.0,1.0,6.0,4.0,2.0,1.0,1.0,1.0,3.0,,8,7.0
1.3.6.1.4.1.14519.5.2.1.6279.6001.326057189095429101398977448288,IL057_167634,2.0,1.0,6.0,4.0,2.0,1.0,1.0,3.0,3.0,,4,3.0
1.3.6.1.4.1.14519.5.2.1.6279.6001.326057189095429101398977448288,IL057_167628,1.0,1.0,6.0,4.0,2.0,1.0,1.0,1.0,3.0,,6,5.0
1.3.6.1.4.1.14519.5.2.1.6279.6001.326057189095429101398977448288,IL057_167625,4.0,1.0,6.0,2.0,4.0,1.0,1.0,5.0,2.0,0,5,4.0
1.3.6.1.4.1.14519.5.2.1.6279.6001.326057189095429101398977448288,IL057_167617,1.0,1.0,6.0,4.0,1.0,1.0,1.0,1.0,3.0,,10,7.0
1.3.6.1.4.1.14519.5.2.1.6279.6001.326057189095429101398977448288,MI014_19616,3.0,1.0,6.0,4.0,1.0,1.0,3.0,3.0,3.0,,5,4.0
1.3.6.1.4.1.14519.5.2.1.6279.6001.326057189095429101398977448288,MI014_19613,3.0,1.0,6.0,4.0,2.0,1.0,1.0,3.0,3.0,,6,5.0
1.3.6.1.4.1.14519.5.2.1.6279.6001.326057189095429101398977448288,MI014_19610,3.0,1.0,6.0,4.0,2.0,1.0,1.0,1.0,3.0,,7,6.0
1.3.6.1.4.1.14519.5.2.1.6279.6001.326057189095429101398977448288,MI014_19605,5.0,1.0,6.0,3.0,3.0,1.0,1.0,4.0,3.0,,8,7.0
1.3.6.1.4.1.14519.5.2.1.6279.6001.326057189095429101398977448288,MI014_19629,1.0,1.0,6.0,4.0,2.0,1.0,1.0,1.0,3.0,,9,8.0
1.3.6.1.4.1.14519.5.2.1.6279.6001.326057189095429101398977448288,MI014_19630,1.0,1.0,6.0,4.0,1.0,1.0,1.0,1.0,3.0,,7,6.0
1.3.6.1.4.1.14519.5.2.1.6279.6001.326057189095429101398977448288,0,1.0,1.0,6.0,5.0,2.0,1.0,1.0,1.0,2.0,0,6,5.0
1.3.6.1.4.1.14519.5.2.1.6279.6001.326057189095429101398977448288,1,3.0,1.0,6.0,5.0,5.0,1.0,1.0,5.0,2.0,0,4,3.0
1.3.6.1.4.1.14519.5.2.1.6279.6001.326057189095429101398977448288,2,3.0,1.0,6.0,5.0,5.0,1.0,1.0,5.0,2.0,0,7,6.0
1.3.6.1.4.1.14519.5.2.1.6279.6001.326057189095429101398977448288,8,3.0,1.0,6.0,5.0,5.0,1.0,1.0,5.0,2.0,0,6,5.0
1.3.6.1.4.1.14519.5.2.1.6279.6001.326057189095429101398977448288,9,1.0,1.0,6.0,5.0,2.0,1.0,1.0,1.0,2.0,0,7,6.0
1.3.6.1.4.1.14519.5.2.1.6279.6001.326057189095429101398977448288,10,1.0,1.0,6.0,5.0,2.0,1.0,1.0,1.0,2.0,0,6,5.0
1.3.6.1.4.1.14519.5.2.1.6279.6001.326057189095429101398977448288,11,1.0,1.0,6.0,5.0,2.0,1.0,1.0,1.0,2.0,0,8,7.0
1.3.6.1.4.1.14519.5.2.1.6279.6001.170921541362033046216100409521,2,5.0,1.0,6.0,3.0,5.0,1.0,1.0,5.0,2.0,0,6,3.12
1.3.6.1.4.1.14519.5.2.1.6279.6001.170921541362033046216100409521,5,5.0,1.0,6.0,3.0,5.0,1.0,1.0,5.0,2.0,0,9,5.0
1.3.6.1.4.1.14519.5.2.1.6279.6001.170921541362033046216100409521,7,5.0,1.0,6.0,3.0,2.0,1.0,1.0,4.0,3.0,,7,3.75
1.3.6.1.4.1.14519.5.2.1.6279.6001.170921541362033046216100409521,11,5.0,1.0,6.0,4.0,5.0,1.0,1.0,5.0,3.0,,7,3.75
1.3.6.1.4.1.14519.5.2.1.6279.6001.170921541362033046216100409521,69184,2.0,1.0,6.0,4.0,4.0,2.0,1.0,5.0,3.0,,7,3.75
1.3.6.1.4.1.14519.5.2.1.6279.6001.170921541362033046216100409521,69798,2.0,1.0,6.0,3.0,4.0,1.0,1.0,5.0,2.0,0,9,5.0
1.3.6.1.4.1.14519.5.2.1.6279.6001.170921541362033046216100409521,69805,3.0,1.0,6.0,2.0,3.0,2.0,1.0,5.0,2.0,0,7,3.75
1.3.6.1.4.1.14519.5.2.1.6279.6001.170921541362033046216100409521,Nodule 001,5.0,1.0,6.0,3.0,5.0,1.0,1.0,5.0,3.0,,7,3.75
1.3.6.1.4.1.14519.5.2.1.6279.6001.170921541362033046216100409521,Nodule 002,4.0,1.0,6.0,4.0,4.0,1.0,2.0,5.0,4.0,1,6,3.12
1.3.6.1.4.1.14519.5.2.1.6279.6001.170921541362033046216100409521,Nodule 004,5.0,1.0,6.0,4.0,4.0,2.0,3.0,5.0,5.0,1,7,3.75
1.3.6.1.4.1.14519.5.2.1.6279.6001.170921541362033046216100409521,Nodule 003,4.0,1.0,6.0,4.0,5.0,1.0,2.0,5.0,4.0,1,7,3.75
1.3.6.1.4.1.14519.5.2.1.6279.6001.324290109423920971676288828329,Nodule 004,4.0,1.0,6.0,3.0,5.0,1.0,1.0,5.0,1.0,0,4,3.0
1.3.6.1.4.1.14519.5.2.1.6279.6001.324290109423920971676288828329,Nodule 001,4.0,1.0,6.0,3.0,5.0,2.0,1.0,5.0,2.0,0,12,11.0
1.3.6.1.4.1.14519.5.2.1.6279.6001.324290109423920971676288828329,Nodule 002,4.0,1.0,6.0,3.0,4.0,2.0,1.0,5.0,3.0,,11,10.0
1.3.6.1.4.1.14519.5.2.1.6279.6001.324290109423920971676288828329,Nodule 005,4.0,1.0,6.0,3.0,5.0,1.0,1.0,5.0,2.0,0,10,9.0
1.3.6.1.4.1.14519.5.2.1.6279.6001.324290109423920971676288828329,IL057_167580,5.0,1.0,6.0,3.0,5.0,2.0,1.0,5.0,5.0,1,11,10.0
1.3.6.1.4.1.14519.5.2.1.6279.6001.324290109423920971676288828329,IL057_167583,5.0,1.0,6.0,4.0,5.0,3.0,1.0,5.0,4.0,1,10,9.0
1.3.6.1.4.1.14519.5.2.1.6279.6001.324290109423920971676288828329,IL057_167588,4.0,1.0,6.0,4.0,5.0,1.0,1.0,5.0,2.0,0,4,3.0
1.3.6.1.4.1.14519.5.2.1.6279.6001.324290109423920971676288828329,IL057_167586,5.0,1.0,6.0,5.0,5.0,1.0,1.0,5.0,5.0,1,14,13.0
1.3.6.1.4.1.14519.5.2.1.6279.6001.324290109423920971676288828329,MI014_17862,4.0,1.0,6.0,5.0,5.0,4.0,1.0,5.0,3.0,,13,12.0
1.3.6.1.4.1.14519.5.2.1.6279.6001.324290109423920971676288828329,MI014_17867,2.0,1.0,6.0,4.0,4.0,2.0,1.0,5.0,3.0,,4,3.0
1.3.6.1.4.1.14519.5.2.1.6279.6001.324290109423920971676288828329,MI014_17859,5.0,1.0,6.0,3.0,5.0,2.0,1.0,5.0,3.0,,12,11.0
1.3.6.1.4.1.14519.5.2.1.6279.6001.324290109423920971676288828329,MI014_17865,5.0,1.0,6.0,5.0,5.0,2.0,3.0,5.0,3.0,,10,9.0
1.3.6.1.4.1.14519.5.2.1.6279.6001.324290109423920971676288828329,0,5.0,1.0,3.0,5.0,5.0,1.0,1.0,5.0,1.0,0,17,16.0
1.3.6.1.4.1.14519.5.2.1.6279.6001.324290109423920971676288828329,1,5.0,1.0,3.0,5.0,5.0,1.0,1.0,5.0,1.0,0,13,12.0
1.3.6.1.4.1.14519.5.2.1.6279.6001.324290109423920971676288828329,4,5.0,1.0,6.0,4.0,4.0,1.0,1.0,5.0,2.0,0,9,8.0
1.3.6.1.4.1.14519.5.2.1.6279.6001.238019241099704094018548301753,Nodule 009,2.0,1.0,6.0,2.0,4.0,1.0,1.0,4.0,2.0,0,10,5.62
1.3.6.1.4.1.14519.5.2.1.6279.6001.238019241099704094018548301753,Nodule 005,4.0,1.0,6.0,3.0,3.0,3.0,2.0,4.0,4.0,1,10,5.62
1.3.6.1.4.1.14519.5.2.1.6279.6001.238019241099704094018548301753,33441,4.0,1.0,6.0,3.0,4.0,2.0,1.0,5.0,1.0,0,9,5.0
1.3.6.1.4.1.14519.5.2.1.6279.6001.238019241099704094018548301753,29749,2.0,1.0,6.0,4.0,4.0,1.0,1.0,5.0,1.0,0,10,5.62
1.3.6.1.4.1.14519.5.2.1.6279.6001.238019241099704094018548301753,12647,4.0,1.0,6.0,3.0,5.0,2.0,2.0,5.0,3.0,,8,4.38
1.3.6.1.4.1.14519.5.2.1.6279.6001.254929810944557499537650429296,38004,2.0,1.0,6.0,3.0,1.0,1.0,1.0,2.0,3.0,,5,2.5
1.3.6.1.4.1.14519.5.2.1.6279.6001.258063830035095530590787548770,34163,5.0,1.0,6.0,4.0,5.0,2.0,1.0,5.0,5.0,1,11,30.0
1.3.6.1.4.1.14519.5.2.1.6279.6001.258063830035095530590787548770,12803,5.0,1.0,6.0,4.0,4.0,3.0,2.0,4.0,3.0,,11,30.0
1.3.6.1.4.1.14519.5.2.1.6279.6001.258063830035095530590787548770,0,5.0,1.0,6.0,4.0,5.0,1.0,1.0,5.0,3.0,,11,30.0
1.3.6.1.4.1.14519.5.2.1.6279.6001.316911475886263032009840828684,Nodule 001,4.0,4.0,6.0,2.0,3.0,2.0,2.0,2.0,4.0,1,6,9.0
1.3.6.1.4.1.14519.5.2.1.6279.6001.316911475886263032009840828684,10169,4.0,1.0,6.0,2.0,2.0,3.0,4.0,3.0,4.0,1,7,10.8
1.3.6.1.4.1.14519.5.2.1.6279.6001.316911475886263032009840828684,2817,3.0,1.0,6.0,2.0,1.0,4.0,4.0,1.0,3.0,,7,10.8
1.3.6.1.4.1.14519.5.2.1.6279.6001.111258527162678142285870245028,2732,3.0,1.0,6.0,2.0,3.0,2.0,1.0,1.0,5.0,1,6,6.25
1.3.6.1.4.1.14519.5.2.1.6279.6001.111258527162678142285870245028,2738,3.0,1.0,6.0,2.0,4.0,2.0,2.0,5.0,3.0,,8,8.75
1.3.6.1.4.1.14519.5.2.1.6279.6001.111258527162678142285870245028,2742,1.0,1.0,6.0,3.0,2.0,1.0,1.0,1.0,3.0,,6,2.5
1.3.6.1.4.1.14519.5.2.1.6279.6001.111258527162678142285870245028,Nodule 003,4.0,1.0,6.0,3.0,4.0,2.0,1.0,3.0,4.0,1,6,6.25
1.3.6.1.4.1.14519.5.2.1.6279.6001.111258527162678142285870245028,IL057_166171,4.0,1.0,6.0,4.0,3.0,3.0,2.0,1.0,4.0,1,8,8.75
1.3.6.1.4.1.14519.5.2.1.6279.6001.111258527162678142285870245028,IL057_166418,1.0,1.0,6.0,5.0,2.0,3.0,2.0,1.0,4.0,1,3,2.5
1.3.6.1.4.1.14519.5.2.1.6279.6001.111258527162678142285870245028,IL057_166420,1.0,1.0,6.0,4.0,2.0,3.0,2.0,1.0,4.0,1,3,2.5
1.3.6.1.4.1.14519.5.2.1.6279.6001.111258527162678142285870245028,IL057_166421,2.0,1.0,6.0,5.0,1.0,3.0,2.0,1.0,4.0,1,3,2.5
1.3.6.1.4.1.14519.5.2.1.6279.6001.111258527162678142285870245028,IL057_166422,1.0,1.0,6.0,5.0,1.0,2.0,2.0,1.0,4.0,1,4,3.75
1.3.6.1.4.1.14519.5.2.1.6279.6001.111258527162678142285870245028,IL057_166424,1.0,1.0,6.0,4.0,1.0,3.0,2.0,1.0,4.0,1,8,8.75
1.3.6.1.4.1.14519.5.2.1.6279.6001.111258527162678142285870245028,71288,5.0,1.0,6.0,4.0,2.0,2.0,3.0,1.0,3.0,,8,7.5
1.3.6.1.4.1.14519.5.2.1.6279.6001.111258527162678142285870245028,71291,3.0,1.0,6.0,4.0,1.0,1.0,2.0,1.0,3.0,,4,3.75
1.3.6.1.4.1.14519.5.2.1.6279.6001.111258527162678142285870245028,71284,3.0,1.0,6.0,3.0,1.0,3.0,3.0,1.0,3.0,,8,8.75
1.3.6.1.4.1.14519.5.2.1.6279.6001.111258527162678142285870245028,71292,3.0,1.0,6.0,3.0,1.0,1.0,2.0,1.0,3.0,,3,2.5
1.3.6.1.4.1.14519.5.2.1.6279.6001.111258527162678142285870245028,71289,3.0,1.0,6.0,3.0,1.0,1.0,2.0,1.0,3.0,,5,5.0
1.3.6.1.4.1.14519.5.2.1.6279.6001.111258527162678142285870245028,71297,3.0,1.0,6.0,3.0,1.0,1.0,2.0,1.0,3.0,,4,3.75
1.3.6.1.4.1.14519.5.2.1.6279.6001.111258527162678142285870245028,71290,3.0,1.0,6.0,4.0,1.0,1.0,2.0,1.0,3.0,,3,2.5
1.3.6.1.4.1.14519.5.2.1.6279.6001.270215889102603268207599305185,0,3.0,1.0,6.0,5.0,5.0,1.0,1.0,5.0,2.0,0,17,10.0
1.3.6.1.4.1.14519.5.2.1.6279.6001.270215889102603268207599305185,4,3.0,1.0,6.0,5.0,5.0,1.0,1.0,5.0,2.0,0,11,6.25
1.3.6.1.4.1.14519.5.2.1.6279.6001.270215889102603268207599305185,8,1.0,1.0,6.0,5.0,2.0,1.0,1.0,1.0,2.0,0,20,11.88
1.3.6.1.4.1.14519.5.2.1.6279.6001.270215889102603268207599305185,142070,3.0,1.0,6.0,5.0,4.0,2.0,2.0,5.0,3.0,,11,6.25
1.3.6.1.4.1.14519.5.2.1.6279.6001.270215889102603268207599305185,160792,2.0,1.0,6.0,5.0,5.0,1.0,1.0,5.0,3.0,,9,5.0
1.3.6.1.4.1.14519.5.2.1.6279.6001.270215889102603268207599305185,Nodule 002,3.0,1.0,6.0,3.0,4.0,2.0,1.0,5.0,4.0,1,10,5.62
1.3.6.1.4.1.14519.5.2.1.6279.6001.199261544234308780356714831537,Nodule 001,5.0,1.0,6.0,3.0,4.0,2.0,3.0,5.0,5.0,1,4,5.4
1.3.6.1.4.1.14519.5.2.1.6279.6001.199261544234308780356714831537,59853,5.0,1.0,6.0,4.0,4.0,1.0,1.0,4.0,4.0,1,4,5.4
1.3.6.1.4.1.14519.5.2.1.6279.6001.199261544234308780356714831537,59875,2.0,1.0,6.0,3.0,4.0,3.0,1.0,5.0,2.0,0,3,3.6
1.3.6.1.4.1.14519.5.2.1.6279.6001.199261544234308780356714831537,MI014_14565,5.0,1.0,6.0,4.0,2.0,1.0,1.0,4.0,4.0,1,4,5.4
1.3.6.1.4.1.14519.5.2.1.6279.6001.199261544234308780356714831537,MI014_14566,4.0,1.0,6.0,3.0,2.0,2.0,1.0,4.0,2.0,0,2,1.8
1.3.6.1.4.1.14519.5.2.1.6279.6001.199261544234308780356714831537,0,5.0,1.0,6.0,4.0,4.0,1.0,1.0,5.0,3.0,,4,5.4
1.3.6.1.4.1.14519.5.2.1.6279.6001.199261544234308780356714831537,3,5.0,1.0,3.0,3.0,5.0,1.0,1.0,5.0,1.0,0,5,7.2
1.3.6.1.4.1.14519.5.2.1.6279.6001.136756942516460150151065708673,77811,5.0,1.0,6.0,3.0,3.0,3.0,2.0,3.0,3.0,,4,9.0
1.3.6.1.4.1.14519.5.2.1.6279.6001.136756942516460150151065708673,74830,5.0,1.0,6.0,2.0,3.0,4.0,4.0,5.0,4.0,1,3,6.0
1.3.6.1.4.1.14519.5.2.1.6279.6001.136756942516460150151065708673,15083,4.0,1.0,6.0,2.0,3.0,4.0,2.0,4.0,3.0,,4,9.0
1.3.6.1.4.1.14519.5.2.1.6279.6001.136756942516460150151065708673,0,5.0,1.0,6.0,3.0,1.0,1.0,1.0,3.0,3.0,,5,12.0
1.3.6.1.4.1.14519.5.2.1.6279.6001.177252583002664900748714851615,IL057_202801,4.0,1.0,6.0,4.0,2.0,2.0,4.0,3.0,3.0,,7,7.5
1.3.6.1.4.1.14519.5.2.1.6279.6001.177252583002664900748714851615,06612,5.0,1.0,6.0,4.0,2.0,4.0,5.0,5.0,5.0,1,41,45.0
1.3.6.1.4.1.14519.5.2.1.6279.6001.177252583002664900748714851615,06616,5.0,1.0,6.0,3.0,2.0,2.0,2.0,3.0,3.0,,8,8.75
1.3.6.1.4.1.14519.5.2.1.6279.6001.177252583002664900748714851615,1150,5.0,1.0,6.0,4.0,4.0,5.0,4.0,5.0,5.0,1,26,31.25
1.3.6.1.4.1.14519.5.2.1.6279.6001.177252583002664900748714851615,1183,4.0,1.0,6.0,4.0,2.0,2.0,4.0,3.0,4.0,1,8,8.75
1.3.6.1.4.1.14519.5.2.1.6279.6001.177252583002664900748714851615,Nodule 002,5.0,1.0,6.0,4.0,4.0,1.0,1.0,5.0,4.0,1,3,2.5
1.3.6.1.4.1.14519.5.2.1.6279.6001.294188507421106424248264912111,54196,5.0,1.0,6.0,4.0,4.0,2.0,2.0,5.0,3.0,,4,3.75
1.3.6.1.4.1.14519.5.2.1.6279.6001.294188507421106424248264912111,54185,5.0,1.0,6.0,3.0,4.0,2.0,2.0,5.0,3.0,,8,8.75
1.3.6.1.4.1.14519.5.2.1.6279.6001.294188507421106424248264912111,54187,5.0,1.0,6.0,3.0,4.0,2.0,2.0,5.0,3.0,,5,5.0
1.3.6.1.4.1.14519.5.2.1.6279.6001.294188507421106424248264912111,Nodule 002,4.0,1.0,6.0,3.0,4.0,2.0,1.0,5.0,4.0,1,8,8.75
1.3.6.1.4.1.14519.5.2.1.6279.6001.294188507421106424248264912111,Nodule 001,4.0,1.0,6.0,3.0,5.0,1.0,1.0,5.0,4.0,1,3,2.5
1.3.6.1.4.1.14519.5.2.1.6279.6001.294188507421106424248264912111,Nodule 003,4.0,1.0,6.0,4.0,5.0,1.0,1.0,5.0,4.0,1,4,3.75
1.3.6.1.4.1.14519.5.2.1.6279.6001.294188507421106424248264912111,Nodule 004,4.0,1.0,6.0,3.0,5.0,1.0,1.0,5.0,4.0,1,2,1.25
1.3.6.1.4.1.14519.5.2.1.6279.6001.294188507421106424248264912111,9236,5.0,1.0,6.0,4.0,4.0,1.0,1.0,4.0,4.0,1,4,3.75
1.3.6.1.4.1.14519.5.2.1.6279.6001.294188507421106424248264912111,9232,4.0,1.0,6.0,4.0,2.0,1.0,1.0,3.0,3.0,,4,3.75
1.3.6.1.4.1.14519.5.2.1.6279.6001.294188507421106424248264912111,9224,5.0,1.0,6.0,3.0,3.0,1.0,1.0,4.0,4.0,1,9,10.0
1.3.6.1.4.1.14519.5.2.1.6279.6001.294188507421106424248264912111,9229,5.0,1.0,6.0,3.0,4.0,1.0,1.0,4.0,4.0,1,6,6.25
1.3.6.1.4.1.14519.5.2.1.6279.6001.123697637451437522065941162930,5491,3.0,1.0,6.0,3.0,1.0,1.0,1.0,1.0,5.0,1,19,21.25
1.3.6.1.4.1.14519.5.2.1.6279.6001.123697637451437522065941162930,IL057_196081,5.0,1.0,6.0,4.0,2.0,3.0,3.0,3.0,5.0,1,19,17.5
1.3.6.1.4.1.14519.5.2.1.6279.6001.123697637451437522065941162930,03376,5.0,1.0,6.0,4.0,1.0,4.0,5.0,5.0,5.0,1,20,23.75
1.3.6.1.4.1.14519.5.2.1.6279.6001.123697637451437522065941162930,Nodule 001,5.0,1.0,6.0,3.0,3.0,3.0,5.0,5.0,5.0,1,13,15.0
1.3.6.1.4.1.14519.5.2.1.6279.6001.154677396354641150280013275227,34969,5.0,1.0,6.0,2.0,4.0,1.0,4.0,5.0,1.0,0,18,17.0
1.3.6.1.4.1.14519.5.2.1.6279.6001.154677396354641150280013275227,Nodule 001,5.0,1.0,6.0,2.0,4.0,3.0,3.0,5.0,5.0,1,17,16.0
1.3.6.1.4.1.14519.5.2.1.6279.6001.154677396354641150280013275227,8170,5.0,1.0,5.0,3.0,3.0,2.0,2.0,5.0,4.0,1,16,13.0
1.3.6.1.4.1.14519.5.2.1.6279.6001.154677396354641150280013275227,1,5.0,1.0,6.0,5.0,5.0,3.0,1.0,5.0,3.0,,18,17.0
1.3.6.1.4.1.14519.5.2.1.6279.6001.406508755509460310384282367044,57493,5.0,1.0,6.0,3.0,3.0,3.0,1.0,4.0,5.0,1,4,9.0
1.3.6.1.4.1.14519.5.2.1.6279.6001.406508755509460310384282367044,57513,2.0,1.0,6.0,4.0,4.0,1.0,1.0,1.0,3.0,,2,3.0
1.3.6.1.4.1.14519.5.2.1.6279.6001.406508755509460310384282367044,57496,4.0,1.0,6.0,3.0,4.0,2.0,1.0,5.0,2.0,0,4,9.0
1.3.6.1.4.1.14519.5.2.1.6279.6001.406508755509460310384282367044,57505,3.0,1.0,6.0,3.0,3.0,1.0,2.0,4.0,2.0,0,3,6.0
1.3.6.1.4.1.14519.5.2.1.6279.6001.406508755509460310384282367044,57499,4.0,1.0,6.0,2.0,4.0,2.0,1.0,5.0,2.0,0,5,12.0
1.3.6.1.4.1.14519.5.2.1.6279.6001.406508755509460310384282367044,57507,3.0,1.0,6.0,3.0,4.0,1.0,2.0,5.0,2.0,0,3,6.0
1.3.6.1.4.1.14519.5.2.1.6279.6001.406508755509460310384282367044,40058,4.0,1.0,6.0,4.0,4.0,2.0,2.0,5.0,3.0,,2,3.0
1.3.6.1.4.1.14519.5.2.1.6279.6001.406508755509460310384282367044,40031,4.0,1.0,6.0,4.0,4.0,2.0,3.0,5.0,3.0,,2,3.0
1.3.6.1.4.1.14519.5.2.1.6279.6001.406508755509460310384282367044,40034,4.0,1.0,6.0,3.0,4.0,2.0,1.0,5.0,3.0,,2,3.0
1.3.6.1.4.1.14519.5.2.1.6279.6001.406508755509460310384282367044,40025,4.0,1.0,6.0,3.0,4.0,3.0,3.0,5.0,4.0,1,3,6.0
1.3.6.1.4.1.14519.5.2.1.6279.6001.406508755509460310384282367044,13717,3.0,1.0,6.0,2.0,2.0,2.0,2.0,3.0,3.0,,3,6.0
1.3.6.1.4.1.14519.5.2.1.6279.6001.406508755509460310384282367044,13710,2.0,1.0,6.0,3.0,3.0,2.0,4.0,4.0,3.0,,3,6.0
1.3.6.1.4.1.14519.5.2.1.6279.6001.406508755509460310384282367044,13707,4.0,1.0,6.0,3.0,3.0,3.0,3.0,4.0,3.0,,3,6.0
1.3.6.1.4.1.14519.5.2.1.6279.6001.406508755509460310384282367044,0,5.0,1.0,6.0,5.0,5.0,4.0,1.0,5.0,3.0,,4,9.0
1.3.6.1.4.1.14519.5.2.1.6279.6001.406508755509460310384282367044,2,5.0,1.0,6.0,5.0,5.0,4.0,1.0,5.0,3.0,,2,3.0
1.3.6.1.4.1.14519.5.2.1.6279.6001.406508755509460310384282367044,3,5.0,1.0,6.0,5.0,4.0,1.0,3.0,4.0,4.0,1,2,3.0
1.3.6.1.4.1.14519.5.2.1.6279.6001.406508755509460310384282367044,4,3.0,1.0,6.0,5.0,5.0,1.0,1.0,5.0,2.0,0,4,9.0
1.3.6.1.4.1.14519.5.2.1.6279.6001.406508755509460310384282367044,6,3.0,1.0,6.0,5.0,5.0,1.0,1.0,5.0,2.0,0,3,6.0
1.3.6.1.4.1.14519.5.2.1.6279.6001.322682676064999314374885526223,14003,5.0,1.0,6.0,4.0,4.0,2.0,2.0,4.0,2.0,0,3,6.0
1.3.6.1.4.1.14519.5.2.1.6279.6001.322682676064999314374885526223,14000,5.0,1.0,6.0,3.0,4.0,3.0,2.0,5.0,2.0,0,3,6.0
1.3.6.1.4.1.14519.5.2.1.6279.6001.322682676064999314374885526223,13997,5.0,1.0,6.0,2.0,4.0,3.0,5.0,5.0,4.0,1,4,9.0
1.3.6.1.4.1.14519.5.2.1.6279.6001.322682676064999314374885526223,14011,4.0,1.0,6.0,5.0,5.0,1.0,1.0,4.0,2.0,0,1,0.0
1.3.6.1.4.1.14519.5.2.1.6279.6001.322682676064999314374885526223,14007,5.0,1.0,6.0,5.0,5.0,1.0,1.0,5.0,3.0,,4,9.0
1.3.6.1.4.1.14519.5.2.1.6279.6001.322682676064999314374885526223,50549,4.0,1.0,6.0,5.0,4.0,2.0,2.0,5.0,3.0,,3,6.0
1.3.6.1.4.1.14519.5.2.1.6279.6001.322682676064999314374885526223,50553,3.0,1.0,6.0,5.0,4.0,1.0,1.0,5.0,3.0,,2,3.0
1.3.6.1.4.1.14519.5.2.1.6279.6001.322682676064999314374885526223,50577,3.0,1.0,6.0,4.0,5.0,2.0,1.0,5.0,3.0,,2,3.0
1.3.6.1.4.1.14519.5.2.1.6279.6001.322682676064999314374885526223,50557,2.0,1.0,6.0,4.0,5.0,1.0,1.0,5.0,2.0,0,1,0.0
1.3.6.1.4.1.14519.5.2.1.6279.6001.322682676064999314374885526223,50559,5.0,1.0,6.0,3.0,3.0,2.0,2.0,5.0,4.0,1,3,6.0
1.3.6.1.4.1.14519.5.2.1.6279.6001.322682676064999314374885526223,13369,4.0,1.0,6.0,3.0,2.0,3.0,3.0,3.0,3.0,,3,6.0
1.3.6.1.4.1.14519.5.2.1.6279.6001.322682676064999314374885526223,13374,2.0,1.0,6.0,4.0,4.0,3.0,2.0,4.0,3.0,,3,6.0
1.3.6.1.4.1.14519.5.2.1.6279.6001.322682676064999314374885526223,13396,1.0,1.0,6.0,4.0,4.0,1.0,2.0,4.0,2.0,0,2,3.0
1.3.6.1.4.1.14519.5.2.1.6279.6001.322682676064999314374885526223,15892,1.0,1.0,6.0,4.0,3.0,1.0,1.0,2.0,3.0,,1,0.0
1.3.6.1.4.1.14519.5.2.1.6279.6001.322682676064999314374885526223,0,5.0,1.0,6.0,4.0,5.0,1.0,1.0,5.0,3.0,,3,6.0
1.3.6.1.4.1.14519.5.2.1.6279.6001.322682676064999314374885526223,2,5.0,1.0,6.0,3.0,4.0,1.0,1.0,5.0,3.0,,2,3.0
1.3.6.1.4.1.14519.5.2.1.6279.6001.322682676064999314374885526223,3,5.0,1.0,6.0,3.0,1.0,1.0,3.0,4.0,3.0,,3,6.0
1.3.6.1.4.1.14519.5.2.1.6279.6001.322682676064999314374885526223,5,5.0,1.0,6.0,4.0,3.0,1.0,1.0,5.0,3.0,,3,6.0
1.3.6.1.4.1.14519.5.2.1.6279.6001.322682676064999314374885526223,8,5.0,1.0,6.0,5.0,5.0,1.0,1.0,5.0,3.0,,3,6.0
1.3.6.1.4.1.14519.5.2.1.6279.6001.122763913896761494371822656720,4848,1.0,1.0,6.0,3.0,3.0,1.0,1.0,3.0,1.0,0,2,2.5
1.3.6.1.4.1.14519.5.2.1.6279.6001.122763913896761494371822656720,Nodule 001,4.0,1.0,6.0,5.0,5.0,1.0,1.0,5.0,3.0,,2,2.5
1.3.6.1.4.1.14519.5.2.1.6279.6001.439153572396640163898529626096,57771,4.0,1.0,6.0,4.0,4.0,1.0,2.0,5.0,1.0,0,8,4.9
1.3.6.1.4.1.14519.5.2.1.6279.6001.439153572396640163898529626096,44881,5.0,1.0,3.0,5.0,5.0,2.0,1.0,5.0,1.0,0,10,6.3
1.3.6.1.4.1.14519.5.2.1.6279.6001.439153572396640163898529626096,13493,4.0,1.0,6.0,4.0,4.0,3.0,2.0,4.0,3.0,,10,6.3
1.3.6.1.4.1.14519.5.2.1.6279.6001.124154461048929153767743874565,Nodule 001,4.0,1.0,6.0,4.0,5.0,1.0,1.0,5.0,3.0,,5,7.2
1.3.6.1.4.1.14519.5.2.1.6279.6001.124154461048929153767743874565,14909,4.0,1.0,6.0,4.0,5.0,3.0,1.0,5.0,3.0,,4,5.4
1.3.6.1.4.1.14519.5.2.1.6279.6001.124154461048929153767743874565,2109,5.0,1.0,6.0,4.0,5.0,1.0,1.0,5.0,3.0,,6,9.0
1.3.6.1.4.1.14519.5.2.1.6279.6001.124154461048929153767743874565,0,5.0,1.0,6.0,3.0,4.0,1.0,1.0,5.0,2.0,0,7,10.8
1.3.6.1.4.1.14519.5.2.1.6279.6001.957384617596077920906744920611,Nodule 005,3.0,1.0,6.0,3.0,4.0,1.0,1.0,4.0,3.0,,4,5.4
1.3.6.1.4.1.14519.5.2.1.6279.6001.957384617596077920906744920611,Nodule 007,3.0,1.0,6.0,3.0,5.0,1.0,1.0,5.0,3.0,,2,1.8
1.3.6.1.4.1.14519.5.2.1.6279.6001.231002159523969307155990628066,IL057_166096,4.0,1.0,3.0,3.0,5.0,1.0,3.0,5.0,1.0,0,6,6.25
1.3.6.1.4.1.14519.5.2.1.6279.6001.231002159523969307155990628066,IL057_166404,4.0,1.0,3.0,3.0,5.0,1.0,1.0,5.0,1.0,0,2,1.25
1.3.6.1.4.1.14519.5.2.1.6279.6001.231002159523969307155990628066,3504,5.0,1.0,3.0,5.0,5.0,1.0,1.0,5.0,1.0,0,8,8.75
1.3.6.1.4.1.14519.5.2.1.6279.6001.231002159523969307155990628066,3585,4.0,1.0,6.0,3.0,5.0,1.0,1.0,5.0,3.0,,5,5.0
1.3.6.1.4.1.14519.5.2.1.6279.6001.231002159523969307155990628066,68557,4.0,1.0,6.0,2.0,4.0,1.0,2.0,5.0,3.0,,5,5.0
1.3.6.1.4.1.14519.5.2.1.6279.6001.231002159523969307155990628066,68554,5.0,1.0,3.0,3.0,5.0,1.0,4.0,5.0,1.0,0,8,8.75
1.3.6.1.4.1.14519.5.2.1.6279.6001.231002159523969307155990628066,68562,1.0,1.0,3.0,5.0,5.0,1.0,2.0,5.0,1.0,0,3,2.5
1.3.6.1.4.1.14519.5.2.1.6279.6001.231002159523969307155990628066,68560,4.0,1.0,3.0,3.0,5.0,1.0,1.0,5.0,1.0,0,2,1.25
1.3.6.1.4.1.14519.5.2.1.6279.6001.231002159523969307155990628066,Nodule 001,4.0,1.0,6.0,3.0,5.0,1.0,1.0,5.0,2.0,0,5,5.0
1.3.6.1.4.1.14519.5.2.1.6279.6001.231002159523969307155990628066,Nodule 003,4.0,1.0,3.0,5.0,5.0,1.0,1.0,5.0,1.0,0,2,1.25
1.3.6.1.4.1.14519.5.2.1.6279.6001.231002159523969307155990628066,Nodule 004,4.0,1.0,6.0,4.0,4.0,2.0,1.0,5.0,4.0,1,8,8.75
1.3.6.1.4.1.14519.5.2.1.6279.6001.235381170872316280538332229850,Nodule 003,4.0,1.0,6.0,3.0,5.0,1.0,1.0,5.0,3.0,,2,3.0
1.3.6.1.4.1.14519.5.2.1.6279.6001.235381170872316280538332229850,Nodule 005,4.0,1.0,6.0,2.0,5.0,1.0,1.0,5.0,1.0,0,2,3.0
1.3.6.1.4.1.14519.5.2.1.6279.6001.235381170872316280538332229850,Nodule 001,3.0,1.0,6.0,5.0,5.0,1.0,1.0,5.0,3.0,,2,3.0
1.3.6.1.4.1.14519.5.2.1.6279.6001.235381170872316280538332229850,13243,3.0,1.0,6.0,3.0,4.0,2.0,1.0,5.0,3.0,,2,3.0
1.3.6.1.4.1.14519.5.2.1.6279.6001.235381170872316280538332229850,13228,4.0,1.0,6.0,3.0,5.0,1.0,1.0,5.0,2.0,0,3,6.0
1.3.6.1.4.1.14519.5.2.1.6279.6001.235381170872316280538332229850,MI014_7937,3.0,1.0,6.0,3.0,5.0,1.0,1.0,5.0,3.0,,3,6.0
1.3.6.1.4.1.14519.5.2.1.6279.6001.235381170872316280538332229850,MI014_7939,3.0,1.0,6.0,3.0,3.0,1.0,1.0,4.0,3.0,,2,3.0
1.3.6.1.4.1.14519.5.2.1.6279.6001.235381170872316280538332229850,0,5.0,1.0,6.0,5.0,5.0,1.0,1.0,5.0,3.0,,3,6.0
1.3.6.1.4.1.14519.5.2.1.6279.6001.235381170872316280538332229850,2,5.0,1.0,6.0,5.0,5.0,1.0,1.0,5.0,2.0,0,2,3.0
1.3.6.1.4.1.14519.5.2.1.6279.6001.334166493392278943610545989413,2511,4.0,1.0,6.0,5.0,5.0,4.0,4.0,5.0,3.0,,4,5.4
1.3.6.1.4.1.14519.5.2.1.6279.6001.334166493392278943610545989413,2515,3.0,1.0,6.0,4.0,5.0,5.0,5.0,5.0,3.0,,2,1.8
1.3.6.1.4.1.14519.5.2.1.6279.6001.334166493392278943610545989413,1070,3.0,1.0,6.0,2.0,4.0,5.0,5.0,5.0,2.0,0,5,7.2
1.3.6.1.4.1.14519.5.2.1.6279.6001.725023183844147505748475581290,54667,4.0,1.0,6.0,2.0,2.0,3.0,4.0,5.0,5.0,1,46,26.0
1.3.6.1.4.1.14519.5.2.1.6279.6001.725023183844147505748475581290,Nodule 001,5.0,1.0,6.0,2.0,3.0,2.0,4.0,5.0,5.0,1,16,15.0
1.3.6.1.4.1.14519.5.2.1.6279.6001.725023183844147505748475581290,9268,4.0,1.0,6.0,2.0,1.0,3.0,3.0,5.0,4.0,1,36,26.0
1.3.6.1.4.1.14519.5.2.1.6279.6001.725023183844147505748475581290,0,5.0,1.0,6.0,5.0,5.0,3.0,5.0,5.0,3.0,,17,16.0
1.3.6.1.4.1.14519.5.2.1.6279.6001.302403227435841351528721627052,7036,3.0,1.0,6.0,5.0,4.0,2.0,2.0,4.0,3.0,,3,2.5
1.3.6.1.4.1.14519.5.2.1.6279.6001.302403227435841351528721627052,7040,2.0,1.0,6.0,4.0,4.0,2.0,2.0,4.0,3.0,,3,2.5
1.3.6.1.4.1.14519.5.2.1.6279.6001.302403227435841351528721627052,IL057_156855,3.0,1.0,6.0,5.0,3.0,2.0,2.0,5.0,4.0,1,3,2.5
1.3.6.1.4.1.14519.5.2.1.6279.6001.302403227435841351528721627052,IL057_156859,3.0,1.0,6.0,4.0,4.0,1.0,1.0,5.0,3.0,,3,2.5
1.3.6.1.4.1.14519.5.2.1.6279.6001.302403227435841351528721627052,40425,5.0,1.0,6.0,4.0,4.0,2.0,2.0,5.0,3.0,,3,2.5
1.3.6.1.4.1.14519.5.2.1.6279.6001.302403227435841351528721627052,52097,4.0,1.0,6.0,4.0,3.0,2.0,1.0,5.0,3.0,,3,2.5
1.3.6.1.4.1.14519.5.2.1.6279.6001.302403227435841351528721627052,Nodule 002,4.0,1.0,6.0,4.0,4.0,2.0,2.0,4.0,4.0,1,3,2.5
1.3.6.1.4.1.14519.5.2.1.6279.6001.302403227435841351528721627052,Nodule 003,4.0,1.0,6.0,4.0,4.0,2.0,2.0,4.0,4.0,1,2,1.25
1.3.6.1.4.1.14519.5.2.1.6279.6001.303865116731361029078599241306,NIHCA_14310,2.0,1.0,6.0,3.0,4.0,4.0,1.0,5.0,3.0,,2,2.5
1.3.6.1.4.1.14519.5.2.1.6279.6001.303865116731361029078599241306,Nodule 002,4.0,1.0,6.0,2.0,4.0,1.0,1.0,5.0,2.0,0,2,2.5
1.3.6.1.4.1.14519.5.2.1.6279.6001.303865116731361029078599241306,Nodule 001,4.0,1.0,6.0,4.0,5.0,1.0,1.0,5.0,3.0,,3,5.0
1.3.6.1.4.1.14519.5.2.1.6279.6001.303865116731361029078599241306,Nodule 003,3.0,1.0,6.0,5.0,4.0,1.0,2.0,5.0,3.0,,2,2.5
1.3.6.1.4.1.14519.5.2.1.6279.6001.156322145453198768801776721493,1,5.0,1.0,6.0,5.0,4.0,1.0,1.0,5.0,3.0,,6,3.12
1.3.6.1.4.1.14519.5.2.1.6279.6001.156322145453198768801776721493,3,5.0,1.0,6.0,4.0,4.0,1.0,1.0,5.0,3.0,,4,1.88
1.3.6.1.4.1.14519.5.2.1.6279.6001.316900421002460665752357657094,Nodule 001,5.0,1.0,6.0,2.0,4.0,4.0,1.0,4.0,5.0,1,21,24.0
1.3.6.1.4.1.14519.5.2.1.6279.6001.316900421002460665752357657094,Nodule 002,4.0,1.0,6.0,2.0,5.0,5.0,4.0,5.0,4.0,1,8,14.0
1.3.6.1.4.1.14519.5.2.1.6279.6001.316900421002460665752357657094,5026,4.0,1.0,6.0,2.0,3.0,3.0,4.0,5.0,3.0,,7,12.0
1.3.6.1.4.1.14519.5.2.1.6279.6001.316900421002460665752357657094,5022,5.0,1.0,6.0,4.0,3.0,1.0,2.0,5.0,5.0,1,39,24.0
1.3.6.1.4.1.14519.5.2.1.6279.6001.316900421002460665752357657094,3064,4.0,1.0,6.0,3.0,4.0,4.0,4.0,5.0,3.0,,6,10.0
1.3.6.1.4.1.14519.5.2.1.6279.6001.316900421002460665752357657094,3060,5.0,1.0,6.0,5.0,3.0,2.0,2.0,4.0,5.0,1,16,20.0
1.3.6.1.4.1.14519.5.2.1.6279.6001.316900421002460665752357657094,0,5.0,1.0,6.0,3.0,2.0,5.0,4.0,4.0,5.0,1,17,24.0
1.3.6.1.4.1.14519.5.2.1.6279.6001.316900421002460665752357657094,1,3.0,1.0,6.0,2.0,4.0,2.0,2.0,5.0,2.0,0,8,14.0
1.3.6.1.4.1.14519.5.2.1.6279.6001.159996104466052855396410079250,Nodule 001,5.0,1.0,6.0,2.0,4.0,4.0,3.0,5.0,5.0,1,11,11.25
1.3.6.1.4.1.14519.5.2.1.6279.6001.159996104466052855396410079250,Nodule 002,3.0,1.0,6.0,2.0,4.0,5.0,5.0,4.0,3.0,,6,6.25
1.3.6.1.4.1.14519.5.2.1.6279.6001.159996104466052855396410079250,4245,4.0,1.0,6.0,3.0,2.0,1.0,2.0,5.0,5.0,1,32,26.25
1.3.6.1.4.1.14519.5.2.1.6279.6001.159996104466052855396410079250,2970,4.0,1.0,3.0,5.0,5.0,5.0,5.0,5.0,1.0,0,3,2.5
1.3.6.1.4.1.14519.5.2.1.6279.6001.159996104466052855396410079250,2959,2.0,1.0,6.0,4.0,4.0,5.0,5.0,5.0,2.0,0,5,5.0
1.3.6.1.4.1.14519.5.2.1.6279.6001.159996104466052855396410079250,2950,3.0,1.0,6.0,4.0,4.0,5.0,3.0,4.0,2.0,0,6,6.25
1.3.6.1.4.1.14519.5.2.1.6279.6001.159996104466052855396410079250,2944,4.0,1.0,6.0,4.0,3.0,4.0,3.0,5.0,3.0,,9,10.0
1.3.6.1.4.1.14519.5.2.1.6279.6001.159996104466052855396410079250,2948,2.0,1.0,6.0,4.0,4.0,5.0,5.0,5.0,3.0,,4,3.75
1.3.6.1.4.1.14519.5.2.1.6279.6001.159996104466052855396410079250,0,4.0,1.0,6.0,3.0,3.0,4.0,3.0,5.0,3.0,,10,11.25
1.3.6.1.4.1.14519.5.2.1.6279.6001.104577655443617884345707415897,12573,5.0,1.0,6.0,3.0,5.0,5.0,4.0,5.0,2.0,0,2,3.0
1.3.6.1.4.1.14519.5.2.1.6279.6001.104577655443617884345707415897,12577,5.0,1.0,6.0,4.0,4.0,5.0,5.0,5.0,2.0,0,3,6.0
1.3.6.1.4.1.14519.5.2.1.6279.6001.104577655443617884345707415897,12595,5.0,1.0,6.0,3.0,3.0,5.0,5.0,5.0,3.0,,4,9.0
1.3.6.1.4.1.14519.5.2.1.6279.6001.104577655443617884345707415897,12600,2.0,1.0,6.0,4.0,2.0,5.0,5.0,5.0,1.0,0,1,0.0
1.3.6.1.4.1.14519.5.2.1.6279.6001.104577655443617884345707415897,12604,3.0,1.0,6.0,4.0,1.0,4.0,5.0,4.0,4.0,1,3,6.0
1.3.6.1.4.1.14519.5.2.1.6279.6001.104577655443617884345707415897,12608,3.0,1.0,6.0,4.0,3.0,5.0,5.0,4.0,2.0,0,2,3.0
1.3.6.1.4.1.14519.5.2.1.6279.6001.104577655443617884345707415897,16706,4.0,1.0,6.0,3.0,3.0,3.0,3.0,5.0,3.0,,2,3.0
1.3.6.1.4.1.14519.5.2.1.6279.6001.104577655443617884345707415897,16710,4.0,1.0,6.0,4.0,4.0,4.0,3.0,5.0,3.0,,3,6.0
1.3.6.1.4.1.14519.5.2.1.6279.6001.104577655443617884345707415897,16724,4.0,1.0,6.0,4.0,3.0,4.0,3.0,5.0,3.0,,3,6.0
1.3.6.1.4.1.14519.5.2.1.6279.6001.104577655443617884345707415897,16728,4.0,1.0,6.0,3.0,3.0,2.0,3.0,5.0,4.0,1,4,9.0
1.3.6.1.4.1.14519.5.2.1.6279.6001.104577655443617884345707415897,16737,4.0,1.0,6.0,4.0,3.0,3.0,2.0,5.0,4.0,1,3,6.0
1.3.6.1.4.1.14519.5.2.1.6279.6001.104577655443617884345707415897,16741,4.0,1.0,6.0,3.0,2.0,2.0,4.0,3.0,3.0,,2,3.0
1.3.6.1.4.1.14519.5.2.1.6279.6001.104577655443617884345707415897,16747,4.0,1.0,6.0,3.0,2.0,5.0,4.0,5.0,3.0,,1,0.0
1.3.6.1.4.1.14519.5.2.1.6279.6001.104577655443617884345707415897,2155,2.0,1.0,6.0,4.0,3.0,4.0,3.0,3.0,3.0,,3,6.0
1.3.6.1.4.1.14519.5.2.1.6279.6001.104577655443617884345707415897,2169,2.0,1.0,6.0,3.0,2.0,4.0,4.0,2.0,3.0,,3,6.0
1.3.6.1.4.1.14519.5.2.1.6279.6001.104577655443617884345707415897,2173,4.0,1.0,6.0,3.0,2.0,3.0,4.0,2.0,3.0,,4,9.0
1.3.6.1.4.1.14519.5.2.1.6279.6001.104577655443617884345707415897,2177,1.0,1.0,6.0,4.0,2.0,3.0,4.0,1.0,3.0,,1,0.0
1.3.6.1.4.1.14519.5.2.1.6279.6001.104577655443617884345707415897,2202,1.0,1.0,6.0,3.0,2.0,3.0,5.0,2.0,3.0,,2,3.0
1.3.6.1.4.1.14519.5.2.1.6279.6001.104577655443617884345707415897,2179,1.0,1.0,6.0,3.0,2.0,4.0,5.0,2.0,3.0,,3,6.0
1.3.6.1.4.1.14519.5.2.1.6279.6001.104577655443617884345707415897,2182,3.0,1.0,6.0,4.0,3.0,3.0,4.0,4.0,3.0,,4,9.0
1.3.6.1.4.1.14519.5.2.1.6279.6001.104577655443617884345707415897,2,3.0,1.0,6.0,3.0,3.0,2.0,1.0,1.0,2.0,0,4,9.0
1.3.6.1.4.1.14519.5.2.1.6279.6001.315187221221054114974341475212,74057,3.0,1.0,6.0,2.0,3.0,2.0,3.0,4.0,3.0,,5,4.0
1.3.6.1.4.1.14519.5.2.1.6279.6001.315187221221054114974341475212,74065,3.0,1.0,6.0,4.0,4.0,3.0,2.0,5.0,3.0,,3,2.0
1.3.6.1.4.1.14519.5.2.1.6279.6001.315187221221054114974341475212,74061,4.0,1.0,6.0,4.0,4.0,2.0,2.0,5.0,3.0,,4,3.0
1.3.6.1.4.1.14519.5.2.1.6279.6001.315187221221054114974341475212,75235,2.0,1.0,6.0,2.0,3.0,2.0,2.0,3.0,3.0,,4,3.0
1.3.6.1.4.1.14519.5.2.1.6279.6001.315187221221054114974341475212,Nodule 003,4.0,1.0,6.0,4.0,5.0,1.0,1.0,5.0,2.0,0,4,3.0
1.3.6.1.4.1.14519.5.2.1.6279.6001.315187221221054114974341475212,Nodule 001,4.0,1.0,6.0,5.0,5.0,1.0,1.0,5.0,2.0,0,4,3.0
1.3.6.1.4.1.14519.5.2.1.6279.6001.315187221221054114974341475212,Nodule 002,4.0,1.0,6.0,4.0,5.0,1.0,1.0,5.0,3.0,,3,2.0
1.3.6.1.4.1.14519.5.2.1.6279.6001.315187221221054114974341475212,Nodule 004,3.0,1.0,6.0,4.0,5.0,1.0,1.0,5.0,2.0,0,5,4.0
1.3.6.1.4.1.14519.5.2.1.6279.6001.315187221221054114974341475212,0,5.0,1.0,6.0,4.0,4.0,1.0,1.0,5.0,2.0,0,4,3.0
1.3.6.1.4.1.14519.5.2.1.6279.6001.315187221221054114974341475212,2,5.0,1.0,6.0,5.0,4.0,1.0,1.0,5.0,3.0,,4,3.0
1.3.6.1.4.1.14519.5.2.1.6279.6001.315187221221054114974341475212,3,5.0,1.0,6.0,5.0,4.0,1.0,1.0,5.0,3.0,,4,3.0
1.3.6.1.4.1.14519.5.2.1.6279.6001.315187221221054114974341475212,5,5.0,1.0,6.0,3.0,5.0,1.0,1.0,5.0,2.0,0,5,4.0
1.3.6.1.4.1.14519.5.2.1.6279.6001.266462563888243192390432002410,7436,5.0,1.0,6.0,4.0,1.0,5.0,2.0,5.0,5.0,1,16,33.0
1.3.6.1.4.1.14519.5.2.1.6279.6001.266462563888243192390432002410,13216,5.0,1.0,6.0,3.0,5.0,2.0,1.0,5.0,5.0,1,6,15.0
1.3.6.1.4.1.14519.5.2.1.6279.6001.266462563888243192390432002410,21342,5.0,1.0,6.0,4.0,4.0,4.0,2.0,5.0,5.0,1,9,21.0
1.3.6.1.4.1.14519.5.2.1.6279.6001.266462563888243192390432002410,21346,5.0,1.0,6.0,5.0,5.0,4.0,2.0,5.0,5.0,1,5,12.0
1.3.6.1.4.1.14519.5.2.1.6279.6001.266462563888243192390432002410,1736,5.0,1.0,6.0,3.0,3.0,4.0,1.0,5.0,5.0,1,12,33.0
1.3.6.1.4.1.14519.5.2.1.6279.6001.266462563888243192390432002410,1831,5.0,1.0,6.0,4.0,4.0,1.0,1.0,4.0,5.0,1,7,18.0
1.3.6.1.4.1.14519.5.2.1.6279.6001.266462563888243192390432002410,0,5.0,1.0,6.0,5.0,4.0,4.0,5.0,5.0,5.0,1,16,33.0
1.3.6.1.4.1.14519.5.2.1.6279.6001.266462563888243192390432002410,10,5.0,1.0,6.0,3.0,3.0,5.0,5.0,3.0,4.0,1,5,12.0
1.3.6.1.4.1.14519.5.2.1.6279.6001.199220738144407033276946096708,13501,2.0,1.0,6.0,2.0,5.0,1.0,1.0,5.0,2.0,0,4,3.0
1.3.6.1.4.1.14519.5.2.1.6279.6001.199220738144407033276946096708,Nodule 001,4.0,1.0,6.0,4.0,5.0,1.0,1.0,5.0,4.0,1,5,4.0
1.3.6.1.4.1.14519.5.2.1.6279.6001.199220738144407033276946096708,14060,5.0,1.0,6.0,5.0,4.0,1.0,1.0,4.0,4.0,1,5,4.0
1.3.6.1.4.1.14519.5.2.1.6279.6001.199220738144407033276946096708,1,3.0,1.0,6.0,5.0,5.0,1.0,1.0,5.0,2.0,0,6,5.0
1.3.6.1.4.1.14519.5.2.1.6279.6001.130438550890816550994739120843,IL057_91752,1.0,1.0,6.0,4.0,2.0,2.0,1.0,1.0,3.0,,3,2.5
1.3.6.1.4.1.14519.5.2.1.6279.6001.130438550890816550994739120843,6976,2.0,1.0,6.0,4.0,1.0,1.0,1.0,3.0,2.0,0,4,3.75
1.3.6.1.4.1.14519.5.2.1.6279.6001.130438550890816550994739120843,Nodule 002,5.0,1.0,6.0,4.0,5.0,1.0,1.0,5.0,4.0,1,4,3.75
1.3.6.1.4.1.14519.5.2.1.6279.6001.130438550890816550994739120843,Nodule 001,4.0,1.0,6.0,4.0,5.0,1.0,1.0,5.0,2.0,0,2,1.25
1.3.6.1.4.1.14519.5.2.1.6279.6001.323753921818102744511069914832,Nodule 001,4.0,1.0,6.0,2.0,4.0,2.0,2.0,4.0,4.0,1,51,26.88
1.3.6.1.4.1.14519.5.2.1.6279.6001.323753921818102744511069914832,Nodule 002,4.0,1.0,6.0,2.0,4.0,2.0,2.0,4.0,4.0,1,11,6.25
1.3.6.1.4.1.14519.5.2.1.6279.6001.323753921818102744511069914832,20976,3.0,1.0,6.0,3.0,2.0,2.0,2.0,3.0,3.0,,14,8.12
1.3.6.1.4.1.14519.5.2.1.6279.6001.323753921818102744511069914832,20972,5.0,1.0,6.0,4.0,4.0,3.0,2.0,5.0,5.0,1,43,25.62
1.3.6.1.4.1.14519.5.2.1.6279.6001.323753921818102744511069914832,0,5.0,1.0,6.0,2.0,4.0,2.0,2.0,5.0,2.0,0,68,34.38
1.3.6.1.4.1.14519.5.2.1.6279.6001.323753921818102744511069914832,1,5.0,1.0,6.0,3.0,5.0,2.0,2.0,5.0,3.0,,60,32.5
1.3.6.1.4.1.14519.5.2.1.6279.6001.323753921818102744511069914832,11786,3.0,1.0,6.0,4.0,2.0,1.0,3.0,3.0,2.0,0,17,8.12
1.3.6.1.4.1.14519.5.2.1.6279.6001.323753921818102744511069914832,11782,5.0,1.0,6.0,3.0,3.0,2.0,3.0,5.0,3.0,,65,32.5
1.3.6.1.4.1.14519.5.2.1.6279.6001.111496024928645603833332252962,Nodule 004,3.0,1.0,6.0,2.0,5.0,1.0,1.0,5.0,2.0,0,4,3.75
1.3.6.1.4.1.14519.5.2.1.6279.6001.111496024928645603833332252962,Nodule 003,4.0,1.0,6.0,4.0,5.0,1.0,1.0,5.0,2.0,0,6,6.25
1.3.6.1.4.1.14519.5.2.1.6279.6001.111496024928645603833332252962,Nodule 002,4.0,1.0,6.0,3.0,5.0,1.0,1.0,5.0,2.0,0,1,0.0
1.3.6.1.4.1.14519.5.2.1.6279.6001.111496024928645603833332252962,Nodule 007,4.0,1.0,6.0,4.0,5.0,2.0,1.0,5.0,3.0,,2,1.25
1.3.6.1.4.1.14519.5.2.1.6279.6001.111496024928645603833332252962,Nodule 008,4.0,1.0,6.0,4.0,5.0,1.0,1.0,5.0,2.0,0,3,2.5
1.3.6.1.4.1.14519.5.2.1.6279.6001.111496024928645603833332252962,54272,4.0,1.0,6.0,3.0,5.0,1.0,3.0,5.0,3.0,,2,1.25
1.3.6.1.4.1.14519.5.2.1.6279.6001.111496024928645603833332252962,54260,5.0,1.0,6.0,3.0,5.0,1.0,3.0,5.0,3.0,,4,3.75
1.3.6.1.4.1.14519.5.2.1.6279.6001.111496024928645603833332252962,54270,4.0,1.0,6.0,4.0,4.0,1.0,4.0,5.0,3.0,,2,1.25
1.3.6.1.4.1.14519.5.2.1.6279.6001.111496024928645603833332252962,54263,4.0,1.0,6.0,3.0,5.0,1.0,3.0,5.0,2.0,0,6,6.25
1.3.6.1.4.1.14519.5.2.1.6279.6001.111496024928645603833332252962,54275,3.0,1.0,6.0,3.0,5.0,3.0,1.0,5.0,3.0,,1,0.0
1.3.6.1.4.1.14519.5.2.1.6279.6001.111496024928645603833332252962,7387,1.0,1.0,6.0,3.0,3.0,2.0,2.0,4.0,3.0,,2,1.25
1.3.6.1.4.1.14519.5.2.1.6279.6001.111496024928645603833332252962,7385,2.0,1.0,6.0,4.0,3.0,3.0,2.0,4.0,3.0,,2,1.25
1.3.6.1.4.1.14519.5.2.1.6279.6001.111496024928645603833332252962,7378,2.0,1.0,6.0,3.0,4.0,2.0,2.0,4.0,3.0,,6,6.25
1.3.6.1.4.1.14519.5.2.1.6279.6001.111496024928645603833332252962,7375,3.0,1.0,6.0,3.0,3.0,2.0,2.0,4.0,3.0,,4,3.75
1.3.6.1.4.1.14519.5.2.1.6279.6001.111496024928645603833332252962,IL057_157084,2.0,1.0,6.0,5.0,4.0,1.0,1.0,5.0,3.0,,4,3.75
1.3.6.1.4.1.14519.5.2.1.6279.6001.111496024928645603833332252962,IL057_157088,3.0,1.0,6.0,4.0,4.0,1.0,1.0,5.0,3.0,,2,1.25
1.3.6.1.4.1.14519.5.2.1.6279.6001.111496024928645603833332252962,IL057_157078,3.0,1.0,6.0,2.0,4.0,1.0,2.0,5.0,3.0,,4,3.75
1.3.6.1.4.1.14519.5.2.1.6279.6001.160124400349792614505500125883,Nodule 003,3.0,1.0,6.0,4.0,5.0,1.0,1.0,5.0,2.0,0,8,17.5
1.3.6.1.4.1.14519.5.2.1.6279.6001.160124400349792614505500125883,33443,3.0,1.0,6.0,5.0,5.0,1.0,1.0,5.0,1.0,0,6,12.5
1.3.6.1.4.1.14519.5.2.1.6279.6001.160124400349792614505500125883,17,5.0,1.0,6.0,5.0,5.0,1.0,1.0,5.0,4.0,1,6,12.5
1.3.6.1.4.1.14519.5.2.1.6279.6001.160124400349792614505500125883,19377,3.0,1.0,6.0,5.0,5.0,1.0,1.0,5.0,3.0,,6,12.5
1.3.6.1.4.1.14519.5.2.1.6279.6001.271220641987745483198036913951,57469,5.0,1.0,6.0,2.0,2.0,3.0,1.0,5.0,2.0,0,32,14.0
1.3.6.1.4.1.14519.5.2.1.6279.6001.271220641987745483198036913951,40001,3.0,1.0,6.0,4.0,4.0,3.0,1.0,5.0,2.0,0,6,3.5
1.3.6.1.4.1.14519.5.2.1.6279.6001.271220641987745483198036913951,40010,4.0,1.0,6.0,2.0,4.0,3.0,1.0,5.0,2.0,0,15,7.7
1.3.6.1.4.1.14519.5.2.1.6279.6001.271220641987745483198036913951,13685,4.0,1.0,6.0,3.0,1.0,5.0,3.0,4.0,3.0,,10,6.3
1.3.6.1.4.1.14519.5.2.1.6279.6001.271220641987745483198036913951,0,5.0,1.0,6.0,3.0,2.0,1.0,1.0,4.0,3.0,,8,4.9
1.3.6.1.4.1.14519.5.2.1.6279.6001.271220641987745483198036913951,2,5.0,1.0,6.0,5.0,4.0,1.0,1.0,5.0,3.0,,3,1.4
1.3.6.1.4.1.14519.5.2.1.6279.6001.271220641987745483198036913951,5,5.0,1.0,6.0,2.0,2.0,3.0,3.0,5.0,4.0,1,22,11.2
1.3.6.1.4.1.14519.5.2.1.6279.6001.271220641987745483198036913951,7,5.0,1.0,6.0,5.0,5.0,1.0,1.0,5.0,3.0,,6,3.5
1.3.6.1.4.1.14519.5.2.1.6279.6001.387954549120924524005910602207,Nodule 005,3.0,1.0,6.0,4.0,5.0,1.0,1.0,5.0,2.0,0,4,3.0
1.3.6.1.4.1.14519.5.2.1.6279.6001.387954549120924524005910602207,Nodule 002,4.0,1.0,6.0,4.0,4.0,1.0,1.0,5.0,2.0,0,6,4.0
1.3.6.1.4.1.14519.5.2.1.6279.6001.387954549120924524005910602207,IL057_166479,3.0,1.0,6.0,4.0,3.0,3.0,2.0,4.0,3.0,,5,4.0
1.3.6.1.4.1.14519.5.2.1.6279.6001.387954549120924524005910602207,IL057_166480,1.0,1.0,6.0,5.0,3.0,2.0,1.0,4.0,3.0,,4,3.0
1.3.6.1.4.1.14519.5.2.1.6279.6001.387954549120924524005910602207,MI014_13872,1.0,1.0,6.0,3.0,5.0,1.0,1.0,5.0,3.0,,4,3.0
1.3.6.1.4.1.14519.5.2.1.6279.6001.387954549120924524005910602207,0,3.0,1.0,6.0,3.0,3.0,2.0,1.0,5.0,2.0,0,5,4.0
1.3.6.1.4.1.14519.5.2.1.6279.6001.157537616155071783765339942952,80877,5.0,1.0,6.0,2.0,4.0,2.0,4.0,4.0,1.0,0,4,9.0
1.3.6.1.4.1.14519.5.2.1.6279.6001.157537616155071783765339942952,80881,5.0,1.0,3.0,5.0,5.0,1.0,1.0,5.0,1.0,0,3,6.0
1.3.6.1.4.1.14519.5.2.1.6279.6001.157537616155071783765339942952,80887,5.0,1.0,3.0,5.0,5.0,1.0,1.0,5.0,1.0,0,3,6.0
1.3.6.1.4.1.14519.5.2.1.6279.6001.157537616155071783765339942952,80884,5.0,1.0,3.0,5.0,5.0,1.0,1.0,5.0,1.0,0,3,6.0
1.3.6.1.4.1.14519.5.2.1.6279.6001.157537616155071783765339942952,81858,5.0,1.0,4.0,4.0,5.0,1.0,1.0,5.0,2.0,0,3,6.0
1.3.6.1.4.1.14519.5.2.1.6279.6001.157537616155071783765339942952,85428,4.0,1.0,6.0,3.0,4.0,3.0,2.0,5.0,3.0,,3,6.0
1.3.6.1.4.1.14519.5.2.1.6279.6001.157537616155071783765339942952,85437,3.0,1.0,4.0,5.0,4.0,1.0,1.0,5.0,3.0,,2,3.0
1.3.6.1.4.1.14519.5.2.1.6279.6001.157537616155071783765339942952,85434,4.0,1.0,3.0,5.0,5.0,1.0,1.0,5.0,1.0,0,2,3.0
1.3.6.1.4.1.14519.5.2.1.6279.6001.157537616155071783765339942952,85431,4.0,1.0,5.0,5.0,5.0,1.0,1.0,5.0,1.0,0,2,3.0
1.3.6.1.4.1.14519.5.2.1.6279.6001.157537616155071783765339942952,15606,4.0,1.0,3.0,5.0,5.0,1.0,1.0,5.0,1.0,0,3,6.0
1.3.6.1.4.1.14519.5.2.1.6279.6001.157537616155071783765339942952,15609,2.0,1.0,3.0,4.0,4.0,1.0,1.0,5.0,1.0,0,2,3.0
1.3.6.1.4.1.14519.5.2.1.6279.6001.157537616155071783765339942952,15603,3.0,1.0,3.0,5.0,5.0,1.0,1.0,5.0,1.0,0,2,3.0
1.3.6.1.4.1.14519.5.2.1.6279.6001.157537616155071783765339942952,15599,2.0,1.0,6.0,2.0,2.0,3.0,3.0,2.0,3.0,,6,12.0
1.3.6.1.4.1.14519.5.2.1.6279.6001.157537616155071783765339942952,15611,2.0,1.0,4.0,5.0,4.0,1.0,1.0,4.0,3.0,,2,3.0
1.3.6.1.4.1.14519.5.2.1.6279.6001.157537616155071783765339942952,0,5.0,1.0,3.0,5.0,5.0,1.0,1.0,5.0,1.0,0,3,6.0
1.3.6.1.4.1.14519.5.2.1.6279.6001.157537616155071783765339942952,4,5.0,1.0,3.0,5.0,5.0,1.0,1.0,5.0,1.0,0,3,6.0
1.3.6.1.4.1.14519.5.2.1.6279.6001.157537616155071783765339942952,5,5.0,1.0,6.0,5.0,5.0,4.0,1.0,5.0,3.0,,5,12.0
1.3.6.1.4.1.14519.5.2.1.6279.6001.272343160521796269119503632549,77529,2.0,1.0,6.0,5.0,3.0,1.0,1.0,5.0,1.0,0,14,18.0
1.3.6.1.4.1.14519.5.2.1.6279.6001.272343160521796269119503632549,77537,5.0,1.0,6.0,5.0,5.0,1.0,1.0,5.0,1.0,0,3,6.0
1.3.6.1.4.1.14519.5.2.1.6279.6001.272343160521796269119503632549,77533,5.0,1.0,6.0,3.0,2.0,2.0,3.0,5.0,5.0,1,8,12.0
1.3.6.1.4.1.14519.5.2.1.6279.6001.272343160521796269119503632549,77542,2.0,1.0,6.0,4.0,4.0,1.0,1.0,5.0,1.0,0,2,3.0
1.3.6.1.4.1.14519.5.2.1.6279.6001.272343160521796269119503632549,74907,5.0,1.0,6.0,2.0,2.0,3.0,5.0,5.0,5.0,1,2,3.0
1.3.6.1.4.1.14519.5.2.1.6279.6001.272343160521796269119503632549,74914,4.0,1.0,6.0,5.0,5.0,1.0,1.0,5.0,3.0,,3,6.0
1.3.6.1.4.1.14519.5.2.1.6279.6001.272343160521796269119503632549,74911,4.0,1.0,6.0,3.0,4.0,2.0,2.0,5.0,3.0,,4,9.0
1.3.6.1.4.1.14519.5.2.1.6279.6001.272343160521796269119503632549,10175,5.0,1.0,6.0,2.0,1.0,5.0,3.0,5.0,5.0,1,7,9.0
1.3.6.1.4.1.14519.5.2.1.6279.6001.272343160521796269119503632549,10183,2.0,1.0,6.0,3.0,3.0,2.0,2.0,5.0,3.0,,3,6.0
1.3.6.1.4.1.14519.5.2.1.6279.6001.272343160521796269119503632549,10180,5.0,1.0,6.0,3.0,2.0,3.0,2.0,5.0,3.0,,4,9.0
1.3.6.1.4.1.14519.5.2.1.6279.6001.272343160521796269119503632549,11,5.0,1.0,6.0,5.0,4.0,1.0,5.0,4.0,4.0,1,4,9.0
1.3.6.1.4.1.14519.5.2.1.6279.6001.272343160521796269119503632549,12,3.0,1.0,6.0,5.0,5.0,1.0,1.0,5.0,2.0,0,3,6.0
1.3.6.1.4.1.14519.5.2.1.6279.6001.272343160521796269119503632549,16,5.0,1.0,6.0,5.0,5.0,4.0,1.0,5.0,3.0,,4,9.0
1.3.6.1.4.1.14519.5.2.1.6279.6001.690929968028676628605553365896,0,5.0,1.0,6.0,5.0,5.0,1.0,1.0,5.0,2.0,0,8,14.0
1.3.6.1.4.1.14519.5.2.1.6279.6001.690929968028676628605553365896,3048,5.0,1.0,6.0,5.0,5.0,1.0,1.0,5.0,5.0,1,8,14.0
1.3.6.1.4.1.14519.5.2.1.6279.6001.690929968028676628605553365896,3055,2.0,1.0,6.0,5.0,5.0,1.0,1.0,5.0,3.0,,3,4.0
1.3.6.1.4.1.14519.5.2.1.6279.6001.690929968028676628605553365896,4349,5.0,1.0,6.0,5.0,5.0,5.0,5.0,5.0,4.0,1,9,16.0
1.3.6.1.4.1.14519.5.2.1.6279.6001.690929968028676628605553365896,Nodule 001,5.0,1.0,6.0,4.0,5.0,5.0,5.0,5.0,4.0,1,8,14.0
1.3.6.1.4.1.14519.5.2.1.6279.6001.121108220866971173712229588402,Nodule 002,4.0,1.0,6.0,4.0,5.0,2.0,1.0,5.0,4.0,1,3,2.5
1.3.6.1.4.1.14519.5.2.1.6279.6001.121108220866971173712229588402,4989,3.0,1.0,6.0,4.0,4.0,1.0,1.0,4.0,3.0,,4,3.75
1.3.6.1.4.1.14519.5.2.1.6279.6001.121108220866971173712229588402,IL057_69834,2.0,1.0,6.0,5.0,4.0,1.0,1.0,5.0,2.0,0,2,1.25
1.3.6.1.4.1.14519.5.2.1.6279.6001.121108220866971173712229588402,IL057_69833,4.0,1.0,6.0,5.0,5.0,1.0,1.0,5.0,3.0,,3,2.5
1.3.6.1.4.1.14519.5.2.1.6279.6001.121108220866971173712229588402,6363,4.0,1.0,6.0,3.0,4.0,1.0,1.0,5.0,3.0,,4,3.75
1.3.6.1.4.1.14519.5.2.1.6279.6001.236452051640243530449001532111,Nodule 001,3.0,1.0,6.0,3.0,5.0,1.0,1.0,5.0,4.0,1,2,3.0
1.3.6.1.4.1.14519.5.2.1.6279.6001.236452051640243530449001532111,Nodule 003,5.0,1.0,3.0,5.0,5.0,1.0,1.0,5.0,1.0,0,3,6.0
1.3.6.1.4.1.14519.5.2.1.6279.6001.236452051640243530449001532111,13258,4.0,1.0,3.0,5.0,5.0,1.0,1.0,5.0,1.0,0,3,6.0
1.3.6.1.4.1.14519.5.2.1.6279.6001.236452051640243530449001532111,1,5.0,1.0,3.0,5.0,5.0,1.0,1.0,5.0,1.0,0,3,6.0
1.3.6.1.4.1.14519.5.2.1.6279.6001.272042302501586336192628818865,56355,2.0,1.0,6.0,4.0,3.0,1.0,1.0,1.0,3.0,,5,4.0
1.3.6.1.4.1.14519.5.2.1.6279.6001.272042302501586336192628818865,Nodule 002,4.0,1.0,6.0,4.0,5.0,1.0,1.0,5.0,3.0,,5,4.0
1.3.6.1.4.1.14519.5.2.1.6279.6001.272042302501586336192628818865,0,1.0,1.0,6.0,5.0,2.0,1.0,1.0,1.0,2.0,0,6,5.0
1.3.6.1.4.1.14519.5.2.1.6279.6001.272042302501586336192628818865,2,1.0,1.0,6.0,5.0,2.0,1.0,1.0,1.0,2.0,0,5,4.0
1.3.6.1.4.1.14519.5.2.1.6279.6001.908250781706513856628130123235,Nodule 002,4.0,1.0,6.0,5.0,5.0,1.0,1.0,5.0,2.0,0,3,2.5
1.3.6.1.4.1.14519.5.2.1.6279.6001.908250781706513856628130123235,Nodule 001,5.0,1.0,6.0,3.0,3.0,3.0,5.0,4.0,5.0,1,3,2.5
1.3.6.1.4.1.14519.5.2.1.6279.6001.908250781706513856628130123235,0869,5.0,1.0,6.0,4.0,4.0,1.0,1.0,5.0,5.0,1,5,5.0
1.3.6.1.4.1.14519.5.2.1.6279.6001.908250781706513856628130123235,0873,5.0,1.0,3.0,4.0,5.0,1.0,1.0,5.0,1.0,0,3,2.5
1.3.6.1.4.1.14519.5.2.1.6279.6001.908250781706513856628130123235,03668,5.0,1.0,6.0,3.0,4.0,1.0,2.0,5.0,3.0,,5,5.0
1.3.6.1.4.1.14519.5.2.1.6279.6001.908250781706513856628130123235,03663,5.0,1.0,6.0,2.0,1.0,4.0,2.0,5.0,3.0,,5,5.0
1.3.6.1.4.1.14519.5.2.1.6279.6001.908250781706513856628130123235,04656,5.0,1.0,3.0,5.0,5.0,2.0,1.0,5.0,1.0,0,3,2.5
1.3.6.1.4.1.14519.5.2.1.6279.6001.908250781706513856628130123235,IL057_196266,4.0,1.0,6.0,3.0,2.0,3.0,1.0,3.0,4.0,1,7,5.0
1.3.6.1.4.1.14519.5.2.1.6279.6001.908250781706513856628130123235,IL057_196271,5.0,1.0,6.0,4.0,5.0,1.0,1.0,5.0,2.0,0,4,3.75
1.3.6.1.4.1.14519.5.2.1.6279.6001.908250781706513856628130123235,IL057_201251,5.0,1.0,3.0,3.0,5.0,1.0,1.0,5.0,1.0,0,2,1.25
1.3.6.1.4.1.14519.5.2.1.6279.6001.112020141051733785092412736928,70289,1.0,1.0,6.0,4.0,2.0,2.0,1.0,1.0,3.0,,3,6.0
1.3.6.1.4.1.14519.5.2.1.6279.6001.112020141051733785092412736928,70290,5.0,1.0,3.0,4.0,1.0,4.0,2.0,4.0,1.0,0,3,6.0
1.3.6.1.4.1.14519.5.2.1.6279.6001.112020141051733785092412736928,69534,4.0,1.0,3.0,4.0,5.0,1.0,1.0,5.0,1.0,0,2,3.0
1.3.6.1.4.1.14519.5.2.1.6279.6001.112020141051733785092412736928,75868,1.0,1.0,6.0,5.0,1.0,1.0,1.0,1.0,3.0,,1,0.0
1.3.6.1.4.1.14519.5.2.1.6279.6001.112020141051733785092412736928,14289,5.0,1.0,3.0,3.0,5.0,1.0,1.0,5.0,1.0,0,3,6.0
1.3.6.1.4.1.14519.5.2.1.6279.6001.170344311940983984999167745197,2860,4.0,1.0,6.0,4.0,4.0,5.0,5.0,5.0,4.0,1,10,27.0
1.3.6.1.4.1.14519.5.2.1.6279.6001.147979688121667984912633630926,70351,5.0,1.0,6.0,5.0,4.0,1.0,1.0,5.0,4.0,1,10,27.0
1.3.6.1.4.1.14519.5.2.1.6279.6001.147979688121667984912633630926,14354,3.0,1.0,6.0,4.0,3.0,2.0,2.0,5.0,3.0,,9,24.0
1.3.6.1.4.1.14519.5.2.1.6279.6001.147979688121667984912633630926,4,2.0,1.0,6.0,5.0,5.0,1.0,1.0,5.0,2.0,0,2,3.0
1.3.6.1.4.1.14519.5.2.1.6279.6001.249450003033735700817635168066,Nodule 009,4.0,1.0,6.0,3.0,4.0,1.0,1.0,3.0,4.0,1,4,5.4
1.3.6.1.4.1.14519.5.2.1.6279.6001.249450003033735700817635168066,Nodule 008,4.0,1.0,6.0,4.0,5.0,1.0,1.0,5.0,3.0,,2,1.8
1.3.6.1.4.1.14519.5.2.1.6279.6001.249450003033735700817635168066,Nodule 007,4.0,1.0,6.0,4.0,5.0,1.0,1.0,5.0,3.0,,2,1.8
1.3.6.1.4.1.14519.5.2.1.6279.6001.249450003033735700817635168066,Nodule 006,3.0,1.0,6.0,2.0,5.0,1.0,1.0,5.0,3.0,,2,1.8
1.3.6.1.4.1.14519.5.2.1.6279.6001.249450003033735700817635168066,Nodule 005,4.0,1.0,6.0,4.0,5.0,1.0,1.0,5.0,3.0,,4,5.4
1.3.6.1.4.1.14519.5.2.1.6279.6001.249450003033735700817635168066,Nodule 004,4.0,1.0,6.0,2.0,5.0,1.0,1.0,5.0,3.0,,2,1.8
1.3.6.1.4.1.14519.5.2.1.6279.6001.249450003033735700817635168066,Nodule 010,3.0,1.0,6.0,2.0,5.0,1.0,1.0,5.0,3.0,,1,0.0
1.3.6.1.4.1.14519.5.2.1.6279.6001.249450003033735700817635168066,68374,2.0,1.0,6.0,5.0,2.0,1.0,1.0,1.0,2.0,0,2,1.8
1.3.6.1.4.1.14519.5.2.1.6279.6001.249450003033735700817635168066,68360,2.0,1.0,6.0,3.0,5.0,1.0,1.0,5.0,2.0,0,2,1.8
1.3.6.1.4.1.14519.5.2.1.6279.6001.249450003033735700817635168066,68353,5.0,1.0,6.0,4.0,5.0,1.0,1.0,5.0,4.0,1,4,5.4
1.3.6.1.4.1.14519.5.2.1.6279.6001.249450003033735700817635168066,68349,4.0,1.0,6.0,5.0,5.0,1.0,1.0,5.0,3.0,,2,1.8
1.3.6.1.4.1.14519.5.2.1.6279.6001.249450003033735700817635168066,68345,3.0,1.0,6.0,5.0,5.0,1.0,1.0,5.0,2.0,0,2,1.8
1.3.6.1.4.1.14519.5.2.1.6279.6001.249450003033735700817635168066,68337,2.0,1.0,6.0,3.0,5.0,1.0,1.0,5.0,3.0,,3,3.6
1.3.6.1.4.1.14519.5.2.1.6279.6001.249450003033735700817635168066,MI014_14414,4.0,1.0,6.0,4.0,4.0,1.0,1.0,4.0,3.0,,4,5.4
1.3.6.1.4.1.14519.5.2.1.6279.6001.249450003033735700817635168066,MI014_14423,2.0,1.0,6.0,4.0,4.0,1.0,1.0,4.0,3.0,,2,1.8
1.3.6.1.4.1.14519.5.2.1.6279.6001.249450003033735700817635168066,MI014_14426,3.0,1.0,6.0,4.0,4.0,1.0,1.0,4.0,3.0,,3,3.6
1.3.6.1.4.1.14519.5.2.1.6279.6001.249450003033735700817635168066,MI014_14432,1.0,1.0,6.0,2.0,4.0,1.0,1.0,2.0,3.0,,2,1.8
1.3.6.1.4.1.14519.5.2.1.6279.6001.249450003033735700817635168066,MI014_14419,3.0,1.0,6.0,4.0,4.0,1.0,1.0,5.0,3.0,,3,3.6
1.3.6.1.4.1.14519.5.2.1.6279.6001.249450003033735700817635168066,0,3.0,1.0,6.0,5.0,5.0,1.0,1.0,5.0,2.0,0,4,5.4
1.3.6.1.4.1.14519.5.2.1.6279.6001.249450003033735700817635168066,1,1.0,1.0,6.0,5.0,2.0,1.0,1.0,1.0,2.0,0,4,5.4
1.3.6.1.4.1.14519.5.2.1.6279.6001.249450003033735700817635168066,3,3.0,1.0,6.0,5.0,5.0,1.0,1.0,5.0,2.0,0,3,3.6
1.3.6.1.4.1.14519.5.2.1.6279.6001.249450003033735700817635168066,4,3.0,1.0,6.0,5.0,5.0,1.0,1.0,5.0,2.0,0,3,3.6
1.3.6.1.4.1.14519.5.2.1.6279.6001.249450003033735700817635168066,5,3.0,1.0,6.0,5.0,5.0,1.0,1.0,5.0,2.0,0,4,5.4
1.3.6.1.4.1.14519.5.2.1.6279.6001.125067060506283419853742462394,Nodule 004,2.0,1.0,6.0,4.0,5.0,1.0,1.0,3.0,2.0,0,3,5.0
1.3.6.1.4.1.14519.5.2.1.6279.6001.179209990684978588019929720099,206836,5.0,1.0,6.0,3.0,5.0,1.0,3.0,5.0,4.0,1,6,5.0
1.3.6.1.4.1.14519.5.2.1.6279.6001.179209990684978588019929720099,206841,3.0,1.0,6.0,2.0,4.0,3.0,1.0,5.0,1.0,0,4,3.0
1.3.6.1.4.1.14519.5.2.1.6279.6001.179209990684978588019929720099,196535,5.0,1.0,6.0,4.0,5.0,1.0,1.0,5.0,3.0,,8,7.0
1.3.6.1.4.1.14519.5.2.1.6279.6001.179209990684978588019929720099,196549,1.0,1.0,6.0,5.0,5.0,1.0,1.0,5.0,2.0,0,4,3.0
1.3.6.1.4.1.14519.5.2.1.6279.6001.179209990684978588019929720099,196543,4.0,1.0,3.0,5.0,5.0,1.0,1.0,5.0,1.0,0,5,4.0
1.3.6.1.4.1.14519.5.2.1.6279.6001.179209990684978588019929720099,196553,2.0,1.0,6.0,3.0,5.0,1.0,1.0,5.0,2.0,0,4,3.0
1.3.6.1.4.1.14519.5.2.1.6279.6001.179209990684978588019929720099,196538,3.0,1.0,6.0,3.0,3.0,1.0,2.0,4.0,3.0,,3,2.0
1.3.6.1.4.1.14519.5.2.1.6279.6001.179209990684978588019929720099,205789,4.0,1.0,3.0,5.0,5.0,1.0,1.0,5.0,1.0,0,3,2.0
1.3.6.1.4.1.14519.5.2.1.6279.6001.179209990684978588019929720099,205790,3.0,1.0,3.0,5.0,5.0,1.0,1.0,5.0,1.0,0,4,3.0
1.3.6.1.4.1.14519.5.2.1.6279.6001.179209990684978588019929720099,205791,3.0,1.0,3.0,5.0,5.0,1.0,1.0,5.0,1.0,0,4,3.0
1.3.6.1.4.1.14519.5.2.1.6279.6001.179209990684978588019929720099,15498,5.0,1.0,6.0,3.0,5.0,1.0,1.0,1.0,3.0,,7,6.0
1.3.6.1.4.1.14519.5.2.1.6279.6001.179209990684978588019929720099,15562,4.0,1.0,6.0,2.0,4.0,3.0,1.0,5.0,4.0,1,3,2.0
1.3.6.1.4.1.14519.5.2.1.6279.6001.179209990684978588019929720099,0,5.0,1.0,6.0,4.0,5.0,3.0,2.0,5.0,3.0,,7,6.0
1.3.6.1.4.1.14519.5.2.1.6279.6001.179209990684978588019929720099,4,5.0,1.0,6.0,5.0,5.0,1.0,2.0,5.0,2.0,0,5,4.0
1.3.6.1.4.1.14519.5.2.1.6279.6001.179209990684978588019929720099,14,5.0,1.0,6.0,4.0,4.0,1.0,1.0,5.0,2.0,0,6,5.0
1.3.6.1.4.1.14519.5.2.1.6279.6001.179209990684978588019929720099,16,4.0,1.0,6.0,4.0,4.0,2.0,1.0,5.0,1.0,0,7,6.0
1.3.6.1.4.1.14519.5.2.1.6279.6001.179209990684978588019929720099,17,4.0,1.0,6.0,4.0,4.0,2.0,2.0,5.0,2.0,0,5,4.0
1.3.6.1.4.1.14519.5.2.1.6279.6001.292868422368935585625620199750,1251,5.0,1.0,6.0,5.0,5.0,4.0,5.0,5.0,3.0,,4,9.0
1.3.6.1.4.1.14519.5.2.1.6279.6001.292868422368935585625620199750,1292,2.0,1.0,6.0,3.0,3.0,5.0,5.0,5.0,3.0,,2,3.0
1.3.6.1.4.1.14519.5.2.1.6279.6001.292868422368935585625620199750,1,3.0,1.0,6.0,3.0,4.0,2.0,1.0,4.0,2.0,0,3,6.0
1.3.6.1.4.1.14519.5.2.1.6279.6001.292868422368935585625620199750,3,5.0,1.0,3.0,4.0,5.0,2.0,1.0,5.0,1.0,0,4,9.0
1.3.6.1.4.1.14519.5.2.1.6279.6001.292868422368935585625620199750,3211,5.0,1.0,3.0,5.0,5.0,5.0,5.0,5.0,1.0,0,4,9.0
1.3.6.1.4.1.14519.5.2.1.6279.6001.292868422368935585625620199750,3237,4.0,1.0,6.0,5.0,5.0,4.0,5.0,5.0,4.0,1,2,3.0
1.3.6.1.4.1.14519.5.2.1.6279.6001.292868422368935585625620199750,4642,5.0,1.0,3.0,4.0,5.0,5.0,5.0,5.0,1.0,0,4,9.0
1.3.6.1.4.1.14519.5.2.1.6279.6001.292868422368935585625620199750,4939,2.0,1.0,6.0,4.0,4.0,5.0,4.0,5.0,2.0,0,4,9.0
1.3.6.1.4.1.14519.5.2.1.6279.6001.449780571702869645673186059985,80380,4.0,1.0,6.0,3.0,2.0,1.0,1.0,5.0,2.0,0,10,9.0
1.3.6.1.4.1.14519.5.2.1.6279.6001.449780571702869645673186059985,80386,3.0,1.0,6.0,4.0,3.0,1.0,1.0,5.0,1.0,0,5,4.0
1.3.6.1.4.1.14519.5.2.1.6279.6001.449780571702869645673186059985,80385,2.0,1.0,6.0,5.0,3.0,1.0,1.0,1.0,2.0,0,13,12.0
1.3.6.1.4.1.14519.5.2.1.6279.6001.449780571702869645673186059985,80375,4.0,1.0,6.0,5.0,4.0,1.0,1.0,5.0,2.0,0,19,18.0
1.3.6.1.4.1.14519.5.2.1.6279.6001.449780571702869645673186059985,84998,4.0,1.0,6.0,3.0,4.0,1.0,2.0,5.0,3.0,,7,6.0
1.3.6.1.4.1.14519.5.2.1.6279.6001.449780571702869645673186059985,92971,3.0,1.0,6.0,5.0,4.0,2.0,2.0,5.0,3.0,,13,12.0
1.3.6.1.4.1.14519.5.2.1.6279.6001.449780571702869645673186059985,16494,5.0,1.0,6.0,4.0,4.0,2.0,2.0,4.0,4.0,1,9,8.0
1.3.6.1.4.1.14519.5.2.1.6279.6001.449780571702869645673186059985,16503,4.0,1.0,6.0,4.0,4.0,1.0,1.0,3.0,3.0,,4,3.0
1.3.6.1.4.1.14519.5.2.1.6279.6001.449780571702869645673186059985,16500,4.0,1.0,6.0,5.0,4.0,1.0,1.0,3.0,3.0,,12,11.0
1.3.6.1.4.1.14519.5.2.1.6279.6001.449780571702869645673186059985,16493,5.0,1.0,6.0,4.0,4.0,1.0,2.0,4.0,4.0,1,20,19.0
1.3.6.1.4.1.14519.5.2.1.6279.6001.449780571702869645673186059985,0,5.0,1.0,6.0,5.0,4.0,1.0,5.0,4.0,4.0,1,10,9.0
1.3.6.1.4.1.14519.5.2.1.6279.6001.449780571702869645673186059985,6,3.0,1.0,6.0,5.0,5.0,1.0,1.0,5.0,2.0,0,12,11.0
1.3.6.1.4.1.14519.5.2.1.6279.6001.440226700369921575481834344455,Nodule 007,3.0,1.0,6.0,4.0,4.0,2.0,1.0,3.0,3.0,,2,1.8
1.3.6.1.4.1.14519.5.2.1.6279.6001.440226700369921575481834344455,Nodule 001,5.0,1.0,6.0,2.0,4.0,3.0,3.0,4.0,5.0,1,7,10.8
1.3.6.1.4.1.14519.5.2.1.6279.6001.440226700369921575481834344455,13380,5.0,1.0,6.0,4.0,2.0,4.0,2.0,5.0,5.0,1,6,9.0
1.3.6.1.4.1.14519.5.2.1.6279.6001.440226700369921575481834344455,MI014_537,5.0,1.0,6.0,4.0,3.0,4.0,1.0,4.0,5.0,1,6,9.0
1.3.6.1.4.1.14519.5.2.1.6279.6001.440226700369921575481834344455,0,5.0,1.0,6.0,5.0,5.0,5.0,1.0,5.0,3.0,,6,9.0
1.3.6.1.4.1.14519.5.2.1.6279.6001.184412674007117333405073397832,IL057_166246,4.0,1.0,3.0,3.0,5.0,4.0,1.0,5.0,1.0,0,5,5.0
1.3.6.1.4.1.14519.5.2.1.6279.6001.184412674007117333405073397832,Nodule 001,4.0,1.0,6.0,3.0,4.0,2.0,1.0,5.0,3.0,,6,6.25
1.3.6.1.4.1.14519.5.2.1.6279.6001.184412674007117333405073397832,3669,3.0,1.0,6.0,2.0,3.0,2.0,2.0,5.0,3.0,,6,6.25
1.3.6.1.4.1.14519.5.2.1.6279.6001.184412674007117333405073397832,68637,5.0,1.0,3.0,2.0,5.0,4.0,1.0,5.0,1.0,0,7,6.25
1.3.6.1.4.1.14519.5.2.1.6279.6001.207544473852086582434957174616,0,5.0,1.0,6.0,3.0,5.0,2.0,1.0,5.0,4.0,1,4,9.0
1.3.6.1.4.1.14519.5.2.1.6279.6001.207544473852086582434957174616,12344,2.0,1.0,6.0,4.0,1.0,1.0,1.0,3.0,2.0,0,4,9.0
1.3.6.1.4.1.14519.5.2.1.6279.6001.207544473852086582434957174616,16333,5.0,1.0,6.0,4.0,2.0,4.0,4.0,5.0,4.0,1,3,6.0
1.3.6.1.4.1.14519.5.2.1.6279.6001.207544473852086582434957174616,2069,4.0,1.0,6.0,4.0,2.0,3.0,2.0,3.0,3.0,,4,9.0
1.3.6.1.4.1.14519.5.2.1.6279.6001.802846969823720586279982179144,14415,5.0,1.0,6.0,5.0,5.0,2.0,2.0,5.0,5.0,1,3,6.0
1.3.6.1.4.1.14519.5.2.1.6279.6001.802846969823720586279982179144,50495,5.0,1.0,6.0,5.0,4.0,1.0,1.0,5.0,4.0,1,3,6.0
1.3.6.1.4.1.14519.5.2.1.6279.6001.802846969823720586279982179144,13332,4.0,1.0,6.0,5.0,4.0,2.0,2.0,4.0,3.0,,4,9.0
1.3.6.1.4.1.14519.5.2.1.6279.6001.802846969823720586279982179144,1,5.0,1.0,6.0,5.0,2.0,1.0,1.0,5.0,3.0,,5,12.0
1.3.6.1.4.1.14519.5.2.1.6279.6001.149594025507110912206042203576,80842,5.0,1.0,6.0,2.0,2.0,4.0,4.0,4.0,5.0,1,7,18.0
1.3.6.1.4.1.14519.5.2.1.6279.6001.149594025507110912206042203576,81876,4.0,1.0,6.0,4.0,3.0,2.0,2.0,3.0,3.0,,3,6.0
1.3.6.1.4.1.14519.5.2.1.6279.6001.149594025507110912206042203576,85396,5.0,1.0,6.0,4.0,4.0,2.0,2.0,5.0,3.0,,3,6.0
1.3.6.1.4.1.14519.5.2.1.6279.6001.149594025507110912206042203576,85393,5.0,1.0,6.0,3.0,2.0,4.0,4.0,5.0,4.0,1,6,15.0
1.3.6.1.4.1.14519.5.2.1.6279.6001.149594025507110912206042203576,15567,4.0,1.0,6.0,4.0,3.0,2.0,3.0,4.0,3.0,,3,6.0
1.3.6.1.4.1.14519.5.2.1.6279.6001.149594025507110912206042203576,15564,4.0,1.0,6.0,3.0,2.0,3.0,2.0,3.0,3.0,,5,12.0
1.3.6.1.4.1.14519.5.2.1.6279.6001.149594025507110912206042203576,4,5.0,1.0,6.0,4.0,3.0,3.0,4.0,5.0,4.0,1,4,9.0
1.3.6.1.4.1.14519.5.2.1.6279.6001.149594025507110912206042203576,5,5.0,1.0,6.0,3.0,4.0,4.0,4.0,5.0,4.0,1,7,12.0
1.3.6.1.4.1.14519.5.2.1.6279.6001.205615524269596458818376243313,167100,4.0,1.0,3.0,5.0,5.0,1.0,1.0,5.0,1.0,0,5,2.5
1.3.6.1.4.1.14519.5.2.1.6279.6001.326084450802794941185111945926,80525,5.0,1.0,6.0,4.0,5.0,1.0,2.0,5.0,3.0,,5,12.0
1.3.6.1.4.1.14519.5.2.1.6279.6001.326084450802794941185111945926,80532,5.0,1.0,6.0,3.0,4.0,1.0,2.0,5.0,3.0,,3,6.0
1.3.6.1.4.1.14519.5.2.1.6279.6001.326084450802794941185111945926,80523,5.0,1.0,6.0,3.0,5.0,1.0,3.0,5.0,4.0,1,8,21.0
1.3.6.1.4.1.14519.5.2.1.6279.6001.326084450802794941185111945926,80519,5.0,1.0,6.0,3.0,4.0,1.0,2.0,5.0,4.0,1,8,21.0
1.3.6.1.4.1.14519.5.2.1.6279.6001.326084450802794941185111945926,80529,5.0,1.0,3.0,5.0,5.0,1.0,1.0,5.0,1.0,0,4,9.0
1.3.6.1.4.1.14519.5.2.1.6279.6001.326084450802794941185111945926,80536,4.0,1.0,3.0,3.0,4.0,1.0,1.0,5.0,1.0,0,2,3.0
1.3.6.1.4.1.14519.5.2.1.6279.6001.326084450802794941185111945926,85082,5.0,1.0,6.0,4.0,5.0,1.0,1.0,5.0,3.0,,5,12.0
1.3.6.1.4.1.14519.5.2.1.6279.6001.326084450802794941185111945926,85077,5.0,1.0,6.0,3.0,5.0,3.0,2.0,5.0,3.0,,9,21.0
1.3.6.1.4.1.14519.5.2.1.6279.6001.326084450802794941185111945926,85087,5.0,1.0,3.0,5.0,5.0,1.0,1.0,5.0,1.0,0,3,6.0
1.3.6.1.4.1.14519.5.2.1.6279.6001.326084450802794941185111945926,85074,5.0,1.0,6.0,3.0,5.0,1.0,1.0,5.0,3.0,,8,21.0
1.3.6.1.4.1.14519.5.2.1.6279.6001.326084450802794941185111945926,85091,4.0,1.0,6.0,5.0,3.0,2.0,1.0,5.0,3.0,,3,6.0
1.3.6.1.4.1.14519.5.2.1.6279.6001.326084450802794941185111945926,16612,5.0,1.0,6.0,4.0,5.0,1.0,1.0,5.0,4.0,1,5,12.0
1.3.6.1.4.1.14519.5.2.1.6279.6001.326084450802794941185111945926,16622,5.0,1.0,6.0,4.0,4.0,1.0,1.0,4.0,4.0,1,3,6.0
1.3.6.1.4.1.14519.5.2.1.6279.6001.326084450802794941185111945926,16608,5.0,1.0,6.0,3.0,5.0,2.0,1.0,5.0,5.0,1,9,21.0
1.3.6.1.4.1.14519.5.2.1.6279.6001.326084450802794941185111945926,16618,5.0,1.0,3.0,5.0,5.0,1.0,1.0,5.0,1.0,0,3,6.0
1.3.6.1.4.1.14519.5.2.1.6279.6001.326084450802794941185111945926,16604,5.0,1.0,6.0,4.0,5.0,1.0,1.0,5.0,5.0,1,9,24.0
1.3.6.1.4.1.14519.5.2.1.6279.6001.326084450802794941185111945926,0,3.0,1.0,6.0,5.0,5.0,1.0,1.0,5.0,2.0,0,5,12.0
1.3.6.1.4.1.14519.5.2.1.6279.6001.326084450802794941185111945926,3,5.0,1.0,3.0,5.0,5.0,1.0,1.0,5.0,1.0,0,5,12.0
1.3.6.1.4.1.14519.5.2.1.6279.6001.326084450802794941185111945926,4,3.0,1.0,6.0,5.0,5.0,1.0,1.0,5.0,2.0,0,3,6.0
1.3.6.1.4.1.14519.5.2.1.6279.6001.326084450802794941185111945926,5,5.0,1.0,6.0,5.0,5.0,1.0,1.0,5.0,2.0,0,9,24.0
1.3.6.1.4.1.14519.5.2.1.6279.6001.326084450802794941185111945926,6,5.0,1.0,6.0,5.0,5.0,1.0,1.0,5.0,2.0,0,9,24.0
1.3.6.1.4.1.14519.5.2.1.6279.6001.618434772073433276874225174904,IL057_69279,4.0,1.0,6.0,2.0,4.0,4.0,1.0,5.0,2.0,0,4,3.75
1.3.6.1.4.1.14519.5.2.1.6279.6001.618434772073433276874225174904,0941,3.0,1.0,6.0,2.0,1.0,3.0,3.0,5.0,4.0,1,3,2.5
1.3.6.1.4.1.14519.5.2.1.6279.6001.618434772073433276874225174904,0780,3.0,1.0,6.0,2.0,4.0,2.0,3.0,5.0,2.0,0,4,3.75
1.3.6.1.4.1.14519.5.2.1.6279.6001.618434772073433276874225174904,Nodule 001,3.0,1.0,6.0,4.0,5.0,1.0,1.0,5.0,3.0,,4,3.75
1.3.6.1.4.1.14519.5.2.1.6279.6001.297251044869095073091780740645,Nodule 001,4.0,1.0,6.0,5.0,5.0,1.0,1.0,5.0,3.0,,11,6.25
1.3.6.1.4.1.14519.5.2.1.6279.6001.297251044869095073091780740645,21710,2.0,1.0,6.0,5.0,5.0,1.0,1.0,5.0,2.0,0,6,3.12
1.3.6.1.4.1.14519.5.2.1.6279.6001.483655032093002252444764787700,50262,3.0,1.0,6.0,2.0,3.0,1.0,1.0,4.0,2.0,0,9,5.0
1.3.6.1.4.1.14519.5.2.1.6279.6001.483655032093002252444764787700,Nodule 002,5.0,1.0,6.0,4.0,5.0,1.0,1.0,5.0,2.0,0,7,3.75
1.3.6.1.4.1.14519.5.2.1.6279.6001.483655032093002252444764787700,25580,4.0,1.0,6.0,3.0,4.0,3.0,2.0,4.0,3.0,,8,4.38
1.3.6.1.4.1.14519.5.2.1.6279.6001.292994770358625142596171316474,3378,3.0,1.0,6.0,4.0,3.0,2.0,2.0,5.0,3.0,,2,1.25
1.3.6.1.4.1.14519.5.2.1.6279.6001.292994770358625142596171316474,Nodule 001,5.0,1.0,3.0,5.0,5.0,1.0,1.0,5.0,1.0,0,3,2.5
1.3.6.1.4.1.14519.5.2.1.6279.6001.292994770358625142596171316474,Nodule 002,4.0,1.0,6.0,4.0,4.0,1.0,1.0,5.0,3.0,,3,2.5
1.3.6.1.4.1.14519.5.2.1.6279.6001.292994770358625142596171316474,IL057_156626,3.0,1.0,6.0,3.0,4.0,1.0,1.0,5.0,3.0,,4,3.75
1.3.6.1.4.1.14519.5.2.1.6279.6001.292994770358625142596171316474,61634,5.0,1.0,6.0,3.0,4.0,3.0,2.0,5.0,3.0,,3,2.5
1.3.6.1.4.1.14519.5.2.1.6279.6001.799582546798528864710752164515,Nodule 001,4.0,1.0,6.0,4.0,5.0,2.0,1.0,5.0,4.0,1,8,4.38
1.3.6.1.4.1.14519.5.2.1.6279.6001.799582546798528864710752164515,10463,4.0,1.0,6.0,5.0,4.0,3.0,3.0,5.0,3.0,,10,5.62
1.3.6.1.4.1.14519.5.2.1.6279.6001.799582546798528864710752164515,29623,4.0,1.0,6.0,4.0,4.0,1.0,1.0,1.0,1.0,0,11,6.25
1.3.6.1.4.1.14519.5.2.1.6279.6001.231645134739451754302647733304,Nodule 003,4.0,1.0,6.0,4.0,5.0,1.0,1.0,5.0,2.0,0,3,2.5
1.3.6.1.4.1.14519.5.2.1.6279.6001.231645134739451754302647733304,Nodule 002,3.0,1.0,6.0,4.0,5.0,1.0,1.0,5.0,2.0,0,2,1.25
1.3.6.1.4.1.14519.5.2.1.6279.6001.231645134739451754302647733304,IL057_166269,3.0,1.0,6.0,3.0,3.0,3.0,1.0,2.0,3.0,,2,1.25
1.3.6.1.4.1.14519.5.2.1.6279.6001.231645134739451754302647733304,IL057_166478,3.0,1.0,6.0,4.0,3.0,3.0,1.0,4.0,3.0,,3,2.5
1.3.6.1.4.1.14519.5.2.1.6279.6001.826812708000318290301835871780,0,3.0,1.0,6.0,5.0,5.0,1.0,4.0,5.0,4.0,1,15,8.75
1.3.6.1.4.1.14519.5.2.1.6279.6001.826812708000318290301835871780,6,5.0,1.0,3.0,5.0,5.0,1.0,1.0,5.0,1.0,0,9,5.0
1.3.6.1.4.1.14519.5.2.1.6279.6001.826812708000318290301835871780,Nodule 002,5.0,1.0,3.0,4.0,5.0,1.0,1.0,5.0,1.0,0,8,4.38
1.3.6.1.4.1.14519.5.2.1.6279.6001.826812708000318290301835871780,Nodule 001,5.0,1.0,6.0,3.0,4.0,2.0,2.0,5.0,4.0,1,14,7.5
1.3.6.1.4.1.14519.5.2.1.6279.6001.826812708000318290301835871780,37632,4.0,1.0,6.0,5.0,1.0,1.0,3.0,3.0,1.0,0,18,9.38
1.3.6.1.4.1.14519.5.2.1.6279.6001.826812708000318290301835871780,37636,4.0,1.0,3.0,4.0,5.0,1.0,1.0,5.0,1.0,0,8,4.38
1.3.6.1.4.1.14519.5.2.1.6279.6001.826812708000318290301835871780,25466,4.0,1.0,6.0,4.0,1.0,5.0,4.0,2.0,4.0,1,9,3.75
1.3.6.1.4.1.14519.5.2.1.6279.6001.826812708000318290301835871780,25443,4.0,1.0,3.0,5.0,5.0,1.0,1.0,5.0,1.0,0,6,3.12
1.3.6.1.4.1.14519.5.2.1.6279.6001.119806527488108718706404165837,Nodule 001,4.0,1.0,6.0,4.0,5.0,1.0,1.0,5.0,4.0,1,13,7.5
1.3.6.1.4.1.14519.5.2.1.6279.6001.119806527488108718706404165837,Nodule 002,3.0,1.0,6.0,4.0,5.0,2.0,1.0,5.0,2.0,0,4,1.88
1.3.6.1.4.1.14519.5.2.1.6279.6001.119806527488108718706404165837,1,3.0,1.0,6.0,5.0,5.0,1.0,1.0,5.0,2.0,0,15,8.75
1.3.6.1.4.1.14519.5.2.1.6279.6001.119806527488108718706404165837,52347,2.0,1.0,6.0,3.0,3.0,2.0,2.0,4.0,2.0,0,5,2.5
1.3.6.1.4.1.14519.5.2.1.6279.6001.119806527488108718706404165837,52351,3.0,1.0,6.0,3.0,5.0,1.0,2.0,5.0,2.0,0,13,7.5
1.3.6.1.4.1.14519.5.2.1.6279.6001.119806527488108718706404165837,60019,2.0,1.0,6.0,2.0,4.0,1.0,1.0,5.0,1.0,0,13,7.5
1.3.6.1.4.1.14519.5.2.1.6279.6001.295462530340364058116953738925,57088,2.0,1.0,6.0,2.0,3.0,1.0,1.0,5.0,2.0,0,5,5.0
1.3.6.1.4.1.14519.5.2.1.6279.6001.295462530340364058116953738925,57084,5.0,1.0,6.0,3.0,4.0,1.0,1.0,5.0,5.0,1,11,12.5
1.3.6.1.4.1.14519.5.2.1.6279.6001.295462530340364058116953738925,Nodule 002,5.0,1.0,6.0,2.0,3.0,3.0,3.0,5.0,5.0,1,11,12.5
1.3.6.1.4.1.14519.5.2.1.6279.6001.295462530340364058116953738925,Nodule 007,4.0,1.0,6.0,2.0,4.0,2.0,1.0,5.0,4.0,1,4,3.75
1.3.6.1.4.1.14519.5.2.1.6279.6001.295462530340364058116953738925,44387,2.0,1.0,6.0,3.0,3.0,3.0,2.0,5.0,3.0,,4,3.75
1.3.6.1.4.1.14519.5.2.1.6279.6001.295462530340364058116953738925,44390,5.0,1.0,6.0,4.0,4.0,4.0,2.0,5.0,5.0,1,9,10.0
1.3.6.1.4.1.14519.5.2.1.6279.6001.295462530340364058116953738925,4,5.0,1.0,3.0,4.0,5.0,1.0,1.0,5.0,1.0,0,5,5.0
1.3.6.1.4.1.14519.5.2.1.6279.6001.295462530340364058116953738925,6,5.0,1.0,6.0,3.0,3.0,4.0,1.0,5.0,3.0,,10,11.25
1.3.6.1.4.1.14519.5.2.1.6279.6001.135792297492008425859352725148,74969,4.0,1.0,6.0,5.0,3.0,2.0,2.0,3.0,3.0,,3,6.0
1.3.6.1.4.1.14519.5.2.1.6279.6001.135792297492008425859352725148,10242,4.0,4.0,6.0,3.0,3.0,2.0,2.0,5.0,3.0,,2,3.0
1.3.6.1.4.1.14519.5.2.1.6279.6001.620476670380256054392660616754,74160,3.0,1.0,6.0,3.0,4.0,1.0,1.0,4.0,3.0,,2,3.0
1.3.6.1.4.1.14519.5.2.1.6279.6001.620476670380256054392660616754,74157,5.0,1.0,3.0,3.0,5.0,1.0,1.0,5.0,1.0,0,2,3.0
1.3.6.1.4.1.14519.5.2.1.6279.6001.620476670380256054392660616754,74156,4.0,1.0,6.0,2.0,4.0,1.0,1.0,5.0,3.0,,2,3.0
1.3.6.1.4.1.14519.5.2.1.6279.6001.620476670380256054392660616754,74152,4.0,1.0,6.0,3.0,4.0,1.0,3.0,4.0,3.0,,2,3.0
1.3.6.1.4.1.14519.5.2.1.6279.6001.620476670380256054392660616754,81577,3.0,1.0,3.0,5.0,5.0,1.0,1.0,5.0,1.0,0,2,3.0
1.3.6.1.4.1.14519.5.2.1.6279.6001.620476670380256054392660616754,69583,3.0,1.0,6.0,3.0,4.0,1.0,1.0,5.0,3.0,,3,6.0
1.3.6.1.4.1.14519.5.2.1.6279.6001.620476670380256054392660616754,69579,4.0,1.0,6.0,3.0,5.0,1.0,2.0,5.0,3.0,,5,12.0
1.3.6.1.4.1.14519.5.2.1.6279.6001.620476670380256054392660616754,14573,3.0,1.0,6.0,2.0,4.0,2.0,1.0,4.0,3.0,,4,9.0
1.3.6.1.4.1.14519.5.2.1.6279.6001.620476670380256054392660616754,14577,3.0,1.0,3.0,4.0,5.0,1.0,1.0,5.0,1.0,0,2,3.0
1.3.6.1.4.1.14519.5.2.1.6279.6001.620476670380256054392660616754,14568,3.0,1.0,6.0,4.0,2.0,2.0,2.0,3.0,3.0,,5,12.0
1.3.6.1.4.1.14519.5.2.1.6279.6001.620476670380256054392660616754,0,5.0,1.0,6.0,5.0,5.0,1.0,1.0,5.0,3.0,,2,3.0
1.3.6.1.4.1.14519.5.2.1.6279.6001.620476670380256054392660616754,1,5.0,1.0,6.0,3.0,3.0,1.0,1.0,5.0,2.0,0,3,6.0
1.3.6.1.4.1.14519.5.2.1.6279.6001.620476670380256054392660616754,2,5.0,1.0,3.0,5.0,5.0,1.0,1.0,5.0,1.0,0,3,6.0
1.3.6.1.4.1.14519.5.2.1.6279.6001.620476670380256054392660616754,3,5.0,1.0,6.0,3.0,4.0,1.0,1.0,5.0,2.0,0,3,6.0
1.3.6.1.4.1.14519.5.2.1.6279.6001.620476670380256054392660616754,4,5.0,1.0,6.0,3.0,1.0,1.0,1.0,3.0,2.0,0,3,6.0
1.3.6.1.4.1.14519.5.2.1.6279.6001.262736997975960398949912434623,Nodule 001,3.0,1.0,6.0,5.0,5.0,1.0,1.0,5.0,3.0,,3,3.6
1.3.6.1.4.1.14519.5.2.1.6279.6001.262736997975960398949912434623,Nodule 002,2.0,2.0,6.0,3.0,2.0,1.0,1.0,1.0,2.0,0,2,1.8
1.3.6.1.4.1.14519.5.2.1.6279.6001.262736997975960398949912434623,13392,1.0,1.0,6.0,4.0,1.0,1.0,1.0,1.0,2.0,0,3,3.6
1.3.6.1.4.1.14519.5.2.1.6279.6001.262736997975960398949912434623,13387,2.0,1.0,6.0,4.0,3.0,1.0,1.0,2.0,2.0,0,1,0.0
1.3.6.1.4.1.14519.5.2.1.6279.6001.262736997975960398949912434623,13383,3.0,1.0,6.0,5.0,4.0,1.0,1.0,4.0,2.0,0,3,3.6
1.3.6.1.4.1.14519.5.2.1.6279.6001.262736997975960398949912434623,1923,3.0,1.0,6.0,4.0,1.0,5.0,5.0,1.0,3.0,,3,3.6
1.3.6.1.4.1.14519.5.2.1.6279.6001.262736997975960398949912434623,1920,4.0,1.0,6.0,3.0,3.0,5.0,5.0,3.0,3.0,,3,3.6
1.3.6.1.4.1.14519.5.2.1.6279.6001.262736997975960398949912434623,1916,5.0,1.0,6.0,4.0,5.0,5.0,5.0,4.0,4.0,1,3,3.6
1.3.6.1.4.1.14519.5.2.1.6279.6001.262736997975960398949912434623,0,3.0,1.0,6.0,4.0,3.0,2.0,1.0,5.0,2.0,0,3,3.6
1.3.6.1.4.1.14519.5.2.1.6279.6001.262736997975960398949912434623,9,2.0,1.0,6.0,3.0,3.0,1.0,1.0,1.0,2.0,0,2,1.8
1.3.6.1.4.1.14519.5.2.1.6279.6001.141174904898798023569427533813,Nodule 002,4.0,1.0,6.0,3.0,5.0,1.0,1.0,5.0,3.0,,3,6.0
1.3.6.1.4.1.14519.5.2.1.6279.6001.141174904898798023569427533813,0,5.0,1.0,6.0,5.0,5.0,1.0,1.0,5.0,2.0,0,1,0.0
1.3.6.1.4.1.14519.5.2.1.6279.6001.205852555362702089950453265567,0,5.0,1.0,6.0,5.0,5.0,1.0,1.0,5.0,3.0,,7,3.75
1.3.6.1.4.1.14519.5.2.1.6279.6001.205852555362702089950453265567,2,5.0,1.0,6.0,3.0,4.0,1.0,1.0,5.0,2.0,0,4,1.88
1.3.6.1.4.1.14519.5.2.1.6279.6001.205852555362702089950453265567,77183,3.0,1.0,6.0,4.0,3.0,2.0,1.0,5.0,3.0,,7,3.75
1.3.6.1.4.1.14519.5.2.1.6279.6001.205852555362702089950453265567,Nodule 001,3.0,1.0,6.0,4.0,5.0,1.0,1.0,4.0,2.0,0,3,1.25
1.3.6.1.4.1.14519.5.2.1.6279.6001.268030488196493755113553009785,Nodule 001,5.0,1.0,6.0,3.0,4.0,2.0,2.0,4.0,5.0,1,13,7.5
1.3.6.1.4.1.14519.5.2.1.6279.6001.268030488196493755113553009785,44337,3.0,1.0,6.0,5.0,2.0,1.0,1.0,2.0,4.0,1,16,9.37
1.3.6.1.4.1.14519.5.2.1.6279.6001.268030488196493755113553009785,2,3.0,1.0,6.0,5.0,5.0,1.0,1.0,2.0,2.0,0,17,10.0
1.3.6.1.4.1.14519.5.2.1.6279.6001.268030488196493755113553009785,57048,5.0,1.0,6.0,2.0,2.0,2.0,1.0,5.0,4.0,1,43,20.0
1.3.6.1.4.1.14519.5.2.1.6279.6001.268030488196493755113553009785,57053,3.0,1.0,6.0,3.0,4.0,1.0,1.0,1.0,4.0,1,17,10.0
1.3.6.1.4.1.14519.5.2.1.6279.6001.264251211689085893915477907261,Nodule 003,4.0,1.0,6.0,4.0,4.0,1.0,1.0,4.0,3.0,,5,2.5
1.3.6.1.4.1.14519.5.2.1.6279.6001.264251211689085893915477907261,Nodule 005,4.0,1.0,3.0,4.0,5.0,1.0,1.0,5.0,1.0,0,7,3.75
1.3.6.1.4.1.14519.5.2.1.6279.6001.264251211689085893915477907261,Nodule 006,5.0,1.0,3.0,3.0,5.0,1.0,1.0,5.0,1.0,0,9,5.0
1.3.6.1.4.1.14519.5.2.1.6279.6001.264251211689085893915477907261,Nodule 001,5.0,1.0,6.0,4.0,4.0,1.0,1.0,3.0,4.0,1,7,3.75
1.3.6.1.4.1.14519.5.2.1.6279.6001.264251211689085893915477907261,Nodule 004,3.0,1.0,6.0,2.0,4.0,1.0,2.0,4.0,4.0,1,7,3.75
1.3.6.1.4.1.14519.5.2.1.6279.6001.264251211689085893915477907261,38054,4.0,1.0,3.0,3.0,5.0,1.0,1.0,5.0,1.0,0,10,5.62
1.3.6.1.4.1.14519.5.2.1.6279.6001.264251211689085893915477907261,38059,4.0,1.0,3.0,5.0,5.0,1.0,1.0,5.0,1.0,0,6,3.12
1.3.6.1.4.1.14519.5.2.1.6279.6001.264251211689085893915477907261,38050,1.0,1.0,6.0,5.0,3.0,1.0,1.0,1.0,2.0,0,7,3.75
1.3.6.1.4.1.14519.5.2.1.6279.6001.264251211689085893915477907261,38053,1.0,1.0,6.0,3.0,2.0,1.0,1.0,1.0,3.0,,8,3.12
1.3.6.1.4.1.14519.5.2.1.6279.6001.264251211689085893915477907261,51681,3.0,1.0,3.0,3.0,5.0,1.0,1.0,5.0,1.0,0,6,3.12
1.3.6.1.4.1.14519.5.2.1.6279.6001.264251211689085893915477907261,25248,2.0,1.0,6.0,4.0,2.0,2.0,3.0,1.0,4.0,1,8,3.75
1.3.6.1.4.1.14519.5.2.1.6279.6001.264251211689085893915477907261,25272,4.0,1.0,3.0,4.0,5.0,1.0,1.0,5.0,1.0,0,8,4.38
1.3.6.1.4.1.14519.5.2.1.6279.6001.264251211689085893915477907261,25273,2.0,1.0,6.0,4.0,2.0,3.0,2.0,1.0,4.0,1,6,3.12
1.3.6.1.4.1.14519.5.2.1.6279.6001.264251211689085893915477907261,1,5.0,1.0,3.0,5.0,5.0,1.0,1.0,5.0,1.0,0,10,5.62
1.3.6.1.4.1.14519.5.2.1.6279.6001.264251211689085893915477907261,7,1.0,1.0,6.0,5.0,5.0,1.0,1.0,1.0,2.0,0,8,4.38
1.3.6.1.4.1.14519.5.2.1.6279.6001.206200456333833579428083808192,77815,4.0,1.0,6.0,2.0,2.0,2.0,3.0,3.0,4.0,1,4,9.0
1.3.6.1.4.1.14519.5.2.1.6279.6001.206200456333833579428083808192,74834,5.0,1.0,6.0,2.0,3.0,1.0,4.0,5.0,3.0,,1,0.0
1.3.6.1.4.1.14519.5.2.1.6279.6001.206200456333833579428083808192,16005,5.0,1.0,6.0,3.0,3.0,4.0,1.0,5.0,5.0,1,4,9.0
1.3.6.1.4.1.14519.5.2.1.6279.6001.206200456333833579428083808192,16016,4.0,1.0,6.0,4.0,1.0,4.0,3.0,3.0,3.0,,2,3.0
1.3.6.1.4.1.14519.5.2.1.6279.6001.206200456333833579428083808192,0,5.0,1.0,6.0,2.0,2.0,1.0,1.0,4.0,3.0,,4,9.0
1.3.6.1.4.1.14519.5.2.1.6279.6001.206200456333833579428083808192,1,5.0,1.0,6.0,3.0,1.0,1.0,1.0,3.0,3.0,,2,3.0
1.3.6.1.4.1.14519.5.2.1.6279.6001.207341668080525761926965850679,Nodule 003,3.0,1.0,6.0,4.0,4.0,1.0,1.0,4.0,4.0,1,3,2.0
1.3.6.1.4.1.14519.5.2.1.6279.6001.207341668080525761926965850679,IL057_160089,1.0,1.0,6.0,5.0,2.0,1.0,1.0,1.0,3.0,,1,0.0
1.3.6.1.4.1.14519.5.2.1.6279.6001.207341668080525761926965850679,MI014_19996,2.0,1.0,6.0,4.0,1.0,1.0,1.0,1.0,2.0,0,18,17.0
1.3.6.1.4.1.14519.5.2.1.6279.6001.207341668080525761926965850679,MI014_20008,2.0,1.0,6.0,3.0,2.0,1.0,1.0,3.0,2.0,0,4,3.0
1.3.6.1.4.1.14519.5.2.1.6279.6001.207341668080525761926965850679,MI014_20000,2.0,1.0,6.0,2.0,1.0,1.0,1.0,1.0,2.0,0,5,4.0
1.3.6.1.4.1.14519.5.2.1.6279.6001.207341668080525761926965850679,MI014_20004,1.0,1.0,6.0,3.0,1.0,1.0,1.0,1.0,2.0,0,5,4.0
1.3.6.1.4.1.14519.5.2.1.6279.6001.207341668080525761926965850679,MI014_20006,1.0,1.0,6.0,3.0,1.0,1.0,1.0,1.0,2.0,0,5,4.0
1.3.6.1.4.1.14519.5.2.1.6279.6001.207341668080525761926965850679,4,1.0,1.0,6.0,5.0,2.0,1.0,1.0,1.0,2.0,0,5,4.0
1.3.6.1.4.1.14519.5.2.1.6279.6001.207341668080525761926965850679,14,1.0,1.0,6.0,5.0,2.0,1.0,1.0,1.0,2.0,0,12,11.0
1.3.6.1.4.1.14519.5.2.1.6279.6001.948571344159440282864365970915,69876,3.0,1.0,3.0,4.0,4.0,1.0,1.0,5.0,1.0,0,3,6.0
1.3.6.1.4.1.14519.5.2.1.6279.6001.948571344159440282864365970915,69872,4.0,1.0,3.0,5.0,5.0,1.0,1.0,5.0,1.0,0,3,6.0
1.3.6.1.4.1.14519.5.2.1.6279.6001.948571344159440282864365970915,69854,5.0,1.0,3.0,4.0,4.0,2.0,1.0,5.0,1.0,0,4,9.0
1.3.6.1.4.1.14519.5.2.1.6279.6001.948571344159440282864365970915,69870,4.0,1.0,3.0,3.0,4.0,1.0,1.0,5.0,1.0,0,3,6.0
1.3.6.1.4.1.14519.5.2.1.6279.6001.948571344159440282864365970915,69868,4.0,1.0,3.0,3.0,4.0,1.0,1.0,5.0,1.0,0,4,9.0
1.3.6.1.4.1.14519.5.2.1.6279.6001.948571344159440282864365970915,69863,4.0,1.0,3.0,2.0,4.0,1.0,1.0,5.0,1.0,0,3,6.0
1.3.6.1.4.1.14519.5.2.1.6279.6001.948571344159440282864365970915,69866,4.0,1.0,3.0,3.0,4.0,1.0,1.0,5.0,1.0,0,3,6.0
1.3.6.1.4.1.14519.5.2.1.6279.6001.948571344159440282864365970915,69463,5.0,1.0,3.0,4.0,5.0,2.0,1.0,5.0,1.0,0,3,6.0
1.3.6.1.4.1.14519.5.2.1.6279.6001.948571344159440282864365970915,69468,4.0,1.0,3.0,3.0,5.0,1.0,1.0,5.0,1.0,0,3,6.0
1.3.6.1.4.1.14519.5.2.1.6279.6001.948571344159440282864365970915,92966,4.0,1.0,3.0,3.0,5.0,2.0,1.0,5.0,1.0,0,3,6.0
1.3.6.1.4.1.14519.5.2.1.6279.6001.948571344159440282864365970915,92968,4.0,1.0,3.0,5.0,5.0,1.0,1.0,5.0,1.0,0,2,3.0
1.3.6.1.4.1.14519.5.2.1.6279.6001.948571344159440282864365970915,92969,4.0,1.0,3.0,4.0,5.0,1.0,1.0,5.0,1.0,0,2,3.0
1.3.6.1.4.1.14519.5.2.1.6279.6001.948571344159440282864365970915,14161,3.0,1.0,3.0,3.0,5.0,1.0,1.0,5.0,1.0,0,2,3.0
1.3.6.1.4.1.14519.5.2.1.6279.6001.948571344159440282864365970915,14155,4.0,1.0,3.0,3.0,5.0,1.0,1.0,5.0,1.0,0,2,3.0
1.3.6.1.4.1.14519.5.2.1.6279.6001.948571344159440282864365970915,14147,4.0,1.0,6.0,3.0,4.0,2.0,1.0,4.0,3.0,,3,6.0
1.3.6.1.4.1.14519.5.2.1.6279.6001.948571344159440282864365970915,14157,4.0,1.0,3.0,3.0,5.0,1.0,1.0,5.0,1.0,0,3,6.0
1.3.6.1.4.1.14519.5.2.1.6279.6001.948571344159440282864365970915,14151,4.0,1.0,3.0,4.0,4.0,1.0,1.0,5.0,1.0,0,3,6.0
1.3.6.1.4.1.14519.5.2.1.6279.6001.948571344159440282864365970915,14410,2.0,1.0,3.0,5.0,5.0,1.0,1.0,5.0,1.0,0,2,3.0
1.3.6.1.4.1.14519.5.2.1.6279.6001.948571344159440282864365970915,14411,2.0,1.0,3.0,3.0,5.0,1.0,1.0,5.0,1.0,0,3,6.0
1.3.6.1.4.1.14519.5.2.1.6279.6001.948571344159440282864365970915,0,5.0,1.0,3.0,5.0,5.0,1.0,1.0,5.0,1.0,0,3,6.0
1.3.6.1.4.1.14519.5.2.1.6279.6001.948571344159440282864365970915,5,5.0,1.0,3.0,5.0,5.0,1.0,1.0,5.0,1.0,0,3,6.0
1.3.6.1.4.1.14519.5.2.1.6279.6001.948571344159440282864365970915,7,5.0,1.0,3.0,5.0,5.0,1.0,1.0,5.0,1.0,0,4,9.0
1.3.6.1.4.1.14519.5.2.1.6279.6001.948571344159440282864365970915,8,5.0,1.0,3.0,5.0,5.0,1.0,1.0,5.0,1.0,0,3,6.0
1.3.6.1.4.1.14519.5.2.1.6279.6001.948571344159440282864365970915,9,5.0,1.0,3.0,4.0,5.0,1.0,1.0,5.0,1.0,0,3,6.0
1.3.6.1.4.1.14519.5.2.1.6279.6001.948571344159440282864365970915,10,5.0,1.0,6.0,4.0,5.0,1.0,1.0,5.0,2.0,0,2,3.0
1.3.6.1.4.1.14519.5.2.1.6279.6001.948571344159440282864365970915,11,5.0,1.0,3.0,4.0,5.0,1.0,1.0,5.0,1.0,0,3,6.0
1.3.6.1.4.1.14519.5.2.1.6279.6001.948571344159440282864365970915,12,5.0,1.0,3.0,5.0,5.0,1.0,1.0,5.0,1.0,0,4,9.0
1.3.6.1.4.1.14519.5.2.1.6279.6001.176638348958425792989125209419,2479,2.0,1.0,6.0,3.0,2.0,2.0,2.0,2.0,3.0,,2,1.25
1.3.6.1.4.1.14519.5.2.1.6279.6001.176638348958425792989125209419,2475,3.0,1.0,6.0,4.0,3.0,1.0,1.0,1.0,3.0,,4,3.75
1.3.6.1.4.1.14519.5.2.1.6279.6001.176638348958425792989125209419,6931,1.0,1.0,6.0,5.0,2.0,1.0,1.0,1.0,3.0,,4,3.75
1.3.6.1.4.1.14519.5.2.1.6279.6001.176638348958425792989125209419,IL057_91668,1.0,1.0,6.0,5.0,2.0,1.0,1.0,1.0,3.0,,4,3.75
1.3.6.1.4.1.14519.5.2.1.6279.6001.176638348958425792989125209419,IL057_91670,1.0,1.0,6.0,3.0,2.0,1.0,2.0,1.0,2.0,0,2,1.25
1.3.6.1.4.1.14519.5.2.1.6279.6001.176638348958425792989125209419,IL057_128845,1.0,1.0,6.0,3.0,2.0,1.0,1.0,1.0,2.0,0,2,1.25
1.3.6.1.4.1.14519.5.2.1.6279.6001.176638348958425792989125209419,Nodule 002,3.0,1.0,6.0,3.0,4.0,1.0,1.0,1.0,3.0,,3,2.5
1.3.6.1.4.1.14519.5.2.1.6279.6001.176638348958425792989125209419,Nodule 003,2.0,1.0,6.0,3.0,5.0,1.0,1.0,1.0,3.0,,2,1.25
1.3.6.1.4.1.14519.5.2.1.6279.6001.200558451375970945040979397866,Nodule 001,3.0,1.0,6.0,4.0,5.0,1.0,1.0,4.0,3.0,,2,1.25
1.3.6.1.4.1.14519.5.2.1.6279.6001.200558451375970945040979397866,0,1.0,1.0,6.0,5.0,5.0,1.0,1.0,5.0,2.0,0,3,2.5
1.3.6.1.4.1.14519.5.2.1.6279.6001.295420274214095686326263147663,IL057_70376,2.0,1.0,6.0,4.0,2.0,2.0,3.0,1.0,3.0,,5,5.0
1.3.6.1.4.1.14519.5.2.1.6279.6001.295420274214095686326263147663,IL057_70382,2.0,1.0,6.0,3.0,1.0,2.0,3.0,2.0,3.0,,3,2.5
1.3.6.1.4.1.14519.5.2.1.6279.6001.295420274214095686326263147663,IL057_92963,2.0,1.0,6.0,3.0,1.0,1.0,1.0,1.0,3.0,,2,1.25
1.3.6.1.4.1.14519.5.2.1.6279.6001.295420274214095686326263147663,4837,4.0,1.0,6.0,2.0,2.0,1.0,2.0,2.0,3.0,,3,2.5
1.3.6.1.4.1.14519.5.2.1.6279.6001.295420274214095686326263147663,4829,4.0,1.0,6.0,3.0,3.0,1.0,3.0,1.0,3.0,,6,6.25
1.3.6.1.4.1.14519.5.2.1.6279.6001.295420274214095686326263147663,4848,2.0,1.0,6.0,3.0,3.0,1.0,2.0,1.0,3.0,,3,2.5
1.3.6.1.4.1.14519.5.2.1.6279.6001.295420274214095686326263147663,4851,3.0,1.0,6.0,3.0,3.0,1.0,1.0,4.0,3.0,,2,1.25
1.3.6.1.4.1.14519.5.2.1.6279.6001.295420274214095686326263147663,4841,3.0,1.0,6.0,3.0,4.0,3.0,1.0,5.0,3.0,,3,2.5
1.3.6.1.4.1.14519.5.2.1.6279.6001.295420274214095686326263147663,Nodule 007,4.0,1.0,6.0,3.0,4.0,2.0,1.0,4.0,4.0,1,8,8.75
1.3.6.1.4.1.14519.5.2.1.6279.6001.295420274214095686326263147663,Nodule 005,4.0,1.0,6.0,3.0,5.0,2.0,1.0,5.0,3.0,,3,2.5
1.3.6.1.4.1.14519.5.2.1.6279.6001.295420274214095686326263147663,Nodule 022,3.0,1.0,6.0,4.0,4.0,1.0,1.0,2.0,4.0,1,3,2.5
1.3.6.1.4.1.14519.5.2.1.6279.6001.295420274214095686326263147663,Nodule 013,4.0,1.0,6.0,3.0,4.0,1.0,1.0,5.0,3.0,,2,1.25
1.3.6.1.4.1.14519.5.2.1.6279.6001.295420274214095686326263147663,Nodule 001,5.0,1.0,6.0,3.0,4.0,3.0,2.0,5.0,5.0,1,3,2.5
1.3.6.1.4.1.14519.5.2.1.6279.6001.295420274214095686326263147663,Nodule 002,5.0,1.0,6.0,3.0,4.0,3.0,2.0,5.0,5.0,1,5,5.0
1.3.6.1.4.1.14519.5.2.1.6279.6001.295420274214095686326263147663,Nodule 003,4.0,1.0,6.0,4.0,5.0,1.0,1.0,5.0,3.0,,3,2.5
1.3.6.1.4.1.14519.5.2.1.6279.6001.295420274214095686326263147663,5618,5.0,1.0,6.0,3.0,3.0,1.0,1.0,3.0,3.0,,9,8.75
1.3.6.1.4.1.14519.5.2.1.6279.6001.295420274214095686326263147663,5614,3.0,1.0,6.0,4.0,2.0,1.0,1.0,1.0,3.0,,7,7.5
1.3.6.1.4.1.14519.5.2.1.6279.6001.295420274214095686326263147663,5634,3.0,1.0,6.0,4.0,1.0,1.0,1.0,1.0,4.0,1,2,1.25
1.3.6.1.4.1.14519.5.2.1.6279.6001.295420274214095686326263147663,5626,5.0,1.0,6.0,3.0,4.0,2.0,2.0,3.0,3.0,,3,2.5
1.3.6.1.4.1.14519.5.2.1.6279.6001.295420274214095686326263147663,7188,4.0,1.0,6.0,3.0,2.0,1.0,1.0,1.0,3.0,,3,2.5
1.3.6.1.4.1.14519.5.2.1.6279.6001.295420274214095686326263147663,7189,2.0,1.0,6.0,2.0,2.0,1.0,1.0,1.0,3.0,,3,2.5
1.3.6.1.4.1.14519.5.2.1.6279.6001.276831325040358815613434606380,80904,4.0,1.0,6.0,4.0,4.0,1.0,2.0,5.0,3.0,,2,3.0
1.3.6.1.4.1.14519.5.2.1.6279.6001.276831325040358815613434606380,80902,5.0,1.0,6.0,3.0,2.0,4.0,4.0,5.0,4.0,1,4,9.0
1.3.6.1.4.1.14519.5.2.1.6279.6001.276831325040358815613434606380,80897,5.0,1.0,6.0,3.0,1.0,4.0,5.0,3.0,3.0,,6,12.0
1.3.6.1.4.1.14519.5.2.1.6279.6001.276831325040358815613434606380,85449,5.0,1.0,6.0,4.0,4.0,3.0,2.0,5.0,4.0,1,5,12.0
1.3.6.1.4.1.14519.5.2.1.6279.6001.276831325040358815613434606380,15626,2.0,1.0,6.0,5.0,4.0,2.0,1.0,4.0,3.0,,2,3.0
1.3.6.1.4.1.14519.5.2.1.6279.6001.276831325040358815613434606380,0,3.0,1.0,6.0,5.0,5.0,1.0,1.0,5.0,2.0,0,3,6.0
1.3.6.1.4.1.14519.5.2.1.6279.6001.276831325040358815613434606380,1,3.0,1.0,6.0,5.0,5.0,1.0,1.0,5.0,2.0,0,2,3.0
1.3.6.1.4.1.14519.5.2.1.6279.6001.276831325040358815613434606380,2,5.0,1.0,6.0,5.0,4.0,1.0,5.0,4.0,4.0,1,5,12.0
1.3.6.1.4.1.14519.5.2.1.6279.6001.276831325040358815613434606380,4,5.0,1.0,6.0,5.0,5.0,4.0,1.0,5.0,3.0,,5,12.0
1.3.6.1.4.1.14519.5.2.1.6279.6001.638926179252009401630131318338,11183,5.0,1.0,3.0,5.0,5.0,1.0,1.0,5.0,1.0,0,3,6.0
1.3.6.1.4.1.14519.5.2.1.6279.6001.638926179252009401630131318338,2644,3.0,2.0,6.0,4.0,1.0,1.0,1.0,1.0,3.0,,5,12.0
1.3.6.1.4.1.14519.5.2.1.6279.6001.306558074682524259000586270818,0,5.0,1.0,6.0,4.0,1.0,1.0,1.0,1.0,3.0,,6,3.12
1.3.6.1.4.1.14519.5.2.1.6279.6001.306558074682524259000586270818,1,5.0,1.0,6.0,3.0,1.0,1.0,1.0,1.0,3.0,,6,3.12
1.3.6.1.4.1.14519.5.2.1.6279.6001.306558074682524259000586270818,3,5.0,1.0,6.0,5.0,5.0,1.0,1.0,5.0,3.0,,5,2.5
1.3.6.1.4.1.14519.5.2.1.6279.6001.306558074682524259000586270818,Nodule 001,3.0,1.0,6.0,3.0,4.0,1.0,1.0,3.0,3.0,,3,1.25
1.3.6.1.4.1.14519.5.2.1.6279.6001.188376349804761988217597754952,56654,4.0,1.0,6.0,3.0,4.0,1.0,3.0,5.0,5.0,1,11,10.0
1.3.6.1.4.1.14519.5.2.1.6279.6001.188376349804761988217597754952,56667,4.0,1.0,6.0,5.0,4.0,1.0,1.0,5.0,3.0,,6,5.0
1.3.6.1.4.1.14519.5.2.1.6279.6001.188376349804761988217597754952,56657,3.0,1.0,6.0,4.0,4.0,1.0,1.0,5.0,3.0,,8,7.0
1.3.6.1.4.1.14519.5.2.1.6279.6001.188376349804761988217597754952,56662,4.0,1.0,6.0,5.0,5.0,1.0,1.0,5.0,4.0,1,6,5.0
1.3.6.1.4.1.14519.5.2.1.6279.6001.188376349804761988217597754952,Nodule 009,3.0,1.0,6.0,3.0,5.0,1.0,1.0,5.0,2.0,0,6,5.0
1.3.6.1.4.1.14519.5.2.1.6279.6001.188376349804761988217597754952,Nodule 012,4.0,1.0,6.0,4.0,5.0,1.0,1.0,5.0,3.0,,6,5.0
1.3.6.1.4.1.14519.5.2.1.6279.6001.188376349804761988217597754952,Nodule 007,3.0,1.0,6.0,3.0,5.0,1.0,1.0,5.0,2.0,0,9,8.0
1.3.6.1.4.1.14519.5.2.1.6279.6001.188376349804761988217597754952,Nodule 003,4.0,1.0,6.0,4.0,4.0,1.0,2.0,5.0,4.0,1,10,9.0
1.3.6.1.4.1.14519.5.2.1.6279.6001.188376349804761988217597754952,Nodule 011,3.0,1.0,6.0,4.0,5.0,1.0,1.0,5.0,2.0,0,5,4.0
1.3.6.1.4.1.14519.5.2.1.6279.6001.188376349804761988217597754952,13563,3.0,1.0,6.0,3.0,2.0,3.0,2.0,4.0,3.0,,13,12.0
1.3.6.1.4.1.14519.5.2.1.6279.6001.188376349804761988217597754952,13573,1.0,1.0,6.0,4.0,3.0,2.0,3.0,4.0,3.0,,5,4.0
1.3.6.1.4.1.14519.5.2.1.6279.6001.188376349804761988217597754952,13571,2.0,1.0,6.0,5.0,4.0,2.0,1.0,4.0,3.0,,6,5.0
1.3.6.1.4.1.14519.5.2.1.6279.6001.188376349804761988217597754952,0,5.0,1.0,6.0,3.0,1.0,1.0,1.0,5.0,3.0,,9,8.0
1.3.6.1.4.1.14519.5.2.1.6279.6001.188376349804761988217597754952,3,5.0,1.0,6.0,5.0,5.0,1.0,1.0,5.0,3.0,,5,4.0
1.3.6.1.4.1.14519.5.2.1.6279.6001.188376349804761988217597754952,6,5.0,1.0,6.0,5.0,5.0,1.0,1.0,5.0,3.0,,5,4.0
1.3.6.1.4.1.14519.5.2.1.6279.6001.188376349804761988217597754952,7,5.0,1.0,6.0,5.0,5.0,1.0,1.0,5.0,3.0,,6,5.0
1.3.6.1.4.1.14519.5.2.1.6279.6001.188376349804761988217597754952,13,5.0,1.0,6.0,4.0,5.0,1.0,1.0,5.0,3.0,,6,5.0
1.3.6.1.4.1.14519.5.2.1.6279.6001.188376349804761988217597754952,14,5.0,1.0,6.0,5.0,5.0,1.0,1.0,5.0,3.0,,4,3.0
1.3.6.1.4.1.14519.5.2.1.6279.6001.188376349804761988217597754952,18,5.0,1.0,6.0,5.0,5.0,1.0,1.0,5.0,3.0,,5,4.0
1.3.6.1.4.1.14519.5.2.1.6279.6001.188376349804761988217597754952,22,5.0,1.0,6.0,5.0,5.0,1.0,1.0,5.0,3.0,,5,4.0
1.3.6.1.4.1.14519.5.2.1.6279.6001.188376349804761988217597754952,23,5.0,1.0,6.0,5.0,5.0,1.0,1.0,5.0,3.0,,5,4.0
1.3.6.1.4.1.14519.5.2.1.6279.6001.188376349804761988217597754952,25,5.0,1.0,6.0,5.0,5.0,1.0,1.0,5.0,3.0,,5,4.0
1.3.6.1.4.1.14519.5.2.1.6279.6001.188376349804761988217597754952,27,5.0,1.0,6.0,5.0,5.0,1.0,1.0,5.0,3.0,,5,4.0
1.3.6.1.4.1.14519.5.2.1.6279.6001.188376349804761988217597754952,29,5.0,1.0,6.0,5.0,5.0,1.0,1.0,5.0,3.0,,6,5.0
1.3.6.1.4.1.14519.5.2.1.6279.6001.188376349804761988217597754952,35,5.0,1.0,6.0,5.0,5.0,1.0,1.0,5.0,3.0,,8,7.0
1.3.6.1.4.1.14519.5.2.1.6279.6001.237428977311365557972720635401,Nodule 002,4.0,1.0,6.0,4.0,5.0,1.0,1.0,5.0,2.0,0,5,5.0
1.3.6.1.4.1.14519.5.2.1.6279.6001.237428977311365557972720635401,172679,3.0,1.0,6.0,4.0,5.0,2.0,1.0,5.0,2.0,0,5,5.0
1.3.6.1.4.1.14519.5.2.1.6279.6001.237428977311365557972720635401,172681,2.0,1.0,6.0,4.0,4.0,2.0,1.0,5.0,2.0,0,1,0.0
1.3.6.1.4.1.14519.5.2.1.6279.6001.237428977311365557972720635401,174508,4.0,1.0,6.0,3.0,5.0,3.0,1.0,5.0,2.0,0,4,3.75
1.3.6.1.4.1.14519.5.2.1.6279.6001.141430002307216644912805017227,Nodule 004,3.0,1.0,6.0,3.0,5.0,3.0,1.0,4.0,3.0,,3,3.6
1.3.6.1.4.1.14519.5.2.1.6279.6001.141430002307216644912805017227,Nodule 002,5.0,1.0,6.0,4.0,5.0,2.0,1.0,5.0,5.0,1,3,3.6
1.3.6.1.4.1.14519.5.2.1.6279.6001.141430002307216644912805017227,Nodule 003,4.0,1.0,6.0,4.0,4.0,2.0,1.0,4.0,4.0,1,3,3.6
1.3.6.1.4.1.14519.5.2.1.6279.6001.141430002307216644912805017227,21789,4.0,1.0,6.0,3.0,3.0,1.0,1.0,5.0,2.0,0,2,1.8
1.3.6.1.4.1.14519.5.2.1.6279.6001.141430002307216644912805017227,21774,3.0,1.0,6.0,4.0,3.0,3.0,2.0,5.0,3.0,,3,3.6
1.3.6.1.4.1.14519.5.2.1.6279.6001.141430002307216644912805017227,21770,4.0,1.0,6.0,3.0,4.0,2.0,1.0,5.0,3.0,,3,3.6
1.3.6.1.4.1.14519.5.2.1.6279.6001.141430002307216644912805017227,21786,2.0,1.0,6.0,3.0,4.0,3.0,1.0,5.0,3.0,,3,3.6
1.3.6.1.4.1.14519.5.2.1.6279.6001.141430002307216644912805017227,1897,5.0,1.0,6.0,4.0,2.0,1.0,2.0,5.0,3.0,,3,3.6
1.3.6.1.4.1.14519.5.2.1.6279.6001.141430002307216644912805017227,0,5.0,1.0,6.0,5.0,5.0,2.0,1.0,5.0,2.0,0,3,3.6
1.3.6.1.4.1.14519.5.2.1.6279.6001.141430002307216644912805017227,8,5.0,1.0,6.0,5.0,5.0,4.0,3.0,5.0,4.0,1,3,3.6
1.3.6.1.4.1.14519.5.2.1.6279.6001.141430002307216644912805017227,25,5.0,1.0,6.0,5.0,5.0,4.0,3.0,5.0,4.0,1,3,3.6
1.3.6.1.4.1.14519.5.2.1.6279.6001.169128136262002764211589185953,IL057_156899,4.0,1.0,6.0,3.0,1.0,4.0,4.0,3.0,4.0,1,14,15.0
1.3.6.1.4.1.14519.5.2.1.6279.6001.169128136262002764211589185953,IL057_156904,3.0,1.0,6.0,4.0,3.0,3.0,1.0,1.0,3.0,,4,3.75
1.3.6.1.4.1.14519.5.2.1.6279.6001.169128136262002764211589185953,IL057_156907,3.0,1.0,6.0,4.0,4.0,2.0,1.0,5.0,3.0,,4,3.75
1.3.6.1.4.1.14519.5.2.1.6279.6001.169128136262002764211589185953,IL057_160778,2.0,1.0,6.0,4.0,1.0,2.0,1.0,1.0,3.0,,3,2.5
1.3.6.1.4.1.14519.5.2.1.6279.6001.169128136262002764211589185953,IL057_160779,2.0,1.0,6.0,5.0,2.0,1.0,1.0,1.0,3.0,,4,3.75
1.3.6.1.4.1.14519.5.2.1.6279.6001.169128136262002764211589185953,IL057_160782,1.0,1.0,6.0,5.0,1.0,1.0,1.0,1.0,3.0,,1,0.0
1.3.6.1.4.1.14519.5.2.1.6279.6001.169128136262002764211589185953,IL057_160783,1.0,1.0,6.0,3.0,1.0,1.0,1.0,1.0,3.0,,1,0.0
1.3.6.1.4.1.14519.5.2.1.6279.6001.169128136262002764211589185953,51853,1.0,1.0,6.0,2.0,2.0,1.0,4.0,1.0,3.0,,1,0.0
1.3.6.1.4.1.14519.5.2.1.6279.6001.169128136262002764211589185953,51854,1.0,1.0,6.0,2.0,3.0,1.0,3.0,1.0,3.0,,1,0.0
1.3.6.1.4.1.14519.5.2.1.6279.6001.169128136262002764211589185953,51852,1.0,1.0,6.0,3.0,3.0,1.0,1.0,1.0,3.0,,3,2.5
1.3.6.1.4.1.14519.5.2.1.6279.6001.169128136262002764211589185953,51843,4.0,1.0,6.0,3.0,5.0,1.0,2.0,5.0,3.0,,5,5.0
1.3.6.1.4.1.14519.5.2.1.6279.6001.169128136262002764211589185953,51833,5.0,1.0,6.0,3.0,1.0,1.0,5.0,3.0,5.0,1,20,23.75
1.3.6.1.4.1.14519.5.2.1.6279.6001.169128136262002764211589185953,51851,1.0,1.0,6.0,3.0,3.0,1.0,2.0,1.0,2.0,0,3,2.5
1.3.6.1.4.1.14519.5.2.1.6279.6001.169128136262002764211589185953,51840,4.0,1.0,6.0,3.0,4.0,1.0,2.0,1.0,3.0,,6,6.25
1.3.6.1.4.1.14519.5.2.1.6279.6001.169128136262002764211589185953,51846,3.0,1.0,6.0,5.0,5.0,1.0,1.0,5.0,2.0,0,3,2.5
1.3.6.1.4.1.14519.5.2.1.6279.6001.169128136262002764211589185953,9129,4.0,1.0,6.0,4.0,4.0,1.0,2.0,4.0,4.0,1,5,5.0
1.3.6.1.4.1.14519.5.2.1.6279.6001.169128136262002764211589185953,9120,5.0,1.0,6.0,4.0,1.0,1.0,2.0,3.0,4.0,1,22,26.25
1.3.6.1.4.1.14519.5.2.1.6279.6001.169128136262002764211589185953,9132,4.0,1.0,6.0,3.0,2.0,1.0,1.0,4.0,3.0,,5,5.0
1.3.6.1.4.1.14519.5.2.1.6279.6001.169128136262002764211589185953,9136,4.0,1.0,6.0,3.0,2.0,1.0,3.0,4.0,3.0,,3,2.5
1.3.6.1.4.1.14519.5.2.1.6279.6001.169128136262002764211589185953,9125,3.0,1.0,6.0,4.0,1.0,1.0,1.0,1.0,3.0,,6,6.25
1.3.6.1.4.1.14519.5.2.1.6279.6001.169128136262002764211589185953,9177,2.0,1.0,6.0,4.0,1.0,1.0,1.0,2.0,2.0,0,4,3.75
1.3.6.1.4.1.14519.5.2.1.6279.6001.169128136262002764211589185953,9178,1.0,1.0,6.0,4.0,1.0,1.0,3.0,1.0,3.0,,3,2.5
1.3.6.1.4.1.14519.5.2.1.6279.6001.169128136262002764211589185953,9179,2.0,1.0,6.0,3.0,1.0,1.0,1.0,1.0,3.0,,6,6.25
1.3.6.1.4.1.14519.5.2.1.6279.6001.169128136262002764211589185953,Nodule 015,4.0,1.0,6.0,4.0,5.0,1.0,1.0,5.0,2.0,0,5,5.0
1.3.6.1.4.1.14519.5.2.1.6279.6001.169128136262002764211589185953,Nodule 013,4.0,1.0,6.0,5.0,5.0,1.0,1.0,5.0,3.0,,5,5.0
1.3.6.1.4.1.14519.5.2.1.6279.6001.169128136262002764211589185953,Nodule 011,4.0,1.0,6.0,5.0,5.0,1.0,1.0,5.0,3.0,,3,2.5
1.3.6.1.4.1.14519.5.2.1.6279.6001.169128136262002764211589185953,Nodule 009,3.0,1.0,6.0,4.0,5.0,1.0,1.0,3.0,4.0,1,6,6.25
1.3.6.1.4.1.14519.5.2.1.6279.6001.952265563663939823135367733681,80872,5.0,1.0,3.0,4.0,5.0,2.0,1.0,5.0,1.0,0,15,7.0
1.3.6.1.4.1.14519.5.2.1.6279.6001.952265563663939823135367733681,85422,5.0,1.0,3.0,5.0,5.0,1.0,1.0,5.0,1.0,0,11,5.0
1.3.6.1.4.1.14519.5.2.1.6279.6001.952265563663939823135367733681,15596,4.0,1.0,3.0,5.0,5.0,1.0,1.0,5.0,1.0,0,12,5.5
1.3.6.1.4.1.14519.5.2.1.6279.6001.952265563663939823135367733681,0,5.0,1.0,5.0,5.0,5.0,1.0,1.0,5.0,1.0,0,15,7.0
1.3.6.1.4.1.14519.5.2.1.6279.6001.897684031374557757145405000951,54703,5.0,1.0,6.0,5.0,5.0,1.0,2.0,5.0,5.0,1,16,14.0
1.3.6.1.4.1.14519.5.2.1.6279.6001.897684031374557757145405000951,54706,5.0,1.0,6.0,2.0,2.0,2.0,3.0,5.0,5.0,1,19,13.0
1.3.6.1.4.1.14519.5.2.1.6279.6001.897684031374557757145405000951,54712,2.0,1.0,6.0,2.0,2.0,2.0,1.0,5.0,3.0,,5,4.0
1.3.6.1.4.1.14519.5.2.1.6279.6001.897684031374557757145405000951,54701,5.0,1.0,6.0,2.0,2.0,4.0,3.0,5.0,5.0,1,22,18.0
1.3.6.1.4.1.14519.5.2.1.6279.6001.897684031374557757145405000951,54718,2.0,1.0,6.0,5.0,3.0,1.0,1.0,4.0,3.0,,7,6.0
1.3.6.1.4.1.14519.5.2.1.6279.6001.897684031374557757145405000951,Nodule 001,4.0,1.0,6.0,4.0,5.0,1.0,1.0,5.0,3.0,,7,6.0
1.3.6.1.4.1.14519.5.2.1.6279.6001.897684031374557757145405000951,Nodule 005,3.0,1.0,6.0,3.0,5.0,1.0,2.0,5.0,4.0,1,6,5.0
1.3.6.1.4.1.14519.5.2.1.6279.6001.897684031374557757145405000951,Nodule 002,5.0,1.0,6.0,4.0,5.0,1.0,1.0,5.0,4.0,1,14,13.0
1.3.6.1.4.1.14519.5.2.1.6279.6001.897684031374557757145405000951,Nodule 004,4.0,1.0,6.0,4.0,5.0,1.0,1.0,5.0,3.0,,12,11.0
1.3.6.1.4.1.14519.5.2.1.6279.6001.897684031374557757145405000951,Nodule 003,4.0,1.0,6.0,4.0,5.0,1.0,1.0,5.0,3.0,,7,6.0
1.3.6.1.4.1.14519.5.2.1.6279.6001.897684031374557757145405000951,13275,5.0,1.0,6.0,4.0,5.0,1.0,2.0,5.0,5.0,1,15,14.0
1.3.6.1.4.1.14519.5.2.1.6279.6001.897684031374557757145405000951,13279,5.0,1.0,6.0,4.0,4.0,1.0,2.0,5.0,4.0,1,10,9.0
1.3.6.1.4.1.14519.5.2.1.6279.6001.897684031374557757145405000951,13280,5.0,1.0,6.0,4.0,4.0,1.0,1.0,4.0,4.0,1,12,11.0
1.3.6.1.4.1.14519.5.2.1.6279.6001.897684031374557757145405000951,13287,2.0,1.0,6.0,4.0,1.0,1.0,1.0,3.0,3.0,,7,6.0
1.3.6.1.4.1.14519.5.2.1.6279.6001.897684031374557757145405000951,13295,4.0,1.0,6.0,3.0,2.0,2.0,1.0,5.0,3.0,,6,5.0
1.3.6.1.4.1.14519.5.2.1.6279.6001.897684031374557757145405000951,13297,4.0,1.0,6.0,4.0,1.0,2.0,4.0,4.0,4.0,1,20,19.0
1.3.6.1.4.1.14519.5.2.1.6279.6001.897684031374557757145405000951,0,5.0,1.0,6.0,4.0,5.0,1.0,1.0,5.0,2.0,0,14,13.0
1.3.6.1.4.1.14519.5.2.1.6279.6001.897684031374557757145405000951,2,4.0,1.0,6.0,3.0,4.0,2.0,4.0,5.0,3.0,,10,9.0
1.3.6.1.4.1.14519.5.2.1.6279.6001.897684031374557757145405000951,3,5.0,1.0,6.0,3.0,4.0,2.0,1.0,5.0,2.0,0,12,11.0
1.3.6.1.4.1.14519.5.2.1.6279.6001.897684031374557757145405000951,5,5.0,1.0,6.0,3.0,4.0,3.0,3.0,5.0,4.0,1,17,16.0
1.3.6.1.4.1.14519.5.2.1.6279.6001.897684031374557757145405000951,6,4.0,1.0,6.0,4.0,3.0,1.0,1.0,5.0,2.0,0,6,5.0
1.3.6.1.4.1.14519.5.2.1.6279.6001.693480911433291675609148051914,65742,4.0,1.0,6.0,3.0,4.0,2.0,1.0,5.0,2.0,0,6,5.0
1.3.6.1.4.1.14519.5.2.1.6279.6001.693480911433291675609148051914,78504,1.0,1.0,6.0,2.0,3.0,3.0,2.0,5.0,1.0,0,7,6.0
1.3.6.1.4.1.14519.5.2.1.6279.6001.693480911433291675609148051914,Nodule 003,4.0,1.0,6.0,3.0,5.0,1.0,1.0,5.0,3.0,,7,6.0
1.3.6.1.4.1.14519.5.2.1.6279.6001.693480911433291675609148051914,Nodule 002,5.0,1.0,6.0,4.0,5.0,1.0,1.0,5.0,3.0,,4,3.0
1.3.6.1.4.1.14519.5.2.1.6279.6001.693480911433291675609148051914,Nodule 001,4.0,1.0,6.0,4.0,5.0,1.0,1.0,5.0,2.0,0,4,3.0
1.3.6.1.4.1.14519.5.2.1.6279.6001.693480911433291675609148051914,14374,5.0,1.0,6.0,4.0,4.0,2.0,2.0,4.0,4.0,1,5,4.0
1.3.6.1.4.1.14519.5.2.1.6279.6001.693480911433291675609148051914,14375,5.0,1.0,6.0,3.0,2.0,1.0,2.0,3.0,3.0,,7,6.0
1.3.6.1.4.1.14519.5.2.1.6279.6001.693480911433291675609148051914,0,5.0,1.0,6.0,5.0,5.0,1.0,1.0,5.0,3.0,,5,4.0
1.3.6.1.4.1.14519.5.2.1.6279.6001.693480911433291675609148051914,4,5.0,1.0,3.0,5.0,5.0,1.0,1.0,5.0,1.0,0,7,6.0
1.3.6.1.4.1.14519.5.2.1.6279.6001.693480911433291675609148051914,10,5.0,1.0,6.0,5.0,5.0,1.0,1.0,5.0,3.0,,6,5.0
1.3.6.1.4.1.14519.5.2.1.6279.6001.338104567770715523699587505022,143494,4.0,1.0,6.0,3.0,4.0,2.0,2.0,5.0,3.0,,10,5.62
1.3.6.1.4.1.14519.5.2.1.6279.6001.338104567770715523699587505022,143495,4.0,1.0,6.0,3.0,2.0,3.0,2.0,1.0,3.0,,5,2.5
1.3.6.1.4.1.14519.5.2.1.6279.6001.338104567770715523699587505022,167304,4.0,1.0,3.0,5.0,5.0,1.0,1.0,5.0,1.0,0,5,2.5
1.3.6.1.4.1.14519.5.2.1.6279.6001.338104567770715523699587505022,167302,2.0,1.0,6.0,4.0,3.0,2.0,2.0,5.0,3.0,,8,4.38
1.3.6.1.4.1.14519.5.2.1.6279.6001.338104567770715523699587505022,174166,1.0,1.0,6.0,3.0,1.0,2.0,1.0,1.0,3.0,,5,2.5
1.3.6.1.4.1.14519.5.2.1.6279.6001.338104567770715523699587505022,Nodule 003,3.0,1.0,6.0,4.0,5.0,1.0,1.0,5.0,3.0,,4,1.88
1.3.6.1.4.1.14519.5.2.1.6279.6001.338104567770715523699587505022,Nodule 002,3.0,1.0,6.0,4.0,4.0,1.0,1.0,5.0,2.0,0,9,5.0
1.3.6.1.4.1.14519.5.2.1.6279.6001.338104567770715523699587505022,1,1.0,1.0,6.0,5.0,2.0,1.0,1.0,1.0,2.0,0,6,3.12
1.3.6.1.4.1.14519.5.2.1.6279.6001.269075535958871753309238331179,Nodule 001,5.0,1.0,6.0,4.0,4.0,3.0,4.0,5.0,5.0,1,8,12.6
1.3.6.1.4.1.14519.5.2.1.6279.6001.269075535958871753309238331179,Nodule 003,4.0,1.0,6.0,5.0,5.0,5.0,5.0,5.0,3.0,,4,5.4
1.3.6.1.4.1.14519.5.2.1.6279.6001.269075535958871753309238331179,Nodule 002,5.0,1.0,6.0,5.0,5.0,5.0,5.0,5.0,3.0,,4,5.4
1.3.6.1.4.1.14519.5.2.1.6279.6001.269075535958871753309238331179,1852,5.0,1.0,3.0,5.0,5.0,5.0,5.0,5.0,1.0,0,3,3.6
1.3.6.1.4.1.14519.5.2.1.6279.6001.269075535958871753309238331179,1845,5.0,1.0,6.0,4.0,5.0,5.0,4.0,5.0,5.0,1,8,12.6
1.3.6.1.4.1.14519.5.2.1.6279.6001.269075535958871753309238331179,2556,2.0,1.0,6.0,5.0,5.0,5.0,5.0,5.0,3.0,,3,3.6
1.3.6.1.4.1.14519.5.2.1.6279.6001.269075535958871753309238331179,1113,2.0,1.0,6.0,4.0,3.0,5.0,5.0,5.0,1.0,0,4,5.4
1.3.6.1.4.1.14519.5.2.1.6279.6001.269075535958871753309238331179,1098,5.0,1.0,6.0,4.0,5.0,4.0,5.0,5.0,4.0,1,7,10.8
1.3.6.1.4.1.14519.5.2.1.6279.6001.269075535958871753309238331179,1103,3.0,1.0,6.0,3.0,5.0,5.0,5.0,5.0,3.0,,5,7.2
1.3.6.1.4.1.14519.5.2.1.6279.6001.269075535958871753309238331179,0,4.0,1.0,6.0,3.0,5.0,2.0,1.0,5.0,3.0,,8,12.6
1.3.6.1.4.1.14519.5.2.1.6279.6001.269075535958871753309238331179,3,3.0,1.0,6.0,4.0,5.0,1.0,1.0,5.0,2.0,0,5,7.2
1.3.6.1.4.1.14519.5.2.1.6279.6001.269075535958871753309238331179,4,4.0,1.0,3.0,5.0,5.0,1.0,1.0,5.0,1.0,0,4,5.4
1.3.6.1.4.1.14519.5.2.1.6279.6001.205523326998654833765855998037,Nodule 002,4.0,1.0,6.0,4.0,5.0,1.0,1.0,5.0,2.0,0,4,3.75
1.3.6.1.4.1.14519.5.2.1.6279.6001.205523326998654833765855998037,Nodule 003,4.0,1.0,6.0,4.0,5.0,1.0,1.0,5.0,2.0,0,3,2.5
1.3.6.1.4.1.14519.5.2.1.6279.6001.205523326998654833765855998037,7262,2.0,1.0,6.0,4.0,4.0,2.0,2.0,5.0,3.0,,3,2.5
1.3.6.1.4.1.14519.5.2.1.6279.6001.205523326998654833765855998037,7260,4.0,1.0,6.0,4.0,4.0,1.0,1.0,4.0,3.0,,3,2.5
1.3.6.1.4.1.14519.5.2.1.6279.6001.205523326998654833765855998037,7255,4.0,1.0,6.0,5.0,4.0,1.0,1.0,5.0,3.0,,4,3.75
1.3.6.1.4.1.14519.5.2.1.6279.6001.205523326998654833765855998037,53885,5.0,1.0,6.0,4.0,5.0,1.0,2.0,5.0,3.0,,4,3.75
1.3.6.1.4.1.14519.5.2.1.6279.6001.205523326998654833765855998037,53889,5.0,1.0,6.0,3.0,4.0,2.0,1.0,5.0,3.0,,3,2.5
1.3.6.1.4.1.14519.5.2.1.6279.6001.205523326998654833765855998037,IL057_157230,3.0,1.0,6.0,5.0,5.0,1.0,1.0,5.0,3.0,,4,3.75
1.3.6.1.4.1.14519.5.2.1.6279.6001.205523326998654833765855998037,IL057_157234,3.0,1.0,6.0,4.0,5.0,1.0,1.0,5.0,3.0,,1,0.0
1.3.6.1.4.1.14519.5.2.1.6279.6001.305858704835252413616501469037,56768,5.0,1.0,3.0,5.0,5.0,1.0,1.0,5.0,1.0,0,9,8.0
1.3.6.1.4.1.14519.5.2.1.6279.6001.305858704835252413616501469037,56764,4.0,1.0,6.0,2.0,4.0,1.0,1.0,5.0,3.0,,12,11.0
1.3.6.1.4.1.14519.5.2.1.6279.6001.305858704835252413616501469037,57202,4.0,1.0,6.0,4.0,4.0,1.0,1.0,4.0,1.0,0,3,2.0
1.3.6.1.4.1.14519.5.2.1.6279.6001.305858704835252413616501469037,Nodule 002,5.0,1.0,6.0,4.0,5.0,1.0,1.0,5.0,3.0,,8,7.0
1.3.6.1.4.1.14519.5.2.1.6279.6001.305858704835252413616501469037,Nodule 007,4.0,1.0,6.0,3.0,4.0,1.0,1.0,5.0,4.0,1,11,10.0
1.3.6.1.4.1.14519.5.2.1.6279.6001.305858704835252413616501469037,Nodule 003,4.0,1.0,6.0,4.0,4.0,1.0,2.0,5.0,4.0,1,3,2.0
1.3.6.1.4.1.14519.5.2.1.6279.6001.305858704835252413616501469037,9221,3.0,1.0,6.0,3.0,4.0,2.0,2.0,5.0,3.0,,11,10.0
1.3.6.1.4.1.14519.5.2.1.6279.6001.305858704835252413616501469037,0,5.0,1.0,6.0,5.0,5.0,1.0,1.0,5.0,1.0,0,9,8.0
1.3.6.1.4.1.14519.5.2.1.6279.6001.305858704835252413616501469037,3,5.0,1.0,6.0,5.0,5.0,1.0,1.0,5.0,3.0,,4,3.0
1.3.6.1.4.1.14519.5.2.1.6279.6001.305858704835252413616501469037,4,5.0,1.0,6.0,5.0,5.0,1.0,1.0,5.0,3.0,,5,4.0
1.3.6.1.4.1.14519.5.2.1.6279.6001.305858704835252413616501469037,17,5.0,1.0,6.0,4.0,4.0,1.0,1.0,5.0,3.0,,6,5.0
1.3.6.1.4.1.14519.5.2.1.6279.6001.305858704835252413616501469037,19,5.0,1.0,6.0,4.0,5.0,1.0,1.0,5.0,3.0,,13,12.0
1.3.6.1.4.1.14519.5.2.1.6279.6001.199282854229880908602362094937,7,5.0,1.0,6.0,5.0,5.0,1.0,1.0,5.0,2.0,0,4,1.88
1.3.6.1.4.1.14519.5.2.1.6279.6001.199282854229880908602362094937,Nodule 002,3.0,1.0,6.0,4.0,5.0,1.0,1.0,5.0,3.0,,9,5.0
1.3.6.1.4.1.14519.5.2.1.6279.6001.199282854229880908602362094937,Nodule 001,4.0,1.0,6.0,3.0,4.0,1.0,1.0,5.0,4.0,1,10,5.62
1.3.6.1.4.1.14519.5.2.1.6279.6001.199282854229880908602362094937,19760,3.0,1.0,6.0,2.0,4.0,2.0,2.0,5.0,2.0,0,10,5.62
1.3.6.1.4.1.14519.5.2.1.6279.6001.199282854229880908602362094937,37824,3.0,1.0,6.0,2.0,3.0,1.0,1.0,5.0,2.0,0,9,5.0
1.3.6.1.4.1.14519.5.2.1.6279.6001.199282854229880908602362094937,51539,2.0,1.0,6.0,4.0,3.0,3.0,1.0,5.0,2.0,0,9,5.62
1.3.6.1.4.1.14519.5.2.1.6279.6001.217754016294471278921686508169,54802,3.0,1.0,6.0,4.0,3.0,1.0,1.0,5.0,2.0,0,4,3.0
1.3.6.1.4.1.14519.5.2.1.6279.6001.217754016294471278921686508169,54798,3.0,1.0,6.0,2.0,2.0,1.0,1.0,5.0,3.0,,7,6.0
1.3.6.1.4.1.14519.5.2.1.6279.6001.217754016294471278921686508169,54808,2.0,1.0,6.0,2.0,2.0,1.0,1.0,5.0,2.0,0,4,3.0
1.3.6.1.4.1.14519.5.2.1.6279.6001.217754016294471278921686508169,Nodule 001,4.0,1.0,6.0,4.0,5.0,1.0,1.0,5.0,2.0,0,4,3.0
1.3.6.1.4.1.14519.5.2.1.6279.6001.217754016294471278921686508169,15082,5.0,1.0,6.0,4.0,4.0,1.0,1.0,4.0,3.0,,4,3.0
1.3.6.1.4.1.14519.5.2.1.6279.6001.217754016294471278921686508169,15289,5.0,1.0,6.0,4.0,3.0,1.0,1.0,5.0,3.0,,7,6.0
1.3.6.1.4.1.14519.5.2.1.6279.6001.217754016294471278921686508169,6,5.0,1.0,3.0,5.0,5.0,1.0,1.0,5.0,1.0,0,4,3.0
1.3.6.1.4.1.14519.5.2.1.6279.6001.217754016294471278921686508169,9,5.0,1.0,6.0,4.0,5.0,1.0,1.0,5.0,2.0,0,4,3.0
1.3.6.1.4.1.14519.5.2.1.6279.6001.277445975068759205899107114231,Nodule 005,3.0,1.0,6.0,4.0,4.0,1.0,1.0,4.0,2.0,0,2,1.8
1.3.6.1.4.1.14519.5.2.1.6279.6001.277445975068759205899107114231,Nodule 006,3.0,1.0,6.0,3.0,4.0,1.0,1.0,4.0,2.0,0,2,1.8
1.3.6.1.4.1.14519.5.2.1.6279.6001.277445975068759205899107114231,Nodule 001,4.0,1.0,6.0,3.0,5.0,1.0,1.0,4.0,2.0,0,2,1.8
1.3.6.1.4.1.14519.5.2.1.6279.6001.277445975068759205899107114231,13492,3.0,1.0,6.0,4.0,2.0,3.0,2.0,1.0,3.0,,2,1.8
1.3.6.1.4.1.14519.5.2.1.6279.6001.277445975068759205899107114231,13483,3.0,1.0,6.0,3.0,1.0,3.0,2.0,1.0,3.0,,2,1.8
1.3.6.1.4.1.14519.5.2.1.6279.6001.277445975068759205899107114231,MI014_649,4.0,1.0,6.0,4.0,1.0,1.0,1.0,1.0,1.0,0,2,1.8
1.3.6.1.4.1.14519.5.2.1.6279.6001.277445975068759205899107114231,MI014_640,5.0,1.0,6.0,3.0,2.0,1.0,1.0,1.0,2.0,0,3,3.6
1.3.6.1.4.1.14519.5.2.1.6279.6001.259737874318594997287940213435,81097,2.0,1.0,6.0,2.0,4.0,3.0,1.0,5.0,2.0,0,5,12.0
1.3.6.1.4.1.14519.5.2.1.6279.6001.259737874318594997287940213435,13772,4.0,1.0,6.0,4.0,1.0,3.0,2.0,4.0,5.0,1,5,12.0
1.3.6.1.4.1.14519.5.2.1.6279.6001.312127933722985204808706697221,IL057_196175,5.0,1.0,6.0,3.0,4.0,5.0,1.0,5.0,5.0,1,27,31.25
1.3.6.1.4.1.14519.5.2.1.6279.6001.312127933722985204808706697221,IL057_196178,5.0,1.0,6.0,4.0,4.0,4.0,1.0,5.0,5.0,1,7,6.25
1.3.6.1.4.1.14519.5.2.1.6279.6001.312127933722985204808706697221,IL057_196183,4.0,1.0,6.0,4.0,4.0,1.0,1.0,5.0,3.0,,7,7.5
1.3.6.1.4.1.14519.5.2.1.6279.6001.312127933722985204808706697221,IL057_196197,4.0,1.0,6.0,4.0,4.0,1.0,1.0,5.0,3.0,,3,2.5
1.3.6.1.4.1.14519.5.2.1.6279.6001.312127933722985204808706697221,IL057_201245,4.0,1.0,6.0,5.0,4.0,1.0,1.0,5.0,3.0,,4,3.75
1.3.6.1.4.1.14519.5.2.1.6279.6001.312127933722985204808706697221,IL057_201246,3.0,1.0,6.0,4.0,5.0,1.0,1.0,5.0,3.0,,3,2.5
1.3.6.1.4.1.14519.5.2.1.6279.6001.312127933722985204808706697221,IL057_201247,3.0,1.0,6.0,5.0,3.0,1.0,1.0,5.0,3.0,,3,2.5
1.3.6.1.4.1.14519.5.2.1.6279.6001.312127933722985204808706697221,Nodule 004,3.0,1.0,6.0,4.0,5.0,1.0,1.0,5.0,3.0,,4,3.75
1.3.6.1.4.1.14519.5.2.1.6279.6001.312127933722985204808706697221,Nodule 001,4.0,1.0,6.0,4.0,4.0,1.0,1.0,5.0,4.0,1,5,5.0
1.3.6.1.4.1.14519.5.2.1.6279.6001.312127933722985204808706697221,Nodule 002,4.0,1.0,6.0,4.0,5.0,1.0,1.0,5.0,3.0,,3,2.5
1.3.6.1.4.1.14519.5.2.1.6279.6001.312127933722985204808706697221,Nodule 003,4.0,1.0,6.0,3.0,4.0,3.0,2.0,5.0,5.0,1,6,6.25
1.3.6.1.4.1.14519.5.2.1.6279.6001.312127933722985204808706697221,03681,5.0,1.0,6.0,2.0,3.0,2.0,5.0,5.0,5.0,1,33,36.25
1.3.6.1.4.1.14519.5.2.1.6279.6001.312127933722985204808706697221,03686,5.0,1.0,6.0,2.0,3.0,2.0,5.0,1.0,5.0,1,7,7.5
1.3.6.1.4.1.14519.5.2.1.6279.6001.312127933722985204808706697221,03689,3.0,1.0,6.0,3.0,4.0,1.0,2.0,1.0,3.0,,10,11.25
1.3.6.1.4.1.14519.5.2.1.6279.6001.312127933722985204808706697221,03705,3.0,1.0,6.0,3.0,4.0,1.0,2.0,1.0,3.0,,3,2.5
1.3.6.1.4.1.14519.5.2.1.6279.6001.312127933722985204808706697221,03695,4.0,1.0,6.0,5.0,4.0,1.0,2.0,1.0,3.0,,5,5.0
1.3.6.1.4.1.14519.5.2.1.6279.6001.312127933722985204808706697221,03697,3.0,1.0,6.0,3.0,5.0,1.0,2.0,5.0,3.0,,4,3.75
1.3.6.1.4.1.14519.5.2.1.6279.6001.312127933722985204808706697221,11144,2.0,1.0,6.0,2.0,3.0,1.0,4.0,4.0,3.0,,4,3.75
1.3.6.1.4.1.14519.5.2.1.6279.6001.312127933722985204808706697221,0902,4.0,1.0,6.0,4.0,1.0,3.0,1.0,3.0,3.0,,4,3.75
1.3.6.1.4.1.14519.5.2.1.6279.6001.312127933722985204808706697221,0900,5.0,1.0,6.0,4.0,4.0,1.0,1.0,5.0,5.0,1,4,3.75
1.3.6.1.4.1.14519.5.2.1.6279.6001.312127933722985204808706697221,0903,5.0,1.0,6.0,4.0,2.0,1.0,1.0,3.0,2.0,0,3,2.5
1.3.6.1.4.1.14519.5.2.1.6279.6001.312127933722985204808706697221,0895,5.0,1.0,6.0,5.0,4.0,1.0,1.0,5.0,5.0,1,6,6.25
1.3.6.1.4.1.14519.5.2.1.6279.6001.312127933722985204808706697221,0904,4.0,1.0,6.0,4.0,3.0,2.0,2.0,4.0,4.0,1,3,2.5
1.3.6.1.4.1.14519.5.2.1.6279.6001.312127933722985204808706697221,0889,5.0,1.0,6.0,4.0,4.0,4.0,1.0,4.0,4.0,1,7,7.5
1.3.6.1.4.1.14519.5.2.1.6279.6001.569096986145782511000054443951,Nodule 001,4.0,1.0,6.0,5.0,5.0,1.0,1.0,5.0,3.0,,3,3.6
1.3.6.1.4.1.14519.5.2.1.6279.6001.569096986145782511000054443951,Nodule 002,4.0,1.0,6.0,4.0,4.0,2.0,1.0,5.0,3.0,,3,3.6
1.3.6.1.4.1.14519.5.2.1.6279.6001.569096986145782511000054443951,14969,4.0,1.0,6.0,3.0,5.0,1.0,3.0,5.0,4.0,1,3,3.6
1.3.6.1.4.1.14519.5.2.1.6279.6001.569096986145782511000054443951,14995,4.0,1.0,6.0,5.0,5.0,1.0,1.0,5.0,3.0,,3,3.6
1.3.6.1.4.1.14519.5.2.1.6279.6001.569096986145782511000054443951,1704,4.0,1.0,6.0,4.0,4.0,2.0,2.0,4.0,3.0,,3,3.6
1.3.6.1.4.1.14519.5.2.1.6279.6001.569096986145782511000054443951,1730,2.0,1.0,6.0,3.0,4.0,2.0,1.0,5.0,3.0,,4,5.4
1.3.6.1.4.1.14519.5.2.1.6279.6001.254957696184671649675053562027,Nodule 001,4.0,1.0,6.0,3.0,5.0,1.0,1.0,5.0,4.0,1,3,3.6
1.3.6.1.4.1.14519.5.2.1.6279.6001.254957696184671649675053562027,Nodule 002,4.0,1.0,6.0,5.0,5.0,1.0,1.0,5.0,3.0,,4,5.4
1.3.6.1.4.1.14519.5.2.1.6279.6001.254957696184671649675053562027,68406,5.0,1.0,3.0,5.0,5.0,1.0,1.0,5.0,1.0,0,3,3.6
1.3.6.1.4.1.14519.5.2.1.6279.6001.254957696184671649675053562027,68402,4.0,1.0,6.0,4.0,5.0,1.0,1.0,5.0,2.0,0,2,1.8
1.3.6.1.4.1.14519.5.2.1.6279.6001.254957696184671649675053562027,MI014_14525,3.0,1.0,3.0,4.0,5.0,1.0,1.0,5.0,1.0,0,4,5.4
1.3.6.1.4.1.14519.5.2.1.6279.6001.254957696184671649675053562027,0,3.0,1.0,6.0,5.0,5.0,1.0,1.0,5.0,2.0,0,4,5.4
1.3.6.1.4.1.14519.5.2.1.6279.6001.254957696184671649675053562027,1,5.0,1.0,3.0,5.0,5.0,1.0,1.0,5.0,1.0,0,4,5.4
1.3.6.1.4.1.14519.5.2.1.6279.6001.276556509002726404418399209377,Nodule 002,5.0,1.0,6.0,3.0,4.0,3.0,3.0,5.0,5.0,1,4,3.6
1.3.6.1.4.1.14519.5.2.1.6279.6001.276556509002726404418399209377,Nodule 001,4.0,1.0,6.0,2.0,4.0,1.0,1.0,5.0,3.0,,3,3.6
1.3.6.1.4.1.14519.5.2.1.6279.6001.276556509002726404418399209377,13532,4.0,1.0,6.0,3.0,4.0,3.0,1.0,5.0,3.0,,3,3.6
1.3.6.1.4.1.14519.5.2.1.6279.6001.276556509002726404418399209377,13528,4.0,1.0,6.0,4.0,4.0,4.0,4.0,5.0,3.0,,3,3.6
1.3.6.1.4.1.14519.5.2.1.6279.6001.276556509002726404418399209377,MI014_8025,4.0,1.0,6.0,3.0,2.0,3.0,2.0,5.0,4.0,1,3,3.6
1.3.6.1.4.1.14519.5.2.1.6279.6001.276556509002726404418399209377,MI014_8029,4.0,1.0,6.0,3.0,3.0,2.0,1.0,5.0,3.0,,3,3.6
1.3.6.1.4.1.14519.5.2.1.6279.6001.331136451298749863730308327406,77452,4.0,1.0,3.0,2.0,5.0,1.0,1.0,5.0,1.0,0,3,6.0
1.3.6.1.4.1.14519.5.2.1.6279.6001.331136451298749863730308327406,77449,5.0,1.0,4.0,2.0,4.0,1.0,2.0,5.0,2.0,0,11,30.0
1.3.6.1.4.1.14519.5.2.1.6279.6001.331136451298749863730308327406,75312,4.0,1.0,3.0,3.0,5.0,1.0,1.0,5.0,1.0,0,1,0.0
1.3.6.1.4.1.14519.5.2.1.6279.6001.331136451298749863730308327406,75310,5.0,1.0,4.0,4.0,4.0,1.0,1.0,5.0,3.0,,9,24.0
1.3.6.1.4.1.14519.5.2.1.6279.6001.331136451298749863730308327406,10533,5.0,1.0,6.0,3.0,2.0,3.0,3.0,5.0,5.0,1,9,24.0
1.3.6.1.4.1.14519.5.2.1.6279.6001.331136451298749863730308327406,0,5.0,1.0,3.0,4.0,5.0,1.0,1.0,5.0,1.0,0,3,6.0
1.3.6.1.4.1.14519.5.2.1.6279.6001.331136451298749863730308327406,3,5.0,1.0,6.0,4.0,4.0,1.0,1.0,4.0,3.0,,10,27.0
1.3.6.1.4.1.14519.5.2.1.6279.6001.282512043257574309474415322775,IL057_196285,5.0,1.0,6.0,4.0,5.0,1.0,1.0,5.0,5.0,1,14,16.25
1.3.6.1.4.1.14519.5.2.1.6279.6001.282512043257574309474415322775,Nodule 001,5.0,1.0,6.0,4.0,5.0,1.0,1.0,5.0,4.0,1,14,16.25
1.3.6.1.4.1.14519.5.2.1.6279.6001.282512043257574309474415322775,5338,5.0,1.0,6.0,4.0,5.0,1.0,1.0,5.0,5.0,1,14,16.25
1.3.6.1.4.1.14519.5.2.1.6279.6001.282512043257574309474415322775,03419,5.0,1.0,6.0,3.0,4.0,2.0,1.0,5.0,3.0,,14,16.25
1.3.6.1.4.1.14519.5.2.1.6279.6001.346115813056769250958550383763,Nodule 004,4.0,1.0,6.0,3.0,4.0,1.0,1.0,4.0,4.0,1,3,2.0
1.3.6.1.4.1.14519.5.2.1.6279.6001.346115813056769250958550383763,IL057_160005,3.0,1.0,6.0,4.0,2.0,3.0,2.0,3.0,4.0,1,2,1.0
1.3.6.1.4.1.14519.5.2.1.6279.6001.346115813056769250958550383763,IL057_160007,2.0,1.0,6.0,4.0,4.0,3.0,2.0,5.0,3.0,,4,3.0
1.3.6.1.4.1.14519.5.2.1.6279.6001.346115813056769250958550383763,IL057_160804,1.0,1.0,6.0,3.0,2.0,3.0,2.0,1.0,3.0,,1,0.0
1.3.6.1.4.1.14519.5.2.1.6279.6001.346115813056769250958550383763,MI014_18002,1.0,1.0,6.0,2.0,4.0,3.0,1.0,5.0,3.0,,3,2.0
1.3.6.1.4.1.14519.5.2.1.6279.6001.346115813056769250958550383763,0,5.0,1.0,6.0,5.0,5.0,4.0,1.0,5.0,3.0,,7,6.0
1.3.6.1.4.1.14519.5.2.1.6279.6001.346115813056769250958550383763,7,3.0,1.0,6.0,5.0,5.0,1.0,1.0,5.0,2.0,0,4,3.0
1.3.6.1.4.1.14519.5.2.1.6279.6001.346115813056769250958550383763,17,1.0,1.0,6.0,5.0,2.0,1.0,1.0,1.0,2.0,0,2,1.0
1.3.6.1.4.1.14519.5.2.1.6279.6001.118924792893665851774878880764,206830,5.0,1.0,5.0,4.0,4.0,3.0,1.0,5.0,1.0,0,4,9.0
1.3.6.1.4.1.14519.5.2.1.6279.6001.118924792893665851774878880764,196527,5.0,1.0,5.0,5.0,5.0,1.0,1.0,5.0,1.0,0,4,9.0
1.3.6.1.4.1.14519.5.2.1.6279.6001.118924792893665851774878880764,18098,4.0,1.0,3.0,4.0,5.0,1.0,1.0,5.0,1.0,0,4,9.0
1.3.6.1.4.1.14519.5.2.1.6279.6001.118924792893665851774878880764,0,5.0,1.0,3.0,4.0,5.0,2.0,2.0,5.0,1.0,0,4,9.0
1.3.6.1.4.1.14519.5.2.1.6279.6001.267519732763035023633235877753,4,5.0,1.0,3.0,5.0,5.0,1.0,1.0,5.0,1.0,0,11,6.25
1.3.6.1.4.1.14519.5.2.1.6279.6001.267519732763035023633235877753,141244,5.0,1.0,3.0,3.0,5.0,1.0,1.0,5.0,1.0,0,7,3.75
1.3.6.1.4.1.14519.5.2.1.6279.6001.267519732763035023633235877753,141241,5.0,1.0,3.0,4.0,5.0,5.0,1.0,5.0,1.0,0,10,5.62
1.3.6.1.4.1.14519.5.2.1.6279.6001.267519732763035023633235877753,141250,5.0,1.0,3.0,2.0,5.0,3.0,1.0,5.0,1.0,0,8,4.38
1.3.6.1.4.1.14519.5.2.1.6279.6001.267519732763035023633235877753,166945,3.0,1.0,6.0,3.0,4.0,1.0,1.0,5.0,2.0,0,6,3.12
1.3.6.1.4.1.14519.5.2.1.6279.6001.267519732763035023633235877753,166943,4.0,1.0,3.0,5.0,5.0,1.0,1.0,5.0,1.0,0,5,2.5
1.3.6.1.4.1.14519.5.2.1.6279.6001.267519732763035023633235877753,166940,5.0,1.0,3.0,5.0,5.0,2.0,1.0,5.0,1.0,0,9,5.0
1.3.6.1.4.1.14519.5.2.1.6279.6001.267519732763035023633235877753,168532,4.0,1.0,3.0,4.0,5.0,1.0,1.0,5.0,1.0,0,7,3.75
1.3.6.1.4.1.14519.5.2.1.6279.6001.267519732763035023633235877753,Nodule 003,5.0,1.0,3.0,4.0,5.0,1.0,1.0,5.0,1.0,0,12,6.25
1.3.6.1.4.1.14519.5.2.1.6279.6001.267519732763035023633235877753,Nodule 004,4.0,1.0,6.0,3.0,5.0,1.0,1.0,5.0,3.0,,7,3.75
1.3.6.1.4.1.14519.5.2.1.6279.6001.267519732763035023633235877753,Nodule 006,3.0,1.0,6.0,3.0,5.0,1.0,1.0,5.0,2.0,0,6,3.12
1.3.6.1.4.1.14519.5.2.1.6279.6001.267519732763035023633235877753,Nodule 001,5.0,1.0,3.0,4.0,5.0,1.0,1.0,5.0,1.0,0,7,3.75
1.3.6.1.4.1.14519.5.2.1.6279.6001.392861216720727557882279374324,141590,2.0,1.0,6.0,3.0,3.0,2.0,1.0,1.0,3.0,,5,2.5
1.3.6.1.4.1.14519.5.2.1.6279.6001.392861216720727557882279374324,167196,1.0,1.0,6.0,3.0,1.0,1.0,1.0,1.0,3.0,,8,4.38
1.3.6.1.4.1.14519.5.2.1.6279.6001.392861216720727557882279374324,167198,3.0,1.0,6.0,3.0,3.0,1.0,1.0,5.0,2.0,0,6,3.12
1.3.6.1.4.1.14519.5.2.1.6279.6001.392861216720727557882279374324,Nodule 003,4.0,1.0,6.0,4.0,4.0,2.0,2.0,5.0,4.0,1,4,1.88
1.3.6.1.4.1.14519.5.2.1.6279.6001.392861216720727557882279374324,Nodule 006,3.0,1.0,6.0,4.0,4.0,2.0,1.0,3.0,3.0,,7,3.75
1.3.6.1.4.1.14519.5.2.1.6279.6001.392861216720727557882279374324,Nodule 002,4.0,1.0,6.0,3.0,4.0,2.0,2.0,5.0,5.0,1,3,1.25
1.3.6.1.4.1.14519.5.2.1.6279.6001.392861216720727557882279374324,2,1.0,1.0,6.0,5.0,2.0,1.0,1.0,1.0,2.0,0,10,5.62
1.3.6.1.4.1.14519.5.2.1.6279.6001.323899724653546164058849558431,141143,5.0,1.0,4.0,5.0,4.0,2.0,1.0,5.0,2.0,0,8,4.38
1.3.6.1.4.1.14519.5.2.1.6279.6001.323899724653546164058849558431,141140,5.0,1.0,6.0,4.0,3.0,2.0,2.0,5.0,3.0,,13,7.5
1.3.6.1.4.1.14519.5.2.1.6279.6001.323899724653546164058849558431,0,3.0,1.0,6.0,5.0,5.0,1.0,1.0,5.0,2.0,0,11,6.25
1.3.6.1.4.1.14519.5.2.1.6279.6001.323899724653546164058849558431,166845,3.0,1.0,6.0,4.0,4.0,2.0,1.0,5.0,3.0,,8,4.38
1.3.6.1.4.1.14519.5.2.1.6279.6001.323899724653546164058849558431,166846,2.0,1.0,6.0,5.0,5.0,1.0,1.0,5.0,2.0,0,9,5.0
1.3.6.1.4.1.14519.5.2.1.6279.6001.323899724653546164058849558431,Nodule 001,4.0,1.0,6.0,3.0,4.0,1.0,1.0,5.0,4.0,1,8,4.38
1.3.6.1.4.1.14519.5.2.1.6279.6001.323899724653546164058849558431,Nodule 002,4.0,1.0,6.0,3.0,5.0,1.0,1.0,5.0,4.0,1,7,3.75
1.3.6.1.4.1.14519.5.2.1.6279.6001.292049618819567427252971059233,51686,2.0,1.0,6.0,4.0,3.0,3.0,1.0,1.0,2.0,0,6,10.0
1.3.6.1.4.1.14519.5.2.1.6279.6001.213022585153512920098588556742,0,5.0,1.0,3.0,5.0,5.0,1.0,1.0,5.0,1.0,0,6,3.12
1.3.6.1.4.1.14519.5.2.1.6279.6001.168985655485163461062675655739,74101,5.0,1.0,3.0,1.0,4.0,3.0,3.0,5.0,1.0,0,5,4.0
1.3.6.1.4.1.14519.5.2.1.6279.6001.168985655485163461062675655739,74109,5.0,1.0,6.0,4.0,4.0,2.0,2.0,5.0,3.0,,5,4.0
1.3.6.1.4.1.14519.5.2.1.6279.6001.168985655485163461062675655739,74104,5.0,1.0,6.0,4.0,5.0,1.0,2.0,5.0,3.0,,7,6.0
1.3.6.1.4.1.14519.5.2.1.6279.6001.168985655485163461062675655739,74113,4.0,1.0,6.0,4.0,4.0,2.0,2.0,5.0,3.0,,2,1.0
1.3.6.1.4.1.14519.5.2.1.6279.6001.168985655485163461062675655739,Nodule 001,4.0,1.0,6.0,4.0,5.0,1.0,1.0,5.0,3.0,,4,3.0
1.3.6.1.4.1.14519.5.2.1.6279.6001.168985655485163461062675655739,Nodule 008,4.0,1.0,6.0,3.0,4.0,2.0,2.0,5.0,4.0,1,5,4.0
1.3.6.1.4.1.14519.5.2.1.6279.6001.168985655485163461062675655739,Nodule 003,4.0,1.0,6.0,4.0,5.0,1.0,1.0,5.0,2.0,0,2,1.0
1.3.6.1.4.1.14519.5.2.1.6279.6001.168985655485163461062675655739,Nodule 004,4.0,1.0,6.0,4.0,5.0,1.0,1.0,5.0,2.0,0,6,5.0
1.3.6.1.4.1.14519.5.2.1.6279.6001.168985655485163461062675655739,15398,5.0,1.0,6.0,4.0,5.0,1.0,1.0,5.0,3.0,,6,5.0
1.3.6.1.4.1.14519.5.2.1.6279.6001.168985655485163461062675655739,15416,5.0,1.0,3.0,4.0,2.0,1.0,1.0,5.0,1.0,0,4,3.0
1.3.6.1.4.1.14519.5.2.1.6279.6001.168985655485163461062675655739,0,5.0,1.0,3.0,3.0,5.0,2.0,1.0,5.0,1.0,0,5,4.0
1.3.6.1.4.1.14519.5.2.1.6279.6001.168985655485163461062675655739,3,5.0,1.0,6.0,4.0,5.0,1.0,1.0,5.0,2.0,0,5,4.0
1.3.6.1.4.1.14519.5.2.1.6279.6001.168985655485163461062675655739,4,5.0,1.0,6.0,5.0,5.0,1.0,1.0,5.0,3.0,,6,5.0
1.3.6.1.4.1.14519.5.2.1.6279.6001.168985655485163461062675655739,7,4.0,1.0,6.0,5.0,4.0,1.0,1.0,3.0,3.0,,2,1.0
1.3.6.1.4.1.14519.5.2.1.6279.6001.168985655485163461062675655739,8,5.0,1.0,6.0,4.0,5.0,1.0,1.0,5.0,2.0,0,3,2.0
1.3.6.1.4.1.14519.5.2.1.6279.6001.259543921154154401875872845498,141515,5.0,1.0,6.0,2.0,3.0,2.0,2.0,5.0,3.0,,6,3.12
1.3.6.1.4.1.14519.5.2.1.6279.6001.259543921154154401875872845498,141509,5.0,1.0,6.0,2.0,3.0,2.0,1.0,5.0,3.0,,7,3.75
1.3.6.1.4.1.14519.5.2.1.6279.6001.259543921154154401875872845498,141506,5.0,1.0,6.0,4.0,2.0,3.0,3.0,5.0,3.0,,7,3.75
1.3.6.1.4.1.14519.5.2.1.6279.6001.259543921154154401875872845498,0,3.0,1.0,6.0,5.0,5.0,1.0,1.0,5.0,2.0,0,8,4.38
1.3.6.1.4.1.14519.5.2.1.6279.6001.259543921154154401875872845498,1,3.0,1.0,6.0,5.0,5.0,1.0,1.0,5.0,2.0,0,8,4.38
1.3.6.1.4.1.14519.5.2.1.6279.6001.259543921154154401875872845498,2,1.0,1.0,6.0,5.0,2.0,1.0,1.0,1.0,2.0,0,10,5.62
1.3.6.1.4.1.14519.5.2.1.6279.6001.259543921154154401875872845498,Nodule 003,4.0,1.0,6.0,3.0,4.0,2.0,2.0,5.0,4.0,1,5,2.5
1.3.6.1.4.1.14519.5.2.1.6279.6001.259543921154154401875872845498,Nodule 002,4.0,1.0,6.0,4.0,4.0,2.0,1.0,5.0,4.0,1,6,3.12
1.3.6.1.4.1.14519.5.2.1.6279.6001.259543921154154401875872845498,Nodule 001,4.0,1.0,6.0,3.0,4.0,1.0,1.0,5.0,2.0,0,6,3.12
1.3.6.1.4.1.14519.5.2.1.6279.6001.259543921154154401875872845498,167125,4.0,1.0,6.0,4.0,4.0,1.0,1.0,5.0,3.0,,6,3.12
1.3.6.1.4.1.14519.5.2.1.6279.6001.259543921154154401875872845498,167122,4.0,1.0,6.0,4.0,5.0,1.0,1.0,5.0,3.0,,7,3.75
1.3.6.1.4.1.14519.5.2.1.6279.6001.259543921154154401875872845498,167116,4.0,1.0,6.0,4.0,4.0,2.0,1.0,5.0,3.0,,6,3.12
1.3.6.1.4.1.14519.5.2.1.6279.6001.404303213662391867606219459686,38629,3.0,1.0,6.0,4.0,3.0,1.0,1.0,4.0,2.0,0,1,0.0
1.3.6.1.4.1.14519.5.2.1.6279.6001.404303213662391867606219459686,38614,3.0,1.0,6.0,2.0,3.0,1.0,1.0,3.0,2.0,0,2,3.0
1.3.6.1.4.1.14519.5.2.1.6279.6001.404303213662391867606219459686,38610,4.0,1.0,6.0,2.0,2.0,1.0,1.0,4.0,1.0,0,3,6.0
1.3.6.1.4.1.14519.5.2.1.6279.6001.404303213662391867606219459686,38612,4.0,1.0,6.0,2.0,4.0,1.0,1.0,5.0,1.0,0,3,6.0
1.3.6.1.4.1.14519.5.2.1.6279.6001.404303213662391867606219459686,38625,4.0,1.0,6.0,2.0,4.0,1.0,1.0,5.0,1.0,0,2,3.0
1.3.6.1.4.1.14519.5.2.1.6279.6001.404303213662391867606219459686,38766,2.0,1.0,6.0,3.0,3.0,1.0,1.0,4.0,1.0,0,1,0.0
1.3.6.1.4.1.14519.5.2.1.6279.6001.404303213662391867606219459686,38767,2.0,1.0,6.0,1.0,3.0,1.0,1.0,5.0,1.0,0,3,6.0
1.3.6.1.4.1.14519.5.2.1.6279.6001.404303213662391867606219459686,19558,4.0,1.0,6.0,5.0,3.0,1.0,1.0,2.0,3.0,,1,0.0
1.3.6.1.4.1.14519.5.2.1.6279.6001.404303213662391867606219459686,19592,3.0,1.0,6.0,3.0,2.0,2.0,2.0,3.0,2.0,0,1,0.0
1.3.6.1.4.1.14519.5.2.1.6279.6001.404303213662391867606219459686,19552,4.0,1.0,6.0,3.0,2.0,3.0,1.0,2.0,3.0,,1,0.0
1.3.6.1.4.1.14519.5.2.1.6279.6001.404303213662391867606219459686,19573,4.0,1.0,6.0,3.0,2.0,1.0,1.0,5.0,3.0,,2,3.0
1.3.6.1.4.1.14519.5.2.1.6279.6001.404303213662391867606219459686,8526,3.0,1.0,6.0,3.0,4.0,1.0,2.0,5.0,3.0,,2,3.0
1.3.6.1.4.1.14519.5.2.1.6279.6001.404303213662391867606219459686,2,5.0,1.0,6.0,5.0,5.0,4.0,2.0,5.0,3.0,,2,3.0
1.3.6.1.4.1.14519.5.2.1.6279.6001.404303213662391867606219459686,3,3.0,1.0,6.0,5.0,3.0,2.0,3.0,3.0,3.0,,3,6.0
1.3.6.1.4.1.14519.5.2.1.6279.6001.404303213662391867606219459686,7,5.0,1.0,6.0,5.0,5.0,1.0,1.0,5.0,2.0,0,3,6.0
1.3.6.1.4.1.14519.5.2.1.6279.6001.404303213662391867606219459686,15,3.0,1.0,6.0,5.0,3.0,3.0,1.0,1.0,3.0,,1,0.0
1.3.6.1.4.1.14519.5.2.1.6279.6001.404303213662391867606219459686,17,5.0,1.0,6.0,5.0,5.0,1.0,1.0,5.0,3.0,,2,3.0
1.3.6.1.4.1.14519.5.2.1.6279.6001.404303213662391867606219459686,20,4.0,1.0,6.0,5.0,4.0,1.0,1.0,4.0,2.0,0,1,0.0
1.3.6.1.4.1.14519.5.2.1.6279.6001.251204142823446211001577555181,34185,5.0,1.0,3.0,3.0,5.0,1.0,1.0,5.0,1.0,0,2,3.0
1.3.6.1.4.1.14519.5.2.1.6279.6001.251204142823446211001577555181,34745,5.0,1.0,6.0,4.0,4.0,2.0,3.0,4.0,5.0,1,13,33.0
1.3.6.1.4.1.14519.5.2.1.6279.6001.251204142823446211001577555181,12988,5.0,1.0,3.0,5.0,5.0,1.0,1.0,5.0,1.0,0,2,3.0
1.3.6.1.4.1.14519.5.2.1.6279.6001.251204142823446211001577555181,12584,5.0,1.0,6.0,4.0,3.0,4.0,3.0,4.0,3.0,,13,36.0
1.3.6.1.4.1.14519.5.2.1.6279.6001.251204142823446211001577555181,3,5.0,1.0,6.0,3.0,5.0,3.0,3.0,5.0,4.0,1,13,30.0
1.3.6.1.4.1.14519.5.2.1.6279.6001.251204142823446211001577555181,6,5.0,1.0,6.0,3.0,4.0,3.0,1.0,5.0,4.0,1,12,33.0
1.3.6.1.4.1.14519.5.2.1.6279.6001.557875302364105947813979213632,Nodule 002,4.0,1.0,6.0,4.0,5.0,2.0,1.0,5.0,4.0,1,11,6.25
1.3.6.1.4.1.14519.5.2.1.6279.6001.557875302364105947813979213632,Nodule 003,3.0,1.0,6.0,4.0,5.0,1.0,1.0,5.0,2.0,0,9,5.0
1.3.6.1.4.1.14519.5.2.1.6279.6001.557875302364105947813979213632,Nodule 004,5.0,1.0,4.0,4.0,5.0,2.0,1.0,5.0,1.0,0,11,6.25
1.3.6.1.4.1.14519.5.2.1.6279.6001.557875302364105947813979213632,52335,2.0,1.0,6.0,3.0,3.0,1.0,1.0,1.0,3.0,,3,1.25
1.3.6.1.4.1.14519.5.2.1.6279.6001.557875302364105947813979213632,52315,3.0,1.0,3.0,5.0,5.0,1.0,1.0,5.0,1.0,0,8,4.38
1.3.6.1.4.1.14519.5.2.1.6279.6001.557875302364105947813979213632,52336,3.0,1.0,3.0,5.0,5.0,1.0,1.0,5.0,1.0,0,9,5.0
1.3.6.1.4.1.14519.5.2.1.6279.6001.557875302364105947813979213632,52308,3.0,1.0,6.0,3.0,3.0,1.0,1.0,5.0,3.0,,6,3.12
1.3.6.1.4.1.14519.5.2.1.6279.6001.557875302364105947813979213632,52303,3.0,1.0,5.0,4.0,5.0,2.0,1.0,5.0,1.0,0,8,4.38
1.3.6.1.4.1.14519.5.2.1.6279.6001.557875302364105947813979213632,59924,5.0,1.0,3.0,5.0,2.0,1.0,1.0,5.0,1.0,0,12,6.88
1.3.6.1.4.1.14519.5.2.1.6279.6001.557875302364105947813979213632,59930,4.0,1.0,4.0,2.0,4.0,1.0,3.0,5.0,2.0,0,11,6.25
1.3.6.1.4.1.14519.5.2.1.6279.6001.557875302364105947813979213632,59936,3.0,1.0,6.0,3.0,3.0,1.0,1.0,5.0,1.0,0,8,4.38
1.3.6.1.4.1.14519.5.2.1.6279.6001.557875302364105947813979213632,59933,4.0,1.0,3.0,3.0,5.0,1.0,1.0,5.0,1.0,0,11,6.25
1.3.6.1.4.1.14519.5.2.1.6279.6001.557875302364105947813979213632,1,5.0,1.0,3.0,5.0,5.0,1.0,1.0,5.0,1.0,0,11,6.25
1.3.6.1.4.1.14519.5.2.1.6279.6001.557875302364105947813979213632,4,5.0,1.0,3.0,5.0,5.0,1.0,1.0,5.0,1.0,0,14,8.12
1.3.6.1.4.1.14519.5.2.1.6279.6001.557875302364105947813979213632,6,5.0,1.0,3.0,5.0,5.0,1.0,1.0,5.0,1.0,0,12,6.87
1.3.6.1.4.1.14519.5.2.1.6279.6001.126264578931778258890371755354,59396,4.0,1.0,6.0,5.0,5.0,1.0,1.0,5.0,3.0,,13,6.0
1.3.6.1.4.1.14519.5.2.1.6279.6001.126264578931778258890371755354,39679,4.0,1.0,6.0,5.0,5.0,1.0,1.0,5.0,3.0,,13,6.0
1.3.6.1.4.1.14519.5.2.1.6279.6001.126264578931778258890371755354,9655,1.0,1.0,6.0,3.0,4.0,1.0,1.0,5.0,3.0,,13,6.0
1.3.6.1.4.1.14519.5.2.1.6279.6001.126264578931778258890371755354,0,5.0,1.0,6.0,5.0,5.0,1.0,1.0,5.0,2.0,0,13,6.0
1.3.6.1.4.1.14519.5.2.1.6279.6001.300724599751226863091983308838,0,4.0,1.0,6.0,3.0,2.0,3.0,3.0,3.0,3.0,,7,18.0
1.3.6.1.4.1.14519.5.2.1.6279.6001.300724599751226863091983308838,1366,5.0,1.0,6.0,2.0,1.0,4.0,2.0,5.0,4.0,1,8,21.0
1.3.6.1.4.1.14519.5.2.1.6279.6001.300724599751226863091983308838,2900,5.0,1.0,6.0,3.0,2.0,4.0,3.0,3.0,5.0,1,8,18.0
1.3.6.1.4.1.14519.5.2.1.6279.6001.300724599751226863091983308838,2906,2.0,1.0,6.0,5.0,5.0,5.0,5.0,5.0,3.0,,3,6.0
1.3.6.1.4.1.14519.5.2.1.6279.6001.300724599751226863091983308838,4743,5.0,1.0,6.0,3.0,2.0,3.0,4.0,3.0,2.0,0,9,18.0
1.3.6.1.4.1.14519.5.2.1.6279.6001.300724599751226863091983308838,4749,5.0,1.0,6.0,3.0,4.0,5.0,4.0,5.0,1.0,0,3,6.0
1.3.6.1.4.1.14519.5.2.1.6279.6001.297433269262659217151107535012,141635,5.0,1.0,6.0,3.0,3.0,2.0,3.0,5.0,3.0,,9,5.0
1.3.6.1.4.1.14519.5.2.1.6279.6001.297433269262659217151107535012,141628,5.0,1.0,3.0,2.0,3.0,3.0,2.0,5.0,1.0,0,16,9.38
1.3.6.1.4.1.14519.5.2.1.6279.6001.297433269262659217151107535012,0,1.0,1.0,6.0,5.0,2.0,1.0,1.0,1.0,2.0,0,18,10.62
1.3.6.1.4.1.14519.5.2.1.6279.6001.297433269262659217151107535012,6,5.0,1.0,3.0,5.0,5.0,1.0,1.0,5.0,1.0,0,15,8.75
1.3.6.1.4.1.14519.5.2.1.6279.6001.297433269262659217151107535012,167240,4.0,1.0,6.0,3.0,3.0,2.0,1.0,5.0,3.0,,7,3.75
1.3.6.1.4.1.14519.5.2.1.6279.6001.297433269262659217151107535012,167235,5.0,1.0,3.0,5.0,5.0,1.0,1.0,5.0,1.0,0,13,7.5
1.3.6.1.4.1.14519.5.2.1.6279.6001.297433269262659217151107535012,Nodule 004,4.0,1.0,6.0,4.0,4.0,2.0,2.0,5.0,4.0,1,8,4.38
1.3.6.1.4.1.14519.5.2.1.6279.6001.297433269262659217151107535012,Nodule 003,5.0,1.0,3.0,4.0,5.0,1.0,1.0,5.0,1.0,0,14,8.12
1.3.6.1.4.1.14519.5.2.1.6279.6001.297433269262659217151107535012,Nodule 001,3.0,1.0,6.0,2.0,5.0,1.0,1.0,5.0,2.0,0,4,1.88
1.3.6.1.4.1.14519.5.2.1.6279.6001.226813447046845316215094488309,77797,3.0,1.0,6.0,2.0,4.0,1.0,1.0,5.0,1.0,0,2,3.0
1.3.6.1.4.1.14519.5.2.1.6279.6001.226813447046845316215094488309,77802,3.0,1.0,6.0,3.0,3.0,3.0,1.0,5.0,1.0,0,2,3.0
1.3.6.1.4.1.14519.5.2.1.6279.6001.226813447046845316215094488309,77793,3.0,1.0,6.0,3.0,3.0,1.0,1.0,5.0,1.0,0,2,3.0
1.3.6.1.4.1.14519.5.2.1.6279.6001.226813447046845316215094488309,75419,4.0,1.0,6.0,4.0,4.0,1.0,1.0,5.0,2.0,0,2,3.0
1.3.6.1.4.1.14519.5.2.1.6279.6001.226813447046845316215094488309,75423,3.0,1.0,6.0,3.0,5.0,1.0,1.0,5.0,3.0,,2,3.0
1.3.6.1.4.1.14519.5.2.1.6279.6001.226813447046845316215094488309,75426,2.0,1.0,6.0,4.0,4.0,1.0,1.0,5.0,2.0,0,2,3.0
1.3.6.1.4.1.14519.5.2.1.6279.6001.226813447046845316215094488309,10455,1.0,1.0,6.0,3.0,3.0,1.0,1.0,1.0,4.0,1,2,3.0
1.3.6.1.4.1.14519.5.2.1.6279.6001.226813447046845316215094488309,0,5.0,1.0,6.0,4.0,3.0,1.0,1.0,4.0,3.0,,2,3.0
1.3.6.1.4.1.14519.5.2.1.6279.6001.226813447046845316215094488309,1,5.0,1.0,6.0,4.0,5.0,1.0,1.0,5.0,3.0,,2,3.0
1.3.6.1.4.1.14519.5.2.1.6279.6001.226813447046845316215094488309,2,5.0,1.0,6.0,3.0,1.0,1.0,1.0,1.0,3.0,,2,3.0
1.3.6.1.4.1.14519.5.2.1.6279.6001.335799017122466251265955525941,74223,4.0,1.0,6.0,3.0,4.0,1.0,1.0,2.0,4.0,1,2,3.0
1.3.6.1.4.1.14519.5.2.1.6279.6001.335799017122466251265955525941,74230,3.0,1.0,6.0,3.0,4.0,1.0,1.0,4.0,1.0,0,1,0.0
1.3.6.1.4.1.14519.5.2.1.6279.6001.335799017122466251265955525941,74228,4.0,1.0,6.0,3.0,5.0,1.0,1.0,5.0,3.0,,2,3.0
1.3.6.1.4.1.14519.5.2.1.6279.6001.335799017122466251265955525941,69657,4.0,1.0,6.0,3.0,4.0,1.0,1.0,4.0,3.0,,2,3.0
1.3.6.1.4.1.14519.5.2.1.6279.6001.335799017122466251265955525941,14643,2.0,1.0,6.0,4.0,2.0,3.0,2.0,2.0,3.0,,2,3.0
1.3.6.1.4.1.14519.5.2.1.6279.6001.335799017122466251265955525941,14650,1.0,1.0,6.0,4.0,2.0,2.0,1.0,1.0,3.0,,1,0.0
1.3.6.1.4.1.14519.5.2.1.6279.6001.335799017122466251265955525941,14646,2.0,1.0,6.0,4.0,4.0,1.0,1.0,2.0,3.0,,2,3.0
1.3.6.1.4.1.14519.5.2.1.6279.6001.335799017122466251265955525941,0,5.0,1.0,6.0,4.0,4.0,1.0,1.0,4.0,3.0,,2,3.0
1.3.6.1.4.1.14519.5.2.1.6279.6001.335799017122466251265955525941,1,5.0,1.0,6.0,3.0,5.0,1.0,1.0,5.0,2.0,0,2,3.0
1.3.6.1.4.1.14519.5.2.1.6279.6001.202464973819273687476049035824,141534,5.0,1.0,3.0,5.0,1.0,2.0,1.0,5.0,1.0,0,9,5.0
1.3.6.1.4.1.14519.5.2.1.6279.6001.202464973819273687476049035824,4,5.0,1.0,3.0,5.0,5.0,1.0,1.0,5.0,1.0,0,10,5.62
1.3.6.1.4.1.14519.5.2.1.6279.6001.202464973819273687476049035824,167140,5.0,1.0,3.0,5.0,5.0,1.0,1.0,5.0,1.0,0,9,5.0
1.3.6.1.4.1.14519.5.2.1.6279.6001.202464973819273687476049035824,174162,3.0,1.0,3.0,5.0,5.0,1.0,1.0,5.0,1.0,0,6,3.12
1.3.6.1.4.1.14519.5.2.1.6279.6001.202464973819273687476049035824,Nodule 006,4.0,1.0,6.0,3.0,4.0,2.0,2.0,5.0,4.0,1,9,5.0
1.3.6.1.4.1.14519.5.2.1.6279.6001.202464973819273687476049035824,Nodule 005,3.0,1.0,6.0,5.0,5.0,1.0,1.0,5.0,2.0,0,7,3.75
1.3.6.1.4.1.14519.5.2.1.6279.6001.335866409407244673864352309754,MI014_19848,3.0,1.0,6.0,4.0,1.0,1.0,1.0,2.0,2.0,0,6,5.0
1.3.6.1.4.1.14519.5.2.1.6279.6001.335866409407244673864352309754,3,3.0,1.0,6.0,5.0,5.0,1.0,1.0,5.0,2.0,0,5,4.0
1.3.6.1.4.1.14519.5.2.1.6279.6001.394470743585708729682444806008,Nodule 001,4.0,1.0,6.0,3.0,5.0,2.0,1.0,5.0,4.0,1,4,3.0
1.3.6.1.4.1.14519.5.2.1.6279.6001.394470743585708729682444806008,IL057_168478,2.0,1.0,6.0,5.0,4.0,1.0,1.0,5.0,3.0,,3,2.0
1.3.6.1.4.1.14519.5.2.1.6279.6001.394470743585708729682444806008,IL057_168476,3.0,1.0,6.0,5.0,4.0,3.0,2.0,5.0,4.0,1,4,3.0
1.3.6.1.4.1.14519.5.2.1.6279.6001.394470743585708729682444806008,IL057_178026,2.0,1.0,6.0,5.0,5.0,1.0,1.0,5.0,3.0,,1,0.0
1.3.6.1.4.1.14519.5.2.1.6279.6001.394470743585708729682444806008,9,4.0,1.0,6.0,4.0,5.0,1.0,1.0,5.0,2.0,0,5,4.0
1.3.6.1.4.1.14519.5.2.1.6279.6001.109002525524522225658609808059,81210,5.0,1.0,6.0,3.0,5.0,1.0,3.0,5.0,5.0,1,8,8.75
1.3.6.1.4.1.14519.5.2.1.6279.6001.109002525524522225658609808059,81219,1.0,1.0,6.0,3.0,4.0,2.0,1.0,5.0,3.0,,2,1.25
1.3.6.1.4.1.14519.5.2.1.6279.6001.109002525524522225658609808059,IL057_195869,1.0,1.0,6.0,4.0,2.0,1.0,1.0,1.0,2.0,0,2,1.25
1.3.6.1.4.1.14519.5.2.1.6279.6001.109002525524522225658609808059,IL057_195860,5.0,1.0,6.0,4.0,4.0,1.0,2.0,5.0,5.0,1,9,8.75
1.3.6.1.4.1.14519.5.2.1.6279.6001.109002525524522225658609808059,IL057_195862,2.0,1.0,6.0,3.0,4.0,1.0,1.0,5.0,2.0,0,4,3.75
1.3.6.1.4.1.14519.5.2.1.6279.6001.109002525524522225658609808059,IL057_196381,4.0,1.0,3.0,5.0,5.0,1.0,1.0,5.0,1.0,0,4,3.75
1.3.6.1.4.1.14519.5.2.1.6279.6001.109002525524522225658609808059,IL057_196382,3.0,1.0,6.0,4.0,2.0,1.0,1.0,5.0,3.0,,3,2.5
1.3.6.1.4.1.14519.5.2.1.6279.6001.109002525524522225658609808059,Nodule 001,5.0,1.0,6.0,3.0,4.0,2.0,2.0,5.0,5.0,1,9,10.0
1.3.6.1.4.1.14519.5.2.1.6279.6001.109002525524522225658609808059,4384,5.0,1.0,6.0,3.0,3.0,3.0,2.0,5.0,5.0,1,9,10.0
1.3.6.1.4.1.14519.5.2.1.6279.6001.109002525524522225658609808059,4409,1.0,1.0,6.0,4.0,1.0,1.0,1.0,2.0,3.0,,4,2.5
1.3.6.1.4.1.14519.5.2.1.6279.6001.173101104804533997398137418032,0,5.0,1.0,6.0,5.0,5.0,1.0,1.0,5.0,4.0,1,6,3.12
1.3.6.1.4.1.14519.5.2.1.6279.6001.173101104804533997398137418032,4,5.0,1.0,6.0,5.0,5.0,3.0,1.0,5.0,4.0,1,5,2.5
1.3.6.1.4.1.14519.5.2.1.6279.6001.173101104804533997398137418032,6,5.0,1.0,6.0,5.0,5.0,2.0,1.0,5.0,4.0,1,4,1.88
1.3.6.1.4.1.14519.5.2.1.6279.6001.173101104804533997398137418032,Nodule 002,4.0,1.0,6.0,4.0,5.0,1.0,1.0,5.0,3.0,,6,3.12
1.3.6.1.4.1.14519.5.2.1.6279.6001.173101104804533997398137418032,Nodule 004,5.0,1.0,6.0,4.0,5.0,1.0,1.0,5.0,3.0,,10,5.62
1.3.6.1.4.1.14519.5.2.1.6279.6001.173101104804533997398137418032,Nodule 005,5.0,1.0,6.0,4.0,5.0,1.0,1.0,5.0,3.0,,5,2.5
1.3.6.1.4.1.14519.5.2.1.6279.6001.173101104804533997398137418032,21234,4.0,1.0,6.0,4.0,4.0,2.0,3.0,3.0,2.0,0,4,1.88
1.3.6.1.4.1.14519.5.2.1.6279.6001.173101104804533997398137418032,21230,4.0,1.0,6.0,5.0,4.0,1.0,2.0,4.0,2.0,0,5,2.5
1.3.6.1.4.1.14519.5.2.1.6279.6001.173101104804533997398137418032,21226,4.0,1.0,6.0,3.0,5.0,1.0,1.0,5.0,2.0,0,5,2.5
1.3.6.1.4.1.14519.5.2.1.6279.6001.173101104804533997398137418032,10345,4.0,1.0,6.0,4.0,4.0,4.0,2.0,5.0,3.0,,4,1.88
1.3.6.1.4.1.14519.5.2.1.6279.6001.173101104804533997398137418032,10341,4.0,1.0,6.0,4.0,3.0,1.0,3.0,5.0,4.0,1,5,2.5
1.3.6.1.4.1.14519.5.2.1.6279.6001.173101104804533997398137418032,10337,3.0,1.0,6.0,3.0,3.0,3.0,2.0,5.0,3.0,,5,2.5
1.3.6.1.4.1.14519.5.2.1.6279.6001.224259636925435364427994488842,12729,4.0,1.0,6.0,5.0,5.0,1.0,1.0,5.0,1.0,0,3,6.0
1.3.6.1.4.1.14519.5.2.1.6279.6001.224259636925435364427994488842,16783,4.0,1.0,6.0,5.0,3.0,1.0,2.0,4.0,3.0,,3,6.0
1.3.6.1.4.1.14519.5.2.1.6279.6001.224259636925435364427994488842,16787,4.0,1.0,6.0,3.0,3.0,2.0,2.0,4.0,3.0,,3,6.0
1.3.6.1.4.1.14519.5.2.1.6279.6001.224259636925435364427994488842,2228,3.0,1.0,6.0,4.0,4.0,2.0,2.0,4.0,3.0,,3,6.0
1.3.6.1.4.1.14519.5.2.1.6279.6001.224259636925435364427994488842,2232,3.0,1.0,6.0,3.0,3.0,2.0,2.0,2.0,3.0,,3,6.0
1.3.6.1.4.1.14519.5.2.1.6279.6001.215640837032688688030770057224,5809,4.0,1.0,6.0,3.0,3.0,2.0,2.0,4.0,3.0,,4,3.75
1.3.6.1.4.1.14519.5.2.1.6279.6001.215640837032688688030770057224,5797,4.0,1.0,6.0,2.0,4.0,2.0,2.0,4.0,3.0,,6,6.25
1.3.6.1.4.1.14519.5.2.1.6279.6001.215640837032688688030770057224,5803,4.0,1.0,6.0,4.0,3.0,2.0,2.0,4.0,3.0,,5,5.0
1.3.6.1.4.1.14519.5.2.1.6279.6001.215640837032688688030770057224,5818,3.0,1.0,6.0,4.0,4.0,2.0,2.0,5.0,3.0,,3,2.5
1.3.6.1.4.1.14519.5.2.1.6279.6001.215640837032688688030770057224,5794,4.0,1.0,6.0,4.0,1.0,4.0,4.0,4.0,3.0,,8,8.75
1.3.6.1.4.1.14519.5.2.1.6279.6001.215640837032688688030770057224,Nodule 001,4.0,1.0,6.0,4.0,4.0,1.0,2.0,5.0,4.0,1,6,5.0
1.3.6.1.4.1.14519.5.2.1.6279.6001.215640837032688688030770057224,Nodule 005,3.0,1.0,6.0,4.0,5.0,1.0,1.0,5.0,2.0,0,4,3.75
1.3.6.1.4.1.14519.5.2.1.6279.6001.215640837032688688030770057224,Nodule 012,4.0,1.0,6.0,4.0,5.0,1.0,1.0,5.0,2.0,0,3,2.5
1.3.6.1.4.1.14519.5.2.1.6279.6001.215640837032688688030770057224,Nodule 008,5.0,1.0,6.0,3.0,4.0,1.0,1.0,5.0,2.0,0,5,5.0
1.3.6.1.4.1.14519.5.2.1.6279.6001.215640837032688688030770057224,Nodule 009,5.0,1.0,6.0,3.0,5.0,1.0,1.0,5.0,2.0,0,6,6.25
1.3.6.1.4.1.14519.5.2.1.6279.6001.215640837032688688030770057224,Nodule 010,5.0,1.0,6.0,2.0,4.0,2.0,3.0,5.0,5.0,1,7,7.5
1.3.6.1.4.1.14519.5.2.1.6279.6001.215640837032688688030770057224,Nodule 011,4.0,1.0,6.0,4.0,5.0,2.0,1.0,5.0,4.0,1,4,3.75
1.3.6.1.4.1.14519.5.2.1.6279.6001.215640837032688688030770057224,IL057_91849,5.0,1.0,6.0,5.0,3.0,2.0,3.0,5.0,4.0,1,6,6.25
1.3.6.1.4.1.14519.5.2.1.6279.6001.215640837032688688030770057224,IL057_91844,5.0,1.0,6.0,4.0,4.0,4.0,4.0,5.0,5.0,1,7,7.5
1.3.6.1.4.1.14519.5.2.1.6279.6001.215640837032688688030770057224,IL057_91865,5.0,1.0,6.0,3.0,4.0,2.0,2.0,5.0,3.0,,2,1.25
1.3.6.1.4.1.14519.5.2.1.6279.6001.215640837032688688030770057224,IL057_91855,4.0,1.0,6.0,4.0,5.0,1.0,1.0,5.0,3.0,,6,6.25
1.3.6.1.4.1.14519.5.2.1.6279.6001.215640837032688688030770057224,IL057_91870,3.0,1.0,6.0,4.0,4.0,1.0,1.0,5.0,3.0,,3,2.5
1.3.6.1.4.1.14519.5.2.1.6279.6001.215640837032688688030770057224,IL057_91861,4.0,1.0,6.0,4.0,4.0,2.0,1.0,5.0,3.0,,3,2.5
1.3.6.1.4.1.14519.5.2.1.6279.6001.215640837032688688030770057224,IL057_131650,2.0,1.0,6.0,3.0,2.0,3.0,1.0,5.0,3.0,,4,3.75
1.3.6.1.4.1.14519.5.2.1.6279.6001.215640837032688688030770057224,IL057_131651,2.0,1.0,6.0,2.0,4.0,1.0,1.0,5.0,2.0,0,4,3.75
1.3.6.1.4.1.14519.5.2.1.6279.6001.215640837032688688030770057224,IL057_131652,2.0,1.0,6.0,4.0,3.0,2.0,2.0,5.0,3.0,,2,1.25
1.3.6.1.4.1.14519.5.2.1.6279.6001.215640837032688688030770057224,2407,5.0,1.0,6.0,2.0,4.0,1.0,3.0,5.0,3.0,,2,1.25
1.3.6.1.4.1.14519.5.2.1.6279.6001.215640837032688688030770057224,2404,4.0,1.0,6.0,1.0,3.0,2.0,3.0,4.0,3.0,,4,3.75
1.3.6.1.4.1.14519.5.2.1.6279.6001.215640837032688688030770057224,2413,3.0,1.0,6.0,3.0,4.0,1.0,3.0,5.0,3.0,,3,2.5
1.3.6.1.4.1.14519.5.2.1.6279.6001.215640837032688688030770057224,2400,5.0,1.0,6.0,3.0,4.0,1.0,3.0,4.0,3.0,,5,5.0
1.3.6.1.4.1.14519.5.2.1.6279.6001.215640837032688688030770057224,2387,5.0,1.0,5.0,3.0,4.0,4.0,3.0,5.0,5.0,1,7,7.5
1.3.6.1.4.1.14519.5.2.1.6279.6001.215640837032688688030770057224,2391,5.0,1.0,6.0,3.0,4.0,2.0,2.0,5.0,4.0,1,6,6.25
1.3.6.1.4.1.14519.5.2.1.6279.6001.215640837032688688030770057224,2398,5.0,1.0,6.0,4.0,4.0,1.0,2.0,5.0,4.0,1,5,5.0
1.3.6.1.4.1.14519.5.2.1.6279.6001.215640837032688688030770057224,2412,5.0,1.0,6.0,4.0,4.0,1.0,2.0,5.0,4.0,1,3,2.5
1.3.6.1.4.1.14519.5.2.1.6279.6001.321465552859463184018938648244,Nodule 001,5.0,1.0,6.0,3.0,5.0,1.0,1.0,5.0,4.0,1,6,9.0
1.3.6.1.4.1.14519.5.2.1.6279.6001.321465552859463184018938648244,68416,5.0,1.0,6.0,5.0,5.0,2.0,1.0,5.0,4.0,1,5,7.2
1.3.6.1.4.1.14519.5.2.1.6279.6001.321465552859463184018938648244,MI014_14520,4.0,1.0,6.0,4.0,4.0,3.0,1.0,4.0,3.0,,6,9.0
1.3.6.1.4.1.14519.5.2.1.6279.6001.321465552859463184018938648244,0,3.0,1.0,6.0,5.0,5.0,1.0,1.0,5.0,2.0,0,6,9.0
1.3.6.1.4.1.14519.5.2.1.6279.6001.230416590143922549745658357505,Nodule 003,4.0,1.0,6.0,3.0,4.0,2.0,2.0,5.0,4.0,1,6,5.0
1.3.6.1.4.1.14519.5.2.1.6279.6001.230416590143922549745658357505,Nodule 001,4.0,1.0,6.0,3.0,4.0,2.0,1.0,5.0,4.0,1,4,3.0
1.3.6.1.4.1.14519.5.2.1.6279.6001.230416590143922549745658357505,IL057_160801,3.0,1.0,6.0,3.0,4.0,2.0,3.0,5.0,3.0,,3,2.0
1.3.6.1.4.1.14519.5.2.1.6279.6001.230416590143922549745658357505,MI014_17528,4.0,1.0,6.0,3.0,4.0,3.0,2.0,5.0,3.0,,7,6.0
1.3.6.1.4.1.14519.5.2.1.6279.6001.230416590143922549745658357505,MI014_17531,2.0,1.0,6.0,3.0,2.0,2.0,2.0,3.0,3.0,,4,3.0
1.3.6.1.4.1.14519.5.2.1.6279.6001.230416590143922549745658357505,0,3.0,1.0,6.0,5.0,5.0,1.0,1.0,5.0,2.0,0,5,4.0
1.3.6.1.4.1.14519.5.2.1.6279.6001.230416590143922549745658357505,4,3.0,1.0,6.0,5.0,5.0,1.0,1.0,5.0,2.0,0,5,4.0
1.3.6.1.4.1.14519.5.2.1.6279.6001.230416590143922549745658357505,8,1.0,1.0,6.0,5.0,2.0,1.0,1.0,1.0,2.0,0,5,4.0
1.3.6.1.4.1.14519.5.2.1.6279.6001.241083615484551649610616348856,Nodule 001,5.0,1.0,6.0,4.0,4.0,2.0,1.0,4.0,4.0,1,4,5.4
1.3.6.1.4.1.14519.5.2.1.6279.6001.241083615484551649610616348856,14941,5.0,1.0,6.0,3.0,4.0,2.0,1.0,5.0,3.0,,4,5.4
1.3.6.1.4.1.14519.5.2.1.6279.6001.241083615484551649610616348856,2099,5.0,1.0,6.0,3.0,5.0,1.0,2.0,5.0,4.0,1,6,9.0
1.3.6.1.4.1.14519.5.2.1.6279.6001.241083615484551649610616348856,0,5.0,1.0,6.0,3.0,4.0,3.0,1.0,5.0,3.0,,4,5.4
1.3.6.1.4.1.14519.5.2.1.6279.6001.259123825760999546551970425757,34236,5.0,1.0,6.0,3.0,3.0,5.0,2.0,5.0,5.0,1,46,17.0
1.3.6.1.4.1.14519.5.2.1.6279.6001.259123825760999546551970425757,34249,3.0,1.0,6.0,4.0,4.0,1.0,1.0,5.0,2.0,0,4,3.0
1.3.6.1.4.1.14519.5.2.1.6279.6001.259123825760999546551970425757,34242,4.0,1.0,6.0,4.0,4.0,2.0,1.0,5.0,3.0,,5,4.0
1.3.6.1.4.1.14519.5.2.1.6279.6001.259123825760999546551970425757,34247,3.0,1.0,6.0,5.0,5.0,1.0,1.0,5.0,2.0,0,5,4.0
1.3.6.1.4.1.14519.5.2.1.6279.6001.259123825760999546551970425757,34250,2.0,1.0,6.0,3.0,3.0,2.0,1.0,5.0,3.0,,3,2.0
1.3.6.1.4.1.14519.5.2.1.6279.6001.259123825760999546551970425757,34239,4.0,1.0,6.0,4.0,2.0,3.0,2.0,5.0,3.0,,10,9.0
1.3.6.1.4.1.14519.5.2.1.6279.6001.259123825760999546551970425757,Nodule 004,4.0,1.0,6.0,5.0,5.0,1.0,1.0,5.0,3.0,,5,4.0
1.3.6.1.4.1.14519.5.2.1.6279.6001.259123825760999546551970425757,Nodule 003,3.0,1.0,6.0,4.0,5.0,1.0,1.0,5.0,3.0,,2,1.0
1.3.6.1.4.1.14519.5.2.1.6279.6001.259123825760999546551970425757,Nodule 001,5.0,1.0,6.0,4.0,5.0,1.0,1.0,5.0,4.0,1,5,4.0
1.3.6.1.4.1.14519.5.2.1.6279.6001.259123825760999546551970425757,Nodule 005,4.0,1.0,6.0,4.0,5.0,1.0,1.0,5.0,3.0,,4,3.0
1.3.6.1.4.1.14519.5.2.1.6279.6001.259123825760999546551970425757,Nodule 002,5.0,1.0,6.0,2.0,4.0,2.0,5.0,4.0,5.0,1,20,17.0
1.3.6.1.4.1.14519.5.2.1.6279.6001.259123825760999546551970425757,12931,5.0,1.0,4.0,3.0,2.0,5.0,5.0,4.0,3.0,,29,19.0
1.3.6.1.4.1.14519.5.2.1.6279.6001.259123825760999546551970425757,12936,3.0,1.0,6.0,4.0,3.0,3.0,3.0,4.0,3.0,,6,5.0
1.3.6.1.4.1.14519.5.2.1.6279.6001.259123825760999546551970425757,12942,2.0,1.0,6.0,5.0,4.0,2.0,2.0,4.0,3.0,,5,4.0
1.3.6.1.4.1.14519.5.2.1.6279.6001.259123825760999546551970425757,12944,2.0,1.0,6.0,3.0,4.0,2.0,2.0,4.0,3.0,,4,3.0
1.3.6.1.4.1.14519.5.2.1.6279.6001.259123825760999546551970425757,0,5.0,1.0,6.0,5.0,5.0,1.0,3.0,5.0,5.0,1,10,9.0
1.3.6.1.4.1.14519.5.2.1.6279.6001.259123825760999546551970425757,1,5.0,1.0,6.0,5.0,5.0,5.0,5.0,5.0,5.0,1,3,2.0
1.3.6.1.4.1.14519.5.2.1.6279.6001.259123825760999546551970425757,10,3.0,1.0,6.0,5.0,5.0,1.0,1.0,5.0,2.0,0,5,4.0
1.3.6.1.4.1.14519.5.2.1.6279.6001.259123825760999546551970425757,15,5.0,1.0,6.0,5.0,5.0,4.0,4.0,5.0,5.0,1,5,4.0
1.3.6.1.4.1.14519.5.2.1.6279.6001.259123825760999546551970425757,16,5.0,1.0,3.0,5.0,5.0,1.0,1.0,5.0,1.0,0,5,4.0
1.3.6.1.4.1.14519.5.2.1.6279.6001.259123825760999546551970425757,19,5.0,1.0,6.0,5.0,5.0,3.0,3.0,5.0,3.0,,4,3.0
1.3.6.1.4.1.14519.5.2.1.6279.6001.179162671133894061547290922949,74084,5.0,1.0,3.0,4.0,5.0,4.0,3.0,5.0,1.0,0,14,9.75
1.3.6.1.4.1.14519.5.2.1.6279.6001.179162671133894061547290922949,74088,5.0,1.0,6.0,4.0,4.0,2.0,2.0,5.0,3.0,,8,5.25
1.3.6.1.4.1.14519.5.2.1.6279.6001.179162671133894061547290922949,74092,5.0,1.0,3.0,4.0,5.0,2.0,1.0,5.0,1.0,0,4,2.25
1.3.6.1.4.1.14519.5.2.1.6279.6001.179162671133894061547290922949,Nodule 001,5.0,1.0,3.0,4.0,5.0,1.0,1.0,5.0,1.0,0,12,8.25
1.3.6.1.4.1.14519.5.2.1.6279.6001.179162671133894061547290922949,Nodule 002,5.0,1.0,6.0,4.0,5.0,1.0,1.0,5.0,3.0,,6,3.75
1.3.6.1.4.1.14519.5.2.1.6279.6001.179162671133894061547290922949,Nodule 004,4.0,1.0,3.0,5.0,5.0,1.0,1.0,5.0,1.0,0,4,2.25
1.3.6.1.4.1.14519.5.2.1.6279.6001.179162671133894061547290922949,15378,5.0,1.0,6.0,4.0,4.0,1.0,1.0,1.0,4.0,1,5,3.0
1.3.6.1.4.1.14519.5.2.1.6279.6001.179162671133894061547290922949,15390,5.0,1.0,5.0,5.0,5.0,1.0,1.0,5.0,1.0,0,12,8.25
1.3.6.1.4.1.14519.5.2.1.6279.6001.179162671133894061547290922949,15392,5.0,1.0,5.0,5.0,5.0,1.0,1.0,5.0,1.0,0,5,3.0
1.3.6.1.4.1.14519.5.2.1.6279.6001.179162671133894061547290922949,0,5.0,1.0,3.0,5.0,5.0,1.0,1.0,4.0,1.0,0,13,9.0
1.3.6.1.4.1.14519.5.2.1.6279.6001.179162671133894061547290922949,1,5.0,1.0,6.0,4.0,5.0,1.0,2.0,5.0,3.0,,7,4.5
1.3.6.1.4.1.14519.5.2.1.6279.6001.179162671133894061547290922949,2,5.0,1.0,3.0,5.0,5.0,1.0,1.0,5.0,1.0,0,5,3.0
1.3.6.1.4.1.14519.5.2.1.6279.6001.261678072503577216586082745513,Nodule 002,4.0,1.0,6.0,4.0,4.0,1.0,1.0,5.0,3.0,,4,5.4
1.3.6.1.4.1.14519.5.2.1.6279.6001.261678072503577216586082745513,Nodule 001,4.0,1.0,6.0,3.0,4.0,1.0,2.0,4.0,5.0,1,3,3.6
1.3.6.1.4.1.14519.5.2.1.6279.6001.261678072503577216586082745513,59964,3.0,1.0,6.0,3.0,3.0,2.0,2.0,4.0,3.0,,2,1.8
1.3.6.1.4.1.14519.5.2.1.6279.6001.261678072503577216586082745513,59960,3.0,1.0,6.0,3.0,3.0,1.0,1.0,5.0,2.0,0,3,3.6
1.3.6.1.4.1.14519.5.2.1.6279.6001.319066480138812986026181758474,0086,3.0,1.0,6.0,3.0,3.0,1.0,3.0,4.0,3.0,,4,3.75
1.3.6.1.4.1.14519.5.2.1.6279.6001.319066480138812986026181758474,0090,2.0,1.0,6.0,3.0,3.0,1.0,2.0,3.0,3.0,,1,0.0
1.3.6.1.4.1.14519.5.2.1.6279.6001.319066480138812986026181758474,0321,3.0,1.0,6.0,3.0,4.0,2.0,1.0,5.0,3.0,,3,2.5
1.3.6.1.4.1.14519.5.2.1.6279.6001.319066480138812986026181758474,Nodule 004,4.0,1.0,6.0,3.0,4.0,2.0,1.0,5.0,5.0,1,4,3.75
1.3.6.1.4.1.14519.5.2.1.6279.6001.319066480138812986026181758474,Nodule 003,4.0,1.0,6.0,3.0,4.0,2.0,1.0,5.0,4.0,1,5,5.0
1.3.6.1.4.1.14519.5.2.1.6279.6001.319066480138812986026181758474,Nodule 002,4.0,1.0,6.0,5.0,5.0,1.0,1.0,5.0,1.0,0,3,2.5
1.3.6.1.4.1.14519.5.2.1.6279.6001.319066480138812986026181758474,5366,1.0,1.0,6.0,2.0,3.0,2.0,2.0,4.0,3.0,,4,3.75
1.3.6.1.4.1.14519.5.2.1.6279.6001.319066480138812986026181758474,5364,1.0,1.0,6.0,4.0,2.0,2.0,2.0,3.0,3.0,,3,2.5
1.3.6.1.4.1.14519.5.2.1.6279.6001.125356649712550043958727288500,142039,5.0,1.0,3.0,3.0,5.0,1.0,2.0,5.0,1.0,0,3,2.5
1.3.6.1.4.1.14519.5.2.1.6279.6001.125356649712550043958727288500,142032,5.0,1.0,3.0,3.0,5.0,1.0,4.0,5.0,1.0,0,4,3.75
1.3.6.1.4.1.14519.5.2.1.6279.6001.125356649712550043958727288500,142030,5.0,1.0,3.0,4.0,5.0,1.0,4.0,5.0,1.0,0,4,3.75
1.3.6.1.4.1.14519.5.2.1.6279.6001.125356649712550043958727288500,142037,5.0,1.0,3.0,3.0,5.0,2.0,1.0,5.0,1.0,0,3,2.5
1.3.6.1.4.1.14519.5.2.1.6279.6001.125356649712550043958727288500,Nodule 001,3.0,1.0,6.0,4.0,5.0,1.0,1.0,5.0,3.0,,4,3.75
1.3.6.1.4.1.14519.5.2.1.6279.6001.362762275895885013176610377950,141665,5.0,1.0,6.0,3.0,3.0,2.0,4.0,5.0,3.0,,5,2.5
1.3.6.1.4.1.14519.5.2.1.6279.6001.362762275895885013176610377950,174165,2.0,1.0,6.0,5.0,5.0,1.0,1.0,5.0,2.0,0,4,1.88
1.3.6.1.4.1.14519.5.2.1.6279.6001.362762275895885013176610377950,Nodule 003,4.0,1.0,6.0,4.0,5.0,1.0,1.0,5.0,3.0,,4,1.88
1.3.6.1.4.1.14519.5.2.1.6279.6001.362762275895885013176610377950,Nodule 002,3.0,1.0,6.0,2.0,4.0,2.0,1.0,5.0,3.0,,4,1.88
1.3.6.1.4.1.14519.5.2.1.6279.6001.362762275895885013176610377950,1,3.0,1.0,6.0,5.0,5.0,1.0,1.0,5.0,2.0,0,6,3.12
1.3.6.1.4.1.14519.5.2.1.6279.6001.362762275895885013176610377950,9,3.0,1.0,6.0,5.0,5.0,1.0,1.0,5.0,2.0,0,5,2.5
1.3.6.1.4.1.14519.5.2.1.6279.6001.183184435049555024219115904825,54308,4.0,1.0,6.0,3.0,4.0,1.0,1.0,5.0,2.0,0,4,3.75
1.3.6.1.4.1.14519.5.2.1.6279.6001.183184435049555024219115904825,54313,5.0,1.0,3.0,3.0,5.0,2.0,1.0,5.0,1.0,0,4,3.75
1.3.6.1.4.1.14519.5.2.1.6279.6001.183184435049555024219115904825,IL057_157046,3.0,1.0,3.0,5.0,5.0,1.0,1.0,5.0,1.0,0,3,2.5
1.3.6.1.4.1.14519.5.2.1.6279.6001.183184435049555024219115904825,IL057_157045,3.0,1.0,6.0,4.0,4.0,1.0,1.0,4.0,3.0,,3,2.5
1.3.6.1.4.1.14519.5.2.1.6279.6001.183184435049555024219115904825,7453,4.0,1.0,3.0,4.0,5.0,1.0,1.0,5.0,1.0,0,4,3.75
1.3.6.1.4.1.14519.5.2.1.6279.6001.183184435049555024219115904825,7455,4.0,1.0,3.0,3.0,5.0,1.0,1.0,5.0,1.0,0,4,3.75
1.3.6.1.4.1.14519.5.2.1.6279.6001.183184435049555024219115904825,7454,1.0,1.0,6.0,4.0,4.0,1.0,2.0,5.0,3.0,,5,5.0
1.3.6.1.4.1.14519.5.2.1.6279.6001.183184435049555024219115904825,7446,3.0,1.0,6.0,5.0,2.0,2.0,2.0,4.0,3.0,,4,3.75
1.3.6.1.4.1.14519.5.2.1.6279.6001.183184435049555024219115904825,7450,5.0,1.0,3.0,4.0,5.0,2.0,1.0,5.0,1.0,0,5,5.0
1.3.6.1.4.1.14519.5.2.1.6279.6001.183184435049555024219115904825,7473,2.0,1.0,3.0,5.0,5.0,1.0,1.0,5.0,1.0,0,3,2.5
1.3.6.1.4.1.14519.5.2.1.6279.6001.183184435049555024219115904825,Nodule 007,4.0,1.0,6.0,3.0,4.0,2.0,1.0,4.0,4.0,1,4,3.75
1.3.6.1.4.1.14519.5.2.1.6279.6001.183184435049555024219115904825,Nodule 002,4.0,1.0,6.0,4.0,5.0,2.0,1.0,5.0,4.0,1,4,3.75
1.3.6.1.4.1.14519.5.2.1.6279.6001.922852847124879997825997808179,55664,4.0,1.0,6.0,2.0,3.0,1.0,2.0,4.0,2.0,0,19,11.25
1.3.6.1.4.1.14519.5.2.1.6279.6001.922852847124879997825997808179,55666,4.0,1.0,6.0,3.0,4.0,1.0,1.0,5.0,1.0,0,17,10.0
1.3.6.1.4.1.14519.5.2.1.6279.6001.922852847124879997825997808179,Nodule 003,4.0,1.0,6.0,4.0,5.0,1.0,1.0,5.0,3.0,,7,3.75
1.3.6.1.4.1.14519.5.2.1.6279.6001.922852847124879997825997808179,Nodule 002,5.0,1.0,6.0,3.0,3.0,4.0,3.0,5.0,5.0,1,18,10.0
1.3.6.1.4.1.14519.5.2.1.6279.6001.922852847124879997825997808179,Nodule 001,5.0,1.0,6.0,3.0,4.0,2.0,1.0,5.0,4.0,1,14,8.12
1.3.6.1.4.1.14519.5.2.1.6279.6001.922852847124879997825997808179,1,5.0,1.0,6.0,3.0,5.0,4.0,4.0,5.0,4.0,1,18,10.62
1.3.6.1.4.1.14519.5.2.1.6279.6001.922852847124879997825997808179,3,1.0,1.0,6.0,5.0,5.0,1.0,1.0,5.0,2.0,0,10,5.62
1.3.6.1.4.1.14519.5.2.1.6279.6001.922852847124879997825997808179,4,5.0,1.0,6.0,3.0,5.0,2.0,1.0,5.0,2.0,0,16,9.38
1.3.6.1.4.1.14519.5.2.1.6279.6001.922852847124879997825997808179,72295,3.0,1.0,6.0,3.0,4.0,3.0,2.0,5.0,3.0,,18,10.63
1.3.6.1.4.1.14519.5.2.1.6279.6001.922852847124879997825997808179,50177,5.0,1.0,6.0,3.0,4.0,4.0,4.0,5.0,4.0,1,15,8.75
1.3.6.1.4.1.14519.5.2.1.6279.6001.148229375703208214308676934766,57439,3.0,1.0,6.0,3.0,4.0,1.0,1.0,5.0,2.0,0,13,8.4
1.3.6.1.4.1.14519.5.2.1.6279.6001.148229375703208214308676934766,57592,2.0,1.0,3.0,3.0,5.0,3.0,1.0,5.0,1.0,0,8,4.9
1.3.6.1.4.1.14519.5.2.1.6279.6001.148229375703208214308676934766,39999,4.0,1.0,3.0,3.0,5.0,1.0,3.0,5.0,1.0,0,6,3.5
1.3.6.1.4.1.14519.5.2.1.6279.6001.148229375703208214308676934766,39968,3.0,1.0,6.0,4.0,5.0,2.0,2.0,5.0,3.0,,12,7.7
1.3.6.1.4.1.14519.5.2.1.6279.6001.148229375703208214308676934766,13651,2.0,1.0,6.0,3.0,4.0,2.0,1.0,5.0,3.0,,14,9.1
1.3.6.1.4.1.14519.5.2.1.6279.6001.148229375703208214308676934766,14176,3.0,1.0,3.0,3.0,4.0,3.0,1.0,5.0,1.0,0,8,4.9
1.3.6.1.4.1.14519.5.2.1.6279.6001.148229375703208214308676934766,0,3.0,1.0,6.0,5.0,5.0,1.0,1.0,5.0,2.0,0,14,9.1
1.3.6.1.4.1.14519.5.2.1.6279.6001.148229375703208214308676934766,7,5.0,1.0,3.0,5.0,5.0,1.0,2.0,5.0,1.0,0,9,5.6
1.3.6.1.4.1.14519.5.2.1.6279.6001.558286136379689377915919180358,IL057_156741,4.0,1.0,6.0,4.0,2.0,5.0,3.0,1.0,5.0,1,11,12.5
1.3.6.1.4.1.14519.5.2.1.6279.6001.558286136379689377915919180358,48496,5.0,1.0,6.0,2.0,2.0,5.0,1.0,2.0,5.0,1,13,15.0
1.3.6.1.4.1.14519.5.2.1.6279.6001.558286136379689377915919180358,Nodule 001,4.0,1.0,6.0,5.0,5.0,1.0,1.0,5.0,1.0,0,4,3.75
1.3.6.1.4.1.14519.5.2.1.6279.6001.558286136379689377915919180358,Nodule 003,5.0,1.0,6.0,3.0,3.0,2.0,2.0,1.0,5.0,1,13,15.0
1.3.6.1.4.1.14519.5.2.1.6279.6001.558286136379689377915919180358,7061,4.0,1.0,6.0,3.0,2.0,3.0,1.0,2.0,3.0,,13,15.0
1.3.6.1.4.1.14519.5.2.1.6279.6001.558286136379689377915919180358,7065,1.0,1.0,6.0,4.0,4.0,1.0,1.0,5.0,3.0,,4,3.75
1.3.6.1.4.1.14519.5.2.1.6279.6001.275007193025729362844652516689,Nodule 001,3.0,1.0,6.0,4.0,5.0,1.0,1.0,5.0,2.0,0,5,5.0
1.3.6.1.4.1.14519.5.2.1.6279.6001.275007193025729362844652516689,IL057_195975,1.0,1.0,6.0,4.0,1.0,1.0,1.0,1.0,2.0,0,3,2.5
1.3.6.1.4.1.14519.5.2.1.6279.6001.275007193025729362844652516689,IL057_195967,2.0,1.0,6.0,4.0,1.0,1.0,1.0,1.0,4.0,1,9,10.0
1.3.6.1.4.1.14519.5.2.1.6279.6001.275007193025729362844652516689,IL057_195964,5.0,1.0,6.0,4.0,5.0,2.0,1.0,5.0,5.0,1,18,21.25
1.3.6.1.4.1.14519.5.2.1.6279.6001.275007193025729362844652516689,IL057_196386,4.0,1.0,3.0,4.0,5.0,1.0,1.0,5.0,1.0,0,4,3.75
1.3.6.1.4.1.14519.5.2.1.6279.6001.275007193025729362844652516689,0432,1.0,1.0,6.0,4.0,1.0,3.0,1.0,1.0,3.0,,4,3.75
1.3.6.1.4.1.14519.5.2.1.6279.6001.275007193025729362844652516689,0426,5.0,1.0,6.0,4.0,4.0,4.0,1.0,5.0,5.0,1,19,22.5
1.3.6.1.4.1.14519.5.2.1.6279.6001.275007193025729362844652516689,0436,3.0,1.0,6.0,3.0,1.0,2.0,1.0,3.0,3.0,,5,5.0
1.3.6.1.4.1.14519.5.2.1.6279.6001.275007193025729362844652516689,0435,5.0,1.0,3.0,3.0,5.0,1.0,1.0,5.0,1.0,0,4,3.75
1.3.6.1.4.1.14519.5.2.1.6279.6001.275007193025729362844652516689,81278,3.0,1.0,6.0,3.0,1.0,1.0,5.0,1.0,5.0,1,12,13.75
1.3.6.1.4.1.14519.5.2.1.6279.6001.275007193025729362844652516689,81275,5.0,1.0,6.0,3.0,5.0,2.0,1.0,5.0,5.0,1,17,20.0
1.3.6.1.4.1.14519.5.2.1.6279.6001.303421828981831854739626597495,57117,2.0,1.0,6.0,3.0,4.0,1.0,1.0,5.0,1.0,0,4,3.0
1.3.6.1.4.1.14519.5.2.1.6279.6001.303421828981831854739626597495,Nodule 001,4.0,1.0,6.0,3.0,4.0,2.0,1.0,5.0,4.0,1,4,3.0
1.3.6.1.4.1.14519.5.2.1.6279.6001.303421828981831854739626597495,13512,4.0,1.0,6.0,4.0,2.0,1.0,1.0,4.0,3.0,,2,1.0
1.3.6.1.4.1.14519.5.2.1.6279.6001.303421828981831854739626597495,4,3.0,1.0,6.0,3.0,5.0,2.0,1.0,5.0,2.0,0,5,4.0
1.3.6.1.4.1.14519.5.2.1.6279.6001.143782059748737055784173697516,17181,3.0,1.0,6.0,3.0,3.0,2.0,2.0,4.0,3.0,,7,6.0
1.3.6.1.4.1.14519.5.2.1.6279.6001.143782059748737055784173697516,2,1.0,1.0,6.0,5.0,2.0,1.0,1.0,1.0,2.0,0,7,6.0
1.3.6.1.4.1.14519.5.2.1.6279.6001.258220324170977900491673635112,Nodule 003,5.0,1.0,6.0,3.0,4.0,3.0,2.0,5.0,5.0,1,23,12.5
1.3.6.1.4.1.14519.5.2.1.6279.6001.258220324170977900491673635112,Nodule 005,4.0,1.0,6.0,3.0,5.0,1.0,1.0,5.0,3.0,,5,2.5
1.3.6.1.4.1.14519.5.2.1.6279.6001.258220324170977900491673635112,Nodule 006,3.0,1.0,6.0,3.0,5.0,1.0,1.0,5.0,3.0,,7,3.75
1.3.6.1.4.1.14519.5.2.1.6279.6001.258220324170977900491673635112,Nodule 004,4.0,1.0,6.0,3.0,5.0,1.0,1.0,5.0,3.0,,4,1.88
1.3.6.1.4.1.14519.5.2.1.6279.6001.258220324170977900491673635112,33953,2.0,1.0,6.0,4.0,4.0,2.0,1.0,5.0,3.0,,8,4.38
1.3.6.1.4.1.14519.5.2.1.6279.6001.258220324170977900491673635112,33922,5.0,1.0,3.0,4.0,5.0,1.0,3.0,5.0,1.0,0,16,9.38
1.3.6.1.4.1.14519.5.2.1.6279.6001.258220324170977900491673635112,50342,4.0,1.0,6.0,4.0,4.0,1.0,1.0,5.0,3.0,,8,4.38
1.3.6.1.4.1.14519.5.2.1.6279.6001.258220324170977900491673635112,50340,4.0,1.0,6.0,5.0,4.0,4.0,2.0,5.0,3.0,,5,2.5
1.3.6.1.4.1.14519.5.2.1.6279.6001.258220324170977900491673635112,50335,5.0,1.0,5.0,4.0,3.0,3.0,1.0,5.0,1.0,0,23,12.5
1.3.6.1.4.1.14519.5.2.1.6279.6001.258220324170977900491673635112,50343,1.0,1.0,6.0,2.0,2.0,1.0,1.0,2.0,1.0,0,3,1.25
1.3.6.1.4.1.14519.5.2.1.6279.6001.258220324170977900491673635112,0,3.0,1.0,6.0,4.0,4.0,1.0,1.0,5.0,2.0,0,15,8.75
1.3.6.1.4.1.14519.5.2.1.6279.6001.258220324170977900491673635112,5,3.0,1.0,6.0,4.0,5.0,1.0,1.0,5.0,2.0,0,8,4.38
1.3.6.1.4.1.14519.5.2.1.6279.6001.258220324170977900491673635112,6,5.0,1.0,6.0,4.0,4.0,4.0,2.0,5.0,4.0,1,20,11.88
1.3.6.1.4.1.14519.5.2.1.6279.6001.625270601160880745954773142570,174079,5.0,1.0,6.0,3.0,2.0,5.0,4.0,5.0,5.0,1,20,21.25
1.3.6.1.4.1.14519.5.2.1.6279.6001.625270601160880745954773142570,174083,5.0,1.0,6.0,2.0,3.0,2.0,4.0,5.0,2.0,0,5,5.0
1.3.6.1.4.1.14519.5.2.1.6279.6001.625270601160880745954773142570,0,5.0,1.0,6.0,3.0,5.0,2.0,2.0,5.0,3.0,,18,21.25
1.3.6.1.4.1.14519.5.2.1.6279.6001.625270601160880745954773142570,172331,5.0,1.0,6.0,4.0,5.0,1.0,2.0,5.0,5.0,1,19,21.25
1.3.6.1.4.1.14519.5.2.1.6279.6001.625270601160880745954773142570,Nodule 001,5.0,1.0,6.0,3.0,4.0,2.0,4.0,5.0,5.0,1,20,21.25
1.3.6.1.4.1.14519.5.2.1.6279.6001.190937805243443708408459490152,Nodule 001,4.0,1.0,6.0,2.0,4.0,2.0,1.0,4.0,2.0,0,5,10.0
1.3.6.1.4.1.14519.5.2.1.6279.6001.190937805243443708408459490152,Nodule 002,4.0,1.0,6.0,2.0,4.0,2.0,1.0,4.0,2.0,0,4,7.5
1.3.6.1.4.1.14519.5.2.1.6279.6001.994459772950022352718462251777,0201,3.0,1.0,3.0,4.0,5.0,1.0,1.0,5.0,1.0,0,5,5.0
1.3.6.1.4.1.14519.5.2.1.6279.6001.994459772950022352718462251777,0205,3.0,1.0,6.0,3.0,4.0,1.0,1.0,5.0,1.0,0,5,5.0
1.3.6.1.4.1.14519.5.2.1.6279.6001.994459772950022352718462251777,0208,3.0,1.0,6.0,3.0,3.0,1.0,1.0,1.0,2.0,0,2,1.25
1.3.6.1.4.1.14519.5.2.1.6279.6001.994459772950022352718462251777,5431,2.0,1.0,6.0,4.0,5.0,1.0,1.0,5.0,3.0,,5,5.0
1.3.6.1.4.1.14519.5.2.1.6279.6001.994459772950022352718462251777,5428,2.0,1.0,6.0,4.0,5.0,1.0,1.0,5.0,3.0,,5,5.0
1.3.6.1.4.1.14519.5.2.1.6279.6001.994459772950022352718462251777,5437,1.0,1.0,6.0,4.0,3.0,3.0,2.0,3.0,3.0,,3,2.5
1.3.6.1.4.1.14519.5.2.1.6279.6001.994459772950022352718462251777,Nodule 005,4.0,1.0,6.0,3.0,5.0,1.0,1.0,5.0,2.0,0,4,3.75
1.3.6.1.4.1.14519.5.2.1.6279.6001.994459772950022352718462251777,Nodule 003,4.0,1.0,6.0,4.0,5.0,1.0,1.0,5.0,2.0,0,4,3.75
1.3.6.1.4.1.14519.5.2.1.6279.6001.994459772950022352718462251777,Nodule 009,4.0,1.0,6.0,3.0,5.0,1.0,1.0,5.0,2.0,0,3,2.5
1.3.6.1.4.1.14519.5.2.1.6279.6001.994459772950022352718462251777,Nodule 010,4.0,1.0,6.0,3.0,5.0,1.0,1.0,5.0,2.0,0,3,2.5
1.3.6.1.4.1.14519.5.2.1.6279.6001.994459772950022352718462251777,IL057_85664,2.0,1.0,6.0,4.0,3.0,1.0,1.0,2.0,2.0,0,2,1.25
1.3.6.1.4.1.14519.5.2.1.6279.6001.994459772950022352718462251777,IL057_85663,2.0,1.0,6.0,5.0,5.0,1.0,1.0,5.0,2.0,0,4,3.75
1.3.6.1.4.1.14519.5.2.1.6279.6001.994459772950022352718462251777,IL057_131654,3.0,1.0,6.0,4.0,4.0,1.0,1.0,5.0,2.0,0,3,2.5
1.3.6.1.4.1.14519.5.2.1.6279.6001.969607480572818589276327766720,Nodule 002,3.0,1.0,6.0,5.0,5.0,1.0,1.0,5.0,2.0,0,2,1.8
1.3.6.1.4.1.14519.5.2.1.6279.6001.969607480572818589276327766720,10289,2.0,1.0,6.0,3.0,2.0,1.0,1.0,1.0,3.0,,4,5.4
1.3.6.1.4.1.14519.5.2.1.6279.6001.969607480572818589276327766720,10273,3.0,1.0,6.0,5.0,2.0,2.0,1.0,1.0,3.0,,3,3.6
1.3.6.1.4.1.14519.5.2.1.6279.6001.969607480572818589276327766720,10277,3.0,1.0,6.0,2.0,1.0,4.0,2.0,1.0,3.0,,5,7.2
1.3.6.1.4.1.14519.5.2.1.6279.6001.969607480572818589276327766720,10285,2.0,1.0,6.0,3.0,1.0,2.0,3.0,1.0,3.0,,2,1.8
1.3.6.1.4.1.14519.5.2.1.6279.6001.969607480572818589276327766720,10295,4.0,1.0,3.0,5.0,5.0,1.0,1.0,5.0,1.0,0,4,5.4
1.3.6.1.4.1.14519.5.2.1.6279.6001.969607480572818589276327766720,1,5.0,1.0,6.0,5.0,1.0,3.0,1.0,1.0,3.0,,3,3.6
1.3.6.1.4.1.14519.5.2.1.6279.6001.969607480572818589276327766720,3,5.0,1.0,3.0,5.0,5.0,2.0,1.0,5.0,1.0,0,4,5.4
1.3.6.1.4.1.14519.5.2.1.6279.6001.969607480572818589276327766720,10,1.0,1.0,6.0,3.0,1.0,5.0,5.0,1.0,3.0,,10,9.0
1.3.6.1.4.1.14519.5.2.1.6279.6001.969607480572818589276327766720,12,1.0,1.0,6.0,5.0,1.0,3.0,2.0,1.0,3.0,,6,9.0
1.3.6.1.4.1.14519.5.2.1.6279.6001.969607480572818589276327766720,2797,2.0,1.0,6.0,2.0,1.0,5.0,4.0,1.0,3.0,,10,9.0
1.3.6.1.4.1.14519.5.2.1.6279.6001.969607480572818589276327766720,2801,1.0,1.0,6.0,4.0,1.0,4.0,3.0,1.0,3.0,,5,7.2
1.3.6.1.4.1.14519.5.2.1.6279.6001.140642535005388188316143069436,187962,1.0,1.0,6.0,4.0,5.0,1.0,1.0,5.0,3.0,,2,3.0
1.3.6.1.4.1.14519.5.2.1.6279.6001.140642535005388188316143069436,205793,2.0,1.0,6.0,5.0,3.0,1.0,1.0,5.0,3.0,,2,3.0
1.3.6.1.4.1.14519.5.2.1.6279.6001.140642535005388188316143069436,18096,1.0,1.0,6.0,4.0,4.0,1.0,1.0,4.0,3.0,,2,3.0
1.3.6.1.4.1.14519.5.2.1.6279.6001.140642535005388188316143069436,1,5.0,1.0,6.0,5.0,5.0,1.0,1.0,5.0,1.0,0,3,6.0
1.3.6.1.4.1.14519.5.2.1.6279.6001.250397690690072950000431855143,IL057_196231,5.0,1.0,6.0,4.0,5.0,1.0,1.0,5.0,4.0,1,6,6.25
1.3.6.1.4.1.14519.5.2.1.6279.6001.250397690690072950000431855143,IL057_196237,5.0,1.0,6.0,4.0,5.0,1.0,1.0,5.0,2.0,0,4,3.75
1.3.6.1.4.1.14519.5.2.1.6279.6001.250397690690072950000431855143,IL057_196222,3.0,1.0,6.0,3.0,2.0,1.0,1.0,1.0,3.0,,8,7.5
1.3.6.1.4.1.14519.5.2.1.6279.6001.250397690690072950000431855143,IL057_196235,3.0,1.0,6.0,4.0,5.0,1.0,1.0,5.0,3.0,,7,7.5
1.3.6.1.4.1.14519.5.2.1.6279.6001.250397690690072950000431855143,IL057_196242,3.0,1.0,6.0,5.0,4.0,1.0,1.0,5.0,3.0,,4,3.75
1.3.6.1.4.1.14519.5.2.1.6279.6001.250397690690072950000431855143,IL057_196227,4.0,1.0,6.0,3.0,4.0,1.0,1.0,5.0,3.0,,7,7.5
1.3.6.1.4.1.14519.5.2.1.6279.6001.250397690690072950000431855143,Nodule 010,4.0,1.0,6.0,3.0,3.0,2.0,2.0,3.0,5.0,1,10,11.25
1.3.6.1.4.1.14519.5.2.1.6279.6001.250397690690072950000431855143,Nodule 007,4.0,1.0,6.0,3.0,5.0,1.0,1.0,5.0,4.0,1,7,7.5
1.3.6.1.4.1.14519.5.2.1.6279.6001.250397690690072950000431855143,Nodule 001,4.0,1.0,6.0,4.0,5.0,2.0,2.0,5.0,4.0,1,7,7.5
1.3.6.1.4.1.14519.5.2.1.6279.6001.250397690690072950000431855143,Nodule 008,3.0,1.0,6.0,3.0,5.0,1.0,1.0,5.0,2.0,0,3,2.5
1.3.6.1.4.1.14519.5.2.1.6279.6001.250397690690072950000431855143,Nodule 004,4.0,1.0,6.0,3.0,5.0,1.0,1.0,5.0,3.0,,7,7.5
1.3.6.1.4.1.14519.5.2.1.6279.6001.250397690690072950000431855143,Nodule 005,3.0,1.0,6.0,4.0,5.0,1.0,1.0,5.0,2.0,0,4,3.75
1.3.6.1.4.1.14519.5.2.1.6279.6001.250397690690072950000431855143,0821,2.0,1.0,6.0,4.0,1.0,1.0,2.0,1.0,2.0,0,8,8.75
1.3.6.1.4.1.14519.5.2.1.6279.6001.250397690690072950000431855143,0824,5.0,1.0,6.0,3.0,4.0,1.0,1.0,5.0,4.0,1,8,8.75
1.3.6.1.4.1.14519.5.2.1.6279.6001.250397690690072950000431855143,0832,5.0,1.0,6.0,3.0,5.0,1.0,1.0,5.0,4.0,1,8,8.75
1.3.6.1.4.1.14519.5.2.1.6279.6001.250397690690072950000431855143,0829,5.0,1.0,6.0,4.0,5.0,1.0,1.0,5.0,5.0,1,7,7.5
1.3.6.1.4.1.14519.5.2.1.6279.6001.250397690690072950000431855143,0841,5.0,1.0,6.0,4.0,4.0,1.0,1.0,5.0,4.0,1,4,3.75
1.3.6.1.4.1.14519.5.2.1.6279.6001.250397690690072950000431855143,03442,5.0,1.0,6.0,2.0,4.0,1.0,3.0,5.0,3.0,,5,5.0
1.3.6.1.4.1.14519.5.2.1.6279.6001.250397690690072950000431855143,03426,4.0,1.0,6.0,4.0,1.0,2.0,1.0,1.0,3.0,,9,10.0
1.3.6.1.4.1.14519.5.2.1.6279.6001.250397690690072950000431855143,03446,5.0,1.0,6.0,3.0,4.0,3.0,1.0,5.0,2.0,0,4,3.75
1.3.6.1.4.1.14519.5.2.1.6279.6001.250397690690072950000431855143,03434,5.0,1.0,6.0,3.0,4.0,4.0,1.0,5.0,3.0,,7,7.5
1.3.6.1.4.1.14519.5.2.1.6279.6001.250397690690072950000431855143,03440,5.0,1.0,6.0,3.0,4.0,3.0,1.0,5.0,2.0,0,8,8.75
1.3.6.1.4.1.14519.5.2.1.6279.6001.250397690690072950000431855143,03431,5.0,1.0,6.0,3.0,4.0,1.0,1.0,5.0,3.0,,8,8.75
1.3.6.1.4.1.14519.5.2.1.6279.6001.478062284228419671253422844986,68509,5.0,1.0,3.0,3.0,5.0,1.0,2.0,5.0,1.0,0,6,6.25
1.3.6.1.4.1.14519.5.2.1.6279.6001.478062284228419671253422844986,71397,4.0,1.0,5.0,3.0,5.0,2.0,1.0,5.0,1.0,0,3,2.5
1.3.6.1.4.1.14519.5.2.1.6279.6001.478062284228419671253422844986,3460,3.0,1.0,6.0,2.0,3.0,2.0,3.0,5.0,4.0,1,7,7.5
1.3.6.1.4.1.14519.5.2.1.6279.6001.478062284228419671253422844986,Nodule 003,3.0,1.0,6.0,3.0,4.0,2.0,1.0,5.0,3.0,,5,5.0
1.3.6.1.4.1.14519.5.2.1.6279.6001.478062284228419671253422844986,Nodule 001,4.0,1.0,6.0,3.0,4.0,3.0,2.0,5.0,4.0,1,3,2.5
1.3.6.1.4.1.14519.5.2.1.6279.6001.478062284228419671253422844986,Nodule 002,4.0,1.0,6.0,3.0,5.0,1.0,1.0,5.0,2.0,0,3,2.5
1.3.6.1.4.1.14519.5.2.1.6279.6001.478062284228419671253422844986,IL057_166401,4.0,1.0,3.0,3.0,5.0,1.0,1.0,5.0,1.0,0,4,3.75
1.3.6.1.4.1.14519.5.2.1.6279.6001.478062284228419671253422844986,IL057_166403,3.0,1.0,3.0,4.0,4.0,2.0,1.0,5.0,1.0,0,3,2.5
1.3.6.1.4.1.14519.5.2.1.6279.6001.211071908915618528829547301883,77218,5.0,1.0,3.0,4.0,5.0,3.0,1.0,5.0,1.0,0,5,2.8
1.3.6.1.4.1.14519.5.2.1.6279.6001.211071908915618528829547301883,0,5.0,1.0,3.0,5.0,5.0,1.0,1.0,5.0,1.0,0,5,2.8
1.3.6.1.4.1.14519.5.2.1.6279.6001.188385286346390202873004762827,55644,2.0,1.0,3.0,5.0,4.0,1.0,1.0,5.0,1.0,0,6,3.12
1.3.6.1.4.1.14519.5.2.1.6279.6001.188385286346390202873004762827,55635,3.0,1.0,6.0,5.0,3.0,1.0,1.0,1.0,3.0,,6,3.12
1.3.6.1.4.1.14519.5.2.1.6279.6001.188385286346390202873004762827,Nodule 002,5.0,1.0,6.0,3.0,4.0,1.0,1.0,5.0,3.0,,5,2.5
1.3.6.1.4.1.14519.5.2.1.6279.6001.188385286346390202873004762827,Nodule 006,5.0,1.0,3.0,5.0,5.0,1.0,1.0,5.0,1.0,0,5,2.5
1.3.6.1.4.1.14519.5.2.1.6279.6001.188385286346390202873004762827,Nodule 001,4.0,1.0,6.0,3.0,5.0,1.0,1.0,5.0,3.0,,6,3.12
1.3.6.1.4.1.14519.5.2.1.6279.6001.188385286346390202873004762827,1,3.0,1.0,6.0,5.0,5.0,1.0,1.0,5.0,2.0,0,7,3.75
1.3.6.1.4.1.14519.5.2.1.6279.6001.188385286346390202873004762827,2,1.0,1.0,6.0,5.0,5.0,1.0,1.0,4.0,2.0,0,4,1.88
1.3.6.1.4.1.14519.5.2.1.6279.6001.979083010707182900091062408058,Nodule 003,4.0,1.0,6.0,4.0,4.0,1.0,1.0,4.0,4.0,1,2,2.0
1.3.6.1.4.1.14519.5.2.1.6279.6001.979083010707182900091062408058,37568,4.0,1.0,6.0,3.0,5.0,1.0,1.0,1.0,2.0,0,2,2.0
1.3.6.1.4.1.14519.5.2.1.6279.6001.979083010707182900091062408058,25378,4.0,1.0,6.0,3.0,2.0,4.0,2.0,2.0,3.0,,1,0.0
1.3.6.1.4.1.14519.5.2.1.6279.6001.979083010707182900091062408058,25373,4.0,1.0,6.0,3.0,3.0,3.0,3.0,3.0,4.0,1,2,2.0
1.3.6.1.4.1.14519.5.2.1.6279.6001.979083010707182900091062408058,0,3.0,1.0,6.0,3.0,4.0,2.0,1.0,4.0,2.0,0,2,2.0
1.3.6.1.4.1.14519.5.2.1.6279.6001.107351566259572521472765997306,Nodule 013,4.0,1.0,3.0,3.0,5.0,2.0,1.0,5.0,1.0,0,4,3.0
1.3.6.1.4.1.14519.5.2.1.6279.6001.107351566259572521472765997306,Nodule 009,3.0,1.0,6.0,4.0,5.0,1.0,1.0,5.0,2.0,0,5,4.0
1.3.6.1.4.1.14519.5.2.1.6279.6001.107351566259572521472765997306,Nodule 008,3.0,1.0,6.0,3.0,5.0,2.0,1.0,5.0,2.0,0,3,2.0
1.3.6.1.4.1.14519.5.2.1.6279.6001.107351566259572521472765997306,Nodule 007,4.0,1.0,6.0,3.0,4.0,2.0,2.0,5.0,4.0,1,7,6.0
1.3.6.1.4.1.14519.5.2.1.6279.6001.107351566259572521472765997306,Nodule 012,4.0,1.0,6.0,3.0,4.0,1.0,1.0,5.0,3.0,,4,3.0
1.3.6.1.4.1.14519.5.2.1.6279.6001.107351566259572521472765997306,Nodule 006,4.0,1.0,6.0,4.0,4.0,1.0,1.0,5.0,3.0,,7,6.0
1.3.6.1.4.1.14519.5.2.1.6279.6001.107351566259572521472765997306,Nodule 004,4.0,1.0,6.0,3.0,4.0,1.0,1.0,5.0,4.0,1,4,3.0
1.3.6.1.4.1.14519.5.2.1.6279.6001.107351566259572521472765997306,IL057_166364,3.0,1.0,6.0,3.0,4.0,3.0,2.0,5.0,3.0,,4,3.0
1.3.6.1.4.1.14519.5.2.1.6279.6001.107351566259572521472765997306,IL057_166349,4.0,1.0,6.0,3.0,2.0,3.0,2.0,3.0,5.0,1,8,7.0
1.3.6.1.4.1.14519.5.2.1.6279.6001.107351566259572521472765997306,IL057_166482,3.0,1.0,6.0,4.0,4.0,3.0,2.0,5.0,3.0,,3,2.0
1.3.6.1.4.1.14519.5.2.1.6279.6001.107351566259572521472765997306,IL057_166483,4.0,1.0,6.0,4.0,3.0,2.0,2.0,5.0,3.0,,6,5.0
1.3.6.1.4.1.14519.5.2.1.6279.6001.107351566259572521472765997306,MI014_14000,5.0,1.0,6.0,3.0,3.0,2.0,3.0,5.0,4.0,1,9,8.0
1.3.6.1.4.1.14519.5.2.1.6279.6001.107351566259572521472765997306,MI014_14003,4.0,1.0,6.0,3.0,5.0,2.0,1.0,5.0,3.0,,8,7.0
1.3.6.1.4.1.14519.5.2.1.6279.6001.107351566259572521472765997306,MI014_14014,3.0,1.0,6.0,3.0,4.0,1.0,2.0,5.0,3.0,,3,2.0
1.3.6.1.4.1.14519.5.2.1.6279.6001.107351566259572521472765997306,MI014_14010,4.0,1.0,6.0,3.0,5.0,1.0,2.0,5.0,4.0,1,5,4.0
1.3.6.1.4.1.14519.5.2.1.6279.6001.107351566259572521472765997306,MI014_14051,3.0,1.0,6.0,3.0,4.0,1.0,2.0,5.0,3.0,,3,2.0
1.3.6.1.4.1.14519.5.2.1.6279.6001.107351566259572521472765997306,MI014_14052,3.0,1.0,6.0,3.0,5.0,1.0,1.0,5.0,3.0,,5,4.0
1.3.6.1.4.1.14519.5.2.1.6279.6001.107351566259572521472765997306,0,5.0,1.0,6.0,4.0,4.0,1.0,1.0,5.0,1.0,0,3,2.0
1.3.6.1.4.1.14519.5.2.1.6279.6001.107351566259572521472765997306,2,5.0,1.0,6.0,4.0,4.0,1.0,1.0,5.0,2.0,0,8,7.0
1.3.6.1.4.1.14519.5.2.1.6279.6001.107351566259572521472765997306,5,4.0,1.0,6.0,4.0,3.0,2.0,1.0,5.0,1.0,0,5,4.0
1.3.6.1.4.1.14519.5.2.1.6279.6001.107351566259572521472765997306,8,4.0,1.0,6.0,3.0,4.0,2.0,1.0,4.0,3.0,,8,7.0
1.3.6.1.4.1.14519.5.2.1.6279.6001.107351566259572521472765997306,9,5.0,1.0,6.0,3.0,5.0,1.0,1.0,5.0,2.0,0,8,7.0
1.3.6.1.4.1.14519.5.2.1.6279.6001.107351566259572521472765997306,10,4.0,1.0,6.0,3.0,4.0,1.0,1.0,5.0,2.0,0,5,4.0
1.3.6.1.4.1.14519.5.2.1.6279.6001.608029415915051219877530734559,Nodule 002,4.0,1.0,6.0,4.0,4.0,2.0,2.0,5.0,4.0,1,4,3.75
1.3.6.1.4.1.14519.5.2.1.6279.6001.608029415915051219877530734559,8271,4.0,1.0,6.0,3.0,2.0,2.0,1.0,4.0,3.0,,4,3.75
1.3.6.1.4.1.14519.5.2.1.6279.6001.132435134414676494105851714351,2834,5.0,1.0,6.0,5.0,4.0,5.0,4.0,5.0,5.0,1,6,15.0
1.3.6.1.4.1.14519.5.2.1.6279.6001.132435134414676494105851714351,2896,2.0,1.0,6.0,5.0,3.0,5.0,5.0,5.0,4.0,1,2,3.0
1.3.6.1.4.1.14519.5.2.1.6279.6001.132435134414676494105851714351,0,5.0,1.0,6.0,4.0,4.0,3.0,2.0,5.0,3.0,,6,15.0
1.3.6.1.4.1.14519.5.2.1.6279.6001.132435134414676494105851714351,1304,4.0,1.0,6.0,5.0,5.0,5.0,5.0,5.0,3.0,,9,21.0
1.3.6.1.4.1.14519.5.2.1.6279.6001.132435134414676494105851714351,4677,5.0,4.0,6.0,5.0,3.0,5.0,3.0,4.0,1.0,0,13,24.0
1.3.6.1.4.1.14519.5.2.1.6279.6001.145600217263993824806929968211,87176,5.0,1.0,6.0,5.0,5.0,1.0,1.0,3.0,2.0,0,8,15.0
1.3.6.1.4.1.14519.5.2.1.6279.6001.145600217263993824806929968211,50582,5.0,1.0,6.0,5.0,5.0,1.0,1.0,5.0,5.0,1,8,15.0
1.3.6.1.4.1.14519.5.2.1.6279.6001.145600217263993824806929968211,9968,5.0,1.0,6.0,5.0,4.0,1.0,1.0,4.0,5.0,1,6,15.0
1.3.6.1.4.1.14519.5.2.1.6279.6001.145600217263993824806929968211,0,5.0,1.0,6.0,3.0,3.0,1.0,1.0,5.0,3.0,,5,12.0
1.3.6.1.4.1.14519.5.2.1.6279.6001.145600217263993824806929968211,2,5.0,1.0,6.0,5.0,5.0,1.0,1.0,5.0,3.0,,2,3.0
1.3.6.1.4.1.14519.5.2.1.6279.6001.114249388265341701207347458535,Nodule 004,5.0,1.0,3.0,5.0,5.0,1.0,1.0,5.0,1.0,0,3,2.5
1.3.6.1.4.1.14519.5.2.1.6279.6001.114249388265341701207347458535,Nodule 002,4.0,1.0,6.0,4.0,5.0,1.0,1.0,5.0,3.0,,5,5.0
1.3.6.1.4.1.14519.5.2.1.6279.6001.114249388265341701207347458535,Nodule 001,4.0,1.0,6.0,4.0,5.0,1.0,1.0,5.0,3.0,,3,2.5
1.3.6.1.4.1.14519.5.2.1.6279.6001.114249388265341701207347458535,IL057_167358,3.0,1.0,6.0,5.0,4.0,2.0,1.0,5.0,3.0,,3,2.5
1.3.6.1.4.1.14519.5.2.1.6279.6001.114249388265341701207347458535,IL057_167347,2.0,1.0,6.0,4.0,1.0,1.0,1.0,1.0,2.0,0,6,6.25
1.3.6.1.4.1.14519.5.2.1.6279.6001.114249388265341701207347458535,IL057_167357,2.0,1.0,6.0,2.0,1.0,2.0,1.0,3.0,2.0,0,2,1.25
1.3.6.1.4.1.14519.5.2.1.6279.6001.114249388265341701207347458535,IL057_167352,5.0,1.0,5.0,4.0,5.0,1.0,1.0,5.0,1.0,0,3,2.5
1.3.6.1.4.1.14519.5.2.1.6279.6001.114249388265341701207347458535,IL057_167355,3.0,1.0,6.0,5.0,4.0,1.0,1.0,5.0,3.0,,6,6.25
1.3.6.1.4.1.14519.5.2.1.6279.6001.114249388265341701207347458535,MI014_17662,2.0,1.0,6.0,4.0,3.0,2.0,2.0,5.0,3.0,,3,2.5
1.3.6.1.4.1.14519.5.2.1.6279.6001.114249388265341701207347458535,MI014_17653,4.0,1.0,5.0,4.0,4.0,1.0,1.0,5.0,1.0,0,4,3.75
1.3.6.1.4.1.14519.5.2.1.6279.6001.114249388265341701207347458535,MI014_17655,2.0,1.0,6.0,5.0,4.0,1.0,1.0,4.0,3.0,,5,5.0
1.3.6.1.4.1.14519.5.2.1.6279.6001.114249388265341701207347458535,4,3.0,1.0,6.0,5.0,5.0,1.0,1.0,5.0,2.0,0,4,3.75
1.3.6.1.4.1.14519.5.2.1.6279.6001.114249388265341701207347458535,10,1.0,1.0,6.0,5.0,2.0,1.0,1.0,1.0,2.0,0,2,1.25
1.3.6.1.4.1.14519.5.2.1.6279.6001.114249388265341701207347458535,11,5.0,1.0,3.0,5.0,5.0,1.0,1.0,5.0,1.0,0,5,5.0
1.3.6.1.4.1.14519.5.2.1.6279.6001.274052674198758621258447180130,74124,4.0,1.0,6.0,4.0,4.0,2.0,3.0,5.0,3.0,,6,5.0
1.3.6.1.4.1.14519.5.2.1.6279.6001.274052674198758621258447180130,75237,4.0,1.0,3.0,3.0,4.0,5.0,1.0,3.0,1.0,0,6,5.0
1.3.6.1.4.1.14519.5.2.1.6279.6001.274052674198758621258447180130,Nodule 001,4.0,1.0,6.0,3.0,4.0,2.0,2.0,5.0,4.0,1,4,3.0
1.3.6.1.4.1.14519.5.2.1.6279.6001.274052674198758621258447180130,Nodule 003,4.0,1.0,6.0,3.0,4.0,2.0,2.0,5.0,4.0,1,5,4.0
1.3.6.1.4.1.14519.5.2.1.6279.6001.274052674198758621258447180130,15426,5.0,1.0,3.0,2.0,3.0,1.0,2.0,5.0,1.0,0,5,4.0
1.3.6.1.4.1.14519.5.2.1.6279.6001.274052674198758621258447180130,0,5.0,1.0,6.0,4.0,4.0,1.0,1.0,5.0,3.0,,7,6.0
1.3.6.1.4.1.14519.5.2.1.6279.6001.274052674198758621258447180130,2,5.0,1.0,4.0,3.0,4.0,2.0,1.0,5.0,1.0,0,4,3.0
1.3.6.1.4.1.14519.5.2.1.6279.6001.300270516469599170290456821227,52586,3.0,1.0,3.0,3.0,4.0,1.0,1.0,5.0,1.0,0,4,2.1
1.3.6.1.4.1.14519.5.2.1.6279.6001.300270516469599170290456821227,52579,3.0,1.0,6.0,4.0,4.0,1.0,1.0,5.0,2.0,0,13,8.4
1.3.6.1.4.1.14519.5.2.1.6279.6001.300270516469599170290456821227,41006,4.0,1.0,3.0,3.0,5.0,1.0,1.0,5.0,1.0,0,3,1.4
1.3.6.1.4.1.14519.5.2.1.6279.6001.300270516469599170290456821227,40966,3.0,1.0,6.0,3.0,3.0,3.0,4.0,5.0,3.0,,3,1.4
1.3.6.1.4.1.14519.5.2.1.6279.6001.300270516469599170290456821227,42726,5.0,1.0,6.0,4.0,5.0,1.0,1.0,5.0,3.0,,14,9.1
1.3.6.1.4.1.14519.5.2.1.6279.6001.300270516469599170290456821227,13073,5.0,1.0,6.0,3.0,4.0,1.0,1.0,4.0,4.0,1,11,7.0
1.3.6.1.4.1.14519.5.2.1.6279.6001.300270516469599170290456821227,3,5.0,1.0,6.0,4.0,4.0,1.0,1.0,5.0,3.0,,7,4.2
1.3.6.1.4.1.14519.5.2.1.6279.6001.300270516469599170290456821227,4,5.0,1.0,6.0,3.0,3.0,1.0,1.0,5.0,3.0,,4,2.1
1.3.6.1.4.1.14519.5.2.1.6279.6001.300270516469599170290456821227,5,5.0,1.0,6.0,3.0,4.0,1.0,1.0,5.0,3.0,,7,4.2
1.3.6.1.4.1.14519.5.2.1.6279.6001.300270516469599170290456821227,6,5.0,1.0,6.0,4.0,4.0,1.0,1.0,5.0,3.0,,6,3.5
1.3.6.1.4.1.14519.5.2.1.6279.6001.300270516469599170290456821227,7,5.0,1.0,6.0,5.0,5.0,1.0,1.0,5.0,3.0,,3,1.4
1.3.6.1.4.1.14519.5.2.1.6279.6001.300270516469599170290456821227,8,5.0,1.0,6.0,3.0,5.0,1.0,1.0,5.0,3.0,,17,11.2
1.3.6.1.4.1.14519.5.2.1.6279.6001.300270516469599170290456821227,9,5.0,1.0,6.0,5.0,5.0,1.0,1.0,5.0,3.0,,5,2.8
1.3.6.1.4.1.14519.5.2.1.6279.6001.300270516469599170290456821227,12,5.0,1.0,6.0,3.0,1.0,1.0,1.0,4.0,2.0,0,4,2.1
1.3.6.1.4.1.14519.5.2.1.6279.6001.193964947698259739624715468431,0,3.0,1.0,6.0,5.0,5.0,1.0,1.0,5.0,2.0,0,7,3.75
1.3.6.1.4.1.14519.5.2.1.6279.6001.193964947698259739624715468431,Nodule 002,4.0,1.0,6.0,3.0,5.0,1.0,1.0,5.0,4.0,1,6,3.12
1.3.6.1.4.1.14519.5.2.1.6279.6001.193964947698259739624715468431,Nodule 001,5.0,1.0,6.0,4.0,5.0,1.0,1.0,5.0,4.0,1,6,3.12
1.3.6.1.4.1.14519.5.2.1.6279.6001.193964947698259739624715468431,19701,3.0,1.0,6.0,4.0,4.0,2.0,1.0,5.0,2.0,0,7,3.75
1.3.6.1.4.1.14519.5.2.1.6279.6001.193964947698259739624715468431,37730,3.0,1.0,6.0,5.0,4.0,1.0,1.0,5.0,1.0,0,6,3.12
1.3.6.1.4.1.14519.5.2.1.6279.6001.290135156874098366424871975734,06568,5.0,1.0,6.0,4.0,3.0,4.0,3.0,5.0,5.0,1,9,20.0
1.3.6.1.4.1.14519.5.2.1.6279.6001.290135156874098366424871975734,06572,5.0,1.0,6.0,3.0,3.0,2.0,5.0,5.0,4.0,1,5,10.0
1.3.6.1.4.1.14519.5.2.1.6279.6001.290135156874098366424871975734,06578,5.0,1.0,6.0,2.0,3.0,3.0,3.0,5.0,4.0,1,6,12.5
1.3.6.1.4.1.14519.5.2.1.6279.6001.290135156874098366424871975734,06580,5.0,1.0,6.0,3.0,2.0,2.0,2.0,5.0,3.0,,3,5.0
1.3.6.1.4.1.14519.5.2.1.6279.6001.290135156874098366424871975734,06584,5.0,1.0,6.0,3.0,3.0,1.0,3.0,5.0,2.0,0,3,5.0
1.3.6.1.4.1.14519.5.2.1.6279.6001.290135156874098366424871975734,11068,5.0,1.0,6.0,3.0,3.0,3.0,2.0,5.0,2.0,0,2,2.5
1.3.6.1.4.1.14519.5.2.1.6279.6001.290135156874098366424871975734,1127,3.0,1.0,6.0,3.0,2.0,1.0,1.0,4.0,3.0,,2,2.5
1.3.6.1.4.1.14519.5.2.1.6279.6001.290135156874098366424871975734,1110,5.0,1.0,6.0,4.0,4.0,5.0,1.0,5.0,5.0,1,6,12.5
1.3.6.1.4.1.14519.5.2.1.6279.6001.290135156874098366424871975734,1124,4.0,1.0,6.0,3.0,2.0,3.0,1.0,2.0,3.0,,3,5.0
1.3.6.1.4.1.14519.5.2.1.6279.6001.290135156874098366424871975734,1106,5.0,1.0,6.0,4.0,2.0,4.0,1.0,5.0,5.0,1,9,20.0
1.3.6.1.4.1.14519.5.2.1.6279.6001.290135156874098366424871975734,1114,5.0,1.0,6.0,4.0,4.0,2.0,1.0,5.0,5.0,1,6,12.5
1.3.6.1.4.1.14519.5.2.1.6279.6001.290135156874098366424871975734,1122,4.0,1.0,6.0,4.0,2.0,2.0,1.0,4.0,3.0,,3,5.0
1.3.6.1.4.1.14519.5.2.1.6279.6001.290135156874098366424871975734,1118,4.0,1.0,6.0,4.0,3.0,2.0,1.0,4.0,4.0,1,4,7.5
1.3.6.1.4.1.14519.5.2.1.6279.6001.290135156874098366424871975734,IL057_202873,5.0,1.0,6.0,3.0,4.0,3.0,1.0,5.0,4.0,1,6,12.5
1.3.6.1.4.1.14519.5.2.1.6279.6001.290135156874098366424871975734,IL057_202866,5.0,1.0,6.0,5.0,3.0,3.0,2.0,5.0,5.0,1,8,17.5
1.3.6.1.4.1.14519.5.2.1.6279.6001.290135156874098366424871975734,IL057_202870,5.0,1.0,6.0,4.0,4.0,3.0,1.0,5.0,5.0,1,5,10.0
1.3.6.1.4.1.14519.5.2.1.6279.6001.290135156874098366424871975734,IL057_202878,4.0,1.0,6.0,4.0,4.0,4.0,2.0,5.0,3.0,,3,5.0
1.3.6.1.4.1.14519.5.2.1.6279.6001.290135156874098366424871975734,IL057_205798,2.0,1.0,6.0,4.0,4.0,3.0,1.0,5.0,4.0,1,3,5.0
1.3.6.1.4.1.14519.5.2.1.6279.6001.290135156874098366424871975734,Nodule 007,4.0,1.0,6.0,3.0,4.0,2.0,2.0,5.0,4.0,1,5,10.0
1.3.6.1.4.1.14519.5.2.1.6279.6001.290135156874098366424871975734,Nodule 001,5.0,1.0,6.0,3.0,4.0,3.0,2.0,5.0,5.0,1,9,17.5
1.3.6.1.4.1.14519.5.2.1.6279.6001.290135156874098366424871975734,Nodule 004,4.0,1.0,6.0,4.0,4.0,2.0,1.0,5.0,3.0,,4,7.5
1.3.6.1.4.1.14519.5.2.1.6279.6001.290135156874098366424871975734,Nodule 003,4.0,1.0,6.0,3.0,4.0,1.0,1.0,5.0,3.0,,6,12.5
1.3.6.1.4.1.14519.5.2.1.6279.6001.247816269490470394602288565775,56563,3.0,1.0,6.0,5.0,3.0,1.0,1.0,4.0,2.0,0,12,4.95
1.3.6.1.4.1.14519.5.2.1.6279.6001.247816269490470394602288565775,56558,5.0,1.0,6.0,4.0,3.0,3.0,1.0,5.0,5.0,1,31,13.5
1.3.6.1.4.1.14519.5.2.1.6279.6001.247816269490470394602288565775,Nodule 003,5.0,1.0,6.0,3.0,4.0,1.0,2.0,5.0,5.0,1,21,9.0
1.3.6.1.4.1.14519.5.2.1.6279.6001.247816269490470394602288565775,Nodule 001,3.0,1.0,6.0,4.0,5.0,1.0,1.0,5.0,3.0,,13,5.4
1.3.6.1.4.1.14519.5.2.1.6279.6001.247816269490470394602288565775,13919,3.0,1.0,6.0,3.0,4.0,2.0,1.0,4.0,3.0,,11,4.5
1.3.6.1.4.1.14519.5.2.1.6279.6001.247816269490470394602288565775,13914,4.0,1.0,6.0,3.0,4.0,2.0,2.0,5.0,3.0,,31,13.5
1.3.6.1.4.1.14519.5.2.1.6279.6001.247816269490470394602288565775,2,5.0,1.0,6.0,4.0,5.0,1.0,2.0,5.0,3.0,,30,13.05
1.3.6.1.4.1.14519.5.2.1.6279.6001.187966156856911682643615997798,8,5.0,1.0,3.0,3.0,5.0,3.0,2.0,5.0,1.0,0,5,2.5
1.3.6.1.4.1.14519.5.2.1.6279.6001.187966156856911682643615997798,11,5.0,1.0,3.0,5.0,5.0,1.0,1.0,5.0,1.0,0,6,3.12
1.3.6.1.4.1.14519.5.2.1.6279.6001.187966156856911682643615997798,12,5.0,1.0,3.0,5.0,5.0,1.0,1.0,5.0,1.0,0,5,2.5
1.3.6.1.4.1.14519.5.2.1.6279.6001.187966156856911682643615997798,14,5.0,1.0,3.0,5.0,5.0,1.0,1.0,5.0,1.0,0,6,3.12
1.3.6.1.4.1.14519.5.2.1.6279.6001.187966156856911682643615997798,20,5.0,1.0,3.0,5.0,5.0,1.0,1.0,5.0,1.0,0,13,7.5
1.3.6.1.4.1.14519.5.2.1.6279.6001.187966156856911682643615997798,55,5.0,1.0,2.0,5.0,5.0,1.0,1.0,5.0,1.0,0,20,11.88
1.3.6.1.4.1.14519.5.2.1.6279.6001.187966156856911682643615997798,Nodule 007,5.0,1.0,3.0,4.0,5.0,1.0,1.0,5.0,1.0,0,6,3.12
1.3.6.1.4.1.14519.5.2.1.6279.6001.187966156856911682643615997798,Nodule 008,5.0,1.0,3.0,5.0,5.0,1.0,1.0,5.0,1.0,0,7,3.75
1.3.6.1.4.1.14519.5.2.1.6279.6001.187966156856911682643615997798,Nodule 011,5.0,1.0,3.0,5.0,5.0,1.0,1.0,5.0,1.0,0,6,3.12
1.3.6.1.4.1.14519.5.2.1.6279.6001.187966156856911682643615997798,Nodule 001,5.0,1.0,6.0,4.0,5.0,5.0,5.0,5.0,4.0,1,18,10.62
1.3.6.1.4.1.14519.5.2.1.6279.6001.187966156856911682643615997798,Nodule 006,5.0,1.0,3.0,3.0,5.0,1.0,1.0,5.0,1.0,0,6,3.12
1.3.6.1.4.1.14519.5.2.1.6279.6001.187966156856911682643615997798,14645,4.0,1.0,3.0,4.0,5.0,1.0,1.0,5.0,1.0,0,3,1.25
1.3.6.1.4.1.14519.5.2.1.6279.6001.187966156856911682643615997798,14622,5.0,1.0,6.0,5.0,5.0,1.0,1.0,5.0,5.0,1,17,10.0
1.3.6.1.4.1.14519.5.2.1.6279.6001.187966156856911682643615997798,14780,4.0,1.0,3.0,2.0,5.0,1.0,1.0,5.0,1.0,0,5,2.5
1.3.6.1.4.1.14519.5.2.1.6279.6001.187966156856911682643615997798,14782,4.0,1.0,3.0,5.0,5.0,1.0,1.0,5.0,1.0,0,7,3.75
1.3.6.1.4.1.14519.5.2.1.6279.6001.187966156856911682643615997798,14637,5.0,1.0,3.0,5.0,5.0,1.0,1.0,5.0,1.0,0,9,5.0
1.3.6.1.4.1.14519.5.2.1.6279.6001.187966156856911682643615997798,14649,4.0,1.0,3.0,5.0,5.0,1.0,1.0,5.0,1.0,0,5,2.5
1.3.6.1.4.1.14519.5.2.1.6279.6001.187966156856911682643615997798,14652,4.0,1.0,3.0,5.0,5.0,1.0,1.0,5.0,1.0,0,6,3.12
1.3.6.1.4.1.14519.5.2.1.6279.6001.187966156856911682643615997798,13232,2.0,1.0,3.0,5.0,5.0,1.0,1.0,5.0,1.0,0,5,2.5
1.3.6.1.4.1.14519.5.2.1.6279.6001.187966156856911682643615997798,11585,5.0,1.0,6.0,3.0,5.0,1.0,1.0,5.0,1.0,0,18,10.62
1.3.6.1.4.1.14519.5.2.1.6279.6001.187966156856911682643615997798,11603,4.0,1.0,3.0,2.0,5.0,1.0,3.0,5.0,1.0,0,5,2.5
1.3.6.1.4.1.14519.5.2.1.6279.6001.187966156856911682643615997798,11602,4.0,1.0,3.0,4.0,5.0,1.0,1.0,5.0,1.0,0,6,3.12
1.3.6.1.4.1.14519.5.2.1.6279.6001.187966156856911682643615997798,13233,4.0,1.0,3.0,5.0,4.0,1.0,1.0,5.0,1.0,0,6,3.12
1.3.6.1.4.1.14519.5.2.1.6279.6001.187966156856911682643615997798,11599,5.0,1.0,3.0,5.0,5.0,1.0,1.0,5.0,1.0,0,9,5.0
1.3.6.1.4.1.14519.5.2.1.6279.6001.187966156856911682643615997798,13235,5.0,1.0,3.0,4.0,5.0,1.0,1.0,5.0,1.0,0,7,3.75
1.3.6.1.4.1.14519.5.2.1.6279.6001.443400977949406454649939526179,74135,5.0,1.0,3.0,3.0,5.0,3.0,2.0,5.0,1.0,0,4,3.0
1.3.6.1.4.1.14519.5.2.1.6279.6001.443400977949406454649939526179,74132,5.0,1.0,6.0,2.0,4.0,2.0,2.0,5.0,3.0,,6,5.0
1.3.6.1.4.1.14519.5.2.1.6279.6001.443400977949406454649939526179,74141,4.0,1.0,6.0,2.0,4.0,2.0,2.0,5.0,3.0,,3,2.0
1.3.6.1.4.1.14519.5.2.1.6279.6001.443400977949406454649939526179,74138,3.0,1.0,6.0,2.0,4.0,3.0,2.0,5.0,3.0,,4,3.0
1.3.6.1.4.1.14519.5.2.1.6279.6001.443400977949406454649939526179,Nodule 003,4.0,1.0,6.0,4.0,5.0,1.0,1.0,5.0,2.0,0,4,3.0
1.3.6.1.4.1.14519.5.2.1.6279.6001.443400977949406454649939526179,Nodule 001,5.0,1.0,3.0,4.0,5.0,1.0,1.0,5.0,1.0,0,3,2.0
1.3.6.1.4.1.14519.5.2.1.6279.6001.443400977949406454649939526179,15428,5.0,1.0,3.0,5.0,5.0,1.0,1.0,5.0,1.0,0,3,2.0
1.3.6.1.4.1.14519.5.2.1.6279.6001.443400977949406454649939526179,0,5.0,1.0,4.0,4.0,5.0,1.0,1.0,5.0,1.0,0,8,7.0
1.3.6.1.4.1.14519.5.2.1.6279.6001.443400977949406454649939526179,1,5.0,1.0,4.0,3.0,5.0,1.0,1.0,5.0,1.0,0,3,2.0
1.3.6.1.4.1.14519.5.2.1.6279.6001.443400977949406454649939526179,2,5.0,1.0,6.0,4.0,5.0,1.0,1.0,5.0,3.0,,4,3.0
1.3.6.1.4.1.14519.5.2.1.6279.6001.443400977949406454649939526179,5,5.0,1.0,3.0,4.0,5.0,1.0,1.0,5.0,1.0,0,4,3.0
1.3.6.1.4.1.14519.5.2.1.6279.6001.997611074084993415992563148335,Nodule 001,4.0,1.0,6.0,4.0,5.0,1.0,1.0,5.0,3.0,,4,3.75
1.3.6.1.4.1.14519.5.2.1.6279.6001.997611074084993415992563148335,1,5.0,1.0,6.0,5.0,5.0,3.0,1.0,5.0,3.0,,24,28.75
1.3.6.1.4.1.14519.5.2.1.6279.6001.997611074084993415992563148335,44269,5.0,1.0,6.0,4.0,4.0,2.0,2.0,5.0,5.0,1,22,26.25
1.3.6.1.4.1.14519.5.2.1.6279.6001.997611074084993415992563148335,44275,4.0,1.0,3.0,5.0,5.0,1.0,1.0,5.0,1.0,0,3,2.5
1.3.6.1.4.1.14519.5.2.1.6279.6001.997611074084993415992563148335,56984,5.0,1.0,6.0,4.0,2.0,2.0,3.0,5.0,5.0,1,24,27.5
1.3.6.1.4.1.14519.5.2.1.6279.6001.997611074084993415992563148335,57124,3.0,1.0,3.0,3.0,5.0,1.0,1.0,5.0,1.0,0,3,2.5
1.3.6.1.4.1.14519.5.2.1.6279.6001.145474881373882284343459153872,NIHCA_13117,5.0,1.0,6.0,5.0,5.0,1.0,1.0,5.0,2.0,0,5,10.0
1.3.6.1.4.1.14519.5.2.1.6279.6001.145474881373882284343459153872,NIHCA_13113,5.0,1.0,6.0,5.0,5.0,1.0,3.0,5.0,2.0,0,3,5.0
1.3.6.1.4.1.14519.5.2.1.6279.6001.111780708132595903430640048766,Nodule 001,4.0,1.0,6.0,5.0,5.0,1.0,1.0,5.0,2.0,0,5,4.0
1.3.6.1.4.1.14519.5.2.1.6279.6001.504845428620607044098514803031,Nodule 002,4.0,1.0,6.0,3.0,5.0,1.0,1.0,5.0,3.0,,5,5.0
1.3.6.1.4.1.14519.5.2.1.6279.6001.504845428620607044098514803031,Nodule 003,4.0,1.0,6.0,3.0,5.0,1.0,1.0,5.0,2.0,0,4,3.75
1.3.6.1.4.1.14519.5.2.1.6279.6001.504845428620607044098514803031,Nodule 001,4.0,1.0,6.0,5.0,5.0,1.0,1.0,5.0,2.0,0,2,1.25
1.3.6.1.4.1.14519.5.2.1.6279.6001.504845428620607044098514803031,IL057_156576,3.0,1.0,6.0,3.0,4.0,1.0,1.0,5.0,2.0,0,4,3.75
1.3.6.1.4.1.14519.5.2.1.6279.6001.504845428620607044098514803031,IL057_156572,4.0,1.0,6.0,3.0,4.0,1.0,1.0,5.0,3.0,,4,3.75
1.3.6.1.4.1.14519.5.2.1.6279.6001.504845428620607044098514803031,8892,1.0,1.0,6.0,4.0,1.0,1.0,2.0,1.0,2.0,0,2,1.25
1.3.6.1.4.1.14519.5.2.1.6279.6001.504845428620607044098514803031,8889,2.0,1.0,6.0,4.0,1.0,1.0,1.0,1.0,3.0,,2,1.25
1.3.6.1.4.1.14519.5.2.1.6279.6001.504845428620607044098514803031,8878,4.0,1.0,6.0,3.0,4.0,1.0,1.0,4.0,3.0,,6,6.25
1.3.6.1.4.1.14519.5.2.1.6279.6001.504845428620607044098514803031,40449,5.0,1.0,6.0,2.0,4.0,2.0,3.0,5.0,3.0,,6,6.25
1.3.6.1.4.1.14519.5.2.1.6279.6001.504845428620607044098514803031,40450,4.0,1.0,6.0,2.0,4.0,2.0,2.0,5.0,2.0,0,4,3.75
1.3.6.1.4.1.14519.5.2.1.6279.6001.504845428620607044098514803031,52099,4.0,1.0,6.0,4.0,2.0,2.0,2.0,5.0,3.0,,2,1.25
1.3.6.1.4.1.14519.5.2.1.6279.6001.265780642925621389994857727416,IL057_160775,3.0,1.0,6.0,5.0,1.0,2.0,2.0,1.0,4.0,1,3,2.5
1.3.6.1.4.1.14519.5.2.1.6279.6001.265780642925621389994857727416,Nodule 002,5.0,1.0,6.0,4.0,4.0,1.0,1.0,1.0,4.0,1,5,5.0
1.3.6.1.4.1.14519.5.2.1.6279.6001.265780642925621389994857727416,40387,5.0,1.0,6.0,4.0,1.0,3.0,2.0,1.0,3.0,,7,7.5
1.3.6.1.4.1.14519.5.2.1.6279.6001.265780642925621389994857727416,8860,3.0,1.0,6.0,4.0,1.0,1.0,1.0,1.0,4.0,1,8,7.5
1.3.6.1.4.1.14519.5.2.1.6279.6001.961063442349005937536597225349,2,5.0,1.0,6.0,5.0,5.0,1.0,1.0,5.0,3.0,,5,2.5
1.3.6.1.4.1.14519.5.2.1.6279.6001.961063442349005937536597225349,79336,1.0,1.0,6.0,3.0,2.0,2.0,2.0,1.0,3.0,,7,3.75
1.3.6.1.4.1.14519.5.2.1.6279.6001.961063442349005937536597225349,Nodule 001,4.0,1.0,6.0,4.0,3.0,2.0,2.0,4.0,5.0,1,3,1.25
1.3.6.1.4.1.14519.5.2.1.6279.6001.961063442349005937536597225349,74594,1.0,1.0,6.0,5.0,2.0,2.0,1.0,1.0,3.0,,1,0.0
1.3.6.1.4.1.14519.5.2.1.6279.6001.206310993373699650907461884037,14036,3.0,1.0,6.0,4.0,5.0,1.0,1.0,5.0,2.0,0,2,3.0
1.3.6.1.4.1.14519.5.2.1.6279.6001.206310993373699650907461884037,14032,4.0,1.0,6.0,5.0,5.0,1.0,1.0,5.0,2.0,0,2,3.0
1.3.6.1.4.1.14519.5.2.1.6279.6001.206310993373699650907461884037,14026,4.0,1.0,6.0,4.0,4.0,3.0,3.0,5.0,3.0,,2,3.0
1.3.6.1.4.1.14519.5.2.1.6279.6001.206310993373699650907461884037,14029,4.0,1.0,6.0,2.0,4.0,1.0,1.0,4.0,1.0,0,2,3.0
1.3.6.1.4.1.14519.5.2.1.6279.6001.206310993373699650907461884037,52490,3.0,1.0,6.0,3.0,4.0,1.0,1.0,3.0,2.0,0,1,0.0
1.3.6.1.4.1.14519.5.2.1.6279.6001.206310993373699650907461884037,52460,3.0,1.0,6.0,4.0,4.0,1.0,1.0,4.0,2.0,0,1,0.0
1.3.6.1.4.1.14519.5.2.1.6279.6001.206310993373699650907461884037,52491,2.0,1.0,6.0,3.0,5.0,1.0,1.0,5.0,2.0,0,1,0.0
1.3.6.1.4.1.14519.5.2.1.6279.6001.206310993373699650907461884037,13176,5.0,1.0,6.0,3.0,4.0,1.0,1.0,3.0,4.0,1,2,3.0
1.3.6.1.4.1.14519.5.2.1.6279.6001.206310993373699650907461884037,0,5.0,1.0,6.0,5.0,5.0,1.0,1.0,5.0,3.0,,2,3.0
1.3.6.1.4.1.14519.5.2.1.6279.6001.206310993373699650907461884037,1,5.0,1.0,6.0,4.0,4.0,1.0,1.0,5.0,3.0,,2,3.0
1.3.6.1.4.1.14519.5.2.1.6279.6001.206310993373699650907461884037,6,5.0,1.0,6.0,4.0,5.0,1.0,1.0,5.0,3.0,,1,0.0
1.3.6.1.4.1.14519.5.2.1.6279.6001.206310993373699650907461884037,10,5.0,1.0,6.0,5.0,5.0,1.0,1.0,5.0,3.0,,2,3.0
1.3.6.1.4.1.14519.5.2.1.6279.6001.206310993373699650907461884037,13,5.0,1.0,6.0,4.0,5.0,1.0,1.0,5.0,3.0,,1,0.0
1.3.6.1.4.1.14519.5.2.1.6279.6001.149463915556499304732434215056,39541,4.0,1.0,6.0,3.0,4.0,3.0,2.0,5.0,3.0,,4,6.0
1.3.6.1.4.1.14519.5.2.1.6279.6001.149463915556499304732434215056,Nodule 001,5.0,1.0,6.0,2.0,4.0,2.0,1.0,5.0,4.0,1,2,2.0
1.3.6.1.4.1.14519.5.2.1.6279.6001.149463915556499304732434215056,60356,4.0,1.0,6.0,4.0,4.0,1.0,4.0,5.0,3.0,,4,6.0
1.3.6.1.4.1.14519.5.2.1.6279.6001.149463915556499304732434215056,0,3.0,1.0,6.0,5.0,5.0,3.0,1.0,5.0,2.0,0,4,6.0
1.3.6.1.4.1.14519.5.2.1.6279.6001.900182736599353600185270496549,IL057_157288,2.0,1.0,6.0,5.0,5.0,1.0,1.0,5.0,3.0,,4,3.75
1.3.6.1.4.1.14519.5.2.1.6279.6001.900182736599353600185270496549,IL057_160788,2.0,1.0,6.0,5.0,5.0,1.0,1.0,5.0,3.0,,3,2.5
1.3.6.1.4.1.14519.5.2.1.6279.6001.900182736599353600185270496549,54775,5.0,1.0,6.0,5.0,4.0,2.0,2.0,5.0,3.0,,5,5.0
1.3.6.1.4.1.14519.5.2.1.6279.6001.900182736599353600185270496549,54776,5.0,1.0,6.0,5.0,5.0,1.0,1.0,5.0,3.0,,5,5.0
1.3.6.1.4.1.14519.5.2.1.6279.6001.900182736599353600185270496549,Nodule 001,4.0,1.0,6.0,4.0,5.0,1.0,1.0,5.0,3.0,,3,2.5
1.3.6.1.4.1.14519.5.2.1.6279.6001.900182736599353600185270496549,Nodule 002,3.0,1.0,6.0,4.0,5.0,1.0,1.0,5.0,2.0,0,3,2.5
1.3.6.1.4.1.14519.5.2.1.6279.6001.900182736599353600185270496549,7420,2.0,1.0,6.0,5.0,4.0,1.0,1.0,5.0,3.0,,5,5.0
1.3.6.1.4.1.14519.5.2.1.6279.6001.900182736599353600185270496549,7419,2.0,1.0,6.0,5.0,4.0,1.0,1.0,4.0,3.0,,3,2.5
1.3.6.1.4.1.14519.5.2.1.6279.6001.259018373683540453277752706262,Nodule 001,3.0,1.0,6.0,4.0,5.0,1.0,1.0,5.0,3.0,,2,2.5
1.3.6.1.4.1.14519.5.2.1.6279.6001.150684298696437181894923266019,Nodule 001,4.0,1.0,6.0,4.0,5.0,1.0,1.0,5.0,3.0,,4,5.4
1.3.6.1.4.1.14519.5.2.1.6279.6001.150684298696437181894923266019,14871,4.0,1.0,6.0,5.0,5.0,1.0,1.0,5.0,2.0,0,4,5.4
1.3.6.1.4.1.14519.5.2.1.6279.6001.150684298696437181894923266019,1853,4.0,1.0,6.0,4.0,4.0,4.0,4.0,4.0,3.0,,5,7.2
1.3.6.1.4.1.14519.5.2.1.6279.6001.150684298696437181894923266019,1876,3.0,1.0,6.0,4.0,2.0,3.0,4.0,3.0,3.0,,2,1.8
1.3.6.1.4.1.14519.5.2.1.6279.6001.793644252453691436883431768064,206903,5.0,1.0,6.0,3.0,5.0,1.0,1.0,5.0,3.0,,5,12.0
1.3.6.1.4.1.14519.5.2.1.6279.6001.793644252453691436883431768064,196602,5.0,1.0,6.0,4.0,5.0,1.0,1.0,5.0,4.0,1,4,9.0
1.3.6.1.4.1.14519.5.2.1.6279.6001.793644252453691436883431768064,20723,5.0,1.0,6.0,4.0,5.0,1.0,1.0,5.0,4.0,1,5,12.0
1.3.6.1.4.1.14519.5.2.1.6279.6001.793644252453691436883431768064,0,5.0,1.0,6.0,2.0,5.0,2.0,1.0,5.0,2.0,0,5,12.0
1.3.6.1.4.1.14519.5.2.1.6279.6001.314789075871001236641548593165,Nodule 001,4.0,1.0,6.0,4.0,4.0,3.0,1.0,4.0,4.0,1,4,5.4
1.3.6.1.4.1.14519.5.2.1.6279.6001.314789075871001236641548593165,Nodule 002,2.0,1.0,6.0,2.0,3.0,2.0,1.0,3.0,3.0,,5,7.2
1.3.6.1.4.1.14519.5.2.1.6279.6001.314789075871001236641548593165,13277,2.0,1.0,6.0,3.0,3.0,1.0,2.0,4.0,2.0,0,4,5.4
1.3.6.1.4.1.14519.5.2.1.6279.6001.314789075871001236641548593165,13271,4.0,1.0,6.0,3.0,3.0,1.0,1.0,2.0,3.0,,4,5.4
1.3.6.1.4.1.14519.5.2.1.6279.6001.314789075871001236641548593165,1829,3.0,1.0,6.0,4.0,1.0,2.0,2.0,3.0,3.0,,5,7.2
1.3.6.1.4.1.14519.5.2.1.6279.6001.301462380687644451483231621986,Nodule 001,5.0,1.0,6.0,3.0,4.0,2.0,2.0,3.0,4.0,1,10,9.0
1.3.6.1.4.1.14519.5.2.1.6279.6001.301462380687644451483231621986,Nodule 003,4.0,1.0,6.0,3.0,4.0,2.0,1.0,4.0,4.0,1,9,8.0
1.3.6.1.4.1.14519.5.2.1.6279.6001.301462380687644451483231621986,Nodule 002,4.0,1.0,6.0,3.0,4.0,3.0,2.0,5.0,5.0,1,12,11.0
1.3.6.1.4.1.14519.5.2.1.6279.6001.301462380687644451483231621986,Nodule 004,4.0,1.0,6.0,3.0,4.0,2.0,2.0,4.0,4.0,1,7,6.0
1.3.6.1.4.1.14519.5.2.1.6279.6001.301462380687644451483231621986,IL057_159818,3.0,1.0,6.0,3.0,3.0,3.0,2.0,5.0,5.0,1,8,7.0
1.3.6.1.4.1.14519.5.2.1.6279.6001.301462380687644451483231621986,IL057_159814,4.0,1.0,6.0,3.0,3.0,3.0,2.0,2.0,4.0,1,10,9.0
1.3.6.1.4.1.14519.5.2.1.6279.6001.301462380687644451483231621986,MI014_13766,2.0,1.0,6.0,3.0,2.0,1.0,1.0,1.0,3.0,,8,7.0
1.3.6.1.4.1.14519.5.2.1.6279.6001.301462380687644451483231621986,MI014_13762,4.0,1.0,6.0,2.0,2.0,2.0,2.0,5.0,4.0,1,12,11.0
1.3.6.1.4.1.14519.5.2.1.6279.6001.301462380687644451483231621986,MI014_13758,4.0,1.0,6.0,2.0,2.0,2.0,2.0,5.0,4.0,1,12,11.0
1.3.6.1.4.1.14519.5.2.1.6279.6001.301462380687644451483231621986,0,1.0,1.0,6.0,5.0,2.0,1.0,1.0,1.0,2.0,0,12,11.0
1.3.6.1.4.1.14519.5.2.1.6279.6001.301462380687644451483231621986,11,1.0,1.0,6.0,5.0,2.0,1.0,1.0,1.0,2.0,0,12,11.0
1.3.6.1.4.1.14519.5.2.1.6279.6001.301462380687644451483231621986,12,1.0,1.0,6.0,5.0,2.0,1.0,1.0,1.0,2.0,0,8,7.0
1.3.6.1.4.1.14519.5.2.1.6279.6001.404768898286087278137462774930,56749,5.0,1.0,6.0,5.0,3.0,5.0,1.0,5.0,4.0,1,22,16.0
1.3.6.1.4.1.14519.5.2.1.6279.6001.404768898286087278137462774930,Nodule 004,5.0,1.0,6.0,3.0,3.0,3.0,3.0,4.0,5.0,1,17,16.0
1.3.6.1.4.1.14519.5.2.1.6279.6001.404768898286087278137462774930,Nodule 003,3.0,1.0,6.0,4.0,5.0,1.0,1.0,5.0,2.0,0,4,3.0
1.3.6.1.4.1.14519.5.2.1.6279.6001.404768898286087278137462774930,13637,5.0,1.0,6.0,3.0,2.0,5.0,2.0,4.0,3.0,,22,15.0
1.3.6.1.4.1.14519.5.2.1.6279.6001.404768898286087278137462774930,1,5.0,1.0,6.0,3.0,4.0,5.0,1.0,5.0,3.0,,17,16.0
1.3.6.1.4.1.14519.5.2.1.6279.6001.200783211179294046901893379828,80617,3.0,1.0,6.0,4.0,4.0,1.0,2.0,5.0,3.0,,2,5.0
1.3.6.1.4.1.14519.5.2.1.6279.6001.200783211179294046901893379828,80615,4.0,1.0,6.0,3.0,4.0,1.0,2.0,4.0,3.0,,1,0.0
1.3.6.1.4.1.14519.5.2.1.6279.6001.200783211179294046901893379828,80611,5.0,1.0,6.0,3.0,4.0,1.0,1.0,4.0,3.0,,3,10.0
1.3.6.1.4.1.14519.5.2.1.6279.6001.200783211179294046901893379828,82250,2.0,1.0,6.0,3.0,4.0,1.0,1.0,5.0,3.0,,1,0.0
1.3.6.1.4.1.14519.5.2.1.6279.6001.200783211179294046901893379828,85168,4.0,1.0,6.0,3.0,5.0,1.0,3.0,5.0,3.0,,2,5.0
1.3.6.1.4.1.14519.5.2.1.6279.6001.200783211179294046901893379828,92974,2.0,1.0,6.0,5.0,4.0,1.0,1.0,4.0,3.0,,2,5.0
1.3.6.1.4.1.14519.5.2.1.6279.6001.200783211179294046901893379828,16706,4.0,1.0,6.0,4.0,4.0,1.0,2.0,4.0,3.0,,2,5.0
1.3.6.1.4.1.14519.5.2.1.6279.6001.200783211179294046901893379828,16702,5.0,1.0,6.0,5.0,4.0,1.0,3.0,4.0,3.0,,1,0.0
1.3.6.1.4.1.14519.5.2.1.6279.6001.200783211179294046901893379828,16697,5.0,1.0,6.0,4.0,4.0,1.0,2.0,5.0,4.0,1,3,10.0
1.3.6.1.4.1.14519.5.2.1.6279.6001.200783211179294046901893379828,16716,4.0,1.0,6.0,4.0,4.0,2.0,1.0,4.0,3.0,,2,5.0
1.3.6.1.4.1.14519.5.2.1.6279.6001.200783211179294046901893379828,0,3.0,1.0,6.0,5.0,5.0,1.0,1.0,5.0,2.0,0,1,0.0
1.3.6.1.4.1.14519.5.2.1.6279.6001.200783211179294046901893379828,1,3.0,1.0,6.0,5.0,5.0,1.0,1.0,5.0,2.0,0,3,10.0
1.3.6.1.4.1.14519.5.2.1.6279.6001.200783211179294046901893379828,2,3.0,1.0,6.0,5.0,5.0,1.0,1.0,5.0,2.0,0,3,10.0
1.3.6.1.4.1.14519.5.2.1.6279.6001.200783211179294046901893379828,3,3.0,1.0,6.0,5.0,5.0,1.0,1.0,5.0,2.0,0,2,5.0
1.3.6.1.4.1.14519.5.2.1.6279.6001.200783211179294046901893379828,4,3.0,1.0,6.0,5.0,5.0,1.0,1.0,5.0,2.0,0,2,5.0
1.3.6.1.4.1.14519.5.2.1.6279.6001.161855583909753609742728521805,13146,5.0,1.0,6.0,5.0,5.0,1.0,1.0,5.0,2.0,0,8,7.0
1.3.6.1.4.1.14519.5.2.1.6279.6001.161855583909753609742728521805,13154,5.0,1.0,6.0,4.0,4.0,1.0,1.0,5.0,2.0,0,9,8.0
1.3.6.1.4.1.14519.5.2.1.6279.6001.161855583909753609742728521805,13142,5.0,1.0,6.0,4.0,5.0,1.0,1.0,5.0,2.0,0,9,8.0
1.3.6.1.4.1.14519.5.2.1.6279.6001.161855583909753609742728521805,13162,3.0,1.0,6.0,3.0,5.0,1.0,1.0,5.0,2.0,0,8,7.0
1.3.6.1.4.1.14519.5.2.1.6279.6001.161855583909753609742728521805,13134,4.0,1.0,6.0,4.0,1.0,1.0,1.0,5.0,1.0,0,8,7.0
1.3.6.1.4.1.14519.5.2.1.6279.6001.161855583909753609742728521805,Nodule 003,4.0,1.0,6.0,4.0,4.0,1.0,1.0,5.0,4.0,1,9,8.0
1.3.6.1.4.1.14519.5.2.1.6279.6001.161855583909753609742728521805,Nodule 006,2.0,1.0,6.0,4.0,4.0,2.0,1.0,5.0,3.0,,9,8.0
1.3.6.1.4.1.14519.5.2.1.6279.6001.161855583909753609742728521805,Nodule 004,3.0,1.0,6.0,5.0,5.0,1.0,1.0,5.0,3.0,,6,5.0
1.3.6.1.4.1.14519.5.2.1.6279.6001.161855583909753609742728521805,Nodule 002,4.0,1.0,6.0,5.0,5.0,1.0,1.0,5.0,3.0,,8,7.0
1.3.6.1.4.1.14519.5.2.1.6279.6001.161855583909753609742728521805,Nodule 007,5.0,1.0,6.0,4.0,5.0,1.0,1.0,5.0,3.0,,13,10.0
1.3.6.1.4.1.14519.5.2.1.6279.6001.161855583909753609742728521805,Nodule 001,5.0,1.0,6.0,4.0,4.0,1.0,1.0,5.0,3.0,,9,8.0
1.3.6.1.4.1.14519.5.2.1.6279.6001.161855583909753609742728521805,Nodule 005,3.0,1.0,6.0,5.0,4.0,1.0,1.0,4.0,3.0,,5,4.0
1.3.6.1.4.1.14519.5.2.1.6279.6001.161855583909753609742728521805,3120,5.0,1.0,6.0,5.0,5.0,1.0,1.0,5.0,3.0,,7,6.0
1.3.6.1.4.1.14519.5.2.1.6279.6001.161855583909753609742728521805,3103,4.0,1.0,6.0,4.0,4.0,1.0,1.0,5.0,3.0,,5,4.0
1.3.6.1.4.1.14519.5.2.1.6279.6001.161855583909753609742728521805,1708,5.0,5.0,6.0,5.0,5.0,1.0,1.0,5.0,3.0,,5,4.0
1.3.6.1.4.1.14519.5.2.1.6279.6001.161855583909753609742728521805,3128,5.0,1.0,6.0,4.0,4.0,4.0,1.0,5.0,3.0,,4,3.0
1.3.6.1.4.1.14519.5.2.1.6279.6001.161855583909753609742728521805,3099,5.0,1.0,6.0,4.0,5.0,1.0,1.0,5.0,4.0,1,9,8.0
1.3.6.1.4.1.14519.5.2.1.6279.6001.161855583909753609742728521805,3107,5.0,1.0,6.0,4.0,4.0,1.0,1.0,5.0,4.0,1,10,9.0
1.3.6.1.4.1.14519.5.2.1.6279.6001.161855583909753609742728521805,3095,5.0,1.0,6.0,4.0,4.0,1.0,1.0,5.0,4.0,1,8,7.0
1.3.6.1.4.1.14519.5.2.1.6279.6001.161855583909753609742728521805,3091,5.0,1.0,6.0,4.0,4.0,1.0,1.0,5.0,3.0,,7,6.0
1.3.6.1.4.1.14519.5.2.1.6279.6001.161855583909753609742728521805,3115,5.0,1.0,6.0,3.0,5.0,1.0,1.0,5.0,4.0,1,10,9.0
1.3.6.1.4.1.14519.5.2.1.6279.6001.161855583909753609742728521805,3087,5.0,1.0,6.0,3.0,2.0,1.0,1.0,3.0,4.0,1,9,8.0
1.3.6.1.4.1.14519.5.2.1.6279.6001.168737928729363683423228050295,Nodule 001,5.0,1.0,6.0,3.0,4.0,2.0,2.0,5.0,5.0,1,14,16.25
1.3.6.1.4.1.14519.5.2.1.6279.6001.168737928729363683423228050295,IL057_122845,4.0,1.0,6.0,3.0,4.0,4.0,4.0,5.0,5.0,1,15,17.5
1.3.6.1.4.1.14519.5.2.1.6279.6001.168737928729363683423228050295,MI014_16109,5.0,1.0,6.0,3.0,4.0,3.0,3.0,4.0,3.0,,14,16.25
1.3.6.1.4.1.14519.5.2.1.6279.6001.168737928729363683423228050295,0,5.0,1.0,6.0,5.0,4.0,1.0,5.0,4.0,4.0,1,14,16.25
1.3.6.1.4.1.14519.5.2.1.6279.6001.811825890493256320617655474043,10535,2.0,1.0,6.0,5.0,2.0,1.0,1.0,1.0,1.0,0,2,2.5
1.3.6.1.4.1.14519.5.2.1.6279.6001.811825890493256320617655474043,1610,1.0,1.0,6.0,2.0,2.0,2.0,2.0,2.0,2.0,0,2,2.5
1.3.6.1.4.1.14519.5.2.1.6279.6001.811825890493256320617655474043,15410,3.0,1.0,6.0,3.0,4.0,3.0,1.0,5.0,1.0,0,1,0.0
1.3.6.1.4.1.14519.5.2.1.6279.6001.202476538079060560282495099956,2386,4.0,1.0,6.0,3.0,2.0,1.0,1.0,3.0,3.0,,4,7.5
1.3.6.1.4.1.14519.5.2.1.6279.6001.202476538079060560282495099956,15358,1.0,1.0,6.0,5.0,2.0,3.0,1.0,1.0,3.0,,1,0.0
1.3.6.1.4.1.14519.5.2.1.6279.6001.501205984478455794251416553685,206795,4.0,1.0,6.0,5.0,5.0,1.0,1.0,5.0,3.0,,3,6.0
1.3.6.1.4.1.14519.5.2.1.6279.6001.501205984478455794251416553685,196499,1.0,1.0,6.0,5.0,4.0,1.0,1.0,1.0,2.0,0,2,3.0
1.3.6.1.4.1.14519.5.2.1.6279.6001.501205984478455794251416553685,196495,3.0,1.0,6.0,5.0,5.0,1.0,1.0,5.0,3.0,,3,6.0
1.3.6.1.4.1.14519.5.2.1.6279.6001.501205984478455794251416553685,196497,4.0,1.0,5.0,3.0,5.0,1.0,1.0,5.0,1.0,0,4,9.0
1.3.6.1.4.1.14519.5.2.1.6279.6001.501205984478455794251416553685,20743,5.0,1.0,6.0,5.0,5.0,1.0,1.0,5.0,4.0,1,3,6.0
1.3.6.1.4.1.14519.5.2.1.6279.6001.501205984478455794251416553685,0,4.0,1.0,6.0,4.0,5.0,1.0,1.0,5.0,2.0,0,2,3.0
1.3.6.1.4.1.14519.5.2.1.6279.6001.501205984478455794251416553685,8,5.0,1.0,6.0,5.0,5.0,1.0,1.0,5.0,2.0,0,3,6.0
1.3.6.1.4.1.14519.5.2.1.6279.6001.501205984478455794251416553685,9,5.0,1.0,6.0,4.0,4.0,1.0,1.0,5.0,2.0,0,5,12.0
1.3.6.1.4.1.14519.5.2.1.6279.6001.222087811960706096424718056430,55715,3.0,1.0,6.0,3.0,4.0,1.0,1.0,5.0,1.0,0,8,4.37
1.3.6.1.4.1.14519.5.2.1.6279.6001.222087811960706096424718056430,Nodule 001,5.0,1.0,3.0,4.0,5.0,1.0,1.0,5.0,1.0,0,8,4.38
1.3.6.1.4.1.14519.5.2.1.6279.6001.187694838527128312070807533473,Nodule 001,5.0,1.0,6.0,3.0,4.0,2.0,1.0,5.0,4.0,1,13,12.0
1.3.6.1.4.1.14519.5.2.1.6279.6001.187694838527128312070807533473,IL057_167602,5.0,1.0,6.0,5.0,5.0,3.0,1.0,5.0,5.0,1,12,11.0
1.3.6.1.4.1.14519.5.2.1.6279.6001.187694838527128312070807533473,IL057_167603,3.0,1.0,3.0,5.0,5.0,1.0,1.0,5.0,1.0,0,2,1.0
1.3.6.1.4.1.14519.5.2.1.6279.6001.187694838527128312070807533473,MI014_17911,5.0,1.0,6.0,3.0,4.0,2.0,2.0,5.0,3.0,,14,12.0
1.3.6.1.4.1.14519.5.2.1.6279.6001.187694838527128312070807533473,0,5.0,1.0,6.0,5.0,5.0,4.0,1.0,5.0,3.0,,13,12.0
1.3.6.1.4.1.14519.5.2.1.6279.6001.663019255629770796363333877035,13073,2.0,1.0,6.0,4.0,3.0,2.0,1.0,5.0,1.0,0,3,2.0
1.3.6.1.4.1.14519.5.2.1.6279.6001.663019255629770796363333877035,Nodule 004,3.0,1.0,6.0,4.0,5.0,2.0,1.0,5.0,4.0,1,5,4.0
1.3.6.1.4.1.14519.5.2.1.6279.6001.663019255629770796363333877035,2370,2.0,1.0,6.0,3.0,3.0,3.0,2.0,4.0,3.0,,4,3.0
1.3.6.1.4.1.14519.5.2.1.6279.6001.212608679077007918190529579976,IL057_196069,4.0,1.0,3.0,4.0,5.0,1.0,1.0,5.0,1.0,0,4,3.75
1.3.6.1.4.1.14519.5.2.1.6279.6001.212608679077007918190529579976,IL057_196059,4.0,1.0,6.0,4.0,4.0,1.0,1.0,5.0,3.0,,6,6.25
1.3.6.1.4.1.14519.5.2.1.6279.6001.212608679077007918190529579976,IL057_196054,4.0,1.0,6.0,4.0,4.0,2.0,1.0,5.0,3.0,,7,7.5
1.3.6.1.4.1.14519.5.2.1.6279.6001.212608679077007918190529579976,IL057_196071,3.0,1.0,6.0,4.0,4.0,2.0,1.0,5.0,2.0,0,4,3.75
1.3.6.1.4.1.14519.5.2.1.6279.6001.212608679077007918190529579976,IL057_197719,1.0,1.0,6.0,4.0,2.0,1.0,1.0,4.0,2.0,0,2,1.25
1.3.6.1.4.1.14519.5.2.1.6279.6001.212608679077007918190529579976,03408,5.0,1.0,3.0,3.0,5.0,1.0,4.0,5.0,1.0,0,4,3.75
1.3.6.1.4.1.14519.5.2.1.6279.6001.212608679077007918190529579976,03397,5.0,1.0,6.0,3.0,4.0,1.0,3.0,5.0,3.0,,13,15.0
1.3.6.1.4.1.14519.5.2.1.6279.6001.212608679077007918190529579976,03393,5.0,1.0,6.0,3.0,3.0,3.0,4.0,5.0,3.0,,17,12.5
1.3.6.1.4.1.14519.5.2.1.6279.6001.212608679077007918190529579976,03869,4.0,1.0,6.0,4.0,3.0,2.0,2.0,5.0,2.0,0,5,5.0
1.3.6.1.4.1.14519.5.2.1.6279.6001.212608679077007918190529579976,Nodule 001,4.0,1.0,6.0,4.0,4.0,1.0,1.0,5.0,3.0,,4,3.75
1.3.6.1.4.1.14519.5.2.1.6279.6001.212608679077007918190529579976,Nodule 004,5.0,1.0,3.0,4.0,5.0,1.0,1.0,5.0,1.0,0,3,2.5
1.3.6.1.4.1.14519.5.2.1.6279.6001.212608679077007918190529579976,0805,5.0,1.0,3.0,4.0,5.0,1.0,1.0,5.0,1.0,0,4,3.75
1.3.6.1.4.1.14519.5.2.1.6279.6001.212608679077007918190529579976,0796,5.0,1.0,3.0,4.0,4.0,1.0,1.0,5.0,1.0,0,8,8.75
1.3.6.1.4.1.14519.5.2.1.6279.6001.212608679077007918190529579976,0808,2.0,1.0,4.0,4.0,2.0,1.0,1.0,2.0,2.0,0,3,2.5
1.3.6.1.4.1.14519.5.2.1.6279.6001.842317928015463083368074520378,57857,3.0,1.0,6.0,3.0,2.0,1.0,1.0,5.0,1.0,0,5,2.8
1.3.6.1.4.1.14519.5.2.1.6279.6001.842317928015463083368074520378,101067,3.0,1.0,3.0,5.0,5.0,1.0,1.0,5.0,1.0,0,4,2.1
1.3.6.1.4.1.14519.5.2.1.6279.6001.842317928015463083368074520378,13751,2.0,1.0,6.0,4.0,4.0,2.0,1.0,4.0,3.0,,5,2.8
1.3.6.1.4.1.14519.5.2.1.6279.6001.842317928015463083368074520378,0,5.0,1.0,6.0,5.0,5.0,1.0,1.0,5.0,3.0,,4,2.1
1.3.6.1.4.1.14519.5.2.1.6279.6001.842317928015463083368074520378,1,5.0,1.0,6.0,5.0,5.0,1.0,1.0,5.0,3.0,,5,2.8
1.3.6.1.4.1.14519.5.2.1.6279.6001.842317928015463083368074520378,5,5.0,1.0,6.0,5.0,5.0,1.0,1.0,5.0,2.0,0,5,2.8
1.3.6.1.4.1.14519.5.2.1.6279.6001.842317928015463083368074520378,6,5.0,1.0,6.0,5.0,5.0,1.0,1.0,5.0,2.0,0,5,2.8
1.3.6.1.4.1.14519.5.2.1.6279.6001.842317928015463083368074520378,11,4.0,1.0,6.0,5.0,5.0,1.0,1.0,5.0,2.0,0,7,2.8
1.3.6.1.4.1.14519.5.2.1.6279.6001.842317928015463083368074520378,15,5.0,1.0,6.0,5.0,5.0,1.0,1.0,5.0,2.0,0,8,3.5
1.3.6.1.4.1.14519.5.2.1.6279.6001.716498695101447665580610403574,57914,3.0,1.0,6.0,2.0,1.0,3.0,3.0,3.0,4.0,1,16,9.8
1.3.6.1.4.1.14519.5.2.1.6279.6001.716498695101447665580610403574,50456,1.0,1.0,6.0,4.0,1.0,1.0,1.0,1.0,3.0,,5,2.8
1.3.6.1.4.1.14519.5.2.1.6279.6001.716498695101447665580610403574,50449,4.0,1.0,6.0,2.0,3.0,1.0,3.0,4.0,4.0,1,13,8.4
1.3.6.1.4.1.14519.5.2.1.6279.6001.716498695101447665580610403574,50468,2.0,1.0,3.0,4.0,5.0,1.0,1.0,5.0,1.0,0,4,2.1
1.3.6.1.4.1.14519.5.2.1.6279.6001.716498695101447665580610403574,13688,5.0,1.0,6.0,3.0,3.0,1.0,1.0,3.0,3.0,,13,8.4
1.3.6.1.4.1.14519.5.2.1.6279.6001.716498695101447665580610403574,13706,4.0,1.0,6.0,4.0,3.0,1.0,1.0,3.0,3.0,,6,3.5
1.3.6.1.4.1.14519.5.2.1.6279.6001.716498695101447665580610403574,0,5.0,1.0,6.0,5.0,4.0,1.0,5.0,4.0,3.0,,14,9.1
1.3.6.1.4.1.14519.5.2.1.6279.6001.716498695101447665580610403574,2,3.0,1.0,6.0,5.0,5.0,1.0,1.0,5.0,2.0,0,3,1.4
1.3.6.1.4.1.14519.5.2.1.6279.6001.180720061816899490466115851736,54948,5.0,1.0,6.0,4.0,5.0,1.0,1.0,5.0,5.0,1,7,18.0
1.3.6.1.4.1.14519.5.2.1.6279.6001.180720061816899490466115851736,54956,3.0,1.0,6.0,2.0,2.0,1.0,1.0,4.0,3.0,,4,9.0
1.3.6.1.4.1.14519.5.2.1.6279.6001.180720061816899490466115851736,54952,5.0,1.0,6.0,5.0,5.0,1.0,1.0,5.0,5.0,1,6,15.0
1.3.6.1.4.1.14519.5.2.1.6279.6001.180720061816899490466115851736,54960,3.0,1.0,6.0,3.0,3.0,1.0,1.0,5.0,3.0,,4,9.0
1.3.6.1.4.1.14519.5.2.1.6279.6001.180720061816899490466115851736,55107,1.0,1.0,6.0,4.0,3.0,1.0,1.0,2.0,2.0,0,2,3.0
1.3.6.1.4.1.14519.5.2.1.6279.6001.180720061816899490466115851736,44831,5.0,1.0,6.0,5.0,5.0,1.0,1.0,5.0,5.0,1,7,18.0
1.3.6.1.4.1.14519.5.2.1.6279.6001.180720061816899490466115851736,44835,3.0,1.0,6.0,4.0,4.0,1.0,3.0,5.0,3.0,,3,6.0
1.3.6.1.4.1.14519.5.2.1.6279.6001.180720061816899490466115851736,44868,3.0,1.0,6.0,3.0,4.0,1.0,1.0,5.0,3.0,,3,6.0
1.3.6.1.4.1.14519.5.2.1.6279.6001.180720061816899490466115851736,44870,1.0,1.0,6.0,4.0,2.0,1.0,1.0,1.0,2.0,0,1,0.0
1.3.6.1.4.1.14519.5.2.1.6279.6001.180720061816899490466115851736,44839,5.0,1.0,6.0,3.0,5.0,1.0,1.0,5.0,4.0,1,4,9.0
1.3.6.1.4.1.14519.5.2.1.6279.6001.180720061816899490466115851736,44843,5.0,1.0,6.0,5.0,5.0,1.0,1.0,5.0,5.0,1,6,15.0
1.3.6.1.4.1.14519.5.2.1.6279.6001.180720061816899490466115851736,13237,5.0,1.0,6.0,4.0,5.0,1.0,1.0,5.0,5.0,1,6,15.0
1.3.6.1.4.1.14519.5.2.1.6279.6001.180720061816899490466115851736,13242,5.0,1.0,6.0,5.0,5.0,1.0,1.0,5.0,5.0,1,6,15.0
1.3.6.1.4.1.14519.5.2.1.6279.6001.180720061816899490466115851736,13246,5.0,1.0,6.0,3.0,4.0,1.0,1.0,3.0,4.0,1,2,3.0
1.3.6.1.4.1.14519.5.2.1.6279.6001.180720061816899490466115851736,13248,4.0,1.0,6.0,4.0,4.0,1.0,1.0,4.0,3.0,,2,3.0
1.3.6.1.4.1.14519.5.2.1.6279.6001.180720061816899490466115851736,13251,5.0,1.0,6.0,4.0,4.0,3.0,1.0,4.0,3.0,,1,0.0
1.3.6.1.4.1.14519.5.2.1.6279.6001.180720061816899490466115851736,0,5.0,1.0,6.0,5.0,5.0,1.0,1.0,5.0,2.0,0,7,18.0
1.3.6.1.4.1.14519.5.2.1.6279.6001.180720061816899490466115851736,6,3.0,1.0,6.0,3.0,3.0,1.0,1.0,3.0,1.0,0,5,12.0
1.3.6.1.4.1.14519.5.2.1.6279.6001.180720061816899490466115851736,7,3.0,1.0,6.0,5.0,5.0,1.0,1.0,5.0,2.0,0,7,18.0
1.3.6.1.4.1.14519.5.2.1.6279.6001.271181474656996637903928248007,70092,5.0,1.0,6.0,5.0,4.0,2.0,2.0,5.0,4.0,1,3,6.0
1.3.6.1.4.1.14519.5.2.1.6279.6001.271181474656996637903928248007,69567,4.0,1.0,6.0,5.0,5.0,1.0,1.0,5.0,3.0,,3,6.0
1.3.6.1.4.1.14519.5.2.1.6279.6001.271181474656996637903928248007,14334,5.0,1.0,6.0,5.0,5.0,1.0,1.0,5.0,5.0,1,4,9.0
1.3.6.1.4.1.14519.5.2.1.6279.6001.271181474656996637903928248007,2,3.0,1.0,6.0,5.0,5.0,1.0,1.0,5.0,2.0,0,3,6.0
1.3.6.1.4.1.14519.5.2.1.6279.6001.168605638657404145360275453085,Nodule 001,5.0,1.0,6.0,2.0,4.0,3.0,3.0,4.0,4.0,1,16,9.38
1.3.6.1.4.1.14519.5.2.1.6279.6001.168605638657404145360275453085,Nodule 004,3.0,1.0,6.0,4.0,5.0,5.0,5.0,5.0,3.0,,5,2.5
1.3.6.1.4.1.14519.5.2.1.6279.6001.168605638657404145360275453085,Nodule 002,4.0,1.0,6.0,4.0,5.0,5.0,5.0,5.0,3.0,,8,4.38
1.3.6.1.4.1.14519.5.2.1.6279.6001.168605638657404145360275453085,Nodule 003,4.0,1.0,6.0,4.0,5.0,5.0,5.0,5.0,3.0,,7,3.75
1.3.6.1.4.1.14519.5.2.1.6279.6001.168605638657404145360275453085,21030,4.0,1.0,6.0,3.0,5.0,5.0,5.0,5.0,2.0,0,6,3.12
1.3.6.1.4.1.14519.5.2.1.6279.6001.168605638657404145360275453085,21102,4.0,1.0,6.0,3.0,5.0,5.0,5.0,5.0,3.0,,9,5.0
1.3.6.1.4.1.14519.5.2.1.6279.6001.168605638657404145360275453085,27149,4.0,1.0,6.0,3.0,4.0,1.0,1.0,5.0,1.0,0,6,3.12
1.3.6.1.4.1.14519.5.2.1.6279.6001.168605638657404145360275453085,9,4.0,1.0,6.0,5.0,5.0,1.0,1.0,5.0,2.0,0,6,3.12
1.3.6.1.4.1.14519.5.2.1.6279.6001.561458563853929400124470098603,39809,2.0,1.0,6.0,3.0,2.0,4.0,2.0,2.0,3.0,,5,8.0
1.3.6.1.4.1.14519.5.2.1.6279.6001.561458563853929400124470098603,39813,4.0,1.0,3.0,3.0,5.0,3.0,1.0,5.0,1.0,0,5,8.0
1.3.6.1.4.1.14519.5.2.1.6279.6001.561458563853929400124470098603,0,3.0,1.0,6.0,3.0,5.0,2.0,1.0,3.0,2.0,0,5,8.0
1.3.6.1.4.1.14519.5.2.1.6279.6001.561458563853929400124470098603,6,5.0,1.0,3.0,4.0,5.0,3.0,1.0,5.0,1.0,0,7,12.0
1.3.6.1.4.1.14519.5.2.1.6279.6001.561458563853929400124470098603,Nodule 005,5.0,1.0,6.0,3.0,4.0,2.0,1.0,5.0,4.0,1,6,10.0
1.3.6.1.4.1.14519.5.2.1.6279.6001.561458563853929400124470098603,Nodule 003,5.0,1.0,6.0,3.0,5.0,2.0,1.0,5.0,4.0,1,4,6.0
1.3.6.1.4.1.14519.5.2.1.6279.6001.561458563853929400124470098603,Nodule 002,4.0,1.0,6.0,4.0,5.0,1.0,1.0,5.0,2.0,0,4,6.0
1.3.6.1.4.1.14519.5.2.1.6279.6001.561458563853929400124470098603,Nodule 001,4.0,1.0,6.0,3.0,5.0,1.0,1.0,5.0,2.0,0,1,0.0
1.3.6.1.4.1.14519.5.2.1.6279.6001.561458563853929400124470098603,79635,5.0,1.0,3.0,4.0,5.0,1.0,1.0,5.0,1.0,0,7,12.0
1.3.6.1.4.1.14519.5.2.1.6279.6001.139577698050713461261415990027,IL057_196826,4.0,1.0,3.0,5.0,5.0,1.0,1.0,5.0,1.0,0,4,3.0
1.3.6.1.4.1.14519.5.2.1.6279.6001.139577698050713461261415990027,0,5.0,1.0,3.0,5.0,5.0,1.0,1.0,5.0,1.0,0,7,6.0
1.3.6.1.4.1.14519.5.2.1.6279.6001.273509906901630724765262021367,54932,4.0,4.0,6.0,5.0,5.0,1.0,1.0,5.0,4.0,1,4,9.0
1.3.6.1.4.1.14519.5.2.1.6279.6001.273509906901630724765262021367,36570,4.0,1.0,6.0,5.0,5.0,1.0,1.0,5.0,4.0,1,4,9.0
1.3.6.1.4.1.14519.5.2.1.6279.6001.273509906901630724765262021367,9157,3.0,1.0,6.0,3.0,4.0,2.0,1.0,5.0,3.0,,4,9.0
1.3.6.1.4.1.14519.5.2.1.6279.6001.273509906901630724765262021367,0,5.0,1.0,6.0,5.0,5.0,1.0,1.0,5.0,2.0,0,4,9.0
1.3.6.1.4.1.14519.5.2.1.6279.6001.255233548387770235844350895151,80642,5.0,1.0,6.0,2.0,4.0,4.0,2.0,5.0,3.0,,11,30.0
1.3.6.1.4.1.14519.5.2.1.6279.6001.255233548387770235844350895151,80645,4.0,1.0,3.0,3.0,4.0,1.0,1.0,5.0,1.0,0,3,6.0
1.3.6.1.4.1.14519.5.2.1.6279.6001.255233548387770235844350895151,16722,5.0,1.0,6.0,3.0,4.0,1.0,3.0,5.0,2.0,0,16,45.0
1.3.6.1.4.1.14519.5.2.1.6279.6001.255233548387770235844350895151,16800,5.0,1.0,3.0,4.0,5.0,1.0,1.0,5.0,1.0,0,3,6.0
1.3.6.1.4.1.14519.5.2.1.6279.6001.275986221854423197884953496664,60244,1.0,1.0,6.0,5.0,4.0,1.0,1.0,5.0,1.0,0,3,2.0
1.3.6.1.4.1.14519.5.2.1.6279.6001.275986221854423197884953496664,60238,2.0,1.0,6.0,4.0,5.0,4.0,1.0,5.0,3.0,,6,5.0
1.3.6.1.4.1.14519.5.2.1.6279.6001.275986221854423197884953496664,60239,2.0,1.0,6.0,4.0,4.0,1.0,1.0,5.0,2.0,0,6,5.0
1.3.6.1.4.1.14519.5.2.1.6279.6001.275986221854423197884953496664,Nodule 005,3.0,1.0,6.0,4.0,5.0,1.0,1.0,5.0,3.0,,5,4.0
1.3.6.1.4.1.14519.5.2.1.6279.6001.275986221854423197884953496664,Nodule 004,4.0,1.0,6.0,4.0,4.0,1.0,1.0,4.0,4.0,1,4,3.0
1.3.6.1.4.1.14519.5.2.1.6279.6001.275986221854423197884953496664,Nodule 007,3.0,1.0,6.0,2.0,5.0,1.0,1.0,4.0,3.0,,3,2.0
1.3.6.1.4.1.14519.5.2.1.6279.6001.275986221854423197884953496664,Nodule 002,3.0,1.0,6.0,5.0,5.0,1.0,1.0,5.0,2.0,0,2,1.0
1.3.6.1.4.1.14519.5.2.1.6279.6001.275986221854423197884953496664,Nodule 001,3.0,1.0,6.0,4.0,5.0,1.0,1.0,5.0,3.0,,3,2.0
1.3.6.1.4.1.14519.5.2.1.6279.6001.275986221854423197884953496664,13842,1.0,1.0,6.0,3.0,2.0,3.0,3.0,3.0,3.0,,4,3.0
1.3.6.1.4.1.14519.5.2.1.6279.6001.275986221854423197884953496664,2,3.0,1.0,6.0,5.0,5.0,1.0,1.0,5.0,2.0,0,3,2.0
1.3.6.1.4.1.14519.5.2.1.6279.6001.275986221854423197884953496664,5,3.0,1.0,6.0,5.0,5.0,1.0,1.0,5.0,2.0,0,6,5.0
1.3.6.1.4.1.14519.5.2.1.6279.6001.275986221854423197884953496664,6,3.0,1.0,6.0,5.0,5.0,1.0,1.0,5.0,2.0,0,4,3.0
1.3.6.1.4.1.14519.5.2.1.6279.6001.291539125579672469833850180824,0,4.0,1.0,6.0,3.0,4.0,1.0,1.0,5.0,2.0,0,10,5.62
1.3.6.1.4.1.14519.5.2.1.6279.6001.291539125579672469833850180824,Nodule 005,4.0,1.0,6.0,3.0,5.0,1.0,1.0,5.0,3.0,,9,5.0
1.3.6.1.4.1.14519.5.2.1.6279.6001.291539125579672469833850180824,38127,3.0,1.0,3.0,2.0,4.0,1.0,1.0,5.0,1.0,0,8,4.38
1.3.6.1.4.1.14519.5.2.1.6279.6001.291539125579672469833850180824,25335,4.0,1.0,6.0,3.0,5.0,2.0,1.0,5.0,2.0,0,7,3.75
1.3.6.1.4.1.14519.5.2.1.6279.6001.339039410276356623209709113755,50357,3.0,1.0,6.0,5.0,3.0,1.0,1.0,5.0,2.0,0,4,2.1
1.3.6.1.4.1.14519.5.2.1.6279.6001.339039410276356623209709113755,13771,5.0,1.0,6.0,3.0,4.0,1.0,1.0,4.0,3.0,,5,2.8
1.3.6.1.4.1.14519.5.2.1.6279.6001.283733738239331719775105586296,Nodule 001,4.0,1.0,6.0,3.0,4.0,2.0,1.0,3.0,5.0,1,3,2.5
1.3.6.1.4.1.14519.5.2.1.6279.6001.283733738239331719775105586296,40409,4.0,1.0,6.0,4.0,1.0,2.0,2.0,1.0,3.0,,3,2.5
1.3.6.1.4.1.14519.5.2.1.6279.6001.283733738239331719775105586296,IL057_156768,3.0,1.0,6.0,4.0,1.0,3.0,1.0,1.0,3.0,,4,3.75
1.3.6.1.4.1.14519.5.2.1.6279.6001.292287048883545067541391539652,70375,4.0,1.0,3.0,5.0,5.0,1.0,1.0,5.0,1.0,0,3,6.0
1.3.6.1.4.1.14519.5.2.1.6279.6001.292287048883545067541391539652,70372,5.0,1.0,3.0,5.0,5.0,1.0,1.0,5.0,1.0,0,2,3.0
1.3.6.1.4.1.14519.5.2.1.6279.6001.292287048883545067541391539652,70005,4.0,1.0,3.0,5.0,5.0,1.0,1.0,5.0,1.0,0,2,3.0
1.3.6.1.4.1.14519.5.2.1.6279.6001.292287048883545067541391539652,14376,4.0,1.0,3.0,4.0,5.0,1.0,1.0,5.0,1.0,0,2,3.0
1.3.6.1.4.1.14519.5.2.1.6279.6001.292287048883545067541391539652,14390,2.0,1.0,3.0,5.0,5.0,1.0,1.0,5.0,1.0,0,2,3.0
1.3.6.1.4.1.14519.5.2.1.6279.6001.292287048883545067541391539652,0,5.0,1.0,3.0,5.0,5.0,1.0,1.0,5.0,1.0,0,3,6.0
1.3.6.1.4.1.14519.5.2.1.6279.6001.970264865033574190975654369557,74299,5.0,1.0,3.0,5.0,5.0,1.0,1.0,5.0,1.0,0,7,3.75
1.3.6.1.4.1.14519.5.2.1.6279.6001.970264865033574190975654369557,74296,5.0,1.0,3.0,5.0,5.0,1.0,1.0,5.0,1.0,0,9,5.0
1.3.6.1.4.1.14519.5.2.1.6279.6001.970264865033574190975654369557,2,5.0,1.0,3.0,5.0,5.0,1.0,1.0,5.0,1.0,0,7,3.75
1.3.6.1.4.1.14519.5.2.1.6279.6001.970264865033574190975654369557,3,5.0,1.0,3.0,5.0,5.0,1.0,1.0,5.0,1.0,0,5,2.5
1.3.6.1.4.1.14519.5.2.1.6279.6001.970264865033574190975654369557,4,5.0,1.0,3.0,5.0,5.0,1.0,1.0,5.0,1.0,0,10,5.62
1.3.6.1.4.1.14519.5.2.1.6279.6001.970264865033574190975654369557,5,5.0,1.0,3.0,4.0,5.0,1.0,1.0,5.0,3.0,,7,3.75
1.3.6.1.4.1.14519.5.2.1.6279.6001.970264865033574190975654369557,Nodule 002,5.0,1.0,3.0,5.0,5.0,1.0,1.0,5.0,1.0,0,6,3.12
1.3.6.1.4.1.14519.5.2.1.6279.6001.792381786708289670758399079830,4983,5.0,1.0,6.0,4.0,4.0,1.0,1.0,5.0,5.0,1,23,16.5
1.3.6.1.4.1.14519.5.2.1.6279.6001.792381786708289670758399079830,4988,4.0,1.0,6.0,2.0,5.0,2.0,1.0,5.0,4.0,1,10,6.75
1.3.6.1.4.1.14519.5.2.1.6279.6001.792381786708289670758399079830,Nodule 001,4.0,1.0,6.0,2.0,4.0,2.0,2.0,5.0,5.0,1,25,17.25
1.3.6.1.4.1.14519.5.2.1.6279.6001.792381786708289670758399079830,Nodule 002,3.0,1.0,6.0,2.0,5.0,1.0,1.0,5.0,3.0,,9,6.0
1.3.6.1.4.1.14519.5.2.1.6279.6001.792381786708289670758399079830,1775,5.0,1.0,6.0,5.0,5.0,1.0,2.0,5.0,3.0,,30,21.0
1.3.6.1.4.1.14519.5.2.1.6279.6001.792381786708289670758399079830,1779,3.0,1.0,6.0,3.0,5.0,1.0,1.0,5.0,3.0,,11,7.5
1.3.6.1.4.1.14519.5.2.1.6279.6001.792381786708289670758399079830,0,5.0,1.0,6.0,3.0,4.0,2.0,2.0,5.0,3.0,,23,16.5
1.3.6.1.4.1.14519.5.2.1.6279.6001.792381786708289670758399079830,2,4.0,1.0,6.0,3.0,4.0,2.0,1.0,5.0,2.0,0,10,6.75
1.3.6.1.4.1.14519.5.2.1.6279.6001.248425363469507808613979846863,0,5.0,1.0,6.0,4.0,4.0,1.0,1.0,5.0,3.0,,6,3.12
1.3.6.1.4.1.14519.5.2.1.6279.6001.248425363469507808613979846863,2,5.0,1.0,6.0,3.0,4.0,1.0,1.0,4.0,2.0,0,3,1.25
1.3.6.1.4.1.14519.5.2.1.6279.6001.204802250386343794613980417281,140956,5.0,1.0,6.0,5.0,5.0,3.0,1.0,5.0,5.0,1,18,17.0
1.3.6.1.4.1.14519.5.2.1.6279.6001.204802250386343794613980417281,159172,5.0,1.0,6.0,5.0,5.0,2.0,1.0,5.0,5.0,1,16,15.0
1.3.6.1.4.1.14519.5.2.1.6279.6001.204802250386343794613980417281,19090,5.0,1.0,6.0,5.0,5.0,1.0,1.0,5.0,5.0,1,18,17.0
1.3.6.1.4.1.14519.5.2.1.6279.6001.204802250386343794613980417281,0,5.0,1.0,6.0,5.0,5.0,4.0,1.0,5.0,3.0,,18,17.0
1.3.6.1.4.1.14519.5.2.1.6279.6001.725236073737175770730904408416,0,5.0,1.0,6.0,5.0,5.0,1.0,1.0,5.0,2.0,0,7,7.5
1.3.6.1.4.1.14519.5.2.1.6279.6001.725236073737175770730904408416,10,3.0,1.0,6.0,5.0,5.0,1.0,1.0,5.0,2.0,0,6,6.25
1.3.6.1.4.1.14519.5.2.1.6279.6001.725236073737175770730904408416,25944,2.0,1.0,6.0,4.0,1.0,3.0,1.0,1.0,3.0,,1,0.0
1.3.6.1.4.1.14519.5.2.1.6279.6001.725236073737175770730904408416,25941,4.0,3.0,6.0,4.0,5.0,1.0,1.0,5.0,2.0,0,7,7.5
1.3.6.1.4.1.14519.5.2.1.6279.6001.725236073737175770730904408416,50299,5.0,1.0,6.0,4.0,4.0,1.0,1.0,5.0,4.0,1,7,7.5
1.3.6.1.4.1.14519.5.2.1.6279.6001.725236073737175770730904408416,50301,4.0,1.0,6.0,3.0,3.0,1.0,1.0,5.0,2.0,0,6,6.25
1.3.6.1.4.1.14519.5.2.1.6279.6001.154837327827713479309898027966,7015,5.0,1.0,6.0,4.0,3.0,1.0,3.0,4.0,3.0,,4,3.75
1.3.6.1.4.1.14519.5.2.1.6279.6001.154837327827713479309898027966,7000,5.0,1.0,6.0,3.0,5.0,1.0,3.0,5.0,2.0,0,6,6.25
1.3.6.1.4.1.14519.5.2.1.6279.6001.154837327827713479309898027966,7012,4.0,1.0,6.0,4.0,2.0,1.0,1.0,4.0,2.0,0,5,5.0
1.3.6.1.4.1.14519.5.2.1.6279.6001.154837327827713479309898027966,7003,5.0,1.0,6.0,3.0,2.0,1.0,2.0,4.0,3.0,,7,7.5
1.3.6.1.4.1.14519.5.2.1.6279.6001.154837327827713479309898027966,7008,5.0,1.0,6.0,4.0,5.0,1.0,1.0,5.0,3.0,,4,3.75
1.3.6.1.4.1.14519.5.2.1.6279.6001.154837327827713479309898027966,7025,3.0,1.0,6.0,4.0,2.0,1.0,1.0,4.0,3.0,,4,3.75
1.3.6.1.4.1.14519.5.2.1.6279.6001.154837327827713479309898027966,IL057_91724,4.0,1.0,6.0,2.0,5.0,1.0,1.0,5.0,2.0,0,4,3.75
1.3.6.1.4.1.14519.5.2.1.6279.6001.154837327827713479309898027966,IL057_91727,4.0,1.0,6.0,2.0,5.0,1.0,1.0,5.0,2.0,0,7,6.25
1.3.6.1.4.1.14519.5.2.1.6279.6001.154837327827713479309898027966,IL057_91731,3.0,1.0,6.0,5.0,4.0,1.0,1.0,5.0,2.0,0,4,3.75
1.3.6.1.4.1.14519.5.2.1.6279.6001.154837327827713479309898027966,IL057_91736,3.0,1.0,6.0,5.0,5.0,1.0,1.0,5.0,2.0,0,5,5.0
1.3.6.1.4.1.14519.5.2.1.6279.6001.154837327827713479309898027966,IL057_91739,4.0,1.0,6.0,4.0,4.0,1.0,1.0,5.0,3.0,,4,3.75
1.3.6.1.4.1.14519.5.2.1.6279.6001.154837327827713479309898027966,IL057_128846,2.0,1.0,6.0,5.0,5.0,1.0,1.0,5.0,3.0,,4,3.75
1.3.6.1.4.1.14519.5.2.1.6279.6001.154837327827713479309898027966,Nodule 003,4.0,1.0,6.0,4.0,5.0,1.0,1.0,5.0,3.0,,6,6.25
1.3.6.1.4.1.14519.5.2.1.6279.6001.154837327827713479309898027966,Nodule 001,4.0,1.0,6.0,4.0,5.0,1.0,1.0,5.0,4.0,1,4,3.75
1.3.6.1.4.1.14519.5.2.1.6279.6001.154837327827713479309898027966,Nodule 004,4.0,1.0,6.0,3.0,5.0,1.0,1.0,5.0,3.0,,4,3.75
1.3.6.1.4.1.14519.5.2.1.6279.6001.154837327827713479309898027966,Nodule 002,4.0,1.0,6.0,4.0,5.0,1.0,1.0,5.0,4.0,1,5,5.0
1.3.6.1.4.1.14519.5.2.1.6279.6001.154837327827713479309898027966,Nodule 007,4.0,1.0,6.0,2.0,5.0,2.0,1.0,5.0,4.0,1,5,5.0
1.3.6.1.4.1.14519.5.2.1.6279.6001.154837327827713479309898027966,2559,4.0,1.0,6.0,2.0,3.0,1.0,2.0,4.0,3.0,,4,3.75
1.3.6.1.4.1.14519.5.2.1.6279.6001.154837327827713479309898027966,2556,3.0,1.0,6.0,3.0,4.0,1.0,2.0,5.0,3.0,,5,5.0
1.3.6.1.4.1.14519.5.2.1.6279.6001.154837327827713479309898027966,2550,3.0,1.0,6.0,3.0,4.0,1.0,2.0,5.0,3.0,,6,6.25
1.3.6.1.4.1.14519.5.2.1.6279.6001.154837327827713479309898027966,2553,4.0,1.0,6.0,4.0,4.0,1.0,2.0,5.0,3.0,,4,3.75
1.3.6.1.4.1.14519.5.2.1.6279.6001.154837327827713479309898027966,2562,1.0,1.0,6.0,3.0,4.0,2.0,1.0,4.0,2.0,0,4,3.75
1.3.6.1.4.1.14519.5.2.1.6279.6001.154837327827713479309898027966,2575,4.0,1.0,6.0,2.0,4.0,1.0,2.0,4.0,3.0,,6,6.25
1.3.6.1.4.1.14519.5.2.1.6279.6001.110399334711437930497698442208,38532,5.0,1.0,6.0,5.0,5.0,1.0,1.0,5.0,4.0,1,5,12.0
1.3.6.1.4.1.14519.5.2.1.6279.6001.110399334711437930497698442208,19345,5.0,1.0,6.0,5.0,5.0,2.0,3.0,5.0,4.0,1,4,9.0
1.3.6.1.4.1.14519.5.2.1.6279.6001.110399334711437930497698442208,8441,5.0,1.0,6.0,5.0,5.0,2.0,1.0,5.0,3.0,,6,12.0
1.3.6.1.4.1.14519.5.2.1.6279.6001.110399334711437930497698442208,0,5.0,1.0,6.0,5.0,5.0,1.0,1.0,5.0,2.0,0,5,12.0
1.3.6.1.4.1.14519.5.2.1.6279.6001.270788655216695628640355888562,Nodule 001,4.0,1.0,6.0,4.0,5.0,1.0,1.0,5.0,3.0,,5,2.5
1.3.6.1.4.1.14519.5.2.1.6279.6001.270152671889301412052226973069,8917,4.0,1.0,6.0,3.0,3.0,1.0,1.0,3.0,3.0,,3,5.0
1.3.6.1.4.1.14519.5.2.1.6279.6001.270152671889301412052226973069,Nodule 002,5.0,1.0,6.0,3.0,5.0,3.0,1.0,5.0,4.0,1,3,5.0
1.3.6.1.4.1.14519.5.2.1.6279.6001.270152671889301412052226973069,11332,5.0,1.0,6.0,4.0,5.0,1.0,1.0,5.0,5.0,1,3,5.0
1.3.6.1.4.1.14519.5.2.1.6279.6001.965620538050807352935663552285,0,1.0,1.0,6.0,5.0,2.0,1.0,1.0,1.0,2.0,0,9,5.0
1.3.6.1.4.1.14519.5.2.1.6279.6001.965620538050807352935663552285,167334,2.0,1.0,6.0,3.0,1.0,1.0,1.0,1.0,4.0,1,25,15.0
1.3.6.1.4.1.14519.5.2.1.6279.6001.965620538050807352935663552285,174167,1.0,1.0,6.0,2.0,2.0,1.0,1.0,3.0,2.0,0,11,6.25
1.3.6.1.4.1.14519.5.2.1.6279.6001.965620538050807352935663552285,Nodule 002,3.0,1.0,6.0,3.0,4.0,1.0,1.0,4.0,4.0,1,5,2.5
1.3.6.1.4.1.14519.5.2.1.6279.6001.306788423710427765311352901943,IL057_160074,2.0,1.0,6.0,4.0,4.0,1.0,1.0,5.0,3.0,,4,3.0
1.3.6.1.4.1.14519.5.2.1.6279.6001.306788423710427765311352901943,MI014_18064,1.0,1.0,6.0,4.0,4.0,1.0,1.0,5.0,3.0,,4,3.0
1.3.6.1.4.1.14519.5.2.1.6279.6001.163994693532965040247348251579,IL057_85556,2.0,1.0,6.0,4.0,4.0,1.0,1.0,5.0,2.0,0,4,3.75
1.3.6.1.4.1.14519.5.2.1.6279.6001.163994693532965040247348251579,Nodule 002,5.0,1.0,6.0,3.0,5.0,1.0,1.0,5.0,4.0,1,4,3.75
1.3.6.1.4.1.14519.5.2.1.6279.6001.163994693532965040247348251579,5341,2.0,1.0,6.0,3.0,4.0,2.0,2.0,4.0,3.0,,4,3.75
1.3.6.1.4.1.14519.5.2.1.6279.6001.163994693532965040247348251579,0102,3.0,1.0,6.0,3.0,4.0,1.0,1.0,5.0,3.0,,4,3.75
1.3.6.1.4.1.14519.5.2.1.6279.6001.311476128731958142981941696518,65779,5.0,1.0,6.0,5.0,4.0,1.0,1.0,5.0,3.0,,9,8.0
1.3.6.1.4.1.14519.5.2.1.6279.6001.311476128731958142981941696518,Nodule 001,4.0,1.0,6.0,4.0,4.0,1.0,1.0,5.0,3.0,,8,7.0
1.3.6.1.4.1.14519.5.2.1.6279.6001.311476128731958142981941696518,14409,5.0,1.0,6.0,5.0,4.0,1.0,1.0,5.0,5.0,1,7,6.0
1.3.6.1.4.1.14519.5.2.1.6279.6001.311476128731958142981941696518,1,5.0,1.0,6.0,5.0,5.0,1.0,1.0,5.0,3.0,,4,3.0
1.3.6.1.4.1.14519.5.2.1.6279.6001.311476128731958142981941696518,3,5.0,1.0,6.0,5.0,5.0,1.0,1.0,5.0,3.0,,9,8.0
1.3.6.1.4.1.14519.5.2.1.6279.6001.311476128731958142981941696518,5,5.0,1.0,6.0,5.0,5.0,1.0,1.0,5.0,3.0,,6,5.0
1.3.6.1.4.1.14519.5.2.1.6279.6001.129055977637338639741695800950,57793,4.0,1.0,6.0,3.0,2.0,3.0,1.0,3.0,3.0,,8,4.9
1.3.6.1.4.1.14519.5.2.1.6279.6001.129055977637338639741695800950,44903,4.0,1.0,6.0,4.0,2.0,2.0,2.0,2.0,5.0,1,7,4.2
1.3.6.1.4.1.14519.5.2.1.6279.6001.129055977637338639741695800950,13791,2.0,1.0,6.0,3.0,1.0,4.0,3.0,2.0,3.0,,8,4.9
1.3.6.1.4.1.14519.5.2.1.6279.6001.129055977637338639741695800950,3,5.0,1.0,6.0,5.0,5.0,1.0,1.0,5.0,2.0,0,5,2.8
1.3.6.1.4.1.14519.5.2.1.6279.6001.275849601663847251574860892603,1609,2.0,1.0,6.0,3.0,2.0,1.0,1.0,3.0,3.0,,10,9.0
1.3.6.1.4.1.14519.5.2.1.6279.6001.275849601663847251574860892603,0,2.0,1.0,6.0,3.0,1.0,3.0,1.0,1.0,3.0,,7,6.0
1.3.6.1.4.1.14519.5.2.1.6279.6001.226889213794065160713547677129,3,5.0,1.0,3.0,5.0,5.0,1.0,1.0,5.0,1.0,0,3,5.0
1.3.6.1.4.1.14519.5.2.1.6279.6001.226889213794065160713547677129,115479,5.0,1.0,3.0,3.0,5.0,1.0,1.0,5.0,1.0,0,2,2.5
1.3.6.1.4.1.14519.5.2.1.6279.6001.226889213794065160713547677129,115482,5.0,1.0,3.0,4.0,5.0,1.0,1.0,5.0,1.0,0,2,2.5
1.3.6.1.4.1.14519.5.2.1.6279.6001.226889213794065160713547677129,135217,5.0,1.0,3.0,5.0,5.0,1.0,1.0,5.0,1.0,0,2,2.5
1.3.6.1.4.1.14519.5.2.1.6279.6001.226889213794065160713547677129,135218,3.0,1.0,3.0,5.0,5.0,1.0,1.0,5.0,1.0,0,2,2.5
1.3.6.1.4.1.14519.5.2.1.6279.6001.226889213794065160713547677129,Nodule 001,4.0,1.0,3.0,4.0,5.0,1.0,1.0,5.0,1.0,0,2,2.5
1.3.6.1.4.1.14519.5.2.1.6279.6001.447468612991222399440694673357,Nodule 002,4.0,1.0,6.0,3.0,5.0,1.0,1.0,5.0,3.0,,2,2.5
1.3.6.1.4.1.14519.5.2.1.6279.6001.219087313261026510628926082729,60267,2.0,1.0,6.0,4.0,1.0,1.0,4.0,4.0,4.0,1,16,15.0
1.3.6.1.4.1.14519.5.2.1.6279.6001.219087313261026510628926082729,Nodule 003,4.0,1.0,6.0,4.0,5.0,1.0,1.0,5.0,3.0,,5,4.0
1.3.6.1.4.1.14519.5.2.1.6279.6001.219087313261026510628926082729,Nodule 001,5.0,1.0,6.0,2.0,4.0,2.0,4.0,5.0,5.0,1,13,12.0
1.3.6.1.4.1.14519.5.2.1.6279.6001.219087313261026510628926082729,13843,4.0,1.0,6.0,2.0,1.0,5.0,5.0,3.0,3.0,,16,15.0
1.3.6.1.4.1.14519.5.2.1.6279.6001.219087313261026510628926082729,13848,1.0,1.0,6.0,4.0,4.0,1.0,2.0,4.0,3.0,,5,4.0
1.3.6.1.4.1.14519.5.2.1.6279.6001.219087313261026510628926082729,0,5.0,1.0,6.0,3.0,5.0,2.0,3.0,5.0,4.0,1,15,14.0
1.3.6.1.4.1.14519.5.2.1.6279.6001.219087313261026510628926082729,3,3.0,1.0,6.0,5.0,5.0,1.0,1.0,5.0,2.0,0,4,3.0
1.3.6.1.4.1.14519.5.2.1.6279.6001.671278273674156798801285503514,Nodule 003,4.0,1.0,6.0,4.0,5.0,1.0,1.0,5.0,3.0,,2,1.8
1.3.6.1.4.1.14519.5.2.1.6279.6001.671278273674156798801285503514,Nodule 002,3.0,1.0,6.0,5.0,5.0,1.0,1.0,5.0,2.0,0,3,3.6
1.3.6.1.4.1.14519.5.2.1.6279.6001.671278273674156798801285503514,Nodule 001,4.0,1.0,6.0,4.0,5.0,1.0,1.0,5.0,3.0,,2,1.8
1.3.6.1.4.1.14519.5.2.1.6279.6001.292057261351416339496913597985,Nodule 004,4.0,1.0,6.0,3.0,4.0,1.0,1.0,5.0,2.0,0,2,1.8
1.3.6.1.4.1.14519.5.2.1.6279.6001.292057261351416339496913597985,Nodule 001,4.0,1.0,6.0,3.0,4.0,2.0,1.0,4.0,4.0,1,3,3.6
1.3.6.1.4.1.14519.5.2.1.6279.6001.292057261351416339496913597985,Nodule 002,4.0,1.0,6.0,4.0,5.0,1.0,1.0,5.0,2.0,0,3,3.6
1.3.6.1.4.1.14519.5.2.1.6279.6001.292057261351416339496913597985,Nodule 003,5.0,1.0,6.0,3.0,4.0,3.0,4.0,5.0,5.0,1,9,14.4
1.3.6.1.4.1.14519.5.2.1.6279.6001.292057261351416339496913597985,59887,5.0,1.0,6.0,4.0,5.0,4.0,3.0,5.0,5.0,1,9,14.4
1.3.6.1.4.1.14519.5.2.1.6279.6001.292057261351416339496913597985,59884,3.0,1.0,6.0,3.0,4.0,1.0,1.0,5.0,2.0,0,3,3.6
1.3.6.1.4.1.14519.5.2.1.6279.6001.292057261351416339496913597985,59894,1.0,1.0,6.0,5.0,2.0,1.0,1.0,2.0,2.0,0,2,1.8
1.3.6.1.4.1.14519.5.2.1.6279.6001.292057261351416339496913597985,59880,2.0,1.0,6.0,3.0,3.0,3.0,1.0,5.0,2.0,0,4,5.4
1.3.6.1.4.1.14519.5.2.1.6279.6001.292057261351416339496913597985,59876,2.0,1.0,6.0,3.0,3.0,1.0,1.0,2.0,2.0,0,3,3.6
1.3.6.1.4.1.14519.5.2.1.6279.6001.292057261351416339496913597985,MI014_14597,4.0,1.0,6.0,4.0,3.0,1.0,1.0,2.0,3.0,,3,3.6
1.3.6.1.4.1.14519.5.2.1.6279.6001.292057261351416339496913597985,MI014_14587,2.0,1.0,6.0,3.0,2.0,1.0,1.0,3.0,2.0,0,4,5.4
1.3.6.1.4.1.14519.5.2.1.6279.6001.292057261351416339496913597985,MI014_14584,5.0,1.0,6.0,4.0,5.0,1.0,4.0,5.0,5.0,1,11,16.2
1.3.6.1.4.1.14519.5.2.1.6279.6001.292057261351416339496913597985,MI014_14593,4.0,1.0,6.0,3.0,3.0,1.0,4.0,1.0,2.0,0,3,3.6
1.3.6.1.4.1.14519.5.2.1.6279.6001.292057261351416339496913597985,0,5.0,1.0,6.0,3.0,2.0,1.0,1.0,2.0,2.0,0,3,3.6
1.3.6.1.4.1.14519.5.2.1.6279.6001.292057261351416339496913597985,3,5.0,1.0,6.0,3.0,3.0,1.0,1.0,3.0,2.0,0,3,3.6
1.3.6.1.4.1.14519.5.2.1.6279.6001.292057261351416339496913597985,4,5.0,1.0,6.0,5.0,4.0,1.0,1.0,3.0,3.0,,2,1.8
1.3.6.1.4.1.14519.5.2.1.6279.6001.292057261351416339496913597985,5,5.0,1.0,6.0,3.0,3.0,5.0,1.0,5.0,4.0,1,9,14.4
1.3.6.1.4.1.14519.5.2.1.6279.6001.292057261351416339496913597985,8,5.0,1.0,6.0,3.0,2.0,1.0,1.0,1.0,2.0,0,2,1.8
1.3.6.1.4.1.14519.5.2.1.6279.6001.137375498893536422914241295628,Nodule 002,3.0,1.0,6.0,2.0,4.0,1.0,1.0,4.0,2.0,0,3,3.6
1.3.6.1.4.1.14519.5.2.1.6279.6001.137375498893536422914241295628,13212,4.0,1.0,6.0,5.0,4.0,1.0,1.0,5.0,3.0,,2,1.8
1.3.6.1.4.1.14519.5.2.1.6279.6001.137375498893536422914241295628,1326,4.0,1.0,6.0,5.0,4.0,3.0,2.0,5.0,3.0,,3,3.6
1.3.6.1.4.1.14519.5.2.1.6279.6001.137375498893536422914241295628,0,5.0,1.0,6.0,4.0,4.0,1.0,1.0,5.0,2.0,0,3,3.6
1.3.6.1.4.1.14519.5.2.1.6279.6001.179683407589764683292800449011,54880,2.0,1.0,6.0,5.0,4.0,1.0,1.0,5.0,1.0,0,3,2.0
1.3.6.1.4.1.14519.5.2.1.6279.6001.179683407589764683292800449011,54882,2.0,1.0,6.0,5.0,4.0,1.0,1.0,5.0,1.0,0,4,3.0
1.3.6.1.4.1.14519.5.2.1.6279.6001.179683407589764683292800449011,Nodule 009,3.0,1.0,6.0,4.0,5.0,1.0,1.0,5.0,1.0,0,3,2.0
1.3.6.1.4.1.14519.5.2.1.6279.6001.179683407589764683292800449011,Nodule 011,4.0,1.0,6.0,5.0,5.0,1.0,1.0,5.0,1.0,0,3,2.0
1.3.6.1.4.1.14519.5.2.1.6279.6001.156016499715048493339281864474,0,5.0,1.0,6.0,5.0,5.0,1.0,1.0,5.0,1.0,0,6,6.25
1.3.6.1.4.1.14519.5.2.1.6279.6001.156016499715048493339281864474,2,5.0,1.0,6.0,5.0,5.0,1.0,1.0,5.0,1.0,0,4,3.75
1.3.6.1.4.1.14519.5.2.1.6279.6001.156016499715048493339281864474,3,5.0,1.0,6.0,4.0,5.0,1.0,1.0,5.0,3.0,,4,3.75
1.3.6.1.4.1.14519.5.2.1.6279.6001.156016499715048493339281864474,4,5.0,1.0,6.0,3.0,3.0,1.0,1.0,2.0,3.0,,3,2.5
1.3.6.1.4.1.14519.5.2.1.6279.6001.156016499715048493339281864474,77879,5.0,1.0,3.0,4.0,5.0,1.0,2.0,5.0,1.0,0,4,3.75
1.3.6.1.4.1.14519.5.2.1.6279.6001.156016499715048493339281864474,77876,5.0,1.0,3.0,3.0,4.0,3.0,2.0,5.0,1.0,0,5,5.0
1.3.6.1.4.1.14519.5.2.1.6279.6001.156016499715048493339281864474,77881,5.0,1.0,6.0,3.0,3.0,3.0,2.0,5.0,3.0,,5,5.0
1.3.6.1.4.1.14519.5.2.1.6279.6001.156016499715048493339281864474,75190,2.0,1.0,6.0,5.0,5.0,1.0,1.0,5.0,2.0,0,4,3.75
1.3.6.1.4.1.14519.5.2.1.6279.6001.156016499715048493339281864474,75187,5.0,1.0,3.0,5.0,5.0,1.0,1.0,5.0,1.0,0,4,3.75
1.3.6.1.4.1.14519.5.2.1.6279.6001.156016499715048493339281864474,75184,5.0,1.0,3.0,5.0,5.0,1.0,1.0,5.0,1.0,0,4,3.75
1.3.6.1.4.1.14519.5.2.1.6279.6001.156016499715048493339281864474,Nodule 003,5.0,1.0,3.0,3.0,5.0,1.0,1.0,5.0,1.0,0,5,5.0
1.3.6.1.4.1.14519.5.2.1.6279.6001.156016499715048493339281864474,Nodule 002,5.0,1.0,3.0,4.0,5.0,1.0,1.0,5.0,1.0,0,4,3.75
1.3.6.1.4.1.14519.5.2.1.6279.6001.156016499715048493339281864474,Nodule 001,4.0,1.0,6.0,4.0,5.0,1.0,1.0,5.0,3.0,,4,3.75
1.3.6.1.4.1.14519.5.2.1.6279.6001.121824995088859376862458155637,Nodule 003,4.0,1.0,6.0,3.0,5.0,1.0,1.0,5.0,2.0,0,2,1.8
1.3.6.1.4.1.14519.5.2.1.6279.6001.121824995088859376862458155637,Nodule 001,4.0,1.0,6.0,3.0,4.0,1.0,1.0,5.0,3.0,,2,1.8
1.3.6.1.4.1.14519.5.2.1.6279.6001.121824995088859376862458155637,Nodule 002,5.0,1.0,3.0,5.0,5.0,1.0,1.0,5.0,1.0,0,3,3.6
1.3.6.1.4.1.14519.5.2.1.6279.6001.121824995088859376862458155637,50234,3.0,1.0,6.0,3.0,4.0,2.0,2.0,5.0,3.0,,3,3.6
1.3.6.1.4.1.14519.5.2.1.6279.6001.121824995088859376862458155637,79896,4.0,1.0,3.0,4.0,5.0,2.0,1.0,5.0,1.0,0,2,1.8
1.3.6.1.4.1.14519.5.2.1.6279.6001.121824995088859376862458155637,MI014_14498,5.0,1.0,6.0,3.0,2.0,1.0,1.0,4.0,3.0,,3,3.6
1.3.6.1.4.1.14519.5.2.1.6279.6001.121824995088859376862458155637,MI014_14500,5.0,1.0,6.0,3.0,2.0,2.0,1.0,3.0,3.0,,2,1.8
1.3.6.1.4.1.14519.5.2.1.6279.6001.121824995088859376862458155637,MI014_14519,5.0,1.0,3.0,4.0,5.0,1.0,1.0,5.0,1.0,0,2,1.8
1.3.6.1.4.1.14519.5.2.1.6279.6001.121824995088859376862458155637,0,3.0,1.0,6.0,5.0,5.0,1.0,1.0,5.0,2.0,0,3,3.6
1.3.6.1.4.1.14519.5.2.1.6279.6001.121824995088859376862458155637,4,5.0,1.0,3.0,5.0,5.0,1.0,1.0,5.0,1.0,0,3,3.6
1.3.6.1.4.1.14519.5.2.1.6279.6001.131150737314367975651717513386,15064,4.0,1.0,6.0,3.0,3.0,3.0,4.0,4.0,3.0,,2,2.5
1.3.6.1.4.1.14519.5.2.1.6279.6001.253317247142837717905329340520,6908,3.0,1.0,6.0,3.0,4.0,1.0,1.0,1.0,2.0,0,2,2.5
1.3.6.1.4.1.14519.5.2.1.6279.6001.253317247142837717905329340520,6903,4.0,1.0,6.0,4.0,3.0,1.0,1.0,5.0,1.0,0,2,2.5
1.3.6.1.4.1.14519.5.2.1.6279.6001.253317247142837717905329340520,6899,4.0,2.0,6.0,3.0,3.0,1.0,1.0,5.0,1.0,0,4,7.5
1.3.6.1.4.1.14519.5.2.1.6279.6001.253317247142837717905329340520,Nodule 002,4.0,1.0,6.0,3.0,5.0,1.0,1.0,5.0,3.0,,4,7.5
1.3.6.1.4.1.14519.5.2.1.6279.6001.253317247142837717905329340520,Nodule 001,4.0,1.0,6.0,4.0,5.0,1.0,1.0,5.0,3.0,,3,5.0
1.3.6.1.4.1.14519.5.2.1.6279.6001.331079701650130000691651987949,Nodule 001,4.0,1.0,6.0,2.0,5.0,2.0,1.0,5.0,2.0,0,12,6.88
1.3.6.1.4.1.14519.5.2.1.6279.6001.331079701650130000691651987949,52412,2.0,1.0,6.0,4.0,5.0,1.0,2.0,5.0,2.0,0,11,6.25
1.3.6.1.4.1.14519.5.2.1.6279.6001.331079701650130000691651987949,69838,2.0,1.0,6.0,2.0,4.0,1.0,1.0,5.0,1.0,0,12,6.88
1.3.6.1.4.1.14519.5.2.1.6279.6001.216526102138308489357443843021,IL057_69918,3.0,1.0,6.0,3.0,2.0,1.0,1.0,5.0,3.0,,3,2.5
1.3.6.1.4.1.14519.5.2.1.6279.6001.216526102138308489357443843021,6253,2.0,1.0,6.0,2.0,3.0,2.0,2.0,4.0,3.0,,5,5.0
1.3.6.1.4.1.14519.5.2.1.6279.6001.743969234977916254223533321294,29630,5.0,1.0,6.0,4.0,3.0,2.0,1.0,5.0,4.0,1,16,6.25
1.3.6.1.4.1.14519.5.2.1.6279.6001.877026508860018521147620598474,54846,5.0,1.0,6.0,3.0,4.0,2.0,1.0,5.0,2.0,0,37,34.0
1.3.6.1.4.1.14519.5.2.1.6279.6001.877026508860018521147620598474,54850,4.0,1.0,6.0,4.0,4.0,3.0,1.0,5.0,5.0,1,12,11.0
1.3.6.1.4.1.14519.5.2.1.6279.6001.877026508860018521147620598474,Nodule 002,4.0,1.0,6.0,4.0,4.0,1.0,1.0,4.0,4.0,1,4,3.0
1.3.6.1.4.1.14519.5.2.1.6279.6001.877026508860018521147620598474,Nodule 003,4.0,1.0,6.0,3.0,4.0,2.0,1.0,5.0,5.0,1,12,11.0
1.3.6.1.4.1.14519.5.2.1.6279.6001.877026508860018521147620598474,Nodule 001,4.0,1.0,6.0,4.0,5.0,1.0,1.0,5.0,1.0,0,3,2.0
1.3.6.1.4.1.14519.5.2.1.6279.6001.877026508860018521147620598474,13385,5.0,1.0,6.0,5.0,5.0,1.0,1.0,4.0,4.0,1,13,11.0
1.3.6.1.4.1.14519.5.2.1.6279.6001.877026508860018521147620598474,16232,5.0,1.0,6.0,3.0,4.0,4.0,1.0,5.0,3.0,,36,35.0
1.3.6.1.4.1.14519.5.2.1.6279.6001.877026508860018521147620598474,3,5.0,1.0,6.0,5.0,5.0,1.0,1.0,5.0,2.0,0,12,11.0
1.3.6.1.4.1.14519.5.2.1.6279.6001.877026508860018521147620598474,8,5.0,1.0,6.0,5.0,4.0,2.0,1.0,3.0,2.0,0,4,3.0
1.3.6.1.4.1.14519.5.2.1.6279.6001.877026508860018521147620598474,9,1.0,1.0,6.0,5.0,5.0,1.0,1.0,1.0,2.0,0,3,2.0
1.3.6.1.4.1.14519.5.2.1.6279.6001.323132750133803288886848693067,80923,5.0,1.0,6.0,4.0,3.0,3.0,4.0,4.0,3.0,,7,18.0
1.3.6.1.4.1.14519.5.2.1.6279.6001.323132750133803288886848693067,80932,5.0,1.0,3.0,3.0,5.0,1.0,2.0,5.0,1.0,0,3,6.0
1.3.6.1.4.1.14519.5.2.1.6279.6001.323132750133803288886848693067,80929,5.0,1.0,6.0,3.0,4.0,2.0,2.0,5.0,3.0,,2,3.0
1.3.6.1.4.1.14519.5.2.1.6279.6001.323132750133803288886848693067,80936,4.0,1.0,6.0,3.0,4.0,2.0,2.0,4.0,3.0,,2,3.0
1.3.6.1.4.1.14519.5.2.1.6279.6001.323132750133803288886848693067,119117,5.0,1.0,6.0,3.0,4.0,2.0,2.0,5.0,5.0,1,4,9.0
1.3.6.1.4.1.14519.5.2.1.6279.6001.323132750133803288886848693067,85477,3.0,1.0,6.0,3.0,3.0,1.0,1.0,5.0,3.0,,2,3.0
1.3.6.1.4.1.14519.5.2.1.6279.6001.323132750133803288886848693067,85480,3.0,1.0,6.0,3.0,5.0,1.0,1.0,5.0,3.0,,2,3.0
1.3.6.1.4.1.14519.5.2.1.6279.6001.323132750133803288886848693067,15645,5.0,1.0,6.0,3.0,3.0,2.0,2.0,4.0,3.0,,5,12.0
1.3.6.1.4.1.14519.5.2.1.6279.6001.323132750133803288886848693067,15648,3.0,1.0,6.0,2.0,3.0,2.0,2.0,4.0,3.0,,2,3.0
1.3.6.1.4.1.14519.5.2.1.6279.6001.323132750133803288886848693067,15651,4.0,1.0,6.0,3.0,5.0,1.0,1.0,5.0,3.0,,3,6.0
1.3.6.1.4.1.14519.5.2.1.6279.6001.323132750133803288886848693067,0,5.0,1.0,5.0,3.0,5.0,5.0,5.0,5.0,1.0,0,6,15.0
1.3.6.1.4.1.14519.5.2.1.6279.6001.323132750133803288886848693067,3,3.0,1.0,6.0,5.0,3.0,1.0,1.0,4.0,2.0,0,3,6.0
1.3.6.1.4.1.14519.5.2.1.6279.6001.323132750133803288886848693067,4,3.0,1.0,6.0,3.0,3.0,2.0,3.0,4.0,2.0,0,4,9.0
1.3.6.1.4.1.14519.5.2.1.6279.6001.323132750133803288886848693067,7,5.0,1.0,5.0,2.0,4.0,4.0,4.0,5.0,1.0,0,2,3.0
1.3.6.1.4.1.14519.5.2.1.6279.6001.323132750133803288886848693067,8,5.0,1.0,5.0,4.0,4.0,2.0,1.0,5.0,1.0,0,3,6.0
1.3.6.1.4.1.14519.5.2.1.6279.6001.313605260055394498989743099991,1145,2.0,1.0,6.0,5.0,2.0,1.0,1.0,3.0,2.0,0,2,2.5
1.3.6.1.4.1.14519.5.2.1.6279.6001.313605260055394498989743099991,Nodule 002,4.0,1.0,6.0,4.0,5.0,1.0,1.0,5.0,3.0,,2,2.5
1.3.6.1.4.1.14519.5.2.1.6279.6001.313605260055394498989743099991,IL057_202840,2.0,1.0,6.0,5.0,3.0,1.0,1.0,5.0,2.0,0,2,2.5
1.3.6.1.4.1.14519.5.2.1.6279.6001.313605260055394498989743099991,11064,5.0,1.0,6.0,5.0,4.0,1.0,1.0,5.0,2.0,0,2,2.5
1.3.6.1.4.1.14519.5.2.1.6279.6001.404457313935200882843898832756,Nodule 001,5.0,1.0,6.0,4.0,4.0,1.0,1.0,5.0,4.0,1,7,10.8
1.3.6.1.4.1.14519.5.2.1.6279.6001.404457313935200882843898832756,68328,5.0,1.0,4.0,4.0,5.0,1.0,1.0,5.0,3.0,,7,10.8
1.3.6.1.4.1.14519.5.2.1.6279.6001.404457313935200882843898832756,MI014_14534,5.0,1.0,4.0,4.0,5.0,1.0,1.0,5.0,2.0,0,7,10.8
1.3.6.1.4.1.14519.5.2.1.6279.6001.404457313935200882843898832756,0,3.0,1.0,6.0,5.0,5.0,1.0,1.0,5.0,2.0,0,8,12.6
1.3.6.1.4.1.14519.5.2.1.6279.6001.237215747217294006286437405216,55582,3.0,1.0,6.0,3.0,4.0,2.0,1.0,5.0,3.0,,5,5.0
1.3.6.1.4.1.14519.5.2.1.6279.6001.237215747217294006286437405216,0,3.0,1.0,6.0,5.0,5.0,1.0,1.0,5.0,2.0,0,6,6.25
1.3.6.1.4.1.14519.5.2.1.6279.6001.237215747217294006286437405216,39470,4.0,1.0,6.0,4.0,5.0,2.0,1.0,5.0,3.0,,5,5.0
1.3.6.1.4.1.14519.5.2.1.6279.6001.237215747217294006286437405216,Nodule 001,5.0,1.0,6.0,3.0,4.0,2.0,2.0,5.0,4.0,1,5,5.0
1.3.6.1.4.1.14519.5.2.1.6279.6001.116492508532884962903000261147,Nodule 003,3.0,1.0,6.0,5.0,5.0,1.0,1.0,5.0,2.0,0,2,2.5
1.3.6.1.4.1.14519.5.2.1.6279.6001.124822907934319930841506266464,77253,5.0,1.0,3.0,4.0,5.0,1.0,3.0,5.0,1.0,0,4,2.1
1.3.6.1.4.1.14519.5.2.1.6279.6001.124822907934319930841506266464,77239,5.0,1.0,4.0,3.0,4.0,3.0,3.0,5.0,2.0,0,6,3.5
1.3.6.1.4.1.14519.5.2.1.6279.6001.124822907934319930841506266464,77236,5.0,1.0,4.0,3.0,4.0,2.0,3.0,5.0,2.0,0,7,4.2
1.3.6.1.4.1.14519.5.2.1.6279.6001.124822907934319930841506266464,77255,4.0,1.0,6.0,2.0,4.0,2.0,2.0,5.0,3.0,,3,1.4
1.3.6.1.4.1.14519.5.2.1.6279.6001.124822907934319930841506266464,77249,3.0,1.0,6.0,3.0,3.0,2.0,2.0,2.0,3.0,,5,2.8
1.3.6.1.4.1.14519.5.2.1.6279.6001.124822907934319930841506266464,77247,5.0,1.0,6.0,1.0,3.0,2.0,2.0,5.0,3.0,,4,2.1
1.3.6.1.4.1.14519.5.2.1.6279.6001.124822907934319930841506266464,78198,3.0,1.0,4.0,2.0,4.0,2.0,1.0,5.0,2.0,0,6,3.5
1.3.6.1.4.1.14519.5.2.1.6279.6001.124822907934319930841506266464,78205,2.0,1.0,6.0,3.0,4.0,2.0,3.0,1.0,2.0,0,2,0.7
1.3.6.1.4.1.14519.5.2.1.6279.6001.124822907934319930841506266464,10584,1.0,1.0,6.0,2.0,3.0,2.0,2.0,5.0,3.0,,3,1.4
1.3.6.1.4.1.14519.5.2.1.6279.6001.124822907934319930841506266464,74699,4.0,1.0,6.0,4.0,4.0,1.0,1.0,4.0,3.0,,5,2.8
1.3.6.1.4.1.14519.5.2.1.6279.6001.124822907934319930841506266464,74694,4.0,1.0,6.0,4.0,4.0,2.0,2.0,5.0,3.0,,7,4.2
1.3.6.1.4.1.14519.5.2.1.6279.6001.124822907934319930841506266464,74705,3.0,1.0,6.0,3.0,2.0,1.0,1.0,5.0,3.0,,4,2.1
1.3.6.1.4.1.14519.5.2.1.6279.6001.124822907934319930841506266464,74703,2.0,1.0,6.0,3.0,5.0,1.0,2.0,5.0,3.0,,6,3.5
1.3.6.1.4.1.14519.5.2.1.6279.6001.124822907934319930841506266464,0,5.0,1.0,3.0,5.0,5.0,1.0,1.0,5.0,1.0,0,5,2.8
1.3.6.1.4.1.14519.5.2.1.6279.6001.124822907934319930841506266464,8,2.0,1.0,6.0,2.0,3.0,1.0,1.0,5.0,1.0,0,3,1.4
1.3.6.1.4.1.14519.5.2.1.6279.6001.124822907934319930841506266464,12,3.0,1.0,6.0,3.0,4.0,1.0,1.0,5.0,2.0,0,6,3.5
1.3.6.1.4.1.14519.5.2.1.6279.6001.124822907934319930841506266464,22,3.0,1.0,6.0,3.0,3.0,1.0,1.0,5.0,2.0,0,7,4.2
1.3.6.1.4.1.14519.5.2.1.6279.6001.124822907934319930841506266464,37,4.0,1.0,6.0,3.0,4.0,3.0,1.0,5.0,2.0,0,8,4.9
1.3.6.1.4.1.14519.5.2.1.6279.6001.124822907934319930841506266464,38,5.0,1.0,6.0,2.0,5.0,2.0,3.0,5.0,2.0,0,8,4.9
1.3.6.1.4.1.14519.5.2.1.6279.6001.124822907934319930841506266464,40,2.0,1.0,6.0,4.0,3.0,1.0,1.0,1.0,1.0,0,2,0.7
1.3.6.1.4.1.14519.5.2.1.6279.6001.124822907934319930841506266464,41,3.0,1.0,6.0,3.0,3.0,1.0,1.0,5.0,2.0,0,3,1.4
1.3.6.1.4.1.14519.5.2.1.6279.6001.955688628308192728558382581802,66119,3.0,1.0,6.0,3.0,2.0,1.0,1.0,4.0,1.0,0,6,5.0
1.3.6.1.4.1.14519.5.2.1.6279.6001.955688628308192728558382581802,66114,2.0,1.0,6.0,2.0,3.0,3.0,3.0,5.0,2.0,0,6,5.0
1.3.6.1.4.1.14519.5.2.1.6279.6001.955688628308192728558382581802,66107,5.0,1.0,6.0,5.0,4.0,1.0,1.0,5.0,5.0,1,13,12.0
1.3.6.1.4.1.14519.5.2.1.6279.6001.955688628308192728558382581802,66111,4.0,1.0,6.0,3.0,4.0,3.0,1.0,5.0,3.0,,6,5.0
1.3.6.1.4.1.14519.5.2.1.6279.6001.955688628308192728558382581802,Nodule 005,4.0,1.0,6.0,4.0,5.0,1.0,1.0,5.0,2.0,0,4,3.0
1.3.6.1.4.1.14519.5.2.1.6279.6001.955688628308192728558382581802,Nodule 011,3.0,1.0,6.0,5.0,5.0,1.0,1.0,5.0,1.0,0,3,2.0
1.3.6.1.4.1.14519.5.2.1.6279.6001.955688628308192728558382581802,Nodule 014,4.0,1.0,6.0,4.0,4.0,1.0,1.0,3.0,3.0,,3,2.0
1.3.6.1.4.1.14519.5.2.1.6279.6001.955688628308192728558382581802,Nodule 010,4.0,1.0,6.0,4.0,5.0,1.0,1.0,5.0,2.0,0,5,4.0
1.3.6.1.4.1.14519.5.2.1.6279.6001.955688628308192728558382581802,Nodule 002,4.0,1.0,6.0,3.0,4.0,2.0,1.0,5.0,4.0,1,6,5.0
1.3.6.1.4.1.14519.5.2.1.6279.6001.955688628308192728558382581802,Nodule 001,4.0,1.0,6.0,4.0,4.0,2.0,1.0,5.0,4.0,1,5,4.0
1.3.6.1.4.1.14519.5.2.1.6279.6001.955688628308192728558382581802,Nodule 003,4.0,1.0,6.0,4.0,5.0,1.0,1.0,5.0,2.0,0,5,4.0
1.3.6.1.4.1.14519.5.2.1.6279.6001.955688628308192728558382581802,Nodule 004,3.0,1.0,6.0,3.0,5.0,1.0,1.0,5.0,2.0,0,4,3.0
1.3.6.1.4.1.14519.5.2.1.6279.6001.955688628308192728558382581802,Nodule 006,4.0,1.0,6.0,4.0,5.0,1.0,1.0,5.0,2.0,0,4,3.0
1.3.6.1.4.1.14519.5.2.1.6279.6001.955688628308192728558382581802,Nodule 007,4.0,1.0,6.0,3.0,4.0,1.0,1.0,4.0,4.0,1,14,13.0
1.3.6.1.4.1.14519.5.2.1.6279.6001.955688628308192728558382581802,14680,5.0,1.0,2.0,5.0,5.0,1.0,1.0,5.0,3.0,,15,14.0
1.3.6.1.4.1.14519.5.2.1.6279.6001.955688628308192728558382581802,14681,5.0,1.0,6.0,3.0,2.0,1.0,1.0,4.0,3.0,,6,5.0
1.3.6.1.4.1.14519.5.2.1.6279.6001.955688628308192728558382581802,14682,4.0,1.0,6.0,3.0,2.0,4.0,1.0,3.0,3.0,,6,5.0
1.3.6.1.4.1.14519.5.2.1.6279.6001.955688628308192728558382581802,14683,4.0,1.0,6.0,3.0,2.0,2.0,1.0,3.0,3.0,,4,3.0
1.3.6.1.4.1.14519.5.2.1.6279.6001.955688628308192728558382581802,14684,4.0,1.0,6.0,4.0,2.0,1.0,1.0,2.0,3.0,,4,3.0
1.3.6.1.4.1.14519.5.2.1.6279.6001.955688628308192728558382581802,0,5.0,1.0,6.0,5.0,5.0,1.0,1.0,5.0,3.0,,6,5.0
1.3.6.1.4.1.14519.5.2.1.6279.6001.955688628308192728558382581802,2,5.0,1.0,6.0,5.0,4.0,1.0,1.0,5.0,3.0,,3,2.0
1.3.6.1.4.1.14519.5.2.1.6279.6001.955688628308192728558382581802,3,5.0,1.0,6.0,5.0,5.0,1.0,1.0,5.0,3.0,,6,5.0
1.3.6.1.4.1.14519.5.2.1.6279.6001.955688628308192728558382581802,4,5.0,1.0,6.0,4.0,5.0,1.0,1.0,5.0,3.0,,3,2.0
1.3.6.1.4.1.14519.5.2.1.6279.6001.955688628308192728558382581802,5,5.0,1.0,6.0,5.0,5.0,1.0,1.0,5.0,3.0,,5,4.0
1.3.6.1.4.1.14519.5.2.1.6279.6001.955688628308192728558382581802,7,5.0,1.0,6.0,5.0,5.0,1.0,1.0,5.0,3.0,,4,3.0
1.3.6.1.4.1.14519.5.2.1.6279.6001.955688628308192728558382581802,9,5.0,1.0,6.0,3.0,4.0,1.0,1.0,5.0,3.0,,5,4.0
1.3.6.1.4.1.14519.5.2.1.6279.6001.955688628308192728558382581802,13,5.0,1.0,6.0,5.0,5.0,1.0,1.0,5.0,3.0,,4,3.0
1.3.6.1.4.1.14519.5.2.1.6279.6001.955688628308192728558382581802,16,5.0,1.0,6.0,4.0,5.0,1.0,1.0,5.0,3.0,,4,3.0
1.3.6.1.4.1.14519.5.2.1.6279.6001.955688628308192728558382581802,18,5.0,1.0,6.0,4.0,4.0,1.0,1.0,5.0,3.0,,5,4.0
1.3.6.1.4.1.14519.5.2.1.6279.6001.955688628308192728558382581802,19,5.0,1.0,6.0,4.0,5.0,1.0,1.0,5.0,3.0,,4,3.0
1.3.6.1.4.1.14519.5.2.1.6279.6001.955688628308192728558382581802,21,5.0,1.0,6.0,5.0,5.0,1.0,1.0,5.0,3.0,,4,3.0
1.3.6.1.4.1.14519.5.2.1.6279.6001.955688628308192728558382581802,22,5.0,1.0,6.0,4.0,2.0,1.0,1.0,5.0,3.0,,3,2.0
1.3.6.1.4.1.14519.5.2.1.6279.6001.955688628308192728558382581802,23,4.0,1.0,3.0,5.0,5.0,1.0,1.0,5.0,1.0,0,4,3.0
1.3.6.1.4.1.14519.5.2.1.6279.6001.955688628308192728558382581802,26,5.0,1.0,6.0,4.0,4.0,1.0,1.0,4.0,3.0,,3,2.0
1.3.6.1.4.1.14519.5.2.1.6279.6001.955688628308192728558382581802,29,5.0,1.0,6.0,5.0,5.0,1.0,1.0,5.0,3.0,,5,4.0
1.3.6.1.4.1.14519.5.2.1.6279.6001.955688628308192728558382581802,32,5.0,1.0,6.0,4.0,5.0,1.0,1.0,5.0,3.0,,4,3.0
1.3.6.1.4.1.14519.5.2.1.6279.6001.955688628308192728558382581802,34,5.0,1.0,6.0,5.0,5.0,1.0,1.0,5.0,2.0,0,12,11.0
1.3.6.1.4.1.14519.5.2.1.6279.6001.955688628308192728558382581802,35,5.0,1.0,6.0,5.0,5.0,1.0,1.0,5.0,3.0,,6,5.0
1.3.6.1.4.1.14519.5.2.1.6279.6001.955688628308192728558382581802,36,5.0,1.0,6.0,4.0,4.0,1.0,1.0,5.0,3.0,,6,5.0
1.3.6.1.4.1.14519.5.2.1.6279.6001.955688628308192728558382581802,37,5.0,1.0,6.0,5.0,5.0,1.0,1.0,5.0,3.0,,3,2.0
1.3.6.1.4.1.14519.5.2.1.6279.6001.232011770495640253949434620907,3,5.0,1.0,6.0,3.0,3.0,1.0,1.0,4.0,3.0,,5,8.0
1.3.6.1.4.1.14519.5.2.1.6279.6001.130765375502800983459674173881,Nodule 001,4.0,1.0,6.0,4.0,4.0,2.0,1.0,5.0,3.0,,2,2.5
1.3.6.1.4.1.14519.5.2.1.6279.6001.130765375502800983459674173881,Nodule 002,4.0,1.0,6.0,4.0,5.0,1.0,1.0,5.0,3.0,,2,2.5
1.3.6.1.4.1.14519.5.2.1.6279.6001.130765375502800983459674173881,Nodule 003,3.0,1.0,6.0,4.0,5.0,1.0,1.0,5.0,3.0,,1,0.0
1.3.6.1.4.1.14519.5.2.1.6279.6001.130765375502800983459674173881,3843,5.0,2.0,6.0,3.0,3.0,1.0,1.0,1.0,3.0,,2,2.5
1.3.6.1.4.1.14519.5.2.1.6279.6001.130765375502800983459674173881,3841,4.0,2.0,6.0,4.0,3.0,1.0,1.0,3.0,3.0,,2,2.5
1.3.6.1.4.1.14519.5.2.1.6279.6001.130765375502800983459674173881,52442,1.0,1.0,6.0,5.0,5.0,1.0,1.0,3.0,2.0,0,2,2.5
1.3.6.1.4.1.14519.5.2.1.6279.6001.130765375502800983459674173881,52429,3.0,1.0,6.0,5.0,5.0,1.0,1.0,5.0,2.0,0,2,2.5
1.3.6.1.4.1.14519.5.2.1.6279.6001.130765375502800983459674173881,52425,3.0,1.0,6.0,3.0,5.0,1.0,1.0,5.0,2.0,0,2,2.5
1.3.6.1.4.1.14519.5.2.1.6279.6001.130765375502800983459674173881,9873,3.0,1.0,6.0,3.0,3.0,1.0,1.0,5.0,1.0,0,2,2.5
1.3.6.1.4.1.14519.5.2.1.6279.6001.130765375502800983459674173881,9878,3.0,1.0,6.0,2.0,3.0,1.0,1.0,5.0,1.0,0,2,2.5
1.3.6.1.4.1.14519.5.2.1.6279.6001.213140617640021803112060161074,13560,5.0,1.0,6.0,3.0,2.0,4.0,2.0,4.0,5.0,1,15,14.0
1.3.6.1.4.1.14519.5.2.1.6279.6001.213140617640021803112060161074,13564,2.0,1.0,6.0,2.0,1.0,1.0,1.0,2.0,4.0,1,8,7.0
1.3.6.1.4.1.14519.5.2.1.6279.6001.213140617640021803112060161074,13572,3.0,1.0,6.0,4.0,1.0,2.0,1.0,3.0,3.0,,9,8.0
1.3.6.1.4.1.14519.5.2.1.6279.6001.213140617640021803112060161074,13580,3.0,1.0,6.0,2.0,4.0,1.0,2.0,4.0,3.0,,4,3.0
1.3.6.1.4.1.14519.5.2.1.6279.6001.213140617640021803112060161074,13574,4.0,1.0,6.0,3.0,1.0,3.0,2.0,2.0,3.0,,5,4.0
1.3.6.1.4.1.14519.5.2.1.6279.6001.213140617640021803112060161074,13568,3.0,1.0,6.0,4.0,1.0,1.0,2.0,2.0,3.0,,7,6.0
1.3.6.1.4.1.14519.5.2.1.6279.6001.213140617640021803112060161074,13610,2.0,1.0,6.0,3.0,3.0,2.0,1.0,4.0,3.0,,5,4.0
1.3.6.1.4.1.14519.5.2.1.6279.6001.213140617640021803112060161074,Nodule 001,4.0,1.0,6.0,3.0,5.0,1.0,1.0,5.0,4.0,1,6,5.0
1.3.6.1.4.1.14519.5.2.1.6279.6001.213140617640021803112060161074,Nodule 005,3.0,1.0,6.0,5.0,5.0,1.0,1.0,5.0,1.0,0,2,1.0
1.3.6.1.4.1.14519.5.2.1.6279.6001.213140617640021803112060161074,Nodule 008,5.0,1.0,6.0,3.0,4.0,2.0,2.0,4.0,5.0,1,15,12.0
1.3.6.1.4.1.14519.5.2.1.6279.6001.213140617640021803112060161074,Nodule 007,3.0,1.0,6.0,4.0,5.0,1.0,1.0,5.0,1.0,0,4,3.0
1.3.6.1.4.1.14519.5.2.1.6279.6001.213140617640021803112060161074,14011,5.0,1.0,6.0,4.0,2.0,4.0,1.0,5.0,5.0,1,17,13.0
1.3.6.1.4.1.14519.5.2.1.6279.6001.213140617640021803112060161074,14015,4.0,1.0,6.0,4.0,1.0,1.0,1.0,1.0,3.0,,6,5.0
1.3.6.1.4.1.14519.5.2.1.6279.6001.213140617640021803112060161074,14018,4.0,1.0,6.0,4.0,2.0,1.0,1.0,1.0,3.0,,4,3.0
1.3.6.1.4.1.14519.5.2.1.6279.6001.213140617640021803112060161074,14022,5.0,1.0,6.0,3.0,2.0,2.0,1.0,1.0,4.0,1,6,5.0
1.3.6.1.4.1.14519.5.2.1.6279.6001.213140617640021803112060161074,14024,5.0,1.0,6.0,2.0,2.0,1.0,1.0,3.0,3.0,,4,2.0
1.3.6.1.4.1.14519.5.2.1.6279.6001.213140617640021803112060161074,14027,4.0,1.0,6.0,4.0,2.0,1.0,1.0,1.0,3.0,,5,4.0
1.3.6.1.4.1.14519.5.2.1.6279.6001.213140617640021803112060161074,14030,4.0,1.0,6.0,3.0,2.0,2.0,1.0,2.0,3.0,,3,2.0
1.3.6.1.4.1.14519.5.2.1.6279.6001.213140617640021803112060161074,14,2.0,1.0,6.0,4.0,1.0,2.0,1.0,2.0,2.0,0,9,8.0
1.3.6.1.4.1.14519.5.2.1.6279.6001.245546033414728092794968890929,IL057_202902,2.0,1.0,6.0,3.0,2.0,1.0,1.0,5.0,2.0,0,2,2.5
1.3.6.1.4.1.14519.5.2.1.6279.6001.245248446973732759194067808002,0,5.0,1.0,6.0,5.0,4.0,4.0,4.0,4.0,4.0,1,10,5.62
1.3.6.1.4.1.14519.5.2.1.6279.6001.245248446973732759194067808002,37785,3.0,1.0,6.0,5.0,1.0,1.0,1.0,2.0,3.0,,10,5.62
1.3.6.1.4.1.14519.5.2.1.6279.6001.245248446973732759194067808002,Nodule 002,5.0,1.0,6.0,3.0,5.0,2.0,1.0,5.0,5.0,1,10,5.62
1.3.6.1.4.1.14519.5.2.1.6279.6001.245248446973732759194067808002,19722,4.0,1.0,6.0,4.0,2.0,2.0,2.0,1.0,4.0,1,10,5.62
1.3.6.1.4.1.14519.5.2.1.6279.6001.173556680294801532247454313511,5689,5.0,1.0,6.0,4.0,2.0,1.0,1.0,3.0,3.0,,4,3.75
1.3.6.1.4.1.14519.5.2.1.6279.6001.173556680294801532247454313511,Nodule 001,4.0,1.0,6.0,4.0,4.0,2.0,1.0,5.0,4.0,1,3,2.5
1.3.6.1.4.1.14519.5.2.1.6279.6001.173556680294801532247454313511,7084,4.0,1.0,6.0,2.0,3.0,2.0,2.0,5.0,2.0,0,3,2.5
1.3.6.1.4.1.14519.5.2.1.6279.6001.228934821089041845791238006047,2617,4.0,1.0,6.0,3.0,4.0,1.0,1.0,4.0,3.0,,4,3.75
1.3.6.1.4.1.14519.5.2.1.6279.6001.228934821089041845791238006047,Nodule 003,3.0,1.0,6.0,4.0,5.0,1.0,1.0,5.0,2.0,0,5,5.0
1.3.6.1.4.1.14519.5.2.1.6279.6001.228934821089041845791238006047,6965,5.0,1.0,6.0,5.0,4.0,1.0,1.0,4.0,3.0,,4,3.75
1.3.6.1.4.1.14519.5.2.1.6279.6001.228934821089041845791238006047,IL057_135226,1.0,1.0,6.0,5.0,1.0,1.0,1.0,1.0,3.0,,2,1.25
1.3.6.1.4.1.14519.5.2.1.6279.6001.228934821089041845791238006047,IL057_135230,2.0,1.0,6.0,5.0,4.0,1.0,1.0,5.0,3.0,,4,3.75
1.3.6.1.4.1.14519.5.2.1.6279.6001.306520140119968755187868602181,Nodule 001,3.0,1.0,6.0,4.0,5.0,1.0,1.0,5.0,3.0,,2,2.0
1.3.6.1.4.1.14519.5.2.1.6279.6001.797637294244261543517154417124,6408,5.0,1.0,6.0,2.0,4.0,3.0,2.0,5.0,3.0,,19,22.5
1.3.6.1.4.1.14519.5.2.1.6279.6001.797637294244261543517154417124,7064,4.0,1.0,6.0,3.0,3.0,2.0,2.0,5.0,3.0,,3,2.5
1.3.6.1.4.1.14519.5.2.1.6279.6001.797637294244261543517154417124,5863,5.0,1.0,6.0,3.0,4.0,1.0,1.0,4.0,3.0,,7,7.5
1.3.6.1.4.1.14519.5.2.1.6279.6001.797637294244261543517154417124,IL057_69885,1.0,1.0,6.0,5.0,2.0,1.0,1.0,1.0,2.0,0,4,3.75
1.3.6.1.4.1.14519.5.2.1.6279.6001.797637294244261543517154417124,IL057_69881,4.0,1.0,6.0,3.0,4.0,1.0,1.0,5.0,2.0,0,4,3.75
1.3.6.1.4.1.14519.5.2.1.6279.6001.797637294244261543517154417124,IL057_69878,5.0,1.0,6.0,3.0,4.0,1.0,1.0,5.0,3.0,,15,16.25
1.3.6.1.4.1.14519.5.2.1.6279.6001.797637294244261543517154417124,Nodule 002,4.0,1.0,6.0,2.0,4.0,1.0,2.0,5.0,3.0,,4,3.75
1.3.6.1.4.1.14519.5.2.1.6279.6001.797637294244261543517154417124,Nodule 001,3.0,1.0,6.0,4.0,5.0,1.0,1.0,5.0,2.0,0,2,1.25
1.3.6.1.4.1.14519.5.2.1.6279.6001.228049788831266512062175089637,59443,5.0,1.0,6.0,5.0,4.0,1.0,1.0,5.0,3.0,,8,21.0
1.3.6.1.4.1.14519.5.2.1.6279.6001.228049788831266512062175089637,39726,5.0,1.0,6.0,4.0,4.0,3.0,3.0,5.0,5.0,1,7,18.0
1.3.6.1.4.1.14519.5.2.1.6279.6001.228049788831266512062175089637,13801,5.0,1.0,6.0,4.0,4.0,1.0,1.0,5.0,5.0,1,9,24.0
1.3.6.1.4.1.14519.5.2.1.6279.6001.228049788831266512062175089637,0,3.0,1.0,6.0,5.0,5.0,1.0,1.0,5.0,2.0,0,8,21.0
1.3.6.1.4.1.14519.5.2.1.6279.6001.323859712968543712594665815359,4824,3.0,1.0,6.0,3.0,3.0,2.0,2.0,4.0,3.0,,6,6.25
1.3.6.1.4.1.14519.5.2.1.6279.6001.323859712968543712594665815359,4829,2.0,1.0,6.0,4.0,3.0,3.0,2.0,4.0,3.0,,5,5.0
1.3.6.1.4.1.14519.5.2.1.6279.6001.323859712968543712594665815359,Nodule 002,5.0,1.0,6.0,3.0,5.0,2.0,1.0,5.0,4.0,1,5,5.0
1.3.6.1.4.1.14519.5.2.1.6279.6001.323859712968543712594665815359,Nodule 001,5.0,1.0,6.0,3.0,4.0,2.0,2.0,5.0,4.0,1,7,7.5
1.3.6.1.4.1.14519.5.2.1.6279.6001.323859712968543712594665815359,4777,5.0,1.0,6.0,2.0,4.0,2.0,1.0,5.0,3.0,,6,6.25
1.3.6.1.4.1.14519.5.2.1.6279.6001.323859712968543712594665815359,4780,4.0,1.0,6.0,3.0,4.0,1.0,1.0,5.0,3.0,,5,5.0
1.3.6.1.4.1.14519.5.2.1.6279.6001.323859712968543712594665815359,IL057_70322,4.0,1.0,6.0,3.0,4.0,4.0,3.0,5.0,3.0,,7,7.5
1.3.6.1.4.1.14519.5.2.1.6279.6001.186809786614942675852829709376,70057,5.0,1.0,6.0,3.0,4.0,2.0,2.0,5.0,3.0,,3,6.0
1.3.6.1.4.1.14519.5.2.1.6279.6001.186809786614942675852829709376,69526,4.0,1.0,6.0,4.0,5.0,1.0,1.0,5.0,4.0,1,2,3.0
1.3.6.1.4.1.14519.5.2.1.6279.6001.186809786614942675852829709376,13298,4.0,1.0,6.0,4.0,4.0,3.0,2.0,5.0,4.0,1,4,9.0
1.3.6.1.4.1.14519.5.2.1.6279.6001.186809786614942675852829709376,0,5.0,1.0,6.0,5.0,5.0,1.0,1.0,5.0,3.0,,4,9.0
1.3.6.1.4.1.14519.5.2.1.6279.6001.939152384493874708850321969356,Nodule 002,5.0,1.0,6.0,4.0,4.0,2.0,1.0,5.0,5.0,1,3,3.6
1.3.6.1.4.1.14519.5.2.1.6279.6001.939152384493874708850321969356,13414,4.0,1.0,6.0,5.0,5.0,1.0,1.0,5.0,2.0,0,3,3.6
1.3.6.1.4.1.14519.5.2.1.6279.6001.939152384493874708850321969356,1480,2.0,1.0,6.0,4.0,4.0,3.0,2.0,4.0,3.0,,3,3.6
1.3.6.1.4.1.14519.5.2.1.6279.6001.939152384493874708850321969356,0,5.0,1.0,6.0,3.0,5.0,2.0,1.0,5.0,2.0,0,4,5.4
1.3.6.1.4.1.14519.5.2.1.6279.6001.139444426690868429919252698606,3,5.0,1.0,3.0,4.0,5.0,1.0,1.0,5.0,1.0,0,5,2.8
1.3.6.1.4.1.14519.5.2.1.6279.6001.139444426690868429919252698606,6,5.0,1.0,3.0,5.0,5.0,1.0,1.0,5.0,1.0,0,4,2.1
1.3.6.1.4.1.14519.5.2.1.6279.6001.224465398054769500989828256685,54755,5.0,1.0,6.0,4.0,5.0,1.0,4.0,5.0,3.0,,17,16.0
1.3.6.1.4.1.14519.5.2.1.6279.6001.224465398054769500989828256685,54769,4.0,1.0,3.0,2.0,5.0,1.0,3.0,5.0,1.0,0,5,4.0
1.3.6.1.4.1.14519.5.2.1.6279.6001.224465398054769500989828256685,54765,3.0,1.0,6.0,3.0,3.0,1.0,4.0,5.0,1.0,0,7,6.0
1.3.6.1.4.1.14519.5.2.1.6279.6001.224465398054769500989828256685,54761,3.0,1.0,6.0,1.0,3.0,1.0,1.0,5.0,1.0,0,8,7.0
1.3.6.1.4.1.14519.5.2.1.6279.6001.224465398054769500989828256685,54758,3.0,1.0,1.0,4.0,3.0,3.0,1.0,5.0,1.0,0,10,9.0
1.3.6.1.4.1.14519.5.2.1.6279.6001.224465398054769500989828256685,Nodule 007,3.0,1.0,6.0,3.0,4.0,2.0,1.0,5.0,3.0,,10,9.0
1.3.6.1.4.1.14519.5.2.1.6279.6001.224465398054769500989828256685,Nodule 006,4.0,1.0,6.0,4.0,4.0,2.0,1.0,4.0,3.0,,7,6.0
1.3.6.1.4.1.14519.5.2.1.6279.6001.224465398054769500989828256685,Nodule 004,5.0,1.0,6.0,4.0,4.0,2.0,1.0,5.0,4.0,1,17,16.0
1.3.6.1.4.1.14519.5.2.1.6279.6001.224465398054769500989828256685,Nodule 005,4.0,1.0,6.0,2.0,5.0,1.0,1.0,5.0,3.0,,5,4.0
1.3.6.1.4.1.14519.5.2.1.6279.6001.224465398054769500989828256685,14214,5.0,1.0,6.0,4.0,5.0,5.0,1.0,5.0,5.0,1,17,16.0
1.3.6.1.4.1.14519.5.2.1.6279.6001.224465398054769500989828256685,14224,5.0,1.0,6.0,3.0,4.0,2.0,5.0,4.0,3.0,,6,5.0
1.3.6.1.4.1.14519.5.2.1.6279.6001.224465398054769500989828256685,16231,4.0,1.0,6.0,4.0,3.0,4.0,1.0,4.0,3.0,,11,10.0
1.3.6.1.4.1.14519.5.2.1.6279.6001.224465398054769500989828256685,0,5.0,1.0,6.0,4.0,5.0,1.0,1.0,5.0,3.0,,16,15.0
1.3.6.1.4.1.14519.5.2.1.6279.6001.224465398054769500989828256685,5,4.0,1.0,5.0,3.0,5.0,1.0,1.0,5.0,1.0,0,5,4.0
1.3.6.1.4.1.14519.5.2.1.6279.6001.224465398054769500989828256685,6,4.0,1.0,6.0,3.0,4.0,1.0,1.0,5.0,2.0,0,7,6.0
1.3.6.1.4.1.14519.5.2.1.6279.6001.224465398054769500989828256685,7,4.0,1.0,6.0,3.0,4.0,1.0,1.0,5.0,2.0,0,8,7.0
1.3.6.1.4.1.14519.5.2.1.6279.6001.224465398054769500989828256685,8,4.0,1.0,5.0,3.0,4.0,1.0,1.0,5.0,1.0,0,9,8.0
1.3.6.1.4.1.14519.5.2.1.6279.6001.246758220302211646532176593724,60185,3.0,1.0,6.0,3.0,4.0,1.0,1.0,5.0,1.0,0,5,4.0
1.3.6.1.4.1.14519.5.2.1.6279.6001.246758220302211646532176593724,60184,2.0,1.0,6.0,4.0,4.0,1.0,1.0,5.0,1.0,0,4,3.0
1.3.6.1.4.1.14519.5.2.1.6279.6001.246758220302211646532176593724,Nodule 001,4.0,1.0,6.0,4.0,5.0,1.0,2.0,5.0,3.0,,4,3.0
1.3.6.1.4.1.14519.5.2.1.6279.6001.246758220302211646532176593724,Nodule 002,3.0,1.0,6.0,5.0,5.0,1.0,1.0,5.0,3.0,,3,2.0
1.3.6.1.4.1.14519.5.2.1.6279.6001.246758220302211646532176593724,13987,5.0,1.0,3.0,4.0,5.0,1.0,1.0,5.0,1.0,0,3,2.0
1.3.6.1.4.1.14519.5.2.1.6279.6001.246758220302211646532176593724,14934,3.0,1.0,6.0,2.0,4.0,1.0,4.0,3.0,2.0,0,4,3.0
1.3.6.1.4.1.14519.5.2.1.6279.6001.246758220302211646532176593724,14940,5.0,1.0,3.0,4.0,5.0,1.0,1.0,5.0,1.0,0,4,3.0
1.3.6.1.4.1.14519.5.2.1.6279.6001.246758220302211646532176593724,0,5.0,1.0,6.0,5.0,5.0,1.0,1.0,5.0,2.0,0,5,4.0
1.3.6.1.4.1.14519.5.2.1.6279.6001.246758220302211646532176593724,5,5.0,1.0,6.0,3.0,1.0,1.0,1.0,1.0,3.0,,4,3.0
1.3.6.1.4.1.14519.5.2.1.6279.6001.246758220302211646532176593724,7,5.0,1.0,6.0,5.0,5.0,1.0,1.0,5.0,3.0,,4,3.0
1.3.6.1.4.1.14519.5.2.1.6279.6001.217697417596902141600884006982,4,3.0,1.0,6.0,4.0,3.0,1.0,1.0,5.0,2.0,0,5,2.5
1.3.6.1.4.1.14519.5.2.1.6279.6001.217697417596902141600884006982,6,5.0,1.0,3.0,5.0,5.0,1.0,1.0,5.0,1.0,0,7,3.75
1.3.6.1.4.1.14519.5.2.1.6279.6001.217697417596902141600884006982,10,4.0,1.0,6.0,4.0,3.0,1.0,1.0,5.0,2.0,0,5,2.5
1.3.6.1.4.1.14519.5.2.1.6279.6001.217697417596902141600884006982,Nodule 004,5.0,1.0,3.0,5.0,5.0,1.0,1.0,5.0,1.0,0,8,4.38
1.3.6.1.4.1.14519.5.2.1.6279.6001.217697417596902141600884006982,Nodule 001,5.0,1.0,6.0,4.0,5.0,1.0,1.0,5.0,3.0,,5,2.5
1.3.6.1.4.1.14519.5.2.1.6279.6001.217697417596902141600884006982,Nodule 002,4.0,1.0,6.0,4.0,5.0,1.0,1.0,5.0,2.0,0,4,1.88
1.3.6.1.4.1.14519.5.2.1.6279.6001.217697417596902141600884006982,Nodule 003,4.0,1.0,6.0,4.0,5.0,1.0,1.0,5.0,2.0,0,5,2.5
1.3.6.1.4.1.14519.5.2.1.6279.6001.217697417596902141600884006982,38026,3.0,1.0,6.0,2.0,3.0,1.0,1.0,4.0,2.0,0,6,3.12
1.3.6.1.4.1.14519.5.2.1.6279.6001.217697417596902141600884006982,38032,2.0,1.0,6.0,4.0,2.0,1.0,1.0,5.0,2.0,0,4,1.88
1.3.6.1.4.1.14519.5.2.1.6279.6001.217697417596902141600884006982,38029,4.0,1.0,3.0,3.0,5.0,1.0,1.0,5.0,1.0,0,7,3.75
1.3.6.1.4.1.14519.5.2.1.6279.6001.217697417596902141600884006982,38022,3.0,1.0,6.0,4.0,4.0,1.0,1.0,5.0,1.0,0,6,3.12
1.3.6.1.4.1.14519.5.2.1.6279.6001.217697417596902141600884006982,38020,2.0,1.0,6.0,2.0,2.0,1.0,1.0,5.0,1.0,0,19,11.25
1.3.6.1.4.1.14519.5.2.1.6279.6001.217697417596902141600884006982,25247,3.0,1.0,6.0,4.0,4.0,2.0,1.0,5.0,3.0,,3,1.25
1.3.6.1.4.1.14519.5.2.1.6279.6001.217697417596902141600884006982,25222,4.0,1.0,6.0,3.0,3.0,3.0,3.0,4.0,4.0,1,4,1.88
1.3.6.1.4.1.14519.5.2.1.6279.6001.217697417596902141600884006982,25227,4.0,1.0,3.0,4.0,5.0,1.0,1.0,5.0,1.0,0,7,3.75
1.3.6.1.4.1.14519.5.2.1.6279.6001.217697417596902141600884006982,25226,3.0,1.0,6.0,5.0,3.0,1.0,2.0,4.0,3.0,,4,1.88
1.3.6.1.4.1.14519.5.2.1.6279.6001.168833925301530155818375859047,7,3.0,1.0,6.0,5.0,5.0,1.0,1.0,5.0,2.0,0,2,2.0
1.3.6.1.4.1.14519.5.2.1.6279.6001.168833925301530155818375859047,52390,2.0,1.0,6.0,4.0,3.0,1.0,1.0,4.0,3.0,,1,0.0
1.3.6.1.4.1.14519.5.2.1.6279.6001.168833925301530155818375859047,52355,4.0,1.0,6.0,3.0,5.0,1.0,1.0,5.0,3.0,,4,6.0
1.3.6.1.4.1.14519.5.2.1.6279.6001.168833925301530155818375859047,52405,2.0,1.0,6.0,5.0,4.0,1.0,1.0,5.0,2.0,0,2,2.0
1.3.6.1.4.1.14519.5.2.1.6279.6001.168833925301530155818375859047,52359,4.0,1.0,6.0,5.0,5.0,1.0,1.0,5.0,3.0,,3,4.0
1.3.6.1.4.1.14519.5.2.1.6279.6001.168833925301530155818375859047,52406,2.0,1.0,6.0,4.0,5.0,1.0,1.0,5.0,2.0,0,2,2.0
1.3.6.1.4.1.14519.5.2.1.6279.6001.168833925301530155818375859047,52362,3.0,1.0,6.0,3.0,5.0,1.0,1.0,5.0,2.0,0,3,4.0
1.3.6.1.4.1.14519.5.2.1.6279.6001.168833925301530155818375859047,60033,4.0,1.0,6.0,2.0,5.0,1.0,1.0,5.0,1.0,0,6,10.0
1.3.6.1.4.1.14519.5.2.1.6279.6001.168833925301530155818375859047,60040,2.0,1.0,6.0,5.0,4.0,1.0,1.0,5.0,1.0,0,4,6.0
1.3.6.1.4.1.14519.5.2.1.6279.6001.168833925301530155818375859047,60036,3.0,1.0,6.0,2.0,3.0,1.0,2.0,5.0,1.0,0,4,6.0
1.3.6.1.4.1.14519.5.2.1.6279.6001.168833925301530155818375859047,60043,2.0,1.0,6.0,5.0,3.0,1.0,1.0,5.0,1.0,0,3,4.0
1.3.6.1.4.1.14519.5.2.1.6279.6001.168833925301530155818375859047,60048,2.0,1.0,6.0,4.0,3.0,1.0,1.0,5.0,1.0,0,3,4.0
1.3.6.1.4.1.14519.5.2.1.6279.6001.168833925301530155818375859047,Nodule 003,4.0,1.0,6.0,4.0,5.0,2.0,1.0,5.0,4.0,1,3,4.0
1.3.6.1.4.1.14519.5.2.1.6279.6001.168833925301530155818375859047,Nodule 004,4.0,1.0,6.0,4.0,5.0,1.0,1.0,5.0,2.0,0,3,4.0
1.3.6.1.4.1.14519.5.2.1.6279.6001.168833925301530155818375859047,Nodule 007,3.0,1.0,6.0,5.0,5.0,1.0,1.0,5.0,2.0,0,3,4.0
1.3.6.1.4.1.14519.5.2.1.6279.6001.168833925301530155818375859047,Nodule 006,3.0,1.0,6.0,3.0,5.0,1.0,1.0,4.0,2.0,0,2,2.0
1.3.6.1.4.1.14519.5.2.1.6279.6001.168833925301530155818375859047,Nodule 001,4.0,1.0,6.0,3.0,5.0,1.0,1.0,5.0,3.0,,5,8.0
1.3.6.1.4.1.14519.5.2.1.6279.6001.110678335949765929063942738609,59325,5.0,1.0,6.0,4.0,2.0,5.0,3.0,5.0,5.0,1,37,15.5
1.3.6.1.4.1.14519.5.2.1.6279.6001.110678335949765929063942738609,59329,4.0,1.0,6.0,2.0,1.0,3.0,3.0,5.0,3.0,,24,10.5
1.3.6.1.4.1.14519.5.2.1.6279.6001.110678335949765929063942738609,39625,4.0,1.0,6.0,3.0,2.0,5.0,5.0,5.0,5.0,1,32,13.5
1.3.6.1.4.1.14519.5.2.1.6279.6001.110678335949765929063942738609,9608,5.0,1.0,6.0,2.0,3.0,4.0,5.0,5.0,5.0,1,31,14.5
1.3.6.1.4.1.14519.5.2.1.6279.6001.110678335949765929063942738609,0,5.0,1.0,6.0,3.0,1.0,4.0,5.0,5.0,4.0,1,28,13.5
1.3.6.1.4.1.14519.5.2.1.6279.6001.110678335949765929063942738609,8,4.0,1.0,6.0,4.0,1.0,1.0,1.0,3.0,3.0,,5,2.0
1.3.6.1.4.1.14519.5.2.1.6279.6001.255409701134762680010928250229,3014,1.0,1.0,6.0,3.0,1.0,5.0,5.0,2.0,3.0,,2,2.0
1.3.6.1.4.1.14519.5.2.1.6279.6001.255409701134762680010928250229,3029,1.0,1.0,6.0,4.0,1.0,5.0,5.0,1.0,2.0,0,3,4.0
1.3.6.1.4.1.14519.5.2.1.6279.6001.255409701134762680010928250229,4315,2.0,1.0,6.0,3.0,2.0,5.0,4.0,1.0,2.0,0,4,6.0
1.3.6.1.4.1.14519.5.2.1.6279.6001.334517907433161353885866806005,37519,5.0,1.0,6.0,5.0,3.0,4.0,3.0,5.0,5.0,1,18,12.0
1.3.6.1.4.1.14519.5.2.1.6279.6001.334517907433161353885866806005,37531,3.0,1.0,3.0,5.0,5.0,1.0,1.0,5.0,1.0,0,4,3.0
1.3.6.1.4.1.14519.5.2.1.6279.6001.334517907433161353885866806005,37528,5.0,1.0,3.0,4.0,4.0,1.0,1.0,5.0,1.0,0,8,7.0
1.3.6.1.4.1.14519.5.2.1.6279.6001.334517907433161353885866806005,37525,5.0,1.0,6.0,5.0,5.0,1.0,1.0,5.0,4.0,1,9,8.0
1.3.6.1.4.1.14519.5.2.1.6279.6001.334517907433161353885866806005,37529,3.0,1.0,6.0,2.0,3.0,1.0,1.0,4.0,1.0,0,3,2.0
1.3.6.1.4.1.14519.5.2.1.6279.6001.334517907433161353885866806005,Nodule 003,5.0,1.0,6.0,4.0,5.0,1.0,1.0,5.0,4.0,1,9,8.0
1.3.6.1.4.1.14519.5.2.1.6279.6001.334517907433161353885866806005,Nodule 005,5.0,1.0,3.0,3.0,5.0,1.0,1.0,5.0,1.0,0,8,7.0
1.3.6.1.4.1.14519.5.2.1.6279.6001.334517907433161353885866806005,Nodule 011,4.0,1.0,6.0,4.0,5.0,1.0,1.0,5.0,3.0,,3,2.0
1.3.6.1.4.1.14519.5.2.1.6279.6001.334517907433161353885866806005,Nodule 002,5.0,1.0,6.0,2.0,4.0,3.0,4.0,4.0,5.0,1,11,10.0
1.3.6.1.4.1.14519.5.2.1.6279.6001.334517907433161353885866806005,Nodule 009,3.0,1.0,6.0,2.0,4.0,1.0,1.0,4.0,2.0,0,3,2.0
1.3.6.1.4.1.14519.5.2.1.6279.6001.334517907433161353885866806005,8345,5.0,1.0,6.0,3.0,3.0,4.0,3.0,5.0,4.0,1,17,16.0
1.3.6.1.4.1.14519.5.2.1.6279.6001.334517907433161353885866806005,8351,4.0,1.0,6.0,3.0,5.0,1.0,1.0,5.0,4.0,1,10,9.0
1.3.6.1.4.1.14519.5.2.1.6279.6001.334517907433161353885866806005,8352,5.0,1.0,3.0,5.0,5.0,1.0,1.0,5.0,1.0,0,8,7.0
1.3.6.1.4.1.14519.5.2.1.6279.6001.334517907433161353885866806005,0,5.0,1.0,6.0,4.0,4.0,3.0,4.0,5.0,4.0,1,9,8.0
1.3.6.1.4.1.14519.5.2.1.6279.6001.334517907433161353885866806005,7,5.0,1.0,5.0,4.0,4.0,1.0,1.0,5.0,1.0,0,8,7.0
1.3.6.1.4.1.14519.5.2.1.6279.6001.334517907433161353885866806005,8,4.0,1.0,6.0,4.0,4.0,1.0,1.0,4.0,3.0,,9,8.0
1.3.6.1.4.1.14519.5.2.1.6279.6001.201890795870532056891161597218,Nodule 002,4.0,1.0,6.0,4.0,5.0,1.0,1.0,5.0,3.0,,5,2.5
1.3.6.1.4.1.14519.5.2.1.6279.6001.201890795870532056891161597218,51550,2.0,1.0,6.0,4.0,3.0,3.0,1.0,2.0,2.0,0,5,2.5
1.3.6.1.4.1.14519.5.2.1.6279.6001.201890795870532056891161597218,51551,3.0,1.0,3.0,5.0,5.0,1.0,1.0,5.0,1.0,0,6,3.12
1.3.6.1.4.1.14519.5.2.1.6279.6001.174692377730646477496286081479,77015,5.0,1.0,3.0,4.0,5.0,2.0,1.0,5.0,1.0,0,4,6.0
1.3.6.1.4.1.14519.5.2.1.6279.6001.174692377730646477496286081479,77013,5.0,1.0,6.0,4.0,3.0,3.0,3.0,5.0,4.0,1,5,8.0
1.3.6.1.4.1.14519.5.2.1.6279.6001.174692377730646477496286081479,0,5.0,1.0,6.0,3.0,3.0,1.0,1.0,5.0,3.0,,6,10.0
1.3.6.1.4.1.14519.5.2.1.6279.6001.174692377730646477496286081479,1,5.0,1.0,6.0,5.0,5.0,1.0,1.0,5.0,1.0,0,2,2.0
1.3.6.1.4.1.14519.5.2.1.6279.6001.174692377730646477496286081479,Nodule 001,5.0,1.0,6.0,4.0,4.0,2.0,2.0,5.0,4.0,1,4,6.0
1.3.6.1.4.1.14519.5.2.1.6279.6001.174692377730646477496286081479,70769,4.0,1.0,6.0,3.0,2.0,3.0,4.0,4.0,4.0,1,4,6.0
1.3.6.1.4.1.14519.5.2.1.6279.6001.198489333332254008035861390326,16717,2.0,1.0,6.0,4.0,4.0,1.0,1.0,1.0,3.0,,2,3.0
1.3.6.1.4.1.14519.5.2.1.6279.6001.241570579760883349458693655367,74033,5.0,1.0,6.0,4.0,4.0,2.0,2.0,5.0,2.0,0,6,5.0
1.3.6.1.4.1.14519.5.2.1.6279.6001.241570579760883349458693655367,Nodule 002,4.0,1.0,6.0,4.0,4.0,2.0,1.0,5.0,4.0,1,6,5.0
1.3.6.1.4.1.14519.5.2.1.6279.6001.241570579760883349458693655367,15303,5.0,1.0,6.0,4.0,3.0,1.0,1.0,4.0,3.0,,5,4.0
1.3.6.1.4.1.14519.5.2.1.6279.6001.241570579760883349458693655367,0,5.0,1.0,6.0,3.0,5.0,1.0,1.0,5.0,2.0,0,7,6.0
1.3.6.1.4.1.14519.5.2.1.6279.6001.301582691063019848479942618641,Nodule 003,4.0,1.0,6.0,4.0,5.0,1.0,1.0,5.0,3.0,,6,3.12
1.3.6.1.4.1.14519.5.2.1.6279.6001.301582691063019848479942618641,Nodule 002,5.0,1.0,6.0,2.0,4.0,3.0,4.0,5.0,5.0,1,12,6.88
1.3.6.1.4.1.14519.5.2.1.6279.6001.301582691063019848479942618641,6,3.0,1.0,6.0,5.0,5.0,1.0,1.0,5.0,2.0,0,11,6.25
1.3.6.1.4.1.14519.5.2.1.6279.6001.301582691063019848479942618641,58006,5.0,1.0,6.0,2.0,3.0,2.0,1.0,5.0,5.0,1,12,6.88
1.3.6.1.4.1.14519.5.2.1.6279.6001.301582691063019848479942618641,78516,5.0,1.0,6.0,1.0,1.0,1.0,4.0,5.0,2.0,0,23,13.12
1.3.6.1.4.1.14519.5.2.1.6279.6001.301582691063019848479942618641,52270,4.0,1.0,6.0,4.0,5.0,1.0,1.0,5.0,4.0,1,11,6.25
1.3.6.1.4.1.14519.5.2.1.6279.6001.301582691063019848479942618641,52300,2.0,1.0,6.0,3.0,5.0,1.0,1.0,5.0,3.0,,6,3.12
1.3.6.1.4.1.14519.5.2.1.6279.6001.301582691063019848479942618641,80176,5.0,1.0,6.0,2.0,4.0,2.0,3.0,5.0,3.0,,15,8.75
1.3.6.1.4.1.14519.5.2.1.6279.6001.218476624578721885561483687176,55617,3.0,1.0,6.0,2.0,4.0,1.0,1.0,5.0,2.0,0,6,6.25
1.3.6.1.4.1.14519.5.2.1.6279.6001.218476624578721885561483687176,55621,4.0,1.0,3.0,3.0,5.0,1.0,1.0,5.0,1.0,0,4,3.75
1.3.6.1.4.1.14519.5.2.1.6279.6001.218476624578721885561483687176,55623,3.0,1.0,6.0,4.0,4.0,2.0,1.0,5.0,2.0,0,3,2.5
1.3.6.1.4.1.14519.5.2.1.6279.6001.218476624578721885561483687176,Nodule 001,4.0,1.0,6.0,3.0,5.0,1.0,1.0,5.0,2.0,0,5,5.0
1.3.6.1.4.1.14519.5.2.1.6279.6001.218476624578721885561483687176,Nodule 003,5.0,1.0,3.0,4.0,5.0,1.0,1.0,5.0,1.0,0,3,2.5
1.3.6.1.4.1.14519.5.2.1.6279.6001.218476624578721885561483687176,Nodule 002,4.0,1.0,6.0,2.0,5.0,1.0,1.0,5.0,2.0,0,3,2.5
1.3.6.1.4.1.14519.5.2.1.6279.6001.218476624578721885561483687176,0,3.0,1.0,6.0,5.0,5.0,1.0,1.0,5.0,2.0,0,5,5.0
1.3.6.1.4.1.14519.5.2.1.6279.6001.218476624578721885561483687176,3,5.0,1.0,3.0,5.0,5.0,1.0,1.0,5.0,1.0,0,5,5.0
1.3.6.1.4.1.14519.5.2.1.6279.6001.218476624578721885561483687176,72276,4.0,1.0,3.0,5.0,5.0,1.0,1.0,5.0,1.0,0,3,2.5
1.3.6.1.4.1.14519.5.2.1.6279.6001.218476624578721885561483687176,39796,2.0,1.0,6.0,3.0,5.0,1.0,1.0,5.0,3.0,,5,5.0
1.3.6.1.4.1.14519.5.2.1.6279.6001.188619674701053082195613114069,65813,5.0,1.0,6.0,5.0,5.0,1.0,2.0,5.0,5.0,1,8,7.0
1.3.6.1.4.1.14519.5.2.1.6279.6001.188619674701053082195613114069,65808,5.0,1.0,6.0,4.0,3.0,4.0,1.0,5.0,5.0,1,18,17.0
1.3.6.1.4.1.14519.5.2.1.6279.6001.188619674701053082195613114069,65816,2.0,1.0,6.0,2.0,4.0,1.0,1.0,5.0,1.0,0,7,6.0
1.3.6.1.4.1.14519.5.2.1.6279.6001.188619674701053082195613114069,Nodule 002,5.0,1.0,6.0,3.0,4.0,2.0,2.0,5.0,5.0,1,15,14.0
1.3.6.1.4.1.14519.5.2.1.6279.6001.188619674701053082195613114069,Nodule 001,5.0,1.0,6.0,4.0,4.0,1.0,2.0,5.0,4.0,1,7,6.0
1.3.6.1.4.1.14519.5.2.1.6279.6001.188619674701053082195613114069,14267,5.0,1.0,6.0,4.0,5.0,1.0,1.0,5.0,5.0,1,7,6.0
1.3.6.1.4.1.14519.5.2.1.6279.6001.188619674701053082195613114069,14262,5.0,1.0,6.0,3.0,4.0,2.0,1.0,5.0,4.0,1,17,16.0
1.3.6.1.4.1.14519.5.2.1.6279.6001.188619674701053082195613114069,0,5.0,1.0,6.0,5.0,5.0,3.0,1.0,5.0,2.0,0,7,6.0
1.3.6.1.4.1.14519.5.2.1.6279.6001.188619674701053082195613114069,3,5.0,1.0,6.0,5.0,5.0,2.0,2.0,5.0,2.0,0,16,15.0
1.3.6.1.4.1.14519.5.2.1.6279.6001.190298296009658115773239776160,Nodule 003,4.0,1.0,6.0,3.0,4.0,1.0,1.0,5.0,3.0,,5,5.0
1.3.6.1.4.1.14519.5.2.1.6279.6001.190298296009658115773239776160,0153,5.0,1.0,6.0,2.0,4.0,3.0,1.0,4.0,3.0,,5,5.0
1.3.6.1.4.1.14519.5.2.1.6279.6001.190298296009658115773239776160,5382,3.0,1.0,6.0,3.0,4.0,2.0,2.0,5.0,3.0,,5,5.0
1.3.6.1.4.1.14519.5.2.1.6279.6001.190298296009658115773239776160,IL057_85612,3.0,1.0,6.0,3.0,5.0,3.0,1.0,5.0,4.0,1,5,5.0
1.3.6.1.4.1.14519.5.2.1.6279.6001.167237290696350215427953159586,Nodule 001,4.0,1.0,6.0,4.0,4.0,2.0,2.0,5.0,4.0,1,6,6.25
1.3.6.1.4.1.14519.5.2.1.6279.6001.167237290696350215427953159586,Nodule 002,5.0,1.0,6.0,3.0,3.0,3.0,3.0,5.0,5.0,1,16,18.75
1.3.6.1.4.1.14519.5.2.1.6279.6001.167237290696350215427953159586,IL057_196088,5.0,1.0,6.0,4.0,3.0,2.0,3.0,5.0,5.0,1,20,20.0
1.3.6.1.4.1.14519.5.2.1.6279.6001.167237290696350215427953159586,IL057_196091,5.0,1.0,6.0,5.0,4.0,1.0,2.0,5.0,3.0,,6,6.25
1.3.6.1.4.1.14519.5.2.1.6279.6001.167237290696350215427953159586,5316,5.0,1.0,6.0,3.0,3.0,3.0,3.0,5.0,5.0,1,18,20.0
1.3.6.1.4.1.14519.5.2.1.6279.6001.167237290696350215427953159586,5334,3.0,1.0,6.0,3.0,4.0,2.0,2.0,5.0,5.0,1,3,2.5
1.3.6.1.4.1.14519.5.2.1.6279.6001.167237290696350215427953159586,03561,5.0,1.0,6.0,3.0,1.0,5.0,4.0,5.0,5.0,1,23,26.25
1.3.6.1.4.1.14519.5.2.1.6279.6001.167237290696350215427953159586,03565,5.0,1.0,5.0,5.0,4.0,2.0,1.0,5.0,1.0,0,8,8.75
1.3.6.1.4.1.14519.5.2.1.6279.6001.199670099218798685977406484591,Nodule 014,2.0,1.0,6.0,2.0,4.0,2.0,4.0,5.0,5.0,1,8,8.75
1.3.6.1.4.1.14519.5.2.1.6279.6001.199670099218798685977406484591,Nodule 003,3.0,1.0,6.0,3.0,5.0,1.0,1.0,5.0,2.0,0,2,1.25
1.3.6.1.4.1.14519.5.2.1.6279.6001.199670099218798685977406484591,Nodule 005,4.0,1.0,6.0,4.0,5.0,1.0,1.0,5.0,3.0,,3,2.5
1.3.6.1.4.1.14519.5.2.1.6279.6001.199670099218798685977406484591,Nodule 013,4.0,1.0,6.0,3.0,5.0,1.0,1.0,5.0,4.0,1,4,3.75
1.3.6.1.4.1.14519.5.2.1.6279.6001.199670099218798685977406484591,Nodule 001,4.0,1.0,6.0,3.0,5.0,1.0,1.0,5.0,3.0,,2,1.25
1.3.6.1.4.1.14519.5.2.1.6279.6001.199670099218798685977406484591,4771,4.0,1.0,6.0,2.0,5.0,5.0,4.0,5.0,4.0,1,4,3.75
1.3.6.1.4.1.14519.5.2.1.6279.6001.199670099218798685977406484591,7116,3.0,1.0,6.0,3.0,2.0,2.0,1.0,1.0,2.0,0,6,6.25
1.3.6.1.4.1.14519.5.2.1.6279.6001.199670099218798685977406484591,IL057_70120,4.0,1.0,6.0,2.0,5.0,1.0,5.0,5.0,4.0,1,9,10.0
1.3.6.1.4.1.14519.5.2.1.6279.6001.199670099218798685977406484591,IL057_75875,2.0,1.0,6.0,3.0,2.0,2.0,1.0,1.0,3.0,,2,1.25
1.3.6.1.4.1.14519.5.2.1.6279.6001.199670099218798685977406484591,0698,2.0,1.0,6.0,2.0,3.0,3.0,1.0,2.0,2.0,0,5,5.0
1.3.6.1.4.1.14519.5.2.1.6279.6001.199670099218798685977406484591,0689,3.0,1.0,6.0,4.0,3.0,1.0,1.0,4.0,2.0,0,4,3.75
1.3.6.1.4.1.14519.5.2.1.6279.6001.199670099218798685977406484591,0701,3.0,1.0,6.0,3.0,3.0,1.0,1.0,3.0,1.0,0,3,2.5
1.3.6.1.4.1.14519.5.2.1.6279.6001.146429221666426688999739595820,0,3.0,1.0,6.0,5.0,5.0,1.0,1.0,5.0,2.0,0,14,6.5
1.3.6.1.4.1.14519.5.2.1.6279.6001.226383054119800793308721198594,69640,5.0,1.0,6.0,2.0,1.0,5.0,5.0,3.0,5.0,1,21,20.0
1.3.6.1.4.1.14519.5.2.1.6279.6001.226383054119800793308721198594,Nodule 004,4.0,1.0,6.0,4.0,5.0,1.0,1.0,5.0,3.0,,5,4.0
1.3.6.1.4.1.14519.5.2.1.6279.6001.226383054119800793308721198594,Nodule 003,3.0,1.0,6.0,3.0,5.0,1.0,1.0,5.0,1.0,0,4,3.0
1.3.6.1.4.1.14519.5.2.1.6279.6001.226383054119800793308721198594,Nodule 001,5.0,1.0,6.0,3.0,2.0,2.0,3.0,3.0,5.0,1,15,14.0
1.3.6.1.4.1.14519.5.2.1.6279.6001.226383054119800793308721198594,15288,5.0,1.0,6.0,4.0,3.0,1.0,1.0,5.0,3.0,,15,14.0
1.3.6.1.4.1.14519.5.2.1.6279.6001.226383054119800793308721198594,0,5.0,1.0,6.0,3.0,1.0,2.0,1.0,5.0,3.0,,17,16.0
1.3.6.1.4.1.14519.5.2.1.6279.6001.226383054119800793308721198594,6,5.0,1.0,6.0,4.0,4.0,1.0,1.0,4.0,3.0,,9,8.0
1.3.6.1.4.1.14519.5.2.1.6279.6001.226383054119800793308721198594,7,5.0,1.0,6.0,3.0,4.0,1.0,1.0,5.0,3.0,,7,6.0
1.3.6.1.4.1.14519.5.2.1.6279.6001.226383054119800793308721198594,9,5.0,1.0,6.0,3.0,1.0,1.0,1.0,4.0,3.0,,5,4.0
1.3.6.1.4.1.14519.5.2.1.6279.6001.226383054119800793308721198594,12,5.0,1.0,6.0,3.0,5.0,1.0,1.0,5.0,3.0,,14,13.0
1.3.6.1.4.1.14519.5.2.1.6279.6001.226383054119800793308721198594,13,5.0,1.0,6.0,3.0,4.0,1.0,1.0,4.0,3.0,,8,7.0
1.3.6.1.4.1.14519.5.2.1.6279.6001.226383054119800793308721198594,14,5.0,1.0,6.0,5.0,5.0,1.0,1.0,5.0,3.0,,6,5.0
1.3.6.1.4.1.14519.5.2.1.6279.6001.226383054119800793308721198594,15,5.0,1.0,6.0,5.0,5.0,1.0,1.0,5.0,3.0,,6,5.0
1.3.6.1.4.1.14519.5.2.1.6279.6001.627998298349675613581885874395,114966,5.0,1.0,6.0,3.0,5.0,2.0,2.0,5.0,4.0,1,8,4.9
1.3.6.1.4.1.14519.5.2.1.6279.6001.627998298349675613581885874395,75275,5.0,1.0,6.0,5.0,5.0,1.0,2.0,5.0,5.0,1,8,4.9
1.3.6.1.4.1.14519.5.2.1.6279.6001.627998298349675613581885874395,15974,5.0,1.0,6.0,4.0,5.0,1.0,1.0,5.0,5.0,1,8,4.9
1.3.6.1.4.1.14519.5.2.1.6279.6001.627998298349675613581885874395,0,5.0,1.0,6.0,4.0,5.0,1.0,1.0,5.0,3.0,,8,4.9
1.3.6.1.4.1.14519.5.2.1.6279.6001.627998298349675613581885874395,7,5.0,1.0,6.0,4.0,5.0,1.0,1.0,5.0,3.0,,5,2.8
1.3.6.1.4.1.14519.5.2.1.6279.6001.776800177074349870648765614630,8747,1.0,1.0,6.0,5.0,2.0,1.0,1.0,1.0,3.0,,1,0.0
1.3.6.1.4.1.14519.5.2.1.6279.6001.776800177074349870648765614630,Nodule 001,3.0,1.0,6.0,4.0,5.0,1.0,1.0,3.0,2.0,0,1,0.0
1.3.6.1.4.1.14519.5.2.1.6279.6001.776800177074349870648765614630,19649,2.0,1.0,6.0,4.0,3.0,1.0,1.0,2.0,2.0,0,1,0.0
1.3.6.1.4.1.14519.5.2.1.6279.6001.299476369290630280560355838785,6190,2.0,1.0,6.0,2.0,4.0,1.0,1.0,5.0,3.0,,3,2.5
1.3.6.1.4.1.14519.5.2.1.6279.6001.299476369290630280560355838785,6170,5.0,1.0,6.0,3.0,4.0,1.0,2.0,5.0,3.0,,3,2.5
1.3.6.1.4.1.14519.5.2.1.6279.6001.299476369290630280560355838785,6177,4.0,1.0,6.0,3.0,4.0,1.0,1.0,5.0,3.0,,4,3.75
1.3.6.1.4.1.14519.5.2.1.6279.6001.299476369290630280560355838785,7076,4.0,1.0,6.0,2.0,4.0,2.0,2.0,5.0,3.0,,2,1.25
1.3.6.1.4.1.14519.5.2.1.6279.6001.299476369290630280560355838785,Nodule 009,4.0,1.0,6.0,4.0,5.0,1.0,1.0,5.0,3.0,,4,3.75
1.3.6.1.4.1.14519.5.2.1.6279.6001.299476369290630280560355838785,Nodule 001,4.0,1.0,6.0,4.0,5.0,1.0,1.0,5.0,2.0,0,2,1.25
1.3.6.1.4.1.14519.5.2.1.6279.6001.299476369290630280560355838785,Nodule 002,4.0,1.0,6.0,3.0,5.0,2.0,1.0,5.0,3.0,,4,3.75
1.3.6.1.4.1.14519.5.2.1.6279.6001.299476369290630280560355838785,Nodule 003,4.0,1.0,6.0,4.0,4.0,2.0,1.0,5.0,4.0,1,3,2.5
1.3.6.1.4.1.14519.5.2.1.6279.6001.299476369290630280560355838785,IL057_92965,4.0,1.0,6.0,5.0,5.0,4.0,1.0,5.0,3.0,,3,2.5
1.3.6.1.4.1.14519.5.2.1.6279.6001.299476369290630280560355838785,5749,5.0,1.0,6.0,4.0,5.0,1.0,2.0,5.0,5.0,1,3,2.5
1.3.6.1.4.1.14519.5.2.1.6279.6001.299476369290630280560355838785,5756,5.0,1.0,6.0,4.0,5.0,1.0,1.0,5.0,5.0,1,3,2.5
1.3.6.1.4.1.14519.5.2.1.6279.6001.299476369290630280560355838785,5770,5.0,1.0,6.0,3.0,4.0,1.0,1.0,5.0,3.0,,4,3.75
1.3.6.1.4.1.14519.5.2.1.6279.6001.299476369290630280560355838785,5765,5.0,1.0,6.0,3.0,4.0,1.0,1.0,5.0,4.0,1,4,3.75
1.3.6.1.4.1.14519.5.2.1.6279.6001.299476369290630280560355838785,5772,4.0,1.0,6.0,3.0,3.0,1.0,1.0,3.0,4.0,1,2,1.25
1.3.6.1.4.1.14519.5.2.1.6279.6001.927394449308471452920270961822,13041,4.0,1.0,6.0,2.0,1.0,1.0,1.0,5.0,2.0,0,8,7.0
1.3.6.1.4.1.14519.5.2.1.6279.6001.927394449308471452920270961822,Nodule 001,5.0,1.0,6.0,2.0,4.0,2.0,2.0,3.0,4.0,1,4,3.0
1.3.6.1.4.1.14519.5.2.1.6279.6001.171919524048654494439256263785,Nodule 003,3.0,1.0,6.0,3.0,5.0,1.0,1.0,5.0,2.0,0,2,2.5
1.3.6.1.4.1.14519.5.2.1.6279.6001.191266041369462391833537519639,77374,5.0,1.0,6.0,4.0,4.0,3.0,2.0,5.0,3.0,,4,2.1
1.3.6.1.4.1.14519.5.2.1.6279.6001.191266041369462391833537519639,74803,3.0,1.0,6.0,5.0,4.0,2.0,3.0,5.0,3.0,,4,2.1
1.3.6.1.4.1.14519.5.2.1.6279.6001.191266041369462391833537519639,0,5.0,1.0,6.0,4.0,4.0,1.0,1.0,5.0,3.0,,4,2.1
1.3.6.1.4.1.14519.5.2.1.6279.6001.191266041369462391833537519639,4,5.0,1.0,6.0,4.0,5.0,1.0,1.0,5.0,3.0,,3,1.4
1.3.6.1.4.1.14519.5.2.1.6279.6001.281489753704424911132261151767,1,3.0,1.0,6.0,5.0,5.0,1.0,1.0,5.0,2.0,0,15,8.75
1.3.6.1.4.1.14519.5.2.1.6279.6001.281489753704424911132261151767,141805,4.0,1.0,6.0,3.0,4.0,3.0,2.0,5.0,3.0,,13,7.5
1.3.6.1.4.1.14519.5.2.1.6279.6001.281489753704424911132261151767,159435,3.0,1.0,6.0,3.0,4.0,2.0,2.0,5.0,3.0,,12,6.88
1.3.6.1.4.1.14519.5.2.1.6279.6001.281489753704424911132261151767,Nodule 001,3.0,1.0,6.0,3.0,4.0,2.0,1.0,5.0,4.0,1,10,5.62
1.3.6.1.4.1.14519.5.2.1.6279.6001.162901839201654862079549658100,Nodule 001,3.0,1.0,6.0,2.0,3.0,2.0,3.0,3.0,3.0,,5,3.6
1.3.6.1.4.1.14519.5.2.1.6279.6001.162901839201654862079549658100,22071,2.0,1.0,6.0,4.0,3.0,2.0,2.0,2.0,3.0,,2,1.8
1.3.6.1.4.1.14519.5.2.1.6279.6001.162901839201654862079549658100,22090,5.0,1.0,3.0,5.0,5.0,1.0,1.0,5.0,1.0,0,3,3.6
1.3.6.1.4.1.14519.5.2.1.6279.6001.162901839201654862079549658100,2050,5.0,1.0,6.0,4.0,2.0,1.0,1.0,1.0,3.0,,3,3.6
1.3.6.1.4.1.14519.5.2.1.6279.6001.210353683590129128335470610043,80506,5.0,1.0,6.0,5.0,5.0,1.0,1.0,5.0,4.0,1,6,15.0
1.3.6.1.4.1.14519.5.2.1.6279.6001.210353683590129128335470610043,85064,4.0,1.0,6.0,5.0,5.0,1.0,1.0,5.0,3.0,,4,9.0
1.3.6.1.4.1.14519.5.2.1.6279.6001.210353683590129128335470610043,16595,5.0,1.0,6.0,5.0,5.0,1.0,1.0,5.0,5.0,1,4,9.0
1.3.6.1.4.1.14519.5.2.1.6279.6001.210353683590129128335470610043,1,3.0,1.0,6.0,5.0,5.0,1.0,1.0,5.0,2.0,0,6,15.0
1.3.6.1.4.1.14519.5.2.1.6279.6001.125124219978170516876304987559,Nodule 004,3.0,1.0,6.0,3.0,5.0,1.0,1.0,5.0,2.0,0,3,2.0
1.3.6.1.4.1.14519.5.2.1.6279.6001.125124219978170516876304987559,Nodule 005,3.0,1.0,6.0,3.0,5.0,1.0,1.0,5.0,2.0,0,4,3.0
1.3.6.1.4.1.14519.5.2.1.6279.6001.125124219978170516876304987559,Nodule 003,3.0,1.0,6.0,3.0,4.0,1.0,2.0,5.0,3.0,,4,3.0
1.3.6.1.4.1.14519.5.2.1.6279.6001.125124219978170516876304987559,Nodule 002,3.0,1.0,6.0,4.0,5.0,1.0,1.0,5.0,2.0,0,3,2.0
1.3.6.1.4.1.14519.5.2.1.6279.6001.125124219978170516876304987559,Nodule 009,4.0,1.0,6.0,3.0,4.0,2.0,2.0,2.0,4.0,1,10,9.0
1.3.6.1.4.1.14519.5.2.1.6279.6001.125124219978170516876304987559,IL057_196732,3.0,1.0,6.0,4.0,1.0,1.0,1.0,1.0,4.0,1,18,11.0
1.3.6.1.4.1.14519.5.2.1.6279.6001.125124219978170516876304987559,IL057_196744,3.0,1.0,6.0,4.0,4.0,1.0,1.0,5.0,2.0,0,4,3.0
1.3.6.1.4.1.14519.5.2.1.6279.6001.125124219978170516876304987559,IL057_203502,2.0,1.0,6.0,2.0,4.0,1.0,1.0,5.0,1.0,0,3,2.0
1.3.6.1.4.1.14519.5.2.1.6279.6001.125124219978170516876304987559,MI014_20251,3.0,1.0,6.0,4.0,2.0,3.0,1.0,1.0,3.0,,12,11.0
1.3.6.1.4.1.14519.5.2.1.6279.6001.125124219978170516876304987559,MI014_20252,4.0,1.0,6.0,4.0,4.0,1.0,1.0,5.0,3.0,,6,5.0
1.3.6.1.4.1.14519.5.2.1.6279.6001.125124219978170516876304987559,MI014_20256,4.0,1.0,6.0,4.0,4.0,1.0,1.0,4.0,3.0,,5,4.0
1.3.6.1.4.1.14519.5.2.1.6279.6001.125124219978170516876304987559,MI014_20259,4.0,1.0,6.0,2.0,2.0,1.0,1.0,4.0,3.0,,5,4.0
1.3.6.1.4.1.14519.5.2.1.6279.6001.125124219978170516876304987559,MI014_20263,3.0,1.0,6.0,3.0,2.0,1.0,1.0,4.0,3.0,,4,3.0
1.3.6.1.4.1.14519.5.2.1.6279.6001.125124219978170516876304987559,10,1.0,1.0,6.0,5.0,2.0,1.0,1.0,1.0,2.0,0,11,10.0
1.3.6.1.4.1.14519.5.2.1.6279.6001.227796349777753378641347819780,57684,2.0,1.0,6.0,3.0,4.0,1.0,1.0,5.0,1.0,0,8,4.9
1.3.6.1.4.1.14519.5.2.1.6279.6001.227796349777753378641347819780,57681,3.0,1.0,6.0,3.0,4.0,1.0,1.0,5.0,1.0,0,7,4.2
1.3.6.1.4.1.14519.5.2.1.6279.6001.227796349777753378641347819780,57675,4.0,1.0,6.0,5.0,4.0,1.0,1.0,5.0,1.0,0,12,7.7
1.3.6.1.4.1.14519.5.2.1.6279.6001.227796349777753378641347819780,57679,2.0,1.0,6.0,3.0,3.0,1.0,1.0,5.0,1.0,0,11,7.0
1.3.6.1.4.1.14519.5.2.1.6279.6001.227796349777753378641347819780,40899,4.0,1.0,6.0,4.0,4.0,1.0,2.0,5.0,3.0,,7,4.2
1.3.6.1.4.1.14519.5.2.1.6279.6001.227796349777753378641347819780,40924,2.0,1.0,6.0,4.0,3.0,2.0,1.0,5.0,3.0,,4,2.1
1.3.6.1.4.1.14519.5.2.1.6279.6001.227796349777753378641347819780,40942,2.0,1.0,6.0,2.0,4.0,2.0,1.0,5.0,3.0,,6,3.5
1.3.6.1.4.1.14519.5.2.1.6279.6001.227796349777753378641347819780,40903,4.0,1.0,6.0,4.0,4.0,1.0,1.0,5.0,3.0,,5,2.8
1.3.6.1.4.1.14519.5.2.1.6279.6001.227796349777753378641347819780,40910,2.0,1.0,6.0,3.0,3.0,1.0,1.0,5.0,2.0,0,2,0.7
1.3.6.1.4.1.14519.5.2.1.6279.6001.227796349777753378641347819780,40906,2.0,1.0,6.0,3.0,3.0,1.0,1.0,5.0,2.0,0,3,1.4
1.3.6.1.4.1.14519.5.2.1.6279.6001.227796349777753378641347819780,40916,4.0,1.0,6.0,5.0,3.0,1.0,2.0,5.0,4.0,1,10,6.3
1.3.6.1.4.1.14519.5.2.1.6279.6001.227796349777753378641347819780,40928,3.0,1.0,6.0,3.0,5.0,1.0,1.0,5.0,3.0,,9,5.6
1.3.6.1.4.1.14519.5.2.1.6279.6001.227796349777753378641347819780,40953,3.0,1.0,6.0,3.0,4.0,2.0,1.0,5.0,3.0,,7,4.2
1.3.6.1.4.1.14519.5.2.1.6279.6001.227796349777753378641347819780,40954,2.0,1.0,3.0,5.0,5.0,1.0,1.0,5.0,1.0,0,5,2.8
1.3.6.1.4.1.14519.5.2.1.6279.6001.227796349777753378641347819780,40955,3.0,1.0,6.0,4.0,4.0,2.0,2.0,5.0,3.0,,4,2.1
1.3.6.1.4.1.14519.5.2.1.6279.6001.227796349777753378641347819780,9556,4.0,1.0,6.0,3.0,2.0,2.0,1.0,5.0,3.0,,5,2.8
1.3.6.1.4.1.14519.5.2.1.6279.6001.227796349777753378641347819780,9550,3.0,1.0,6.0,3.0,4.0,2.0,2.0,5.0,3.0,,15,7.0
1.3.6.1.4.1.14519.5.2.1.6279.6001.227796349777753378641347819780,9603,2.0,1.0,6.0,3.0,4.0,2.0,2.0,5.0,3.0,,11,7.0
1.3.6.1.4.1.14519.5.2.1.6279.6001.227796349777753378641347819780,3,3.0,1.0,6.0,5.0,5.0,1.0,1.0,5.0,2.0,0,4,2.1
1.3.6.1.4.1.14519.5.2.1.6279.6001.227796349777753378641347819780,4,3.0,1.0,6.0,5.0,5.0,1.0,1.0,5.0,2.0,0,11,7.0
1.3.6.1.4.1.14519.5.2.1.6279.6001.227796349777753378641347819780,6,3.0,1.0,6.0,5.0,5.0,1.0,1.0,5.0,2.0,0,7,4.2
1.3.6.1.4.1.14519.5.2.1.6279.6001.227796349777753378641347819780,11,5.0,1.0,6.0,4.0,5.0,1.0,1.0,5.0,3.0,,10,6.3
1.3.6.1.4.1.14519.5.2.1.6279.6001.227796349777753378641347819780,12,3.0,1.0,6.0,5.0,5.0,1.0,1.0,5.0,2.0,0,7,4.2
1.3.6.1.4.1.14519.5.2.1.6279.6001.227796349777753378641347819780,14,3.0,1.0,6.0,5.0,5.0,1.0,1.0,5.0,2.0,0,4,2.1
1.3.6.1.4.1.14519.5.2.1.6279.6001.227796349777753378641347819780,17,5.0,1.0,6.0,5.0,5.0,1.0,1.0,5.0,2.0,0,13,8.4
1.3.6.1.4.1.14519.5.2.1.6279.6001.153646219551578201092527860224,0,1.0,1.0,6.0,5.0,2.0,1.0,1.0,1.0,2.0,0,2,2.0
1.3.6.1.4.1.14519.5.2.1.6279.6001.153646219551578201092527860224,157143,4.0,1.0,6.0,4.0,4.0,2.0,2.0,3.0,2.0,0,3,4.0
1.3.6.1.4.1.14519.5.2.1.6279.6001.153646219551578201092527860224,Nodule 001,4.0,1.0,6.0,4.0,5.0,1.0,1.0,5.0,2.0,0,3,4.0
1.3.6.1.4.1.14519.5.2.1.6279.6001.153646219551578201092527860224,201255,4.0,1.0,6.0,4.0,3.0,1.0,1.0,5.0,2.0,0,3,4.0
1.3.6.1.4.1.14519.5.2.1.6279.6001.153646219551578201092527860224,0,1.0,1.0,6.0,5.0,2.0,1.0,1.0,1.0,2.0,0,2,2.0
1.3.6.1.4.1.14519.5.2.1.6279.6001.153646219551578201092527860224,157143,4.0,1.0,6.0,4.0,4.0,2.0,2.0,3.0,2.0,0,3,4.0
1.3.6.1.4.1.14519.5.2.1.6279.6001.153646219551578201092527860224,Nodule 001,4.0,1.0,6.0,4.0,5.0,1.0,1.0,5.0,2.0,0,3,4.0
1.3.6.1.4.1.14519.5.2.1.6279.6001.153646219551578201092527860224,201255,4.0,1.0,6.0,4.0,3.0,1.0,1.0,5.0,2.0,0,3,4.0
1.3.6.1.4.1.14519.5.2.1.6279.6001.153646219551578201092527860224,0,1.0,1.0,6.0,5.0,2.0,1.0,1.0,1.0,2.0,0,2,2.0
1.3.6.1.4.1.14519.5.2.1.6279.6001.153646219551578201092527860224,157143,4.0,1.0,6.0,4.0,4.0,2.0,2.0,3.0,2.0,0,3,4.0
1.3.6.1.4.1.14519.5.2.1.6279.6001.153646219551578201092527860224,Nodule 001,4.0,1.0,6.0,4.0,5.0,1.0,1.0,5.0,2.0,0,3,4.0
1.3.6.1.4.1.14519.5.2.1.6279.6001.153646219551578201092527860224,201255,4.0,1.0,6.0,4.0,3.0,1.0,1.0,5.0,2.0,0,3,4.0
1.3.6.1.4.1.14519.5.2.1.6279.6001.153646219551578201092527860224,0,1.0,1.0,6.0,5.0,2.0,1.0,1.0,1.0,2.0,0,2,2.0
1.3.6.1.4.1.14519.5.2.1.6279.6001.153646219551578201092527860224,157143,4.0,1.0,6.0,4.0,4.0,2.0,2.0,3.0,2.0,0,3,4.0
1.3.6.1.4.1.14519.5.2.1.6279.6001.153646219551578201092527860224,Nodule 001,4.0,1.0,6.0,4.0,5.0,1.0,1.0,5.0,2.0,0,3,4.0
1.3.6.1.4.1.14519.5.2.1.6279.6001.153646219551578201092527860224,201255,4.0,1.0,6.0,4.0,3.0,1.0,1.0,5.0,2.0,0,3,4.0
1.3.6.1.4.1.14519.5.2.1.6279.6001.153646219551578201092527860224,0,1.0,1.0,6.0,5.0,2.0,1.0,1.0,1.0,2.0,0,2,2.0
1.3.6.1.4.1.14519.5.2.1.6279.6001.153646219551578201092527860224,157143,4.0,1.0,6.0,4.0,4.0,2.0,2.0,3.0,2.0,0,3,4.0
1.3.6.1.4.1.14519.5.2.1.6279.6001.153646219551578201092527860224,Nodule 001,4.0,1.0,6.0,4.0,5.0,1.0,1.0,5.0,2.0,0,3,4.0
1.3.6.1.4.1.14519.5.2.1.6279.6001.153646219551578201092527860224,201255,4.0,1.0,6.0,4.0,3.0,1.0,1.0,5.0,2.0,0,3,4.0
1.3.6.1.4.1.14519.5.2.1.6279.6001.272123398257168239653655006815,1,3.0,1.0,6.0,4.0,3.0,1.0,1.0,5.0,2.0,0,5,10.0
1.3.6.1.4.1.14519.5.2.1.6279.6001.272123398257168239653655006815,2,5.0,1.0,6.0,5.0,5.0,4.0,1.0,5.0,3.0,,8,17.5
1.3.6.1.4.1.14519.5.2.1.6279.6001.272123398257168239653655006815,3,5.0,1.0,6.0,5.0,4.0,1.0,5.0,4.0,4.0,1,8,17.5
1.3.6.1.4.1.14519.5.2.1.6279.6001.272123398257168239653655006815,162887,5.0,1.0,6.0,3.0,2.0,4.0,4.0,5.0,5.0,1,5,10.0
1.3.6.1.4.1.14519.5.2.1.6279.6001.272123398257168239653655006815,162880,5.0,4.0,6.0,3.0,3.0,3.0,4.0,1.0,3.0,,8,17.5
1.3.6.1.4.1.14519.5.2.1.6279.6001.272123398257168239653655006815,162885,5.0,1.0,6.0,3.0,2.0,3.0,3.0,5.0,5.0,1,8,17.5
1.3.6.1.4.1.14519.5.2.1.6279.6001.272123398257168239653655006815,167768,5.0,1.0,6.0,4.0,3.0,3.0,2.0,5.0,5.0,1,5,10.0
1.3.6.1.4.1.14519.5.2.1.6279.6001.272123398257168239653655006815,167761,5.0,4.0,6.0,5.0,4.0,1.0,2.0,5.0,4.0,1,7,15.0
1.3.6.1.4.1.14519.5.2.1.6279.6001.272123398257168239653655006815,167765,5.0,1.0,6.0,3.0,4.0,3.0,1.0,5.0,5.0,1,6,12.5
1.3.6.1.4.1.14519.5.2.1.6279.6001.272123398257168239653655006815,167770,1.0,1.0,6.0,4.0,2.0,1.0,1.0,1.0,2.0,0,2,2.5
1.3.6.1.4.1.14519.5.2.1.6279.6001.272123398257168239653655006815,Nodule 001,5.0,4.0,6.0,5.0,5.0,1.0,1.0,3.0,3.0,,8,17.5
1.3.6.1.4.1.14519.5.2.1.6279.6001.272123398257168239653655006815,Nodule 003,5.0,1.0,6.0,3.0,4.0,2.0,2.0,5.0,5.0,1,7,15.0
1.3.6.1.4.1.14519.5.2.1.6279.6001.272123398257168239653655006815,Nodule 002,5.0,1.0,6.0,3.0,4.0,2.0,3.0,5.0,5.0,1,5,10.0
1.3.6.1.4.1.14519.5.2.1.6279.6001.272123398257168239653655006815,1,3.0,1.0,6.0,4.0,3.0,1.0,1.0,5.0,2.0,0,5,10.0
1.3.6.1.4.1.14519.5.2.1.6279.6001.272123398257168239653655006815,2,5.0,1.0,6.0,5.0,5.0,4.0,1.0,5.0,3.0,,8,17.5
1.3.6.1.4.1.14519.5.2.1.6279.6001.272123398257168239653655006815,3,5.0,1.0,6.0,5.0,4.0,1.0,5.0,4.0,4.0,1,8,17.5
1.3.6.1.4.1.14519.5.2.1.6279.6001.272123398257168239653655006815,162887,5.0,1.0,6.0,3.0,2.0,4.0,4.0,5.0,5.0,1,5,10.0
1.3.6.1.4.1.14519.5.2.1.6279.6001.272123398257168239653655006815,162880,5.0,4.0,6.0,3.0,3.0,3.0,4.0,1.0,3.0,,8,17.5
1.3.6.1.4.1.14519.5.2.1.6279.6001.272123398257168239653655006815,162885,5.0,1.0,6.0,3.0,2.0,3.0,3.0,5.0,5.0,1,8,17.5
1.3.6.1.4.1.14519.5.2.1.6279.6001.272123398257168239653655006815,167768,5.0,1.0,6.0,4.0,3.0,3.0,2.0,5.0,5.0,1,5,10.0
1.3.6.1.4.1.14519.5.2.1.6279.6001.272123398257168239653655006815,167761,5.0,4.0,6.0,5.0,4.0,1.0,2.0,5.0,4.0,1,7,15.0
1.3.6.1.4.1.14519.5.2.1.6279.6001.272123398257168239653655006815,167765,5.0,1.0,6.0,3.0,4.0,3.0,1.0,5.0,5.0,1,6,12.5
1.3.6.1.4.1.14519.5.2.1.6279.6001.272123398257168239653655006815,167770,1.0,1.0,6.0,4.0,2.0,1.0,1.0,1.0,2.0,0,2,2.5
1.3.6.1.4.1.14519.5.2.1.6279.6001.272123398257168239653655006815,Nodule 001,5.0,4.0,6.0,5.0,5.0,1.0,1.0,3.0,3.0,,8,17.5
1.3.6.1.4.1.14519.5.2.1.6279.6001.272123398257168239653655006815,Nodule 003,5.0,1.0,6.0,3.0,4.0,2.0,2.0,5.0,5.0,1,7,15.0
1.3.6.1.4.1.14519.5.2.1.6279.6001.272123398257168239653655006815,Nodule 002,5.0,1.0,6.0,3.0,4.0,2.0,3.0,5.0,5.0,1,5,10.0
1.3.6.1.4.1.14519.5.2.1.6279.6001.272123398257168239653655006815,1,3.0,1.0,6.0,4.0,3.0,1.0,1.0,5.0,2.0,0,5,10.0
1.3.6.1.4.1.14519.5.2.1.6279.6001.272123398257168239653655006815,2,5.0,1.0,6.0,5.0,5.0,4.0,1.0,5.0,3.0,,8,17.5
1.3.6.1.4.1.14519.5.2.1.6279.6001.272123398257168239653655006815,3,5.0,1.0,6.0,5.0,4.0,1.0,5.0,4.0,4.0,1,8,17.5
1.3.6.1.4.1.14519.5.2.1.6279.6001.272123398257168239653655006815,162887,5.0,1.0,6.0,3.0,2.0,4.0,4.0,5.0,5.0,1,5,10.0
1.3.6.1.4.1.14519.5.2.1.6279.6001.272123398257168239653655006815,162880,5.0,4.0,6.0,3.0,3.0,3.0,4.0,1.0,3.0,,8,17.5
1.3.6.1.4.1.14519.5.2.1.6279.6001.272123398257168239653655006815,162885,5.0,1.0,6.0,3.0,2.0,3.0,3.0,5.0,5.0,1,8,17.5
1.3.6.1.4.1.14519.5.2.1.6279.6001.272123398257168239653655006815,167768,5.0,1.0,6.0,4.0,3.0,3.0,2.0,5.0,5.0,1,5,10.0
1.3.6.1.4.1.14519.5.2.1.6279.6001.272123398257168239653655006815,167761,5.0,4.0,6.0,5.0,4.0,1.0,2.0,5.0,4.0,1,7,15.0
1.3.6.1.4.1.14519.5.2.1.6279.6001.272123398257168239653655006815,167765,5.0,1.0,6.0,3.0,4.0,3.0,1.0,5.0,5.0,1,6,12.5
1.3.6.1.4.1.14519.5.2.1.6279.6001.272123398257168239653655006815,167770,1.0,1.0,6.0,4.0,2.0,1.0,1.0,1.0,2.0,0,2,2.5
1.3.6.1.4.1.14519.5.2.1.6279.6001.272123398257168239653655006815,Nodule 001,5.0,4.0,6.0,5.0,5.0,1.0,1.0,3.0,3.0,,8,17.5
1.3.6.1.4.1.14519.5.2.1.6279.6001.272123398257168239653655006815,Nodule 003,5.0,1.0,6.0,3.0,4.0,2.0,2.0,5.0,5.0,1,7,15.0
1.3.6.1.4.1.14519.5.2.1.6279.6001.272123398257168239653655006815,Nodule 002,5.0,1.0,6.0,3.0,4.0,2.0,3.0,5.0,5.0,1,5,10.0
1.3.6.1.4.1.14519.5.2.1.6279.6001.272123398257168239653655006815,1,3.0,1.0,6.0,4.0,3.0,1.0,1.0,5.0,2.0,0,5,10.0
1.3.6.1.4.1.14519.5.2.1.6279.6001.272123398257168239653655006815,2,5.0,1.0,6.0,5.0,5.0,4.0,1.0,5.0,3.0,,8,17.5
1.3.6.1.4.1.14519.5.2.1.6279.6001.272123398257168239653655006815,3,5.0,1.0,6.0,5.0,4.0,1.0,5.0,4.0,4.0,1,8,17.5
1.3.6.1.4.1.14519.5.2.1.6279.6001.272123398257168239653655006815,162887,5.0,1.0,6.0,3.0,2.0,4.0,4.0,5.0,5.0,1,5,10.0
1.3.6.1.4.1.14519.5.2.1.6279.6001.272123398257168239653655006815,162880,5.0,4.0,6.0,3.0,3.0,3.0,4.0,1.0,3.0,,8,17.5
1.3.6.1.4.1.14519.5.2.1.6279.6001.272123398257168239653655006815,162885,5.0,1.0,6.0,3.0,2.0,3.0,3.0,5.0,5.0,1,8,17.5
1.3.6.1.4.1.14519.5.2.1.6279.6001.272123398257168239653655006815,167768,5.0,1.0,6.0,4.0,3.0,3.0,2.0,5.0,5.0,1,5,10.0
1.3.6.1.4.1.14519.5.2.1.6279.6001.272123398257168239653655006815,167761,5.0,4.0,6.0,5.0,4.0,1.0,2.0,5.0,4.0,1,7,15.0
1.3.6.1.4.1.14519.5.2.1.6279.6001.272123398257168239653655006815,167765,5.0,1.0,6.0,3.0,4.0,3.0,1.0,5.0,5.0,1,6,12.5
1.3.6.1.4.1.14519.5.2.1.6279.6001.272123398257168239653655006815,167770,1.0,1.0,6.0,4.0,2.0,1.0,1.0,1.0,2.0,0,2,2.5
1.3.6.1.4.1.14519.5.2.1.6279.6001.272123398257168239653655006815,Nodule 001,5.0,4.0,6.0,5.0,5.0,1.0,1.0,3.0,3.0,,8,17.5
1.3.6.1.4.1.14519.5.2.1.6279.6001.272123398257168239653655006815,Nodule 003,5.0,1.0,6.0,3.0,4.0,2.0,2.0,5.0,5.0,1,7,15.0
1.3.6.1.4.1.14519.5.2.1.6279.6001.272123398257168239653655006815,Nodule 002,5.0,1.0,6.0,3.0,4.0,2.0,3.0,5.0,5.0,1,5,10.0
1.3.6.1.4.1.14519.5.2.1.6279.6001.550599855064600241623943717588,162810,3.0,1.0,6.0,2.0,5.0,1.0,1.0,5.0,2.0,0,2,1.25
1.3.6.1.4.1.14519.5.2.1.6279.6001.550599855064600241623943717588,161954,2.0,1.0,6.0,3.0,5.0,1.0,1.0,5.0,3.0,,2,1.25
1.3.6.1.4.1.14519.5.2.1.6279.6001.550599855064600241623943717588,Nodule 001,3.0,1.0,6.0,2.0,5.0,1.0,1.0,5.0,2.0,0,2,1.25
1.3.6.1.4.1.14519.5.2.1.6279.6001.550599855064600241623943717588,162810,3.0,1.0,6.0,2.0,5.0,1.0,1.0,5.0,2.0,0,2,1.25
1.3.6.1.4.1.14519.5.2.1.6279.6001.550599855064600241623943717588,161954,2.0,1.0,6.0,3.0,5.0,1.0,1.0,5.0,3.0,,2,1.25
1.3.6.1.4.1.14519.5.2.1.6279.6001.550599855064600241623943717588,Nodule 001,3.0,1.0,6.0,2.0,5.0,1.0,1.0,5.0,2.0,0,2,1.25
1.3.6.1.4.1.14519.5.2.1.6279.6001.550599855064600241623943717588,162810,3.0,1.0,6.0,2.0,5.0,1.0,1.0,5.0,2.0,0,2,1.25
1.3.6.1.4.1.14519.5.2.1.6279.6001.550599855064600241623943717588,161954,2.0,1.0,6.0,3.0,5.0,1.0,1.0,5.0,3.0,,2,1.25
1.3.6.1.4.1.14519.5.2.1.6279.6001.550599855064600241623943717588,Nodule 001,3.0,1.0,6.0,2.0,5.0,1.0,1.0,5.0,2.0,0,2,1.25
1.3.6.1.4.1.14519.5.2.1.6279.6001.855232435861303786204450738044,0,3.0,1.0,6.0,5.0,5.0,1.0,1.0,5.0,2.0,0,13,30.0
1.3.6.1.4.1.14519.5.2.1.6279.6001.855232435861303786204450738044,0,3.0,1.0,6.0,5.0,5.0,1.0,1.0,5.0,2.0,0,13,30.0
1.3.6.1.4.1.14519.5.2.1.6279.6001.855232435861303786204450738044,0,3.0,1.0,6.0,5.0,5.0,1.0,1.0,5.0,2.0,0,13,30.0
1.3.6.1.4.1.14519.5.2.1.6279.6001.332510758903897288735539953182,80966,5.0,1.0,6.0,3.0,4.0,2.0,3.0,4.0,3.0,,3,6.0
1.3.6.1.4.1.14519.5.2.1.6279.6001.332510758903897288735539953182,80969,5.0,1.0,6.0,5.0,4.0,2.0,3.0,5.0,3.0,,2,3.0
1.3.6.1.4.1.14519.5.2.1.6279.6001.332510758903897288735539953182,80964,5.0,1.0,3.0,2.0,5.0,1.0,1.0,5.0,1.0,0,3,6.0
1.3.6.1.4.1.14519.5.2.1.6279.6001.332510758903897288735539953182,80973,5.0,1.0,3.0,5.0,5.0,1.0,1.0,5.0,1.0,0,2,3.0
1.3.6.1.4.1.14519.5.2.1.6279.6001.332510758903897288735539953182,80972,4.0,1.0,6.0,3.0,3.0,1.0,2.0,3.0,3.0,,3,6.0
1.3.6.1.4.1.14519.5.2.1.6279.6001.332510758903897288735539953182,15679,3.0,1.0,3.0,4.0,5.0,1.0,1.0,5.0,1.0,0,3,6.0
1.3.6.1.4.1.14519.5.2.1.6279.6001.332510758903897288735539953182,15682,3.0,1.0,6.0,5.0,4.0,2.0,1.0,3.0,3.0,,3,6.0
1.3.6.1.4.1.14519.5.2.1.6279.6001.332510758903897288735539953182,0,3.0,1.0,6.0,2.0,3.0,2.0,2.0,3.0,2.0,0,2,3.0
1.3.6.1.4.1.14519.5.2.1.6279.6001.332510758903897288735539953182,1,2.0,1.0,6.0,4.0,3.0,1.0,1.0,4.0,2.0,0,2,3.0
1.3.6.1.4.1.14519.5.2.1.6279.6001.332510758903897288735539953182,3,4.0,1.0,6.0,4.0,4.0,1.0,1.0,4.0,2.0,0,3,6.0
1.3.6.1.4.1.14519.5.2.1.6279.6001.332510758903897288735539953182,6,4.0,1.0,6.0,3.0,3.0,4.0,3.0,4.0,2.0,0,3,6.0
1.3.6.1.4.1.14519.5.2.1.6279.6001.675543413149938600000570588203,Nodule 002,4.0,1.0,6.0,3.0,4.0,1.0,1.0,5.0,4.0,1,2,1.8
1.3.6.1.4.1.14519.5.2.1.6279.6001.675543413149938600000570588203,Nodule 003,5.0,1.0,6.0,2.0,3.0,2.0,3.0,5.0,5.0,1,13,19.8
1.3.6.1.4.1.14519.5.2.1.6279.6001.675543413149938600000570588203,IL057_85805,2.0,1.0,6.0,3.0,4.0,1.0,1.0,5.0,2.0,0,2,1.8
1.3.6.1.4.1.14519.5.2.1.6279.6001.675543413149938600000570588203,IL057_85802,5.0,1.0,6.0,4.0,4.0,3.0,4.0,5.0,5.0,1,14,18.0
1.3.6.1.4.1.14519.5.2.1.6279.6001.675543413149938600000570588203,MI014_16865,5.0,1.0,6.0,4.0,4.0,5.0,2.0,5.0,5.0,1,12,18.0
1.3.6.1.4.1.14519.5.2.1.6279.6001.675543413149938600000570588203,MI014_18185,3.0,1.0,6.0,3.0,2.0,2.0,1.0,4.0,1.0,0,3,3.6
1.3.6.1.4.1.14519.5.2.1.6279.6001.675543413149938600000570588203,0,3.0,1.0,6.0,5.0,5.0,1.0,1.0,5.0,2.0,0,2,1.8
1.3.6.1.4.1.14519.5.2.1.6279.6001.397062004302272014259317520874,49978,5.0,1.0,6.0,4.0,4.0,1.0,1.0,5.0,3.0,,5,4.0
1.3.6.1.4.1.14519.5.2.1.6279.6001.397062004302272014259317520874,Nodule 001,5.0,1.0,6.0,4.0,5.0,1.0,1.0,5.0,4.0,1,7,6.0
1.3.6.1.4.1.14519.5.2.1.6279.6001.142485715518010940961688015191,Nodule 002,4.0,1.0,6.0,3.0,5.0,1.0,1.0,5.0,2.0,0,4,3.0
1.3.6.1.4.1.14519.5.2.1.6279.6001.142485715518010940961688015191,Nodule 001,4.0,1.0,6.0,4.0,5.0,1.0,1.0,5.0,2.0,0,3,2.0
1.3.6.1.4.1.14519.5.2.1.6279.6001.142485715518010940961688015191,Nodule 007,4.0,1.0,6.0,4.0,5.0,1.0,1.0,5.0,2.0,0,6,5.0
1.3.6.1.4.1.14519.5.2.1.6279.6001.142485715518010940961688015191,Nodule 011,3.0,1.0,6.0,3.0,5.0,1.0,1.0,5.0,3.0,,3,2.0
1.3.6.1.4.1.14519.5.2.1.6279.6001.142485715518010940961688015191,IL057_167512,4.0,1.0,6.0,4.0,4.0,1.0,1.0,5.0,3.0,,6,5.0
1.3.6.1.4.1.14519.5.2.1.6279.6001.142485715518010940961688015191,IL057_167524,1.0,1.0,6.0,4.0,3.0,1.0,1.0,1.0,3.0,,3,2.0
1.3.6.1.4.1.14519.5.2.1.6279.6001.142485715518010940961688015191,IL057_167521,2.0,1.0,6.0,4.0,4.0,1.0,1.0,5.0,2.0,0,3,2.0
1.3.6.1.4.1.14519.5.2.1.6279.6001.142485715518010940961688015191,IL057_167525,1.0,1.0,6.0,4.0,2.0,1.0,1.0,1.0,3.0,,3,2.0
1.3.6.1.4.1.14519.5.2.1.6279.6001.142485715518010940961688015191,IL057_167513,2.0,1.0,6.0,5.0,4.0,1.0,1.0,5.0,3.0,,4,3.0
1.3.6.1.4.1.14519.5.2.1.6279.6001.142485715518010940961688015191,IL057_168523,1.0,1.0,6.0,2.0,3.0,1.0,1.0,5.0,2.0,0,4,3.0
1.3.6.1.4.1.14519.5.2.1.6279.6001.142485715518010940961688015191,MI014_17790,3.0,1.0,6.0,3.0,4.0,1.0,1.0,5.0,3.0,,5,4.0
1.3.6.1.4.1.14519.5.2.1.6279.6001.142485715518010940961688015191,MI014_17802,3.0,1.0,6.0,4.0,4.0,1.0,1.0,5.0,3.0,,2,1.0
1.3.6.1.4.1.14519.5.2.1.6279.6001.142485715518010940961688015191,MI014_17794,2.0,1.0,6.0,5.0,4.0,1.0,1.0,5.0,3.0,,4,3.0
1.3.6.1.4.1.14519.5.2.1.6279.6001.142485715518010940961688015191,15,3.0,1.0,6.0,5.0,5.0,1.0,1.0,5.0,2.0,0,7,6.0
1.3.6.1.4.1.14519.5.2.1.6279.6001.141511313712034597336182402384,57005,5.0,1.0,6.0,4.0,3.0,3.0,4.0,3.0,5.0,1,30,15.62
1.3.6.1.4.1.14519.5.2.1.6279.6001.141511313712034597336182402384,57015,4.0,1.0,6.0,3.0,4.0,1.0,1.0,5.0,2.0,0,7,3.75
1.3.6.1.4.1.14519.5.2.1.6279.6001.141511313712034597336182402384,Nodule 006,4.0,1.0,6.0,4.0,5.0,1.0,1.0,5.0,2.0,0,6,3.12
1.3.6.1.4.1.14519.5.2.1.6279.6001.141511313712034597336182402384,Nodule 001,4.0,1.0,6.0,4.0,4.0,1.0,1.0,5.0,3.0,,7,3.75
1.3.6.1.4.1.14519.5.2.1.6279.6001.141511313712034597336182402384,Nodule 005,5.0,1.0,6.0,2.0,3.0,4.0,4.0,5.0,5.0,1,30,16.88
1.3.6.1.4.1.14519.5.2.1.6279.6001.141511313712034597336182402384,Nodule 004,4.0,1.0,6.0,3.0,4.0,2.0,1.0,5.0,3.0,,10,5.62
1.3.6.1.4.1.14519.5.2.1.6279.6001.141511313712034597336182402384,2,5.0,1.0,6.0,5.0,5.0,3.0,1.0,5.0,2.0,0,14,8.13
1.3.6.1.4.1.14519.5.2.1.6279.6001.141511313712034597336182402384,5,3.0,1.0,6.0,5.0,5.0,1.0,1.0,5.0,2.0,0,7,3.75
1.3.6.1.4.1.14519.5.2.1.6279.6001.141511313712034597336182402384,7,5.0,1.0,6.0,5.0,4.0,1.0,5.0,4.0,4.0,1,26,15.62
1.3.6.1.4.1.14519.5.2.1.6279.6001.141511313712034597336182402384,44309,4.0,1.0,6.0,4.0,3.0,3.0,2.0,4.0,3.0,,11,6.25
1.3.6.1.4.1.14519.5.2.1.6279.6001.141511313712034597336182402384,44303,5.0,1.0,6.0,4.0,3.0,5.0,4.0,5.0,5.0,1,23,13.75
1.3.6.1.4.1.14519.5.2.1.6279.6001.141511313712034597336182402384,44300,3.0,1.0,6.0,5.0,5.0,1.0,1.0,5.0,3.0,,7,3.75
1.3.6.1.4.1.14519.5.2.1.6279.6001.229096941293122177107846044795,Nodule 004,3.0,1.0,6.0,4.0,4.0,1.0,1.0,4.0,2.0,0,2,1.8
1.3.6.1.4.1.14519.5.2.1.6279.6001.229096941293122177107846044795,Nodule 005,4.0,1.0,6.0,4.0,5.0,1.0,1.0,5.0,2.0,0,2,1.8
1.3.6.1.4.1.14519.5.2.1.6279.6001.229096941293122177107846044795,Nodule 002,4.0,1.0,6.0,4.0,4.0,2.0,1.0,5.0,5.0,1,4,5.4
1.3.6.1.4.1.14519.5.2.1.6279.6001.229096941293122177107846044795,Nodule 001,5.0,1.0,6.0,2.0,4.0,2.0,2.0,4.0,5.0,1,9,14.4
1.3.6.1.4.1.14519.5.2.1.6279.6001.229096941293122177107846044795,Nodule 006,4.0,1.0,6.0,4.0,5.0,1.0,1.0,5.0,2.0,0,4,5.4
1.3.6.1.4.1.14519.5.2.1.6279.6001.229096941293122177107846044795,22007,4.0,1.0,6.0,4.0,2.0,2.0,3.0,3.0,3.0,,4,5.4
1.3.6.1.4.1.14519.5.2.1.6279.6001.229096941293122177107846044795,22020,4.0,1.0,6.0,3.0,4.0,2.0,2.0,5.0,4.0,1,4,5.4
1.3.6.1.4.1.14519.5.2.1.6279.6001.229096941293122177107846044795,22040,2.0,1.0,6.0,3.0,4.0,2.0,2.0,5.0,2.0,0,2,1.8
1.3.6.1.4.1.14519.5.2.1.6279.6001.229096941293122177107846044795,22000,5.0,1.0,6.0,4.0,3.0,3.0,3.0,4.0,5.0,1,12,19.8
1.3.6.1.4.1.14519.5.2.1.6279.6001.229096941293122177107846044795,21997,2.0,1.0,6.0,4.0,5.0,1.0,1.0,5.0,3.0,,3,3.6
1.3.6.1.4.1.14519.5.2.1.6279.6001.229096941293122177107846044795,22024,4.0,1.0,6.0,3.0,4.0,2.0,2.0,5.0,2.0,0,2,1.8
1.3.6.1.4.1.14519.5.2.1.6279.6001.229096941293122177107846044795,22026,4.0,1.0,6.0,4.0,4.0,1.0,1.0,5.0,1.0,0,1,0.0
1.3.6.1.4.1.14519.5.2.1.6279.6001.229096941293122177107846044795,22042,5.0,1.0,6.0,4.0,2.0,3.0,2.0,1.0,3.0,,21,23.4
1.3.6.1.4.1.14519.5.2.1.6279.6001.229096941293122177107846044795,1810,3.0,1.0,6.0,3.0,2.0,1.0,3.0,3.0,3.0,,5,7.2
1.3.6.1.4.1.14519.5.2.1.6279.6001.229096941293122177107846044795,1821,3.0,1.0,6.0,3.0,4.0,3.0,5.0,4.0,3.0,,3,3.6
1.3.6.1.4.1.14519.5.2.1.6279.6001.229096941293122177107846044795,1787,3.0,1.0,6.0,4.0,3.0,3.0,4.0,4.0,3.0,,4,5.4
1.3.6.1.4.1.14519.5.2.1.6279.6001.229096941293122177107846044795,1814,4.0,1.0,6.0,3.0,2.0,3.0,4.0,3.0,3.0,,2,1.8
1.3.6.1.4.1.14519.5.2.1.6279.6001.229096941293122177107846044795,1816,2.0,1.0,6.0,3.0,4.0,4.0,4.0,4.0,3.0,,2,1.8
1.3.6.1.4.1.14519.5.2.1.6279.6001.229096941293122177107846044795,0,4.0,1.0,6.0,3.0,3.0,1.0,4.0,5.0,3.0,,12,19.8
1.3.6.1.4.1.14519.5.2.1.6279.6001.229096941293122177107846044795,1,5.0,1.0,6.0,4.0,4.0,1.0,1.0,5.0,2.0,0,4,5.4
1.3.6.1.4.1.14519.5.2.1.6279.6001.100621383016233746780170740405,5158,5.0,1.0,6.0,4.0,4.0,1.0,2.0,5.0,5.0,1,10,9.0
1.3.6.1.4.1.14519.5.2.1.6279.6001.100621383016233746780170740405,5162,5.0,1.0,6.0,5.0,4.0,1.0,2.0,5.0,5.0,1,23,21.0
1.3.6.1.4.1.14519.5.2.1.6279.6001.100621383016233746780170740405,5171,5.0,1.0,6.0,4.0,5.0,1.0,2.0,5.0,5.0,1,26,24.0
1.3.6.1.4.1.14519.5.2.1.6279.6001.100621383016233746780170740405,5175,5.0,1.0,6.0,5.0,3.0,1.0,2.0,4.0,5.0,1,21,20.0
1.3.6.1.4.1.14519.5.2.1.6279.6001.100621383016233746780170740405,Nodule 001,5.0,1.0,6.0,4.0,4.0,2.0,2.0,4.0,5.0,1,22,21.0
1.3.6.1.4.1.14519.5.2.1.6279.6001.100621383016233746780170740405,Nodule 002,5.0,1.0,6.0,4.0,5.0,2.0,1.0,5.0,5.0,1,27,24.0
1.3.6.1.4.1.14519.5.2.1.6279.6001.100621383016233746780170740405,Nodule 003,5.0,1.0,6.0,4.0,5.0,1.0,1.0,5.0,5.0,1,22,21.0
1.3.6.1.4.1.14519.5.2.1.6279.6001.100621383016233746780170740405,Nodule 004,5.0,1.0,6.0,4.0,5.0,2.0,1.0,5.0,4.0,1,10,9.0
1.3.6.1.4.1.14519.5.2.1.6279.6001.100621383016233746780170740405,1632,4.0,1.0,6.0,3.0,5.0,1.0,2.0,5.0,3.0,,11,10.0
1.3.6.1.4.1.14519.5.2.1.6279.6001.100621383016233746780170740405,1636,5.0,1.0,6.0,5.0,5.0,1.0,2.0,5.0,4.0,1,22,21.0
1.3.6.1.4.1.14519.5.2.1.6279.6001.100621383016233746780170740405,1645,5.0,1.0,6.0,5.0,5.0,1.0,1.0,5.0,3.0,,25,24.0
1.3.6.1.4.1.14519.5.2.1.6279.6001.100621383016233746780170740405,1653,4.0,1.0,6.0,5.0,5.0,2.0,1.0,5.0,3.0,,22,21.0
1.3.6.1.4.1.14519.5.2.1.6279.6001.100621383016233746780170740405,0,4.0,1.0,6.0,4.0,5.0,3.0,1.0,5.0,3.0,,10,9.0
1.3.6.1.4.1.14519.5.2.1.6279.6001.100621383016233746780170740405,2,5.0,1.0,6.0,5.0,5.0,4.0,1.0,5.0,3.0,,22,21.0
1.3.6.1.4.1.14519.5.2.1.6279.6001.100621383016233746780170740405,3,5.0,1.0,6.0,5.0,5.0,1.0,1.0,5.0,2.0,0,19,18.0
1.3.6.1.4.1.14519.5.2.1.6279.6001.100621383016233746780170740405,4,5.0,1.0,6.0,5.0,5.0,3.0,1.0,5.0,2.0,0,27,24.0
1.3.6.1.4.1.14519.5.2.1.6279.6001.100225287222365663678666836860,Nodule 001,5.0,1.0,6.0,4.0,5.0,1.0,1.0,5.0,4.0,1,3,3.6
1.3.6.1.4.1.14519.5.2.1.6279.6001.100225287222365663678666836860,Nodule 003,4.0,1.0,6.0,5.0,5.0,1.0,1.0,5.0,3.0,,2,1.8
1.3.6.1.4.1.14519.5.2.1.6279.6001.100225287222365663678666836860,22134,2.0,1.0,6.0,5.0,3.0,2.0,2.0,5.0,1.0,0,2,1.8
1.3.6.1.4.1.14519.5.2.1.6279.6001.100225287222365663678666836860,22127,3.0,1.0,6.0,4.0,4.0,1.0,1.0,5.0,2.0,0,3,3.6
1.3.6.1.4.1.14519.5.2.1.6279.6001.100225287222365663678666836860,2148,5.0,1.0,6.0,4.0,5.0,1.0,1.0,4.0,3.0,,2,1.8
1.3.6.1.4.1.14519.5.2.1.6279.6001.100225287222365663678666836860,2141,5.0,1.0,6.0,5.0,5.0,1.0,1.0,5.0,4.0,1,4,5.4
1.3.6.1.4.1.14519.5.2.1.6279.6001.100225287222365663678666836860,0,3.0,1.0,6.0,3.0,4.0,1.0,1.0,5.0,2.0,0,3,3.6
1.3.6.1.4.1.14519.5.2.1.6279.6001.686768766518862600747989429768,10738,5.0,1.0,5.0,4.0,2.0,1.0,1.0,5.0,1.0,0,4,9.0
1.3.6.1.4.1.14519.5.2.1.6279.6001.686768766518862600747989429768,10699,4.0,1.0,6.0,4.0,3.0,1.0,3.0,5.0,3.0,,1,0.0
1.3.6.1.4.1.14519.5.2.1.6279.6001.686768766518862600747989429768,27151,1.0,1.0,6.0,5.0,4.0,1.0,1.0,4.0,2.0,0,2,3.0
1.3.6.1.4.1.14519.5.2.1.6279.6001.686768766518862600747989429768,21396,5.0,1.0,3.0,5.0,4.0,5.0,5.0,5.0,1.0,0,4,9.0
1.3.6.1.4.1.14519.5.2.1.6279.6001.686768766518862600747989429768,21451,1.0,1.0,6.0,5.0,4.0,5.0,5.0,5.0,3.0,,2,3.0
1.3.6.1.4.1.14519.5.2.1.6279.6001.686768766518862600747989429768,21380,4.0,1.0,6.0,4.0,3.0,5.0,4.0,4.0,3.0,,1,0.0
1.3.6.1.4.1.14519.5.2.1.6279.6001.686768766518862600747989429768,2613,4.0,1.0,6.0,3.0,2.0,5.0,4.0,5.0,2.0,0,2,3.0
1.3.6.1.4.1.14519.5.2.1.6279.6001.686768766518862600747989429768,2566,4.0,1.0,6.0,4.0,3.0,5.0,5.0,4.0,3.0,,3,6.0
1.3.6.1.4.1.14519.5.2.1.6279.6001.686768766518862600747989429768,2544,5.0,1.0,6.0,4.0,5.0,5.0,2.0,4.0,4.0,1,3,6.0
1.3.6.1.4.1.14519.5.2.1.6279.6001.686768766518862600747989429768,11,5.0,1.0,6.0,5.0,4.0,5.0,1.0,5.0,4.0,1,3,6.0
1.3.6.1.4.1.14519.5.2.1.6279.6001.686768766518862600747989429768,13,5.0,1.0,6.0,5.0,5.0,5.0,5.0,5.0,5.0,1,9,24.0
1.3.6.1.4.1.14519.5.2.1.6279.6001.686768766518862600747989429768,22,1.0,1.0,6.0,5.0,5.0,1.0,1.0,5.0,3.0,,2,3.0
1.3.6.1.4.1.14519.5.2.1.6279.6001.686768766518862600747989429768,26,4.0,1.0,6.0,5.0,3.0,3.0,3.0,3.0,3.0,,2,3.0
1.3.6.1.4.1.14519.5.2.1.6279.6001.216882370221919561230873289517,4764,2.0,1.0,3.0,3.0,5.0,2.0,1.0,5.0,1.0,0,3,2.5
1.3.6.1.4.1.14519.5.2.1.6279.6001.216882370221919561230873289517,4804,1.0,1.0,6.0,3.0,2.0,3.0,2.0,3.0,3.0,,2,1.25
1.3.6.1.4.1.14519.5.2.1.6279.6001.216882370221919561230873289517,Nodule 017,4.0,1.0,6.0,4.0,5.0,1.0,1.0,5.0,3.0,,3,2.5
1.3.6.1.4.1.14519.5.2.1.6279.6001.216882370221919561230873289517,Nodule 005,4.0,1.0,6.0,3.0,5.0,2.0,1.0,5.0,3.0,,2,1.25
1.3.6.1.4.1.14519.5.2.1.6279.6001.216882370221919561230873289517,Nodule 015,5.0,1.0,3.0,4.0,5.0,1.0,1.0,5.0,1.0,0,3,2.5
1.3.6.1.4.1.14519.5.2.1.6279.6001.216882370221919561230873289517,IL057_106041,3.0,1.0,3.0,3.0,5.0,1.0,1.0,5.0,1.0,0,2,1.25
1.3.6.1.4.1.14519.5.2.1.6279.6001.216882370221919561230873289517,IL057_106042,2.0,1.0,6.0,3.0,3.0,1.0,1.0,4.0,3.0,,3,2.5
1.3.6.1.4.1.14519.5.2.1.6279.6001.216882370221919561230873289517,4711,3.0,1.0,6.0,3.0,4.0,1.0,1.0,5.0,3.0,,2,1.25
1.3.6.1.4.1.14519.5.2.1.6279.6001.216882370221919561230873289517,4715,2.0,1.0,6.0,3.0,4.0,1.0,2.0,5.0,3.0,,3,2.5
1.3.6.1.4.1.14519.5.2.1.6279.6001.216882370221919561230873289517,4721,2.0,1.0,6.0,2.0,2.0,1.0,1.0,3.0,3.0,,2,1.25
1.3.6.1.4.1.14519.5.2.1.6279.6001.216882370221919561230873289517,4732,2.0,1.0,6.0,2.0,3.0,1.0,2.0,4.0,3.0,,1,0.0
1.3.6.1.4.1.14519.5.2.1.6279.6001.216882370221919561230873289517,5084,4.0,1.0,3.0,3.0,5.0,1.0,1.0,5.0,1.0,0,2,1.25
1.3.6.1.4.1.14519.5.2.1.6279.6001.120301525825493211649827266081,80409,5.0,1.0,6.0,3.0,2.0,3.0,3.0,4.0,3.0,,3,6.0
1.3.6.1.4.1.14519.5.2.1.6279.6001.120301525825493211649827266081,80407,5.0,1.0,6.0,3.0,4.0,2.0,4.0,5.0,3.0,,3,6.0
1.3.6.1.4.1.14519.5.2.1.6279.6001.120301525825493211649827266081,80414,5.0,1.0,6.0,3.0,4.0,2.0,2.0,5.0,3.0,,3,6.0
1.3.6.1.4.1.14519.5.2.1.6279.6001.120301525825493211649827266081,80425,4.0,1.0,6.0,2.0,2.0,2.0,2.0,4.0,3.0,,2,3.0
1.3.6.1.4.1.14519.5.2.1.6279.6001.120301525825493211649827266081,80428,4.0,1.0,6.0,3.0,4.0,2.0,3.0,5.0,3.0,,2,3.0
1.3.6.1.4.1.14519.5.2.1.6279.6001.120301525825493211649827266081,80437,3.0,1.0,6.0,2.0,4.0,2.0,2.0,4.0,2.0,0,1,0.0
1.3.6.1.4.1.14519.5.2.1.6279.6001.120301525825493211649827266081,80434,3.0,1.0,6.0,3.0,4.0,2.0,2.0,5.0,2.0,0,2,3.0
1.3.6.1.4.1.14519.5.2.1.6279.6001.120301525825493211649827266081,80420,5.0,1.0,6.0,2.0,4.0,2.0,2.0,5.0,2.0,0,2,3.0
1.3.6.1.4.1.14519.5.2.1.6279.6001.120301525825493211649827266081,85706,5.0,1.0,6.0,4.0,4.0,1.0,1.0,5.0,2.0,0,1,0.0
1.3.6.1.4.1.14519.5.2.1.6279.6001.120301525825493211649827266081,85721,3.0,1.0,6.0,3.0,3.0,1.0,1.0,5.0,3.0,,2,3.0
1.3.6.1.4.1.14519.5.2.1.6279.6001.120301525825493211649827266081,85710,4.0,1.0,6.0,4.0,5.0,1.0,1.0,5.0,3.0,,3,6.0
1.3.6.1.4.1.14519.5.2.1.6279.6001.120301525825493211649827266081,131266,3.0,1.0,6.0,4.0,4.0,2.0,2.0,5.0,5.0,1,2,3.0
1.3.6.1.4.1.14519.5.2.1.6279.6001.120301525825493211649827266081,131268,2.0,1.0,6.0,3.0,5.0,1.0,1.0,5.0,2.0,0,2,3.0
1.3.6.1.4.1.14519.5.2.1.6279.6001.120301525825493211649827266081,16540,4.0,1.0,6.0,4.0,2.0,1.0,2.0,3.0,3.0,,3,6.0
1.3.6.1.4.1.14519.5.2.1.6279.6001.120301525825493211649827266081,16526,5.0,1.0,6.0,3.0,4.0,2.0,1.0,3.0,4.0,1,3,6.0
1.3.6.1.4.1.14519.5.2.1.6279.6001.120301525825493211649827266081,16518,4.0,1.0,6.0,3.0,4.0,3.0,1.0,4.0,3.0,,6,15.0
1.3.6.1.4.1.14519.5.2.1.6279.6001.120301525825493211649827266081,16529,5.0,1.0,6.0,3.0,2.0,1.0,1.0,4.0,4.0,1,3,6.0
1.3.6.1.4.1.14519.5.2.1.6279.6001.120301525825493211649827266081,16522,5.0,1.0,6.0,5.0,5.0,1.0,1.0,5.0,5.0,1,3,6.0
1.3.6.1.4.1.14519.5.2.1.6279.6001.120301525825493211649827266081,16535,4.0,1.0,6.0,3.0,4.0,2.0,2.0,4.0,2.0,0,2,3.0
1.3.6.1.4.1.14519.5.2.1.6279.6001.120301525825493211649827266081,16549,4.0,1.0,6.0,3.0,3.0,1.0,1.0,4.0,3.0,,2,3.0
1.3.6.1.4.1.14519.5.2.1.6279.6001.120301525825493211649827266081,16547,4.0,1.0,6.0,4.0,2.0,1.0,1.0,4.0,3.0,,2,3.0
1.3.6.1.4.1.14519.5.2.1.6279.6001.120301525825493211649827266081,16545,5.0,1.0,6.0,3.0,4.0,2.0,1.0,4.0,4.0,1,2,3.0
1.3.6.1.4.1.14519.5.2.1.6279.6001.120301525825493211649827266081,7,5.0,1.0,6.0,5.0,4.0,1.0,5.0,4.0,4.0,1,2,3.0
1.3.6.1.4.1.14519.5.2.1.6279.6001.120301525825493211649827266081,15,3.0,1.0,6.0,5.0,5.0,1.0,1.0,5.0,2.0,0,4,9.0
1.3.6.1.4.1.14519.5.2.1.6279.6001.120301525825493211649827266081,17,3.0,1.0,6.0,5.0,5.0,1.0,1.0,5.0,2.0,0,3,6.0
1.3.6.1.4.1.14519.5.2.1.6279.6001.803987517543436570820681016103,50002,4.0,1.0,3.0,5.0,4.0,1.0,1.0,5.0,1.0,0,6,3.5
1.3.6.1.4.1.14519.5.2.1.6279.6001.803987517543436570820681016103,49999,2.0,1.0,6.0,2.0,1.0,1.0,3.0,2.0,4.0,1,8,3.5
1.3.6.1.4.1.14519.5.2.1.6279.6001.803987517543436570820681016103,50010,3.0,1.0,3.0,2.0,4.0,1.0,1.0,5.0,1.0,0,4,2.1
1.3.6.1.4.1.14519.5.2.1.6279.6001.803987517543436570820681016103,51701,4.0,1.0,6.0,2.0,3.0,1.0,1.0,4.0,2.0,0,4,2.1
1.3.6.1.4.1.14519.5.2.1.6279.6001.803987517543436570820681016103,34039,4.0,1.0,3.0,5.0,5.0,2.0,1.0,5.0,1.0,0,5,2.8
1.3.6.1.4.1.14519.5.2.1.6279.6001.803987517543436570820681016103,34086,4.0,1.0,6.0,3.0,5.0,3.0,2.0,5.0,3.0,,3,1.4
1.3.6.1.4.1.14519.5.2.1.6279.6001.803987517543436570820681016103,34046,3.0,1.0,3.0,3.0,5.0,2.0,2.0,5.0,1.0,0,2,0.7
1.3.6.1.4.1.14519.5.2.1.6279.6001.803987517543436570820681016103,34096,4.0,1.0,6.0,2.0,4.0,3.0,2.0,5.0,2.0,0,4,2.1
1.3.6.1.4.1.14519.5.2.1.6279.6001.803987517543436570820681016103,13132,3.0,1.0,6.0,4.0,3.0,3.0,2.0,5.0,1.0,0,4,2.1
1.3.6.1.4.1.14519.5.2.1.6279.6001.803987517543436570820681016103,13365,2.0,1.0,6.0,4.0,4.0,2.0,1.0,5.0,1.0,0,5,2.8
1.3.6.1.4.1.14519.5.2.1.6279.6001.803987517543436570820681016103,0,5.0,1.0,3.0,5.0,5.0,1.0,1.0,5.0,1.0,0,5,2.8
1.3.6.1.4.1.14519.5.2.1.6279.6001.803987517543436570820681016103,4,3.0,1.0,6.0,3.0,4.0,1.0,1.0,5.0,2.0,0,3,1.4
1.3.6.1.4.1.14519.5.2.1.6279.6001.803987517543436570820681016103,8,3.0,1.0,6.0,3.0,5.0,1.0,1.0,5.0,2.0,0,3,1.4
1.3.6.1.4.1.14519.5.2.1.6279.6001.842980983137518332429408284002,Nodule 002,3.0,1.0,6.0,4.0,5.0,1.0,1.0,5.0,1.0,0,3,2.0
1.3.6.1.4.1.14519.5.2.1.6279.6001.842980983137518332429408284002,Nodule 001,4.0,1.0,6.0,5.0,5.0,1.0,1.0,5.0,1.0,0,3,2.0
1.3.6.1.4.1.14519.5.2.1.6279.6001.534006575256943390479252771547,141158,5.0,1.0,6.0,4.0,1.0,2.0,2.0,1.0,3.0,,19,11.25
1.3.6.1.4.1.14519.5.2.1.6279.6001.534006575256943390479252771547,141153,5.0,1.0,6.0,2.0,1.0,5.0,4.0,4.0,5.0,1,26,15.62
1.3.6.1.4.1.14519.5.2.1.6279.6001.534006575256943390479252771547,141164,5.0,1.0,6.0,4.0,4.0,2.0,2.0,5.0,2.0,0,8,4.38
1.3.6.1.4.1.14519.5.2.1.6279.6001.534006575256943390479252771547,166858,5.0,1.0,6.0,4.0,2.0,1.0,2.0,4.0,5.0,1,18,10.62
1.3.6.1.4.1.14519.5.2.1.6279.6001.534006575256943390479252771547,166863,2.0,1.0,6.0,4.0,1.0,2.0,1.0,1.0,4.0,1,15,8.75
1.3.6.1.4.1.14519.5.2.1.6279.6001.534006575256943390479252771547,166874,2.0,1.0,6.0,2.0,4.0,1.0,1.0,5.0,2.0,0,6,3.12
1.3.6.1.4.1.14519.5.2.1.6279.6001.534006575256943390479252771547,166869,5.0,1.0,6.0,5.0,5.0,1.0,1.0,5.0,4.0,1,9,5.0
1.3.6.1.4.1.14519.5.2.1.6279.6001.534006575256943390479252771547,168529,3.0,1.0,6.0,4.0,5.0,1.0,1.0,5.0,3.0,,9,5.0
1.3.6.1.4.1.14519.5.2.1.6279.6001.534006575256943390479252771547,Nodule 003,3.0,1.0,6.0,3.0,4.0,1.0,1.0,5.0,2.0,0,8,4.38
1.3.6.1.4.1.14519.5.2.1.6279.6001.534006575256943390479252771547,Nodule 002,4.0,1.0,6.0,3.0,4.0,2.0,1.0,5.0,4.0,1,9,5.0
1.3.6.1.4.1.14519.5.2.1.6279.6001.534006575256943390479252771547,Nodule 001,5.0,1.0,6.0,3.0,3.0,3.0,5.0,5.0,5.0,1,19,11.25
1.3.6.1.4.1.14519.5.2.1.6279.6001.534006575256943390479252771547,0,1.0,1.0,6.0,5.0,2.0,1.0,1.0,1.0,2.0,0,17,10.0
1.3.6.1.4.1.14519.5.2.1.6279.6001.534006575256943390479252771547,4,1.0,1.0,6.0,5.0,2.0,1.0,1.0,1.0,2.0,0,17,10.0
1.3.6.1.4.1.14519.5.2.1.6279.6001.534006575256943390479252771547,7,3.0,1.0,6.0,5.0,5.0,1.0,1.0,5.0,2.0,0,9,5.0
1.3.6.1.4.1.14519.5.2.1.6279.6001.302876782304722412779805665588,29844,4.0,1.0,5.0,4.0,4.0,1.0,1.0,5.0,1.0,0,4,9.0
1.3.6.1.4.1.14519.5.2.1.6279.6001.302876782304722412779805665588,12803,5.0,1.0,3.0,4.0,4.0,2.0,2.0,5.0,1.0,0,4,9.0
1.3.6.1.4.1.14519.5.2.1.6279.6001.302876782304722412779805665588,0,4.0,1.0,5.0,3.0,4.0,1.0,1.0,5.0,1.0,0,3,6.0
1.3.6.1.4.1.14519.5.2.1.6279.6001.337005960787660957389988207064,0076,3.0,1.0,6.0,3.0,4.0,1.0,1.0,5.0,3.0,,2,1.25
1.3.6.1.4.1.14519.5.2.1.6279.6001.337005960787660957389988207064,5360,1.0,1.0,6.0,3.0,4.0,2.0,1.0,4.0,3.0,,2,1.25
1.3.6.1.4.1.14519.5.2.1.6279.6001.337005960787660957389988207064,Nodule 001,4.0,1.0,6.0,4.0,5.0,1.0,1.0,5.0,3.0,,3,2.5
1.3.6.1.4.1.14519.5.2.1.6279.6001.339882192295517122002429068974,60319,3.0,1.0,6.0,4.0,3.0,1.0,3.0,5.0,2.0,0,8,7.0
1.3.6.1.4.1.14519.5.2.1.6279.6001.339882192295517122002429068974,Nodule 001,5.0,1.0,6.0,4.0,4.0,2.0,2.0,5.0,4.0,1,6,5.0
1.3.6.1.4.1.14519.5.2.1.6279.6001.339882192295517122002429068974,13899,3.0,1.0,6.0,4.0,4.0,2.0,3.0,4.0,3.0,,7,6.0
1.3.6.1.4.1.14519.5.2.1.6279.6001.266581250778073944645044950856,3,5.0,1.0,6.0,4.0,4.0,1.0,1.0,1.0,3.0,,3,2.0
1.3.6.1.4.1.14519.5.2.1.6279.6001.282779922503707013097174625409,Nodule 002,4.0,1.0,6.0,5.0,5.0,1.0,1.0,5.0,2.0,0,5,2.5
1.3.6.1.4.1.14519.5.2.1.6279.6001.282779922503707013097174625409,Nodule 001,5.0,1.0,6.0,4.0,5.0,1.0,1.0,5.0,3.0,,9,5.0
1.3.6.1.4.1.14519.5.2.1.6279.6001.282779922503707013097174625409,0,3.0,1.0,6.0,5.0,1.0,5.0,1.0,5.0,3.0,,6,3.12
1.3.6.1.4.1.14519.5.2.1.6279.6001.282779922503707013097174625409,3,5.0,1.0,6.0,5.0,5.0,3.0,1.0,5.0,2.0,0,9,5.0
1.3.6.1.4.1.14519.5.2.1.6279.6001.282779922503707013097174625409,14787,3.0,1.0,6.0,4.0,5.0,1.0,1.0,5.0,1.0,0,9,5.0
1.3.6.1.4.1.14519.5.2.1.6279.6001.282779922503707013097174625409,14808,2.0,1.0,6.0,4.0,4.0,1.0,1.0,5.0,2.0,0,6,3.12
1.3.6.1.4.1.14519.5.2.1.6279.6001.282779922503707013097174625409,14783,3.0,1.0,6.0,4.0,3.0,1.0,1.0,5.0,2.0,0,4,1.88
1.3.6.1.4.1.14519.5.2.1.6279.6001.282779922503707013097174625409,7271,1.0,1.0,6.0,5.0,3.0,1.0,1.0,5.0,1.0,0,7,3.75
1.3.6.1.4.1.14519.5.2.1.6279.6001.282779922503707013097174625409,7261,2.0,1.0,6.0,4.0,3.0,1.0,1.0,3.0,1.0,0,6,3.12
1.3.6.1.4.1.14519.5.2.1.6279.6001.254138388912084634057282064266,Nodule 001,3.0,1.0,6.0,4.0,5.0,1.0,1.0,5.0,3.0,,2,2.5
1.3.6.1.4.1.14519.5.2.1.6279.6001.254138388912084634057282064266,Nodule 002,4.0,1.0,6.0,3.0,5.0,1.0,1.0,5.0,3.0,,2,2.5
1.3.6.1.4.1.14519.5.2.1.6279.6001.254138388912084634057282064266,03533,5.0,1.0,6.0,1.0,2.0,2.0,2.0,5.0,3.0,,3,5.0
1.3.6.1.4.1.14519.5.2.1.6279.6001.254138388912084634057282064266,IL057_196336,5.0,1.0,6.0,2.0,3.0,1.0,4.0,5.0,4.0,1,3,5.0
1.3.6.1.4.1.14519.5.2.1.6279.6001.254138388912084634057282064266,IL057_201252,4.0,1.0,6.0,3.0,3.0,1.0,2.0,5.0,3.0,,2,2.5
1.3.6.1.4.1.14519.5.2.1.6279.6001.198016798894102791158686961192,52621,3.0,1.0,6.0,5.0,5.0,1.0,1.0,5.0,2.0,0,10,6.3
1.3.6.1.4.1.14519.5.2.1.6279.6001.198016798894102791158686961192,44181,4.0,1.0,6.0,4.0,5.0,1.0,1.0,5.0,3.0,,10,6.3
1.3.6.1.4.1.14519.5.2.1.6279.6001.198016798894102791158686961192,13024,5.0,1.0,6.0,5.0,5.0,1.0,1.0,5.0,4.0,1,10,6.3
1.3.6.1.4.1.14519.5.2.1.6279.6001.198016798894102791158686961192,0,5.0,1.0,6.0,3.0,5.0,1.0,1.0,5.0,1.0,0,10,6.3
1.3.6.1.4.1.14519.5.2.1.6279.6001.198016798894102791158686961192,3,5.0,1.0,6.0,5.0,5.0,1.0,1.0,5.0,3.0,,5,2.8
1.3.6.1.4.1.14519.5.2.1.6279.6001.198016798894102791158686961192,5,5.0,1.0,6.0,4.0,5.0,1.0,1.0,5.0,3.0,,6,3.5
1.3.6.1.4.1.14519.5.2.1.6279.6001.126704785377921920210612476953,6146,1.0,1.0,6.0,3.0,2.0,2.0,1.0,2.0,3.0,,4,3.75
1.3.6.1.4.1.14519.5.2.1.6279.6001.126704785377921920210612476953,7186,5.0,1.0,6.0,2.0,1.0,1.0,1.0,1.0,3.0,,5,5.0
1.3.6.1.4.1.14519.5.2.1.6279.6001.126704785377921920210612476953,Nodule 003,3.0,1.0,6.0,3.0,4.0,2.0,1.0,5.0,4.0,1,5,5.0
1.3.6.1.4.1.14519.5.2.1.6279.6001.309564220265302089123180126785,70368,3.0,1.0,6.0,3.0,1.0,1.0,1.0,4.0,3.0,,3,6.0
1.3.6.1.4.1.14519.5.2.1.6279.6001.309564220265302089123180126785,14372,1.0,1.0,6.0,3.0,2.0,2.0,1.0,2.0,3.0,,2,3.0
1.3.6.1.4.1.14519.5.2.1.6279.6001.196251645377731223510086726530,2,3.0,1.0,6.0,5.0,5.0,1.0,1.0,5.0,2.0,0,13,7.5
1.3.6.1.4.1.14519.5.2.1.6279.6001.196251645377731223510086726530,9,5.0,1.0,6.0,5.0,5.0,1.0,1.0,5.0,3.0,,11,6.25
1.3.6.1.4.1.14519.5.2.1.6279.6001.196251645377731223510086726530,Nodule 001,5.0,1.0,6.0,3.0,4.0,1.0,1.0,5.0,4.0,1,10,5.62
1.3.6.1.4.1.14519.5.2.1.6279.6001.196251645377731223510086726530,38075,4.0,1.0,6.0,2.0,1.0,4.0,3.0,5.0,4.0,1,16,8.12
1.3.6.1.4.1.14519.5.2.1.6279.6001.196251645377731223510086726530,38081,3.0,1.0,5.0,2.0,4.0,1.0,1.0,5.0,1.0,0,9,5.0
1.3.6.1.4.1.14519.5.2.1.6279.6001.196251645377731223510086726530,51714,2.0,1.0,3.0,3.0,5.0,1.0,1.0,5.0,1.0,0,10,5.62
1.3.6.1.4.1.14519.5.2.1.6279.6001.196251645377731223510086726530,25276,4.0,1.0,6.0,3.0,4.0,3.0,1.0,4.0,3.0,,9,5.0
1.3.6.1.4.1.14519.5.2.1.6279.6001.156579001330474859527530187095,0,3.0,1.0,6.0,4.0,3.0,3.0,2.0,3.0,3.0,,6,3.12
1.3.6.1.4.1.14519.5.2.1.6279.6001.156579001330474859527530187095,Nodule 001,3.0,4.0,6.0,2.0,4.0,2.0,1.0,3.0,4.0,1,6,3.12
1.3.6.1.4.1.14519.5.2.1.6279.6001.230180665627287711381156820813,10784,4.0,1.0,6.0,3.0,2.0,3.0,5.0,3.0,4.0,1,4,9.0
1.3.6.1.4.1.14519.5.2.1.6279.6001.230180665627287711381156820813,10788,5.0,1.0,6.0,5.0,4.0,5.0,5.0,5.0,2.0,0,5,12.0
1.3.6.1.4.1.14519.5.2.1.6279.6001.230180665627287711381156820813,15014,4.0,1.0,6.0,5.0,3.0,2.0,2.0,5.0,5.0,1,4,9.0
1.3.6.1.4.1.14519.5.2.1.6279.6001.230180665627287711381156820813,15044,2.0,1.0,6.0,3.0,2.0,3.0,5.0,1.0,3.0,,1,0.0
1.3.6.1.4.1.14519.5.2.1.6279.6001.230180665627287711381156820813,15018,4.0,1.0,6.0,5.0,5.0,5.0,5.0,5.0,2.0,0,4,9.0
1.3.6.1.4.1.14519.5.2.1.6279.6001.230180665627287711381156820813,2645,5.0,1.0,6.0,3.0,1.0,3.0,4.0,4.0,5.0,1,4,9.0
1.3.6.1.4.1.14519.5.2.1.6279.6001.230180665627287711381156820813,2649,5.0,1.0,6.0,5.0,5.0,5.0,5.0,5.0,4.0,1,4,9.0
1.3.6.1.4.1.14519.5.2.1.6279.6001.230180665627287711381156820813,4,4.0,1.0,6.0,5.0,4.0,1.0,1.0,5.0,2.0,0,4,9.0
1.3.6.1.4.1.14519.5.2.1.6279.6001.765459236550358748053283544075,49940,5.0,1.0,6.0,4.0,4.0,1.0,1.0,5.0,2.0,0,11,7.5
1.3.6.1.4.1.14519.5.2.1.6279.6001.765459236550358748053283544075,49929,5.0,1.0,6.0,2.0,4.0,1.0,1.0,5.0,4.0,1,40,29.25
1.3.6.1.4.1.14519.5.2.1.6279.6001.765459236550358748053283544075,49943,5.0,1.0,6.0,4.0,4.0,1.0,1.0,5.0,4.0,1,13,9.0
1.3.6.1.4.1.14519.5.2.1.6279.6001.765459236550358748053283544075,49936,5.0,1.0,6.0,4.0,4.0,1.0,1.0,5.0,4.0,1,17,12.0
1.3.6.1.4.1.14519.5.2.1.6279.6001.765459236550358748053283544075,Nodule 002,5.0,1.0,6.0,3.0,4.0,2.0,1.0,4.0,4.0,1,11,7.5
1.3.6.1.4.1.14519.5.2.1.6279.6001.765459236550358748053283544075,Nodule 004,4.0,1.0,6.0,3.0,4.0,3.0,1.0,5.0,5.0,1,17,12.0
1.3.6.1.4.1.14519.5.2.1.6279.6001.765459236550358748053283544075,12580,5.0,1.0,6.0,3.0,3.0,3.0,1.0,5.0,4.0,1,27,19.5
1.3.6.1.4.1.14519.5.2.1.6279.6001.765459236550358748053283544075,12584,5.0,1.0,6.0,3.0,4.0,3.0,2.0,5.0,2.0,0,15,10.5
1.3.6.1.4.1.14519.5.2.1.6279.6001.765459236550358748053283544075,12588,5.0,1.0,6.0,3.0,5.0,1.0,1.0,5.0,5.0,1,10,6.75
1.3.6.1.4.1.14519.5.2.1.6279.6001.765459236550358748053283544075,0,5.0,1.0,6.0,4.0,4.0,1.0,1.0,5.0,2.0,0,10,6.75
1.3.6.1.4.1.14519.5.2.1.6279.6001.765459236550358748053283544075,5,5.0,1.0,6.0,3.0,4.0,3.0,3.0,5.0,3.0,,17,12.0
1.3.6.1.4.1.14519.5.2.1.6279.6001.308183340111270052562662456038,15234,4.0,1.0,6.0,4.0,2.0,3.0,3.0,5.0,3.0,,2,2.5
1.3.6.1.4.1.14519.5.2.1.6279.6001.624425075947752229712087113746,Nodule 003,5.0,1.0,6.0,3.0,4.0,2.0,2.0,5.0,5.0,1,18,21.25
1.3.6.1.4.1.14519.5.2.1.6279.6001.624425075947752229712087113746,Nodule 004,2.0,1.0,6.0,4.0,5.0,1.0,1.0,5.0,2.0,0,2,1.25
1.3.6.1.4.1.14519.5.2.1.6279.6001.624425075947752229712087113746,Nodule 002,4.0,1.0,6.0,3.0,5.0,1.0,1.0,5.0,2.0,0,4,3.75
1.3.6.1.4.1.14519.5.2.1.6279.6001.624425075947752229712087113746,0,5.0,1.0,6.0,5.0,5.0,3.0,1.0,5.0,3.0,,19,22.5
1.3.6.1.4.1.14519.5.2.1.6279.6001.624425075947752229712087113746,52242,5.0,1.0,6.0,4.0,5.0,2.0,1.0,5.0,5.0,1,17,20.0
1.3.6.1.4.1.14519.5.2.1.6279.6001.624425075947752229712087113746,57987,5.0,1.0,6.0,4.0,4.0,2.0,1.0,5.0,5.0,1,18,21.25
1.3.6.1.4.1.14519.5.2.1.6279.6001.991510467496831189331312523884,Nodule 001,5.0,1.0,6.0,3.0,4.0,2.0,2.0,5.0,4.0,1,4,9.0
1.3.6.1.4.1.14519.5.2.1.6279.6001.991510467496831189331312523884,Nodule 002,5.0,1.0,6.0,5.0,5.0,1.0,1.0,5.0,3.0,,3,6.0
1.3.6.1.4.1.14519.5.2.1.6279.6001.991510467496831189331312523884,13290,4.0,1.0,6.0,4.0,5.0,1.0,1.0,5.0,3.0,,3,6.0
1.3.6.1.4.1.14519.5.2.1.6279.6001.991510467496831189331312523884,13284,5.0,1.0,5.0,5.0,5.0,1.0,2.0,5.0,1.0,0,3,6.0
1.3.6.1.4.1.14519.5.2.1.6279.6001.991510467496831189331312523884,MI014_7878,5.0,1.0,5.0,5.0,5.0,1.0,1.0,5.0,1.0,0,4,9.0
1.3.6.1.4.1.14519.5.2.1.6279.6001.991510467496831189331312523884,0,5.0,1.0,6.0,5.0,5.0,1.0,3.0,5.0,4.0,1,4,9.0
1.3.6.1.4.1.14519.5.2.1.6279.6001.991510467496831189331312523884,2,5.0,1.0,6.0,5.0,5.0,1.0,1.0,5.0,3.0,,3,6.0
1.3.6.1.4.1.14519.5.2.1.6279.6001.118140393257625250121502185026,Nodule 004,5.0,1.0,6.0,4.0,5.0,1.0,1.0,5.0,3.0,,7,10.8
1.3.6.1.4.1.14519.5.2.1.6279.6001.118140393257625250121502185026,Nodule 003,5.0,1.0,6.0,4.0,5.0,1.0,1.0,5.0,4.0,1,6,9.0
1.3.6.1.4.1.14519.5.2.1.6279.6001.118140393257625250121502185026,Nodule 002,4.0,1.0,6.0,4.0,5.0,1.0,1.0,5.0,3.0,,3,3.6
1.3.6.1.4.1.14519.5.2.1.6279.6001.118140393257625250121502185026,13461,4.0,1.0,6.0,3.0,4.0,1.0,1.0,5.0,3.0,,2,1.8
1.3.6.1.4.1.14519.5.2.1.6279.6001.118140393257625250121502185026,13457,5.0,1.0,5.0,5.0,5.0,1.0,1.0,5.0,1.0,0,4,5.4
1.3.6.1.4.1.14519.5.2.1.6279.6001.118140393257625250121502185026,13468,5.0,1.0,6.0,5.0,5.0,1.0,1.0,5.0,5.0,1,6,9.0
1.3.6.1.4.1.14519.5.2.1.6279.6001.118140393257625250121502185026,1468,3.0,1.0,6.0,2.0,3.0,2.0,2.0,4.0,2.0,0,2,1.8
1.3.6.1.4.1.14519.5.2.1.6279.6001.118140393257625250121502185026,1464,3.0,1.0,6.0,3.0,4.0,2.0,3.0,4.0,3.0,,3,3.6
1.3.6.1.4.1.14519.5.2.1.6279.6001.118140393257625250121502185026,1460,4.0,1.0,6.0,4.0,4.0,2.0,2.0,4.0,3.0,,7,10.8
1.3.6.1.4.1.14519.5.2.1.6279.6001.118140393257625250121502185026,1471,4.0,1.0,6.0,4.0,3.0,3.0,2.0,4.0,3.0,,7,10.8
1.3.6.1.4.1.14519.5.2.1.6279.6001.881807066375601978080868510714,80565,2.0,1.0,6.0,2.0,3.0,1.0,3.0,3.0,3.0,,2,3.0
1.3.6.1.4.1.14519.5.2.1.6279.6001.881807066375601978080868510714,80562,4.0,1.0,6.0,3.0,3.0,2.0,1.0,5.0,3.0,,2,3.0
1.3.6.1.4.1.14519.5.2.1.6279.6001.881807066375601978080868510714,82369,3.0,1.0,6.0,3.0,3.0,1.0,3.0,3.0,3.0,,3,6.0
1.3.6.1.4.1.14519.5.2.1.6279.6001.881807066375601978080868510714,85119,3.0,1.0,6.0,4.0,2.0,2.0,2.0,4.0,3.0,,2,3.0
1.3.6.1.4.1.14519.5.2.1.6279.6001.881807066375601978080868510714,16649,5.0,1.0,6.0,4.0,2.0,3.0,2.0,4.0,4.0,1,2,3.0
1.3.6.1.4.1.14519.5.2.1.6279.6001.336102335330125765000317290445,Nodule 002,2.0,1.0,6.0,3.0,4.0,1.0,1.0,4.0,3.0,,8,8.75
1.3.6.1.4.1.14519.5.2.1.6279.6001.230675342744370103160629638194,IL057_92964,2.0,1.0,6.0,2.0,3.0,3.0,3.0,3.0,3.0,,2,1.25
1.3.6.1.4.1.14519.5.2.1.6279.6001.230675342744370103160629638194,Nodule 003,3.0,1.0,6.0,4.0,4.0,2.0,1.0,5.0,3.0,,2,1.25
1.3.6.1.4.1.14519.5.2.1.6279.6001.230675342744370103160629638194,Nodule 002,3.0,1.0,6.0,3.0,4.0,2.0,1.0,4.0,3.0,,2,1.25
1.3.6.1.4.1.14519.5.2.1.6279.6001.230675342744370103160629638194,Nodule 005,3.0,1.0,6.0,3.0,5.0,1.0,1.0,5.0,2.0,0,4,3.75
1.3.6.1.4.1.14519.5.2.1.6279.6001.230675342744370103160629638194,5696,5.0,1.0,6.0,3.0,1.0,1.0,1.0,4.0,3.0,,4,3.75
1.3.6.1.4.1.14519.5.2.1.6279.6001.230675342744370103160629638194,5720,2.0,1.0,6.0,2.0,2.0,1.0,3.0,3.0,3.0,,2,1.25
1.3.6.1.4.1.14519.5.2.1.6279.6001.230675342744370103160629638194,5722,2.0,1.0,6.0,4.0,2.0,4.0,1.0,3.0,3.0,,2,1.25
1.3.6.1.4.1.14519.5.2.1.6279.6001.206097113343059612247503064658,Nodule 001,5.0,1.0,6.0,3.0,3.0,3.0,3.0,5.0,5.0,1,22,21.0
1.3.6.1.4.1.14519.5.2.1.6279.6001.206097113343059612247503064658,IL057_166336,5.0,1.0,6.0,3.0,4.0,5.0,4.0,5.0,5.0,1,21,20.0
1.3.6.1.4.1.14519.5.2.1.6279.6001.206097113343059612247503064658,0,5.0,1.0,6.0,4.0,5.0,1.0,3.0,5.0,4.0,1,22,21.0
1.3.6.1.4.1.14519.5.2.1.6279.6001.206097113343059612247503064658,1,3.0,1.0,6.0,3.0,3.0,2.0,1.0,5.0,2.0,0,4,3.0
1.3.6.1.4.1.14519.5.2.1.6279.6001.413896555982844732694353377538,Nodule 003,4.0,1.0,6.0,4.0,5.0,1.0,1.0,5.0,2.0,0,2,2.0
1.3.6.1.4.1.14519.5.2.1.6279.6001.413896555982844732694353377538,Nodule 005,4.0,1.0,6.0,4.0,4.0,1.0,1.0,2.0,5.0,1,3,4.0
1.3.6.1.4.1.14519.5.2.1.6279.6001.413896555982844732694353377538,Nodule 002,4.0,1.0,6.0,4.0,5.0,1.0,1.0,5.0,2.0,0,3,4.0
1.3.6.1.4.1.14519.5.2.1.6279.6001.413896555982844732694353377538,58756,2.0,1.0,6.0,3.0,3.0,1.0,1.0,5.0,2.0,0,1,0.0
1.3.6.1.4.1.14519.5.2.1.6279.6001.413896555982844732694353377538,58749,2.0,1.0,6.0,5.0,2.0,1.0,1.0,2.0,3.0,,3,4.0
1.3.6.1.4.1.14519.5.2.1.6279.6001.413896555982844732694353377538,58733,2.0,1.0,6.0,4.0,3.0,1.0,1.0,2.0,1.0,0,2,2.0
1.3.6.1.4.1.14519.5.2.1.6279.6001.413896555982844732694353377538,MI014_14437,5.0,1.0,6.0,4.0,2.0,2.0,1.0,3.0,4.0,1,3,4.0
1.3.6.1.4.1.14519.5.2.1.6279.6001.413896555982844732694353377538,0,3.0,1.0,6.0,5.0,5.0,1.0,1.0,5.0,2.0,0,3,4.0
1.3.6.1.4.1.14519.5.2.1.6279.6001.413896555982844732694353377538,3,3.0,1.0,6.0,5.0,2.0,1.0,1.0,1.0,2.0,0,3,4.0
1.3.6.1.4.1.14519.5.2.1.6279.6001.106719103982792863757268101375,5230,5.0,1.0,6.0,3.0,3.0,3.0,1.0,3.0,3.0,,15,14.0
1.3.6.1.4.1.14519.5.2.1.6279.6001.106719103982792863757268101375,Nodule 001,5.0,1.0,6.0,2.0,4.0,2.0,4.0,5.0,5.0,1,13,12.0
1.3.6.1.4.1.14519.5.2.1.6279.6001.106719103982792863757268101375,1574,5.0,1.0,6.0,3.0,2.0,2.0,3.0,4.0,4.0,1,16,15.0
1.3.6.1.4.1.14519.5.2.1.6279.6001.106719103982792863757268101375,0,4.0,1.0,6.0,3.0,2.0,3.0,1.0,3.0,4.0,1,14,13.0
1.3.6.1.4.1.14519.5.2.1.6279.6001.177785764461425908755977367558,Nodule 001,4.0,1.0,6.0,4.0,5.0,1.0,1.0,5.0,2.0,0,7,3.75
1.3.6.1.4.1.14519.5.2.1.6279.6001.177785764461425908755977367558,CA006_29719,4.0,1.0,6.0,5.0,4.0,4.0,1.0,4.0,2.0,0,6,3.12
1.3.6.1.4.1.14519.5.2.1.6279.6001.177785764461425908755977367558,12614,3.0,1.0,6.0,3.0,4.0,1.0,1.0,5.0,3.0,,6,3.12
1.3.6.1.4.1.14519.5.2.1.6279.6001.177785764461425908755977367558,0,5.0,1.0,6.0,5.0,5.0,1.0,1.0,5.0,2.0,0,8,4.38
1.3.6.1.4.1.14519.5.2.1.6279.6001.110835886706944718242055570943,38539,3.0,1.0,6.0,5.0,3.0,1.0,3.0,5.0,2.0,0,8,12.0
1.3.6.1.4.1.14519.5.2.1.6279.6001.110835886706944718242055570943,38544,5.0,1.0,6.0,3.0,4.0,1.0,1.0,5.0,4.0,1,3,6.0
1.3.6.1.4.1.14519.5.2.1.6279.6001.110835886706944718242055570943,19365,5.0,1.0,6.0,3.0,4.0,1.0,2.0,5.0,4.0,1,3,6.0
1.3.6.1.4.1.14519.5.2.1.6279.6001.110835886706944718242055570943,8473,4.0,1.0,6.0,5.0,5.0,1.0,1.0,5.0,3.0,,3,6.0
1.3.6.1.4.1.14519.5.2.1.6279.6001.110835886706944718242055570943,7,5.0,1.0,6.0,5.0,5.0,1.0,1.0,5.0,2.0,0,3,6.0
1.3.6.1.4.1.14519.5.2.1.6279.6001.218225745759901171776512645078,80729,4.0,1.0,3.0,4.0,4.0,1.0,1.0,5.0,1.0,0,3,6.0
1.3.6.1.4.1.14519.5.2.1.6279.6001.218225745759901171776512645078,80724,3.0,1.0,3.0,5.0,5.0,1.0,1.0,5.0,1.0,0,3,6.0
1.3.6.1.4.1.14519.5.2.1.6279.6001.218225745759901171776512645078,80731,3.0,1.0,6.0,4.0,4.0,1.0,1.0,5.0,1.0,0,3,6.0
1.3.6.1.4.1.14519.5.2.1.6279.6001.218225745759901171776512645078,80739,1.0,1.0,6.0,4.0,2.0,1.0,1.0,2.0,2.0,0,2,3.0
1.3.6.1.4.1.14519.5.2.1.6279.6001.218225745759901171776512645078,80726,3.0,1.0,6.0,1.0,3.0,1.0,1.0,5.0,1.0,0,3,6.0
1.3.6.1.4.1.14519.5.2.1.6279.6001.218225745759901171776512645078,80719,3.0,1.0,6.0,2.0,4.0,1.0,1.0,5.0,2.0,0,2,3.0
1.3.6.1.4.1.14519.5.2.1.6279.6001.218225745759901171776512645078,85270,2.0,1.0,6.0,5.0,3.0,1.0,1.0,4.0,3.0,,3,6.0
1.3.6.1.4.1.14519.5.2.1.6279.6001.218225745759901171776512645078,85278,4.0,1.0,3.0,5.0,5.0,1.0,1.0,5.0,1.0,0,2,3.0
1.3.6.1.4.1.14519.5.2.1.6279.6001.218225745759901171776512645078,16821,5.0,1.0,5.0,4.0,5.0,1.0,1.0,5.0,1.0,0,3,6.0
1.3.6.1.4.1.14519.5.2.1.6279.6001.218225745759901171776512645078,16815,1.0,1.0,6.0,4.0,2.0,3.0,1.0,1.0,3.0,,2,3.0
1.3.6.1.4.1.14519.5.2.1.6279.6001.218225745759901171776512645078,16823,2.0,1.0,6.0,4.0,2.0,1.0,1.0,3.0,3.0,,2,3.0
1.3.6.1.4.1.14519.5.2.1.6279.6001.218225745759901171776512645078,16801,5.0,1.0,6.0,3.0,2.0,2.0,1.0,3.0,3.0,,2,3.0
1.3.6.1.4.1.14519.5.2.1.6279.6001.218225745759901171776512645078,16810,3.0,1.0,6.0,3.0,2.0,1.0,1.0,3.0,2.0,0,3,6.0
1.3.6.1.4.1.14519.5.2.1.6279.6001.218225745759901171776512645078,16827,3.0,1.0,6.0,3.0,2.0,1.0,1.0,3.0,3.0,,2,3.0
1.3.6.1.4.1.14519.5.2.1.6279.6001.218225745759901171776512645078,16824,3.0,1.0,6.0,3.0,2.0,1.0,1.0,3.0,3.0,,2,3.0
1.3.6.1.4.1.14519.5.2.1.6279.6001.218225745759901171776512645078,16818,1.0,1.0,6.0,4.0,2.0,1.0,1.0,4.0,3.0,,3,6.0
1.3.6.1.4.1.14519.5.2.1.6279.6001.218225745759901171776512645078,16806,2.0,1.0,6.0,4.0,3.0,1.0,1.0,4.0,3.0,,3,6.0
1.3.6.1.4.1.14519.5.2.1.6279.6001.218225745759901171776512645078,16811,5.0,1.0,3.0,5.0,5.0,1.0,1.0,5.0,1.0,0,3,6.0
1.3.6.1.4.1.14519.5.2.1.6279.6001.218225745759901171776512645078,5,5.0,1.0,3.0,5.0,5.0,1.0,1.0,5.0,1.0,0,3,6.0
1.3.6.1.4.1.14519.5.2.1.6279.6001.218225745759901171776512645078,9,3.0,1.0,6.0,5.0,5.0,1.0,1.0,5.0,2.0,0,3,6.0
1.3.6.1.4.1.14519.5.2.1.6279.6001.161633200801003804714818844696,Nodule 001,3.0,1.0,6.0,4.0,5.0,1.0,1.0,5.0,2.0,0,3,2.5
1.3.6.1.4.1.14519.5.2.1.6279.6001.161633200801003804714818844696,6107,3.0,1.0,6.0,3.0,4.0,1.0,1.0,5.0,3.0,,3,2.5
1.3.6.1.4.1.14519.5.2.1.6279.6001.281254424459536762125243157973,0,5.0,1.0,6.0,3.0,4.0,1.0,1.0,5.0,3.0,,5,12.0
1.3.6.1.4.1.14519.5.2.1.6279.6001.314917368146772872954571551463,98347,5.0,1.0,6.0,3.0,4.0,1.0,3.0,5.0,3.0,,2,5.0
1.3.6.1.4.1.14519.5.2.1.6279.6001.314917368146772872954571551463,98343,5.0,1.0,6.0,3.0,4.0,1.0,2.0,5.0,3.0,,2,5.0
1.3.6.1.4.1.14519.5.2.1.6279.6001.314917368146772872954571551463,122592,3.0,1.0,6.0,5.0,4.0,1.0,1.0,5.0,2.0,0,1,0.0
1.3.6.1.4.1.14519.5.2.1.6279.6001.314917368146772872954571551463,122596,2.0,1.0,6.0,5.0,4.0,1.0,1.0,5.0,2.0,0,1,0.0
1.3.6.1.4.1.14519.5.2.1.6279.6001.314917368146772872954571551463,0,3.0,1.0,6.0,3.0,4.0,2.0,4.0,5.0,2.0,0,2,5.0
1.3.6.1.4.1.14519.5.2.1.6279.6001.314917368146772872954571551463,2,2.0,1.0,6.0,3.0,3.0,2.0,3.0,3.0,3.0,,2,5.0
1.3.6.1.4.1.14519.5.2.1.6279.6001.534083630500464995109143618896,IL057_157317,1.0,1.0,6.0,4.0,2.0,1.0,2.0,1.0,3.0,,2,1.25
1.3.6.1.4.1.14519.5.2.1.6279.6001.534083630500464995109143618896,IL057_157313,3.0,1.0,3.0,4.0,5.0,1.0,1.0,5.0,1.0,0,5,5.0
1.3.6.1.4.1.14519.5.2.1.6279.6001.534083630500464995109143618896,IL057_203654,4.0,1.0,3.0,5.0,5.0,1.0,1.0,5.0,1.0,0,4,3.75
1.3.6.1.4.1.14519.5.2.1.6279.6001.534083630500464995109143618896,7506,4.0,1.0,3.0,5.0,5.0,1.0,2.0,5.0,1.0,0,5,5.0
1.3.6.1.4.1.14519.5.2.1.6279.6001.534083630500464995109143618896,7509,1.0,1.0,6.0,4.0,4.0,1.0,1.0,1.0,3.0,,2,1.25
1.3.6.1.4.1.14519.5.2.1.6279.6001.534083630500464995109143618896,7513,3.0,1.0,3.0,3.0,5.0,3.0,1.0,5.0,1.0,0,4,3.75
1.3.6.1.4.1.14519.5.2.1.6279.6001.534083630500464995109143618896,54510,5.0,1.0,3.0,4.0,5.0,1.0,5.0,5.0,1.0,0,5,5.0
1.3.6.1.4.1.14519.5.2.1.6279.6001.534083630500464995109143618896,54512,5.0,1.0,3.0,3.0,5.0,1.0,5.0,5.0,1.0,0,4,3.75
1.3.6.1.4.1.14519.5.2.1.6279.6001.534083630500464995109143618896,57158,2.0,1.0,6.0,4.0,3.0,3.0,2.0,1.0,3.0,,2,1.25
1.3.6.1.4.1.14519.5.2.1.6279.6001.534083630500464995109143618896,Nodule 002,3.0,1.0,6.0,4.0,4.0,1.0,1.0,2.0,4.0,1,2,1.25
1.3.6.1.4.1.14519.5.2.1.6279.6001.534083630500464995109143618896,Nodule 004,4.0,1.0,3.0,4.0,5.0,1.0,1.0,5.0,1.0,0,4,3.75
1.3.6.1.4.1.14519.5.2.1.6279.6001.534083630500464995109143618896,Nodule 001,5.0,1.0,3.0,5.0,5.0,1.0,1.0,5.0,1.0,0,5,5.0
1.3.6.1.4.1.14519.5.2.1.6279.6001.776429308535398795601496131524,Nodule 002,4.0,1.0,6.0,3.0,4.0,1.0,1.0,5.0,3.0,,5,1.88
1.3.6.1.4.1.14519.5.2.1.6279.6001.776429308535398795601496131524,174159,2.0,1.0,6.0,2.0,4.0,1.0,1.0,5.0,2.0,0,7,3.75
1.3.6.1.4.1.14519.5.2.1.6279.6001.238855414831158993232534884296,20448,2.0,1.0,6.0,4.0,1.0,1.0,1.0,1.0,3.0,,7,3.75
1.3.6.1.4.1.14519.5.2.1.6279.6001.238855414831158993232534884296,0,4.0,1.0,6.0,5.0,4.0,5.0,1.0,4.0,3.0,,7,3.75
1.3.6.1.4.1.14519.5.2.1.6279.6001.238855414831158993232534884296,Nodule 001,4.0,1.0,6.0,4.0,4.0,1.0,1.0,4.0,4.0,1,7,3.75
1.3.6.1.4.1.14519.5.2.1.6279.6001.119304665257760307862874140576,60335,5.0,1.0,3.0,4.0,5.0,1.0,1.0,5.0,1.0,0,17,16.0
1.3.6.1.4.1.14519.5.2.1.6279.6001.119304665257760307862874140576,Nodule 002,5.0,1.0,6.0,4.0,5.0,1.0,1.0,5.0,4.0,1,17,16.0
1.3.6.1.4.1.14519.5.2.1.6279.6001.119304665257760307862874140576,Nodule 003,4.0,1.0,6.0,4.0,5.0,1.0,1.0,5.0,2.0,0,4,3.0
1.3.6.1.4.1.14519.5.2.1.6279.6001.119304665257760307862874140576,13942,5.0,1.0,3.0,5.0,5.0,1.0,1.0,5.0,1.0,0,17,16.0
1.3.6.1.4.1.14519.5.2.1.6279.6001.119304665257760307862874140576,0,5.0,1.0,3.0,4.0,5.0,2.0,1.0,5.0,1.0,0,17,16.0
1.3.6.1.4.1.14519.5.2.1.6279.6001.119304665257760307862874140576,3,5.0,1.0,3.0,4.0,5.0,1.0,1.0,5.0,1.0,0,4,3.0
1.3.6.1.4.1.14519.5.2.1.6279.6001.119304665257760307862874140576,4,5.0,1.0,3.0,3.0,5.0,1.0,1.0,5.0,1.0,0,5,4.0
1.3.6.1.4.1.14519.5.2.1.6279.6001.119304665257760307862874140576,5,5.0,1.0,3.0,4.0,5.0,1.0,1.0,5.0,1.0,0,4,3.0
1.3.6.1.4.1.14519.5.2.1.6279.6001.119304665257760307862874140576,6,5.0,1.0,6.0,5.0,5.0,1.0,1.0,5.0,2.0,0,3,2.0
1.3.6.1.4.1.14519.5.2.1.6279.6001.888291896309937415860209787179,9180,1.0,1.0,6.0,4.0,1.0,2.0,1.0,1.0,2.0,0,2,1.25
1.3.6.1.4.1.14519.5.2.1.6279.6001.888291896309937415860209787179,9181,2.0,1.0,6.0,4.0,1.0,2.0,1.0,1.0,3.0,,2,1.25
1.3.6.1.4.1.14519.5.2.1.6279.6001.152944699527354927160275613434,12396,5.0,1.0,6.0,4.0,4.0,1.0,4.0,5.0,1.0,0,3,6.0
1.3.6.1.4.1.14519.5.2.1.6279.6001.152944699527354927160275613434,12402,5.0,1.0,6.0,5.0,5.0,1.0,1.0,5.0,3.0,,5,12.0
1.3.6.1.4.1.14519.5.2.1.6279.6001.152944699527354927160275613434,12418,1.0,1.0,6.0,4.0,1.0,1.0,1.0,1.0,1.0,0,1,0.0
1.3.6.1.4.1.14519.5.2.1.6279.6001.152944699527354927160275613434,16384,4.0,1.0,6.0,2.0,4.0,1.0,4.0,5.0,4.0,1,1,0.0
1.3.6.1.4.1.14519.5.2.1.6279.6001.152944699527354927160275613434,16389,5.0,1.0,6.0,4.0,5.0,5.0,5.0,5.0,3.0,,5,12.0
1.3.6.1.4.1.14519.5.2.1.6279.6001.152944699527354927160275613434,2120,3.0,1.0,6.0,3.0,2.0,1.0,4.0,3.0,3.0,,3,6.0
1.3.6.1.4.1.14519.5.2.1.6279.6001.152944699527354927160275613434,2125,5.0,1.0,6.0,4.0,4.0,4.0,4.0,4.0,3.0,,5,12.0
1.3.6.1.4.1.14519.5.2.1.6279.6001.152944699527354927160275613434,8,5.0,1.0,6.0,4.0,4.0,1.0,1.0,5.0,3.0,,5,12.0
1.3.6.1.4.1.14519.5.2.1.6279.6001.252358625003143649770119512644,0,5.0,1.0,6.0,3.0,2.0,1.0,1.0,2.0,2.0,0,6,3.12
1.3.6.1.4.1.14519.5.2.1.6279.6001.252358625003143649770119512644,7,3.0,1.0,6.0,3.0,2.0,1.0,1.0,2.0,2.0,0,12,6.88
1.3.6.1.4.1.14519.5.2.1.6279.6001.252358625003143649770119512644,74331,3.0,1.0,6.0,2.0,2.0,2.0,2.0,2.0,3.0,,10,5.62
1.3.6.1.4.1.14519.5.2.1.6279.6001.252358625003143649770119512644,74324,4.0,1.0,6.0,2.0,1.0,4.0,1.0,1.0,3.0,,18,10.0
1.3.6.1.4.1.14519.5.2.1.6279.6001.252358625003143649770119512644,74330,3.0,1.0,6.0,2.0,1.0,3.0,3.0,1.0,3.0,,8,4.38
1.3.6.1.4.1.14519.5.2.1.6279.6001.252358625003143649770119512644,74336,4.0,1.0,6.0,3.0,4.0,2.0,2.0,4.0,3.0,,3,1.25
1.3.6.1.4.1.14519.5.2.1.6279.6001.252358625003143649770119512644,74321,3.0,1.0,6.0,2.0,1.0,3.0,4.0,1.0,3.0,,13,7.5
1.3.6.1.4.1.14519.5.2.1.6279.6001.252358625003143649770119512644,74327,3.0,1.0,6.0,3.0,2.0,3.0,2.0,1.0,3.0,,8,4.38
1.3.6.1.4.1.14519.5.2.1.6279.6001.252358625003143649770119512644,Nodule 004,4.0,1.0,6.0,2.0,4.0,2.0,1.0,3.0,4.0,1,12,6.88
1.3.6.1.4.1.14519.5.2.1.6279.6001.252358625003143649770119512644,Nodule 002,3.0,1.0,6.0,4.0,5.0,1.0,1.0,5.0,2.0,0,4,1.88
1.3.6.1.4.1.14519.5.2.1.6279.6001.156181515927698299507377083373,80919,5.0,1.0,3.0,5.0,5.0,1.0,1.0,5.0,1.0,0,4,9.0
1.3.6.1.4.1.14519.5.2.1.6279.6001.156181515927698299507377083373,85469,5.0,1.0,6.0,5.0,3.0,1.0,1.0,5.0,3.0,,4,9.0
1.3.6.1.4.1.14519.5.2.1.6279.6001.156181515927698299507377083373,15639,4.0,1.0,6.0,4.0,3.0,2.0,2.0,4.0,3.0,,4,9.0
1.3.6.1.4.1.14519.5.2.1.6279.6001.156181515927698299507377083373,0,5.0,1.0,3.0,5.0,5.0,1.0,1.0,5.0,1.0,0,4,9.0
1.3.6.1.4.1.14519.5.2.1.6279.6001.191034085672515521659942406513,52492,5.0,1.0,6.0,2.0,3.0,2.0,2.0,5.0,3.0,,4,9.0
1.3.6.1.4.1.14519.5.2.1.6279.6001.275124131364875117499826877835,80604,3.0,1.0,6.0,2.0,3.0,2.0,1.0,3.0,3.0,,2,3.0
1.3.6.1.4.1.14519.5.2.1.6279.6001.275124131364875117499826877835,80601,5.0,1.0,3.0,5.0,4.0,1.0,1.0,5.0,1.0,0,3,6.0
1.3.6.1.4.1.14519.5.2.1.6279.6001.275124131364875117499826877835,92973,4.0,1.0,3.0,5.0,5.0,1.0,1.0,5.0,1.0,0,1,0.0
1.3.6.1.4.1.14519.5.2.1.6279.6001.275124131364875117499826877835,16693,4.0,1.0,6.0,3.0,2.0,1.0,1.0,2.0,2.0,0,2,3.0
1.3.6.1.4.1.14519.5.2.1.6279.6001.275124131364875117499826877835,16690,5.0,1.0,3.0,5.0,5.0,1.0,1.0,5.0,1.0,0,3,6.0
1.3.6.1.4.1.14519.5.2.1.6279.6001.275124131364875117499826877835,0,5.0,1.0,6.0,5.0,4.0,1.0,5.0,4.0,4.0,1,3,6.0
1.3.6.1.4.1.14519.5.2.1.6279.6001.275124131364875117499826877835,1,5.0,1.0,3.0,5.0,5.0,1.0,1.0,5.0,1.0,0,3,6.0
1.3.6.1.4.1.14519.5.2.1.6279.6001.163931625580639955914619627409,Nodule 001,3.0,1.0,6.0,4.0,5.0,1.0,1.0,5.0,3.0,,6,3.12
1.3.6.1.4.1.14519.5.2.1.6279.6001.137763212752154081977261297097,56430,4.0,1.0,3.0,2.0,4.0,1.0,3.0,5.0,1.0,0,9,8.0
1.3.6.1.4.1.14519.5.2.1.6279.6001.137763212752154081977261297097,56433,4.0,1.0,3.0,4.0,4.0,1.0,4.0,5.0,1.0,0,3,2.0
1.3.6.1.4.1.14519.5.2.1.6279.6001.137763212752154081977261297097,56427,4.0,1.0,6.0,4.0,4.0,3.0,2.0,5.0,5.0,1,11,10.0
1.3.6.1.4.1.14519.5.2.1.6279.6001.137763212752154081977261297097,57237,5.0,1.0,6.0,3.0,3.0,3.0,1.0,5.0,5.0,1,12,11.0
1.3.6.1.4.1.14519.5.2.1.6279.6001.137763212752154081977261297097,57238,5.0,1.0,6.0,5.0,1.0,2.0,3.0,3.0,4.0,1,32,18.0
1.3.6.1.4.1.14519.5.2.1.6279.6001.137763212752154081977261297097,Nodule 002,5.0,1.0,6.0,3.0,3.0,2.0,3.0,4.0,5.0,1,20,19.0
1.3.6.1.4.1.14519.5.2.1.6279.6001.137763212752154081977261297097,Nodule 001,5.0,1.0,6.0,3.0,4.0,2.0,2.0,5.0,5.0,1,10,9.0
1.3.6.1.4.1.14519.5.2.1.6279.6001.137763212752154081977261297097,Nodule 003,5.0,1.0,6.0,3.0,4.0,2.0,3.0,4.0,5.0,1,11,10.0
1.3.6.1.4.1.14519.5.2.1.6279.6001.137763212752154081977261297097,Nodule 005,5.0,1.0,3.0,2.0,5.0,1.0,1.0,5.0,1.0,0,9,8.0
1.3.6.1.4.1.14519.5.2.1.6279.6001.137763212752154081977261297097,13515,5.0,1.0,6.0,4.0,4.0,1.0,2.0,5.0,5.0,1,29,20.0
1.3.6.1.4.1.14519.5.2.1.6279.6001.137763212752154081977261297097,13524,5.0,1.0,6.0,5.0,5.0,1.0,2.0,5.0,5.0,1,11,10.0
1.3.6.1.4.1.14519.5.2.1.6279.6001.137763212752154081977261297097,4,5.0,1.0,6.0,5.0,5.0,4.0,1.0,5.0,3.0,,11,10.0
1.3.6.1.4.1.14519.5.2.1.6279.6001.137763212752154081977261297097,5,5.0,1.0,6.0,5.0,5.0,4.0,3.0,5.0,3.0,,19,18.0
1.3.6.1.4.1.14519.5.2.1.6279.6001.137763212752154081977261297097,6,5.0,1.0,6.0,5.0,5.0,4.0,3.0,5.0,3.0,,11,10.0
1.3.6.1.4.1.14519.5.2.1.6279.6001.278010349511857248000260557753,0,3.0,1.0,6.0,5.0,5.0,1.0,1.0,5.0,2.0,0,9,5.0
1.3.6.1.4.1.14519.5.2.1.6279.6001.278010349511857248000260557753,141764,5.0,1.0,6.0,2.0,3.0,2.0,2.0,5.0,3.0,,7,3.75
1.3.6.1.4.1.14519.5.2.1.6279.6001.278010349511857248000260557753,159393,3.0,1.0,6.0,3.0,4.0,2.0,2.0,5.0,3.0,,6,3.12
1.3.6.1.4.1.14519.5.2.1.6279.6001.278010349511857248000260557753,Nodule 001,4.0,1.0,6.0,4.0,4.0,2.0,2.0,5.0,5.0,1,5,2.5
1.3.6.1.4.1.14519.5.2.1.6279.6001.317087518531899043292346860596,Nodule 004,4.0,1.0,6.0,2.0,3.0,3.0,3.0,3.0,5.0,1,11,6.25
1.3.6.1.4.1.14519.5.2.1.6279.6001.317087518531899043292346860596,9719,3.0,1.0,6.0,4.0,1.0,2.0,2.0,3.0,5.0,1,17,10.0
1.3.6.1.4.1.14519.5.2.1.6279.6001.317087518531899043292346860596,20937,3.0,1.0,6.0,3.0,2.0,1.0,2.0,1.0,2.0,0,21,6.88
1.3.6.1.4.1.14519.5.2.1.6279.6001.317087518531899043292346860596,20924,5.0,1.0,6.0,3.0,3.0,4.0,2.0,3.0,5.0,1,14,7.5
1.3.6.1.4.1.14519.5.2.1.6279.6001.317087518531899043292346860596,0,5.0,1.0,6.0,5.0,3.0,5.0,1.0,2.0,3.0,,11,6.25
1.3.6.1.4.1.14519.5.2.1.6279.6001.313835996725364342034830119490,56959,4.0,1.0,6.0,3.0,5.0,2.0,1.0,5.0,3.0,,23,13.75
1.3.6.1.4.1.14519.5.2.1.6279.6001.313835996725364342034830119490,Nodule 004,4.0,1.0,6.0,3.0,5.0,1.0,1.0,5.0,2.0,0,4,1.88
1.3.6.1.4.1.14519.5.2.1.6279.6001.313835996725364342034830119490,Nodule 001,4.0,1.0,6.0,4.0,5.0,1.0,1.0,5.0,2.0,0,5,2.5
1.3.6.1.4.1.14519.5.2.1.6279.6001.313835996725364342034830119490,Nodule 002,5.0,1.0,6.0,3.0,4.0,3.0,2.0,5.0,5.0,1,24,13.75
1.3.6.1.4.1.14519.5.2.1.6279.6001.313835996725364342034830119490,0,5.0,1.0,6.0,5.0,5.0,2.0,1.0,5.0,2.0,0,23,13.75
1.3.6.1.4.1.14519.5.2.1.6279.6001.313835996725364342034830119490,44242,5.0,1.0,6.0,4.0,5.0,3.0,2.0,5.0,5.0,1,21,12.5
1.3.6.1.4.1.14519.5.2.1.6279.6001.219349715895470349269596532320,IL057_195913,4.0,1.0,6.0,4.0,2.0,3.0,1.0,1.0,5.0,1,8,8.75
1.3.6.1.4.1.14519.5.2.1.6279.6001.219349715895470349269596532320,0517,5.0,1.0,6.0,4.0,1.0,3.0,1.0,1.0,3.0,,6,6.25
1.3.6.1.4.1.14519.5.2.1.6279.6001.219349715895470349269596532320,Nodule 001,4.0,1.0,6.0,4.0,4.0,2.0,2.0,4.0,5.0,1,6,6.25
1.3.6.1.4.1.14519.5.2.1.6279.6001.219349715895470349269596532320,81363,4.0,1.0,6.0,2.0,2.0,4.0,1.0,1.0,5.0,1,7,7.5
1.3.6.1.4.1.14519.5.2.1.6279.6001.296738183013079390785739615169,5251,3.0,1.0,6.0,2.0,1.0,1.0,2.0,1.0,5.0,1,10,11.25
1.3.6.1.4.1.14519.5.2.1.6279.6001.296738183013079390785739615169,5291,3.0,4.0,6.0,3.0,1.0,2.0,3.0,3.0,5.0,1,6,6.25
1.3.6.1.4.1.14519.5.2.1.6279.6001.296738183013079390785739615169,Nodule 002,5.0,1.0,6.0,3.0,4.0,3.0,3.0,3.0,5.0,1,7,7.5
1.3.6.1.4.1.14519.5.2.1.6279.6001.296738183013079390785739615169,Nodule 003,5.0,1.0,6.0,3.0,4.0,3.0,2.0,3.0,5.0,1,7,7.5
1.3.6.1.4.1.14519.5.2.1.6279.6001.296738183013079390785739615169,IL057_196104,4.0,1.0,6.0,4.0,1.0,1.0,1.0,1.0,4.0,1,6,5.0
1.3.6.1.4.1.14519.5.2.1.6279.6001.296738183013079390785739615169,IL057_196108,3.0,1.0,6.0,3.0,3.0,3.0,1.0,2.0,4.0,1,7,7.5
1.3.6.1.4.1.14519.5.2.1.6279.6001.296738183013079390785739615169,03492,4.0,1.0,6.0,3.0,1.0,3.0,1.0,1.0,3.0,,12,13.75
1.3.6.1.4.1.14519.5.2.1.6279.6001.296738183013079390785739615169,03496,4.0,1.0,6.0,3.0,2.0,3.0,2.0,1.0,2.0,0,7,7.5
1.3.6.1.4.1.14519.5.2.1.6279.6001.231939547329414331267567352432,69780,5.0,1.0,3.0,4.0,5.0,2.0,1.0,5.0,1.0,0,6,15.0
1.3.6.1.4.1.14519.5.2.1.6279.6001.231939547329414331267567352432,69781,4.0,1.0,6.0,3.0,2.0,5.0,2.0,3.0,2.0,0,2,3.0
1.3.6.1.4.1.14519.5.2.1.6279.6001.231939547329414331267567352432,69782,4.0,1.0,6.0,3.0,4.0,1.0,1.0,5.0,3.0,,1,0.0
1.3.6.1.4.1.14519.5.2.1.6279.6001.231939547329414331267567352432,69783,4.0,1.0,6.0,5.0,5.0,1.0,2.0,5.0,3.0,,1,0.0
1.3.6.1.4.1.14519.5.2.1.6279.6001.231939547329414331267567352432,50516,5.0,1.0,6.0,2.0,3.0,1.0,1.0,4.0,2.0,0,3,6.0
1.3.6.1.4.1.14519.5.2.1.6279.6001.231939547329414331267567352432,50518,5.0,1.0,3.0,5.0,5.0,1.0,1.0,5.0,1.0,0,5,12.0
1.3.6.1.4.1.14519.5.2.1.6279.6001.231939547329414331267567352432,13436,5.0,1.0,3.0,4.0,5.0,1.0,1.0,5.0,1.0,0,4,9.0
1.3.6.1.4.1.14519.5.2.1.6279.6001.231939547329414331267567352432,0,5.0,1.0,6.0,5.0,5.0,1.0,1.0,5.0,3.0,,1,0.0
1.3.6.1.4.1.14519.5.2.1.6279.6001.231939547329414331267567352432,3,5.0,1.0,6.0,5.0,5.0,1.0,1.0,5.0,2.0,0,3,6.0
1.3.6.1.4.1.14519.5.2.1.6279.6001.231939547329414331267567352432,6,5.0,1.0,3.0,5.0,5.0,1.0,1.0,5.0,1.0,0,5,12.0
1.3.6.1.4.1.14519.5.2.1.6279.6001.138904664700896606480369521124,Nodule 006,4.0,1.0,6.0,4.0,5.0,1.0,1.0,5.0,3.0,,2,1.8
1.3.6.1.4.1.14519.5.2.1.6279.6001.138904664700896606480369521124,Nodule 005,3.0,1.0,6.0,4.0,4.0,2.0,1.0,3.0,4.0,1,2,1.8
1.3.6.1.4.1.14519.5.2.1.6279.6001.138904664700896606480369521124,Nodule 004,4.0,1.0,6.0,4.0,4.0,1.0,1.0,5.0,2.0,0,3,3.6
1.3.6.1.4.1.14519.5.2.1.6279.6001.138904664700896606480369521124,Nodule 003,5.0,1.0,3.0,3.0,5.0,1.0,1.0,5.0,1.0,0,4,5.4
1.3.6.1.4.1.14519.5.2.1.6279.6001.138904664700896606480369521124,Nodule 001,5.0,1.0,3.0,2.0,5.0,1.0,1.0,5.0,1.0,0,10,16.2
1.3.6.1.4.1.14519.5.2.1.6279.6001.138904664700896606480369521124,IL057_85831,5.0,1.0,3.0,3.0,4.0,2.0,2.0,5.0,1.0,0,7,10.8
1.3.6.1.4.1.14519.5.2.1.6279.6001.138904664700896606480369521124,IL057_85835,4.0,1.0,3.0,3.0,4.0,1.0,1.0,5.0,1.0,0,4,5.4
1.3.6.1.4.1.14519.5.2.1.6279.6001.138904664700896606480369521124,IL057_85842,3.0,1.0,6.0,4.0,4.0,1.0,2.0,5.0,3.0,,2,1.8
1.3.6.1.4.1.14519.5.2.1.6279.6001.138904664700896606480369521124,MI014_16900,4.0,1.0,6.0,4.0,2.0,3.0,1.0,3.0,2.0,0,2,1.8
1.3.6.1.4.1.14519.5.2.1.6279.6001.138904664700896606480369521124,MI014_16898,5.0,1.0,3.0,3.0,5.0,2.0,1.0,5.0,1.0,0,4,5.4
1.3.6.1.4.1.14519.5.2.1.6279.6001.138904664700896606480369521124,MI014_16894,5.0,1.0,3.0,3.0,5.0,4.0,1.0,5.0,1.0,0,8,12.6
1.3.6.1.4.1.14519.5.2.1.6279.6001.138904664700896606480369521124,MI014_16905,5.0,1.0,6.0,4.0,3.0,2.0,1.0,3.0,3.0,,2,1.8
1.3.6.1.4.1.14519.5.2.1.6279.6001.138904664700896606480369521124,MI014_16911,4.0,1.0,6.0,3.0,5.0,1.0,1.0,4.0,3.0,,3,3.6
1.3.6.1.4.1.14519.5.2.1.6279.6001.334022941831199910030220864961,Nodule 001,4.0,1.0,6.0,3.0,5.0,1.0,1.0,5.0,2.0,0,4,5.4
1.3.6.1.4.1.14519.5.2.1.6279.6001.334022941831199910030220864961,MI014_16852,5.0,1.0,4.0,5.0,5.0,1.0,1.0,5.0,2.0,0,4,5.4
1.3.6.1.4.1.14519.5.2.1.6279.6001.179730018513720561213088132029,Nodule 001,5.0,1.0,3.0,4.0,5.0,1.0,1.0,5.0,1.0,0,4,3.75
1.3.6.1.4.1.14519.5.2.1.6279.6001.179730018513720561213088132029,9206,5.0,1.0,3.0,5.0,5.0,1.0,1.0,5.0,1.0,0,6,6.25
1.3.6.1.4.1.14519.5.2.1.6279.6001.179730018513720561213088132029,IL057_160787,4.0,1.0,3.0,5.0,5.0,1.0,1.0,5.0,1.0,0,4,3.75
1.3.6.1.4.1.14519.5.2.1.6279.6001.179730018513720561213088132029,53933,5.0,1.0,3.0,4.0,5.0,1.0,1.0,5.0,1.0,0,4,3.75
1.3.6.1.4.1.14519.5.2.1.6279.6001.315770913282450940389971401304,IL057_92962,1.0,1.0,6.0,5.0,3.0,2.0,1.0,5.0,3.0,,3,2.5
1.3.6.1.4.1.14519.5.2.1.6279.6001.315770913282450940389971401304,Nodule 003,4.0,1.0,6.0,4.0,5.0,2.0,1.0,5.0,4.0,1,4,3.75
1.3.6.1.4.1.14519.5.2.1.6279.6001.315770913282450940389971401304,Nodule 001,4.0,1.0,6.0,4.0,4.0,2.0,1.0,5.0,4.0,1,2,1.25
1.3.6.1.4.1.14519.5.2.1.6279.6001.315770913282450940389971401304,4817,3.0,1.0,6.0,4.0,4.0,1.0,2.0,5.0,3.0,,4,3.75
1.3.6.1.4.1.14519.5.2.1.6279.6001.315770913282450940389971401304,5603,5.0,1.0,6.0,3.0,3.0,1.0,2.0,3.0,3.0,,4,3.75
1.3.6.1.4.1.14519.5.2.1.6279.6001.315770913282450940389971401304,5600,5.0,1.0,6.0,4.0,4.0,1.0,1.0,4.0,3.0,,4,3.75
1.3.6.1.4.1.14519.5.2.1.6279.6001.170765551637157813497344006818,34156,4.0,1.0,6.0,5.0,5.0,1.0,1.0,5.0,3.0,,3,6.0
1.3.6.1.4.1.14519.5.2.1.6279.6001.170765551637157813497344006818,12962,4.0,1.0,6.0,5.0,5.0,1.0,1.0,5.0,3.0,,3,6.0
1.3.6.1.4.1.14519.5.2.1.6279.6001.170765551637157813497344006818,12576,3.0,1.0,6.0,4.0,4.0,2.0,2.0,4.0,3.0,,3,6.0
1.3.6.1.4.1.14519.5.2.1.6279.6001.170765551637157813497344006818,1,5.0,1.0,6.0,4.0,4.0,1.0,1.0,5.0,2.0,0,3,6.0
1.3.6.1.4.1.14519.5.2.1.6279.6001.140239815496047437552471323962,Nodule 001,5.0,1.0,6.0,3.0,3.0,2.0,3.0,5.0,5.0,1,9,8.0
1.3.6.1.4.1.14519.5.2.1.6279.6001.140239815496047437552471323962,IL057_159975,4.0,1.0,6.0,3.0,4.0,2.0,3.0,5.0,4.0,1,10,8.0
1.3.6.1.4.1.14519.5.2.1.6279.6001.140239815496047437552471323962,MI014_19969,5.0,1.0,6.0,4.0,4.0,2.0,1.0,5.0,5.0,1,11,10.0
1.3.6.1.4.1.14519.5.2.1.6279.6001.140239815496047437552471323962,0,5.0,1.0,6.0,5.0,4.0,1.0,5.0,4.0,4.0,1,13,12.0
1.3.6.1.4.1.14519.5.2.1.6279.6001.246225645401227472829175288633,13251,3.0,1.0,6.0,3.0,2.0,3.0,2.0,4.0,2.0,0,8,7.0
1.3.6.1.4.1.14519.5.2.1.6279.6001.246225645401227472829175288633,Nodule 001,5.0,1.0,6.0,3.0,4.0,2.0,2.0,5.0,4.0,1,6,5.0
1.3.6.1.4.1.14519.5.2.1.6279.6001.246225645401227472829175288633,2339,2.0,1.0,6.0,4.0,3.0,4.0,3.0,4.0,1.0,0,10,9.0
1.3.6.1.4.1.14519.5.2.1.6279.6001.246225645401227472829175288633,2349,3.0,1.0,6.0,4.0,3.0,4.0,2.0,4.0,3.0,,7,6.0
1.3.6.1.4.1.14519.5.2.1.6279.6001.640729228179368154416184318668,77408,5.0,1.0,6.0,3.0,4.0,2.0,2.0,4.0,3.0,,8,4.9
1.3.6.1.4.1.14519.5.2.1.6279.6001.640729228179368154416184318668,75389,5.0,1.0,6.0,4.0,5.0,1.0,1.0,5.0,2.0,0,6,3.5
1.3.6.1.4.1.14519.5.2.1.6279.6001.640729228179368154416184318668,15956,5.0,1.0,6.0,4.0,5.0,1.0,1.0,5.0,4.0,1,7,3.5
1.3.6.1.4.1.14519.5.2.1.6279.6001.640729228179368154416184318668,2,3.0,1.0,6.0,5.0,5.0,1.0,1.0,5.0,2.0,0,8,4.9
1.3.6.1.4.1.14519.5.2.1.6279.6001.265133389948279331857097127422,Nodule 003,3.0,1.0,6.0,4.0,5.0,2.0,1.0,5.0,4.0,1,9,5.0
1.3.6.1.4.1.14519.5.2.1.6279.6001.265133389948279331857097127422,Nodule 001,4.0,1.0,6.0,4.0,5.0,1.0,1.0,5.0,4.0,1,4,1.88
1.3.6.1.4.1.14519.5.2.1.6279.6001.265133389948279331857097127422,59869,2.0,1.0,6.0,5.0,3.0,1.0,1.0,5.0,3.0,,6,3.12
1.3.6.1.4.1.14519.5.2.1.6279.6001.211956804948320236390242845468,35008,4.0,1.0,6.0,4.0,2.0,1.0,1.0,5.0,3.0,,9,8.0
1.3.6.1.4.1.14519.5.2.1.6279.6001.211956804948320236390242845468,34999,5.0,1.0,6.0,5.0,3.0,3.0,4.0,5.0,5.0,1,45,25.0
1.3.6.1.4.1.14519.5.2.1.6279.6001.211956804948320236390242845468,35003,5.0,1.0,6.0,2.0,3.0,3.0,1.0,5.0,4.0,1,12,11.0
1.3.6.1.4.1.14519.5.2.1.6279.6001.211956804948320236390242845468,35128,5.0,1.0,6.0,2.0,4.0,1.0,4.0,5.0,1.0,0,13,12.0
1.3.6.1.4.1.14519.5.2.1.6279.6001.211956804948320236390242845468,35129,4.0,1.0,6.0,2.0,4.0,1.0,4.0,5.0,1.0,0,11,10.0
1.3.6.1.4.1.14519.5.2.1.6279.6001.211956804948320236390242845468,Nodule 002,5.0,1.0,6.0,2.0,4.0,3.0,3.0,5.0,5.0,1,9,8.0
1.3.6.1.4.1.14519.5.2.1.6279.6001.211956804948320236390242845468,Nodule 001,5.0,1.0,6.0,2.0,4.0,3.0,3.0,5.0,5.0,1,13,11.0
1.3.6.1.4.1.14519.5.2.1.6279.6001.211956804948320236390242845468,8200,5.0,1.0,6.0,3.0,3.0,3.0,4.0,5.0,5.0,1,37,25.0
1.3.6.1.4.1.14519.5.2.1.6279.6001.211956804948320236390242845468,8203,4.0,1.0,6.0,2.0,3.0,2.0,4.0,5.0,4.0,1,13,12.0
1.3.6.1.4.1.14519.5.2.1.6279.6001.211956804948320236390242845468,8208,4.0,1.0,6.0,3.0,5.0,2.0,1.0,5.0,4.0,1,10,9.0
1.3.6.1.4.1.14519.5.2.1.6279.6001.211956804948320236390242845468,8212,3.0,1.0,6.0,3.0,3.0,2.0,2.0,5.0,3.0,,11,10.0
1.3.6.1.4.1.14519.5.2.1.6279.6001.211956804948320236390242845468,0,5.0,1.0,3.0,5.0,5.0,3.0,1.0,5.0,1.0,0,10,9.0
1.3.6.1.4.1.14519.5.2.1.6279.6001.211956804948320236390242845468,2,5.0,1.0,3.0,5.0,5.0,5.0,1.0,5.0,1.0,0,31,30.0
1.3.6.1.4.1.14519.5.2.1.6279.6001.211956804948320236390242845468,4,5.0,1.0,6.0,5.0,5.0,3.0,5.0,5.0,5.0,1,13,12.0
1.3.6.1.4.1.14519.5.2.1.6279.6001.328695385904874796172316226975,69156,4.0,1.0,6.0,4.0,2.0,2.0,1.0,3.0,3.0,,14,7.5
1.3.6.1.4.1.14519.5.2.1.6279.6001.328695385904874796172316226975,69771,4.0,1.0,6.0,4.0,1.0,2.0,1.0,3.0,4.0,1,22,13.12
1.3.6.1.4.1.14519.5.2.1.6279.6001.235364978775280910367690540811,IL057_156959,4.0,1.0,6.0,2.0,4.0,4.0,4.0,5.0,5.0,1,13,15.0
1.3.6.1.4.1.14519.5.2.1.6279.6001.235364978775280910367690540811,Nodule 005,5.0,1.0,6.0,3.0,4.0,3.0,3.0,5.0,5.0,1,7,7.5
1.3.6.1.4.1.14519.5.2.1.6279.6001.235364978775280910367690540811,51818,5.0,1.0,6.0,4.0,2.0,3.0,2.0,5.0,3.0,,16,18.75
1.3.6.1.4.1.14519.5.2.1.6279.6001.235364978775280910367690540811,9104,4.0,1.0,6.0,4.0,2.0,2.0,1.0,5.0,4.0,1,17,20.0
1.3.6.1.4.1.14519.5.2.1.6279.6001.219254430927834326484477690403,Nodule 003,4.0,1.0,6.0,3.0,5.0,1.0,1.0,5.0,4.0,1,3,3.6
1.3.6.1.4.1.14519.5.2.1.6279.6001.219254430927834326484477690403,Nodule 002,3.0,1.0,6.0,4.0,5.0,1.0,1.0,5.0,3.0,,2,1.8
1.3.6.1.4.1.14519.5.2.1.6279.6001.219254430927834326484477690403,Nodule 001,3.0,1.0,6.0,4.0,5.0,1.0,1.0,5.0,2.0,0,3,3.6
1.3.6.1.4.1.14519.5.2.1.6279.6001.219254430927834326484477690403,68431,2.0,1.0,6.0,3.0,4.0,1.0,2.0,5.0,2.0,0,3,3.6
1.3.6.1.4.1.14519.5.2.1.6279.6001.219254430927834326484477690403,68423,2.0,1.0,6.0,5.0,5.0,1.0,1.0,5.0,3.0,,3,3.6
1.3.6.1.4.1.14519.5.2.1.6279.6001.219254430927834326484477690403,MI014_14474,5.0,1.0,6.0,4.0,2.0,1.0,1.0,3.0,3.0,,2,1.8
1.3.6.1.4.1.14519.5.2.1.6279.6001.219254430927834326484477690403,0,3.0,1.0,6.0,5.0,5.0,1.0,1.0,5.0,2.0,0,4,5.4
1.3.6.1.4.1.14519.5.2.1.6279.6001.219254430927834326484477690403,1,3.0,1.0,6.0,5.0,5.0,1.0,1.0,5.0,2.0,0,2,1.8
1.3.6.1.4.1.14519.5.2.1.6279.6001.338875090785618956575597613546,Nodule 003,3.0,1.0,6.0,3.0,5.0,1.0,1.0,5.0,3.0,,3,5.0
1.3.6.1.4.1.14519.5.2.1.6279.6001.338875090785618956575597613546,Nodule 002,4.0,1.0,6.0,4.0,5.0,1.0,1.0,5.0,2.0,0,2,2.5
1.3.6.1.4.1.14519.5.2.1.6279.6001.338875090785618956575597613546,Nodule 004,3.0,1.0,6.0,4.0,5.0,1.0,1.0,5.0,2.0,0,2,2.5
1.3.6.1.4.1.14519.5.2.1.6279.6001.338875090785618956575597613546,Nodule 007,5.0,1.0,6.0,4.0,5.0,1.0,1.0,5.0,4.0,1,3,5.0
1.3.6.1.4.1.14519.5.2.1.6279.6001.338875090785618956575597613546,Nodule 008,4.0,1.0,6.0,4.0,5.0,1.0,1.0,5.0,3.0,,1,0.0
1.3.6.1.4.1.14519.5.2.1.6279.6001.338875090785618956575597613546,Nodule 001,4.0,1.0,6.0,4.0,5.0,1.0,1.0,5.0,2.0,0,2,2.5
1.3.6.1.4.1.14519.5.2.1.6279.6001.338875090785618956575597613546,Nodule 005,3.0,1.0,6.0,4.0,5.0,1.0,1.0,5.0,2.0,0,3,5.0
1.3.6.1.4.1.14519.5.2.1.6279.6001.338875090785618956575597613546,7100,5.0,1.0,6.0,4.0,4.0,2.0,2.0,4.0,3.0,,3,5.0
1.3.6.1.4.1.14519.5.2.1.6279.6001.338875090785618956575597613546,7105,5.0,1.0,6.0,4.0,3.0,2.0,3.0,5.0,3.0,,3,5.0
1.3.6.1.4.1.14519.5.2.1.6279.6001.338875090785618956575597613546,7115,4.0,1.0,6.0,3.0,4.0,2.0,2.0,4.0,3.0,,2,2.5
1.3.6.1.4.1.14519.5.2.1.6279.6001.338875090785618956575597613546,7128,4.0,1.0,6.0,3.0,4.0,2.0,2.0,5.0,2.0,0,2,2.5
1.3.6.1.4.1.14519.5.2.1.6279.6001.338875090785618956575597613546,7108,4.0,1.0,6.0,2.0,3.0,2.0,2.0,4.0,2.0,0,2,2.5
1.3.6.1.4.1.14519.5.2.1.6279.6001.338875090785618956575597613546,7125,3.0,1.0,6.0,3.0,3.0,3.0,3.0,4.0,3.0,,3,5.0
1.3.6.1.4.1.14519.5.2.1.6279.6001.338875090785618956575597613546,9329,3.0,1.0,6.0,3.0,4.0,2.0,2.0,5.0,2.0,0,2,2.5
1.3.6.1.4.1.14519.5.2.1.6279.6001.338875090785618956575597613546,5902,5.0,1.0,6.0,4.0,5.0,1.0,1.0,4.0,3.0,,1,0.0
1.3.6.1.4.1.14519.5.2.1.6279.6001.338875090785618956575597613546,5926,2.0,1.0,6.0,4.0,3.0,1.0,1.0,3.0,3.0,,1,0.0
1.3.6.1.4.1.14519.5.2.1.6279.6001.338875090785618956575597613546,5942,4.0,1.0,6.0,4.0,3.0,2.0,1.0,3.0,3.0,,2,2.5
1.3.6.1.4.1.14519.5.2.1.6279.6001.338875090785618956575597613546,IL057_75239,2.0,1.0,6.0,2.0,4.0,1.0,1.0,5.0,1.0,0,3,5.0
1.3.6.1.4.1.14519.5.2.1.6279.6001.338875090785618956575597613546,IL057_75242,1.0,1.0,6.0,5.0,2.0,1.0,1.0,2.0,2.0,0,2,2.5
1.3.6.1.4.1.14519.5.2.1.6279.6001.338875090785618956575597613546,IL057_75254,2.0,1.0,6.0,4.0,2.0,1.0,1.0,1.0,2.0,0,2,2.5
1.3.6.1.4.1.14519.5.2.1.6279.6001.338875090785618956575597613546,IL057_75246,2.0,1.0,6.0,4.0,3.0,1.0,1.0,3.0,2.0,0,2,2.5
1.3.6.1.4.1.14519.5.2.1.6279.6001.338875090785618956575597613546,IL057_75251,2.0,1.0,6.0,4.0,4.0,1.0,1.0,5.0,1.0,0,1,0.0
1.3.6.1.4.1.14519.5.2.1.6279.6001.338875090785618956575597613546,IL057_75258,2.0,1.0,6.0,4.0,3.0,1.0,1.0,5.0,2.0,0,1,0.0
1.3.6.1.4.1.14519.5.2.1.6279.6001.338875090785618956575597613546,IL057_75234,4.0,1.0,6.0,4.0,4.0,1.0,1.0,5.0,3.0,,1,0.0
1.3.6.1.4.1.14519.5.2.1.6279.6001.338875090785618956575597613546,IL057_91909,2.0,1.0,6.0,4.0,3.0,1.0,1.0,5.0,3.0,,2,2.5
1.3.6.1.4.1.14519.5.2.1.6279.6001.305887072264491016857673607285,Nodule 001,5.0,1.0,6.0,2.0,4.0,4.0,5.0,5.0,4.0,1,4,3.75
1.3.6.1.4.1.14519.5.2.1.6279.6001.305887072264491016857673607285,4064,4.0,1.0,6.0,2.0,4.0,5.0,5.0,5.0,2.0,0,3,2.5
1.3.6.1.4.1.14519.5.2.1.6279.6001.305887072264491016857673607285,3096,2.0,1.0,6.0,3.0,5.0,5.0,5.0,5.0,3.0,,3,2.5
1.3.6.1.4.1.14519.5.2.1.6279.6001.305887072264491016857673607285,1386,3.0,1.0,6.0,3.0,3.0,5.0,5.0,4.0,3.0,,5,5.0
1.3.6.1.4.1.14519.5.2.1.6279.6001.334105754605642100456249422350,IL057_160789,3.0,1.0,3.0,4.0,5.0,1.0,1.0,5.0,1.0,0,3,2.5
1.3.6.1.4.1.14519.5.2.1.6279.6001.334105754605642100456249422350,Nodule 001,3.0,1.0,6.0,5.0,5.0,1.0,1.0,5.0,1.0,0,3,2.5
1.3.6.1.4.1.14519.5.2.1.6279.6001.334105754605642100456249422350,7430,4.0,1.0,3.0,5.0,5.0,1.0,1.0,5.0,1.0,0,3,2.5
1.3.6.1.4.1.14519.5.2.1.6279.6001.334105754605642100456249422350,54778,5.0,1.0,3.0,4.0,5.0,1.0,1.0,5.0,1.0,0,3,2.5
1.3.6.1.4.1.14519.5.2.1.6279.6001.750792629100457382099842515038,37490,5.0,4.0,6.0,5.0,4.0,1.0,1.0,5.0,4.0,1,19,13.5
1.3.6.1.4.1.14519.5.2.1.6279.6001.750792629100457382099842515038,37492,3.0,1.0,6.0,2.0,4.0,3.0,1.0,5.0,1.0,0,8,5.25
1.3.6.1.4.1.14519.5.2.1.6279.6001.750792629100457382099842515038,Nodule 004,5.0,1.0,6.0,3.0,4.0,2.0,2.0,5.0,4.0,1,7,4.5
1.3.6.1.4.1.14519.5.2.1.6279.6001.750792629100457382099842515038,Nodule 003,4.0,1.0,6.0,4.0,4.0,2.0,1.0,5.0,3.0,,9,6.0
1.3.6.1.4.1.14519.5.2.1.6279.6001.750792629100457382099842515038,Nodule 001,5.0,1.0,6.0,4.0,4.0,1.0,1.0,3.0,5.0,1,20,13.5
1.3.6.1.4.1.14519.5.2.1.6279.6001.750792629100457382099842515038,8311,5.0,1.0,6.0,5.0,4.0,2.0,2.0,5.0,5.0,1,19,13.5
1.3.6.1.4.1.14519.5.2.1.6279.6001.750792629100457382099842515038,9,3.0,1.0,6.0,3.0,3.0,1.0,1.0,5.0,2.0,0,7,4.5
1.3.6.1.4.1.14519.5.2.1.6279.6001.117040183261056772902616195387,56593,5.0,1.0,6.0,2.0,4.0,1.0,1.0,5.0,4.0,1,43,42.0
1.3.6.1.4.1.14519.5.2.1.6279.6001.117040183261056772902616195387,56608,4.0,1.0,6.0,5.0,5.0,1.0,1.0,5.0,2.0,0,6,5.0
1.3.6.1.4.1.14519.5.2.1.6279.6001.117040183261056772902616195387,56610,4.0,1.0,3.0,4.0,5.0,1.0,1.0,5.0,1.0,0,4,3.0
1.3.6.1.4.1.14519.5.2.1.6279.6001.117040183261056772902616195387,56605,5.0,1.0,6.0,5.0,5.0,1.0,1.0,5.0,4.0,1,9,8.0
1.3.6.1.4.1.14519.5.2.1.6279.6001.117040183261056772902616195387,56600,4.0,1.0,6.0,5.0,5.0,1.0,1.0,5.0,5.0,1,10,9.0
1.3.6.1.4.1.14519.5.2.1.6279.6001.117040183261056772902616195387,56612,3.0,1.0,6.0,3.0,4.0,1.0,1.0,5.0,3.0,,4,3.0
1.3.6.1.4.1.14519.5.2.1.6279.6001.117040183261056772902616195387,Nodule 006,5.0,1.0,3.0,5.0,5.0,1.0,1.0,5.0,1.0,0,4,3.0
1.3.6.1.4.1.14519.5.2.1.6279.6001.117040183261056772902616195387,Nodule 007,3.0,1.0,6.0,5.0,5.0,1.0,1.0,5.0,2.0,0,4,3.0
1.3.6.1.4.1.14519.5.2.1.6279.6001.117040183261056772902616195387,Nodule 004,4.0,1.0,6.0,3.0,5.0,1.0,1.0,5.0,4.0,1,9,8.0
1.3.6.1.4.1.14519.5.2.1.6279.6001.117040183261056772902616195387,Nodule 005,4.0,1.0,6.0,4.0,5.0,1.0,1.0,5.0,3.0,,10,9.0
1.3.6.1.4.1.14519.5.2.1.6279.6001.117040183261056772902616195387,Nodule 002,3.0,1.0,6.0,5.0,5.0,1.0,1.0,5.0,2.0,0,6,5.0
1.3.6.1.4.1.14519.5.2.1.6279.6001.117040183261056772902616195387,14701,2.0,1.0,6.0,4.0,4.0,2.0,2.0,4.0,3.0,,6,5.0
1.3.6.1.4.1.14519.5.2.1.6279.6001.117040183261056772902616195387,14700,4.0,1.0,6.0,5.0,4.0,2.0,1.0,5.0,3.0,,9,8.0
1.3.6.1.4.1.14519.5.2.1.6279.6001.117040183261056772902616195387,14699,3.0,1.0,6.0,5.0,4.0,2.0,1.0,4.0,3.0,,10,9.0
1.3.6.1.4.1.14519.5.2.1.6279.6001.117040183261056772902616195387,15103,1.0,1.0,3.0,4.0,5.0,1.0,2.0,5.0,1.0,0,4,3.0
1.3.6.1.4.1.14519.5.2.1.6279.6001.117040183261056772902616195387,2,5.0,1.0,6.0,5.0,5.0,1.0,1.0,4.0,3.0,,4,3.0
1.3.6.1.4.1.14519.5.2.1.6279.6001.117040183261056772902616195387,4,5.0,1.0,6.0,5.0,5.0,1.0,1.0,5.0,3.0,,6,5.0
1.3.6.1.4.1.14519.5.2.1.6279.6001.117040183261056772902616195387,5,5.0,1.0,6.0,5.0,5.0,1.0,1.0,5.0,3.0,,5,4.0
1.3.6.1.4.1.14519.5.2.1.6279.6001.117040183261056772902616195387,6,5.0,1.0,6.0,5.0,5.0,1.0,1.0,5.0,3.0,,9,8.0
1.3.6.1.4.1.14519.5.2.1.6279.6001.117040183261056772902616195387,7,5.0,1.0,6.0,5.0,5.0,1.0,1.0,5.0,3.0,,11,10.0
1.3.6.1.4.1.14519.5.2.1.6279.6001.117040183261056772902616195387,8,5.0,1.0,6.0,5.0,5.0,1.0,1.0,5.0,3.0,,5,4.0
1.3.6.1.4.1.14519.5.2.1.6279.6001.135657246677982059395844827629,Nodule 002,5.0,1.0,5.0,5.0,5.0,1.0,1.0,5.0,1.0,0,8,12.6
1.3.6.1.4.1.14519.5.2.1.6279.6001.135657246677982059395844827629,10210,2.0,1.0,6.0,4.0,1.0,3.0,2.0,1.0,4.0,1,3,3.6
1.3.6.1.4.1.14519.5.2.1.6279.6001.135657246677982059395844827629,10184,5.0,1.0,5.0,5.0,5.0,1.0,1.0,5.0,1.0,0,7,10.8
1.3.6.1.4.1.14519.5.2.1.6279.6001.135657246677982059395844827629,0,5.0,1.0,6.0,5.0,5.0,1.0,3.0,5.0,3.0,,8,12.6
1.3.6.1.4.1.14519.5.2.1.6279.6001.135657246677982059395844827629,2712,5.0,1.0,6.0,5.0,4.0,2.0,2.0,4.0,3.0,,7,10.8
1.3.6.1.4.1.14519.5.2.1.6279.6001.323646598927268841433920119813,206742,5.0,1.0,6.0,5.0,1.0,3.0,5.0,1.0,5.0,1,7,18.0
1.3.6.1.4.1.14519.5.2.1.6279.6001.323646598927268841433920119813,206746,5.0,1.0,6.0,4.0,4.0,4.0,3.0,5.0,5.0,1,5,12.0
1.3.6.1.4.1.14519.5.2.1.6279.6001.323646598927268841433920119813,196444,5.0,1.0,6.0,5.0,4.0,3.0,3.0,5.0,5.0,1,4,9.0
1.3.6.1.4.1.14519.5.2.1.6279.6001.323646598927268841433920119813,196439,5.0,1.0,6.0,4.0,2.0,3.0,1.0,3.0,4.0,1,6,15.0
1.3.6.1.4.1.14519.5.2.1.6279.6001.323646598927268841433920119813,20779,5.0,1.0,6.0,4.0,2.0,2.0,3.0,2.0,3.0,,7,18.0
1.3.6.1.4.1.14519.5.2.1.6279.6001.323646598927268841433920119813,20785,5.0,1.0,6.0,4.0,3.0,4.0,4.0,5.0,5.0,1,5,12.0
1.3.6.1.4.1.14519.5.2.1.6279.6001.323646598927268841433920119813,0,5.0,1.0,6.0,4.0,5.0,1.0,3.0,5.0,3.0,,6,15.0
1.3.6.1.4.1.14519.5.2.1.6279.6001.323646598927268841433920119813,1,5.0,1.0,6.0,4.0,3.0,1.0,1.0,1.0,2.0,0,6,15.0
1.3.6.1.4.1.14519.5.2.1.6279.6001.116703382344406837243058680403,14,2.0,1.0,6.0,4.0,1.0,1.0,1.0,1.0,3.0,,1,0.0
1.3.6.1.4.1.14519.5.2.1.6279.6001.116703382344406837243058680403,Nodule 001,4.0,1.0,6.0,2.0,4.0,2.0,1.0,4.0,2.0,0,9,4.38
1.3.6.1.4.1.14519.5.2.1.6279.6001.116703382344406837243058680403,29593,4.0,1.0,6.0,3.0,4.0,1.0,1.0,1.0,3.0,,3,1.25
1.3.6.1.4.1.14519.5.2.1.6279.6001.265960756233787099041040311282,141452,3.0,1.0,6.0,3.0,4.0,2.0,1.0,3.0,2.0,0,3,1.25
1.3.6.1.4.1.14519.5.2.1.6279.6001.265960756233787099041040311282,8,1.0,1.0,6.0,5.0,2.0,1.0,1.0,1.0,2.0,0,5,2.5
1.3.6.1.4.1.14519.5.2.1.6279.6001.265960756233787099041040311282,Nodule 004,4.0,1.0,6.0,3.0,4.0,2.0,1.0,5.0,4.0,1,4,1.88
1.3.6.1.4.1.14519.5.2.1.6279.6001.265960756233787099041040311282,167071,2.0,1.0,6.0,3.0,2.0,1.0,1.0,1.0,2.0,0,3,1.25
1.3.6.1.4.1.14519.5.2.1.6279.6001.147325126373007278009743173696,Nodule 006,3.0,1.0,6.0,5.0,5.0,1.0,1.0,5.0,3.0,,3,2.5
1.3.6.1.4.1.14519.5.2.1.6279.6001.147325126373007278009743173696,Nodule 008,3.0,1.0,6.0,4.0,5.0,1.0,1.0,5.0,3.0,,3,2.5
1.3.6.1.4.1.14519.5.2.1.6279.6001.147325126373007278009743173696,Nodule 010,3.0,1.0,6.0,5.0,5.0,1.0,1.0,5.0,3.0,,4,3.75
1.3.6.1.4.1.14519.5.2.1.6279.6001.147325126373007278009743173696,6300,4.0,1.0,6.0,2.0,4.0,2.0,2.0,5.0,3.0,,3,2.5
1.3.6.1.4.1.14519.5.2.1.6279.6001.147325126373007278009743173696,6295,4.0,1.0,6.0,3.0,4.0,3.0,1.0,5.0,3.0,,3,2.5
1.3.6.1.4.1.14519.5.2.1.6279.6001.147325126373007278009743173696,IL057_69766,2.0,1.0,6.0,3.0,4.0,2.0,1.0,5.0,2.0,0,2,1.25
1.3.6.1.4.1.14519.5.2.1.6279.6001.147325126373007278009743173696,IL057_77440,3.0,1.0,6.0,4.0,5.0,1.0,1.0,5.0,2.0,0,3,2.5
1.3.6.1.4.1.14519.5.2.1.6279.6001.300246184547502297539521283806,0,3.0,1.0,6.0,5.0,5.0,1.0,1.0,5.0,2.0,0,3,4.0
1.3.6.1.4.1.14519.5.2.1.6279.6001.300246184547502297539521283806,3,3.0,1.0,6.0,5.0,5.0,1.0,1.0,5.0,2.0,0,3,4.0
1.3.6.1.4.1.14519.5.2.1.6279.6001.300246184547502297539521283806,Nodule 001,4.0,1.0,6.0,4.0,5.0,1.0,1.0,5.0,3.0,,2,2.0
1.3.6.1.4.1.14519.5.2.1.6279.6001.300246184547502297539521283806,Nodule 003,4.0,1.0,6.0,3.0,5.0,1.0,1.0,5.0,3.0,,3,4.0
1.3.6.1.4.1.14519.5.2.1.6279.6001.300246184547502297539521283806,37608,2.0,1.0,6.0,4.0,4.0,1.0,1.0,5.0,1.0,0,2,2.0
1.3.6.1.4.1.14519.5.2.1.6279.6001.300246184547502297539521283806,37606,2.0,1.0,6.0,3.0,3.0,1.0,1.0,4.0,1.0,0,2,2.0
1.3.6.1.4.1.14519.5.2.1.6279.6001.300246184547502297539521283806,37600,4.0,1.0,6.0,4.0,3.0,1.0,1.0,3.0,1.0,0,25,28.0
1.3.6.1.4.1.14519.5.2.1.6279.6001.300246184547502297539521283806,37604,4.0,1.0,6.0,2.0,3.0,3.0,1.0,4.0,1.0,0,7,12.0
1.3.6.1.4.1.14519.5.2.1.6279.6001.300246184547502297539521283806,25438,4.0,1.0,6.0,5.0,2.0,2.0,3.0,2.0,4.0,1,1,0.0
1.3.6.1.4.1.14519.5.2.1.6279.6001.259227883564429312164962953756,54987,4.0,1.0,6.0,2.0,3.0,1.0,4.0,5.0,4.0,1,12,13.75
1.3.6.1.4.1.14519.5.2.1.6279.6001.259227883564429312164962953756,Nodule 001,5.0,1.0,6.0,3.0,4.0,3.0,2.0,5.0,4.0,1,11,12.5
1.3.6.1.4.1.14519.5.2.1.6279.6001.259227883564429312164962953756,35097,4.0,1.0,6.0,4.0,4.0,2.0,4.0,5.0,5.0,1,9,10.0
1.3.6.1.4.1.14519.5.2.1.6279.6001.259227883564429312164962953756,0,4.0,1.0,6.0,5.0,5.0,3.0,1.0,5.0,3.0,,11,12.5
1.3.6.1.4.1.14519.5.2.1.6279.6001.762989635154095750732267242621,70072,4.0,1.0,6.0,2.0,2.0,2.0,1.0,3.0,3.0,,2,3.0
1.3.6.1.4.1.14519.5.2.1.6279.6001.762989635154095750732267242621,70065,5.0,1.0,6.0,4.0,2.0,2.0,3.0,4.0,4.0,1,4,9.0
1.3.6.1.4.1.14519.5.2.1.6279.6001.762989635154095750732267242621,70069,4.0,1.0,6.0,3.0,2.0,3.0,3.0,3.0,4.0,1,3,6.0
1.3.6.1.4.1.14519.5.2.1.6279.6001.762989635154095750732267242621,70075,4.0,1.0,6.0,3.0,2.0,2.0,2.0,3.0,3.0,,2,3.0
1.3.6.1.4.1.14519.5.2.1.6279.6001.762989635154095750732267242621,69552,4.0,1.0,6.0,2.0,3.0,4.0,4.0,5.0,3.0,,2,3.0
1.3.6.1.4.1.14519.5.2.1.6279.6001.762989635154095750732267242621,69549,4.0,1.0,6.0,4.0,4.0,2.0,2.0,5.0,3.0,,4,9.0
1.3.6.1.4.1.14519.5.2.1.6279.6001.762989635154095750732267242621,75869,2.0,1.0,6.0,4.0,4.0,2.0,1.0,5.0,3.0,,2,3.0
1.3.6.1.4.1.14519.5.2.1.6279.6001.762989635154095750732267242621,13307,2.0,1.0,6.0,4.0,3.0,2.0,1.0,3.0,3.0,,2,3.0
1.3.6.1.4.1.14519.5.2.1.6279.6001.762989635154095750732267242621,13309,3.0,1.0,6.0,3.0,3.0,3.0,2.0,4.0,3.0,,3,6.0
1.3.6.1.4.1.14519.5.2.1.6279.6001.762989635154095750732267242621,1,4.0,1.0,6.0,4.0,4.0,1.0,1.0,5.0,2.0,0,4,9.0
1.3.6.1.4.1.14519.5.2.1.6279.6001.762989635154095750732267242621,2,5.0,1.0,6.0,5.0,4.0,1.0,5.0,4.0,4.0,1,3,6.0
1.3.6.1.4.1.14519.5.2.1.6279.6001.275766318636944297772360944907,2,3.0,1.0,6.0,5.0,5.0,1.0,1.0,5.0,2.0,0,11,6.25
1.3.6.1.4.1.14519.5.2.1.6279.6001.275766318636944297772360944907,5,5.0,1.0,3.0,5.0,5.0,1.0,1.0,5.0,1.0,0,15,8.75
1.3.6.1.4.1.14519.5.2.1.6279.6001.275766318636944297772360944907,142105,5.0,1.0,6.0,2.0,4.0,3.0,1.0,5.0,3.0,,11,6.25
1.3.6.1.4.1.14519.5.2.1.6279.6001.275766318636944297772360944907,142102,5.0,1.0,4.0,4.0,4.0,2.0,1.0,5.0,2.0,0,15,8.75
1.3.6.1.4.1.14519.5.2.1.6279.6001.275766318636944297772360944907,159523,3.0,1.0,5.0,3.0,4.0,1.0,1.0,5.0,1.0,0,13,7.5
1.3.6.1.4.1.14519.5.2.1.6279.6001.275766318636944297772360944907,Nodule 004,3.0,1.0,6.0,3.0,4.0,1.0,1.0,5.0,2.0,0,15,8.75
1.3.6.1.4.1.14519.5.2.1.6279.6001.275766318636944297772360944907,Nodule 003,3.0,1.0,6.0,5.0,5.0,1.0,1.0,5.0,2.0,0,4,1.88
1.3.6.1.4.1.14519.5.2.1.6279.6001.275766318636944297772360944907,Nodule 002,4.0,1.0,6.0,4.0,4.0,2.0,1.0,5.0,3.0,,10,5.62
1.3.6.1.4.1.14519.5.2.1.6279.6001.216652640878960522552873394709,4026,2.0,1.0,6.0,3.0,2.0,5.0,5.0,1.0,1.0,0,2,2.5
1.3.6.1.4.1.14519.5.2.1.6279.6001.216652640878960522552873394709,4009,2.0,1.0,6.0,5.0,2.0,5.0,4.0,1.0,1.0,0,2,2.5
1.3.6.1.4.1.14519.5.2.1.6279.6001.216652640878960522552873394709,2593,3.0,1.0,6.0,3.0,2.0,5.0,5.0,3.0,3.0,,3,5.0
1.3.6.1.4.1.14519.5.2.1.6279.6001.244447966386688625240438849169,54727,2.0,1.0,6.0,4.0,3.0,1.0,2.0,4.0,3.0,,5,4.0
1.3.6.1.4.1.14519.5.2.1.6279.6001.244447966386688625240438849169,55102,1.0,1.0,6.0,2.0,4.0,1.0,1.0,5.0,1.0,0,6,5.0
1.3.6.1.4.1.14519.5.2.1.6279.6001.244447966386688625240438849169,Nodule 005,4.0,1.0,6.0,4.0,5.0,1.0,1.0,5.0,3.0,,6,5.0
1.3.6.1.4.1.14519.5.2.1.6279.6001.244447966386688625240438849169,Nodule 001,4.0,1.0,6.0,5.0,5.0,1.0,1.0,5.0,3.0,,3,2.0
1.3.6.1.4.1.14519.5.2.1.6279.6001.244447966386688625240438849169,Nodule 004,5.0,1.0,6.0,3.0,4.0,2.0,2.0,5.0,5.0,1,6,4.0
1.3.6.1.4.1.14519.5.2.1.6279.6001.244447966386688625240438849169,13328,5.0,1.0,6.0,4.0,4.0,1.0,1.0,5.0,4.0,1,5,4.0
1.3.6.1.4.1.14519.5.2.1.6279.6001.244447966386688625240438849169,0,5.0,1.0,6.0,4.0,4.0,1.0,2.0,5.0,2.0,0,5,4.0
1.3.6.1.4.1.14519.5.2.1.6279.6001.592821488053137951302246128864,Nodule 002,5.0,1.0,6.0,4.0,5.0,2.0,1.0,5.0,4.0,1,6,9.0
1.3.6.1.4.1.14519.5.2.1.6279.6001.592821488053137951302246128864,Nodule 001,4.0,1.0,6.0,4.0,5.0,2.0,1.0,4.0,3.0,,3,3.6
1.3.6.1.4.1.14519.5.2.1.6279.6001.592821488053137951302246128864,10324,3.0,1.0,6.0,5.0,2.0,4.0,1.0,1.0,3.0,,3,3.6
1.3.6.1.4.1.14519.5.2.1.6279.6001.592821488053137951302246128864,10320,4.0,1.0,6.0,4.0,4.0,4.0,2.0,5.0,4.0,1,5,7.2
1.3.6.1.4.1.14519.5.2.1.6279.6001.592821488053137951302246128864,2833,1.0,1.0,6.0,4.0,1.0,4.0,3.0,1.0,3.0,,3,3.6
1.3.6.1.4.1.14519.5.2.1.6279.6001.592821488053137951302246128864,2829,4.0,1.0,6.0,4.0,4.0,3.0,1.0,4.0,3.0,,7,10.8
1.3.6.1.4.1.14519.5.2.1.6279.6001.592821488053137951302246128864,0,5.0,1.0,6.0,5.0,5.0,5.0,1.0,5.0,3.0,,5,7.2
1.3.6.1.4.1.14519.5.2.1.6279.6001.458525794434429386945463560826,Nodule 003,4.0,1.0,6.0,4.0,4.0,1.0,1.0,5.0,3.0,,6,3.12
1.3.6.1.4.1.14519.5.2.1.6279.6001.458525794434429386945463560826,Nodule 001,5.0,1.0,6.0,2.0,4.0,2.0,2.0,5.0,4.0,1,6,3.12
1.3.6.1.4.1.14519.5.2.1.6279.6001.458525794434429386945463560826,37896,3.0,1.0,6.0,3.0,2.0,3.0,1.0,4.0,4.0,1,9,5.0
1.3.6.1.4.1.14519.5.2.1.6279.6001.458525794434429386945463560826,51548,3.0,1.0,6.0,5.0,5.0,1.0,1.0,5.0,2.0,0,10,5.62
1.3.6.1.4.1.14519.5.2.1.6279.6001.458525794434429386945463560826,25093,4.0,1.0,6.0,4.0,4.0,4.0,4.0,4.0,5.0,1,5,2.5
1.3.6.1.4.1.14519.5.2.1.6279.6001.458525794434429386945463560826,0,5.0,1.0,6.0,5.0,5.0,3.0,4.0,5.0,5.0,1,7,3.75
1.3.6.1.4.1.14519.5.2.1.6279.6001.254473943359963613733707320244,5713,2.0,1.0,6.0,2.0,3.0,2.0,2.0,4.0,3.0,,6,6.25
1.3.6.1.4.1.14519.5.2.1.6279.6001.254473943359963613733707320244,5718,3.0,1.0,6.0,3.0,4.0,1.0,1.0,4.0,3.0,,4,3.75
1.3.6.1.4.1.14519.5.2.1.6279.6001.254473943359963613733707320244,5751,1.0,1.0,6.0,4.0,2.0,2.0,2.0,3.0,3.0,,3,2.5
1.3.6.1.4.1.14519.5.2.1.6279.6001.254473943359963613733707320244,IL057_85588,2.0,1.0,6.0,5.0,3.0,1.0,1.0,3.0,3.0,,2,1.25
1.3.6.1.4.1.14519.5.2.1.6279.6001.254473943359963613733707320244,IL057_85580,2.0,1.0,6.0,4.0,4.0,1.0,1.0,5.0,2.0,0,3,2.5
1.3.6.1.4.1.14519.5.2.1.6279.6001.254473943359963613733707320244,IL057_85578,3.0,1.0,6.0,4.0,4.0,1.0,1.0,5.0,3.0,,4,3.75
1.3.6.1.4.1.14519.5.2.1.6279.6001.254473943359963613733707320244,0132,3.0,1.0,6.0,4.0,4.0,1.0,1.0,4.0,3.0,,1,0.0
1.3.6.1.4.1.14519.5.2.1.6279.6001.254473943359963613733707320244,0122,4.0,1.0,6.0,3.0,4.0,2.0,1.0,5.0,3.0,,4,3.75
1.3.6.1.4.1.14519.5.2.1.6279.6001.254473943359963613733707320244,Nodule 008,4.0,1.0,6.0,4.0,5.0,1.0,1.0,5.0,3.0,,3,2.5
1.3.6.1.4.1.14519.5.2.1.6279.6001.254473943359963613733707320244,Nodule 004,5.0,1.0,6.0,3.0,5.0,1.0,1.0,5.0,2.0,0,5,5.0
1.3.6.1.4.1.14519.5.2.1.6279.6001.254473943359963613733707320244,Nodule 003,3.0,1.0,6.0,4.0,5.0,1.0,1.0,5.0,3.0,,2,1.25
1.3.6.1.4.1.14519.5.2.1.6279.6001.254473943359963613733707320244,Nodule 002,4.0,1.0,6.0,4.0,5.0,1.0,1.0,5.0,2.0,0,3,2.5
1.3.6.1.4.1.14519.5.2.1.6279.6001.254473943359963613733707320244,Nodule 006,5.0,1.0,6.0,4.0,4.0,2.0,1.0,5.0,4.0,1,4,3.75
1.3.6.1.4.1.14519.5.2.1.6279.6001.765930210026773090100532964804,35062,4.0,1.0,6.0,4.0,2.0,1.0,2.0,5.0,4.0,1,9,8.0
1.3.6.1.4.1.14519.5.2.1.6279.6001.765930210026773090100532964804,35057,5.0,1.0,6.0,4.0,4.0,1.0,1.0,5.0,5.0,1,24,17.0
1.3.6.1.4.1.14519.5.2.1.6279.6001.765930210026773090100532964804,35068,4.0,1.0,6.0,5.0,5.0,1.0,1.0,5.0,2.0,0,5,4.0
1.3.6.1.4.1.14519.5.2.1.6279.6001.765930210026773090100532964804,Nodule 002,5.0,1.0,6.0,2.0,4.0,2.0,2.0,5.0,4.0,1,16,15.0
1.3.6.1.4.1.14519.5.2.1.6279.6001.765930210026773090100532964804,Nodule 001,4.0,1.0,6.0,5.0,5.0,1.0,1.0,5.0,3.0,,5,4.0
1.3.6.1.4.1.14519.5.2.1.6279.6001.765930210026773090100532964804,8259,5.0,1.0,6.0,4.0,5.0,1.0,2.0,5.0,5.0,1,27,22.0
1.3.6.1.4.1.14519.5.2.1.6279.6001.765930210026773090100532964804,8266,4.0,1.0,6.0,3.0,1.0,2.0,3.0,5.0,3.0,,9,7.0
1.3.6.1.4.1.14519.5.2.1.6279.6001.765930210026773090100532964804,6,5.0,1.0,6.0,5.0,5.0,3.0,1.0,5.0,3.0,,17,16.0
1.3.6.1.4.1.14519.5.2.1.6279.6001.765930210026773090100532964804,13,5.0,1.0,6.0,5.0,5.0,1.0,1.0,5.0,2.0,0,5,4.0
1.3.6.1.4.1.14519.5.2.1.6279.6001.137009552031052971596477963106,204225,4.0,1.0,6.0,3.0,5.0,1.0,2.0,5.0,2.0,0,3,6.0
1.3.6.1.4.1.14519.5.2.1.6279.6001.137009552031052971596477963106,204219,5.0,1.0,6.0,5.0,5.0,1.0,3.0,5.0,4.0,1,5,12.0
1.3.6.1.4.1.14519.5.2.1.6279.6001.137009552031052971596477963106,204223,5.0,1.0,6.0,5.0,5.0,1.0,2.0,5.0,4.0,1,5,12.0
1.3.6.1.4.1.14519.5.2.1.6279.6001.137009552031052971596477963106,204214,5.0,1.0,6.0,3.0,5.0,3.0,2.0,5.0,5.0,1,6,15.0
1.3.6.1.4.1.14519.5.2.1.6279.6001.137009552031052971596477963106,196432,5.0,1.0,5.0,5.0,5.0,1.0,1.0,5.0,1.0,0,4,9.0
1.3.6.1.4.1.14519.5.2.1.6279.6001.137009552031052971596477963106,196423,5.0,1.0,5.0,4.0,5.0,1.0,1.0,5.0,1.0,0,5,12.0
1.3.6.1.4.1.14519.5.2.1.6279.6001.137009552031052971596477963106,196428,5.0,1.0,5.0,5.0,5.0,1.0,1.0,5.0,1.0,0,5,12.0
1.3.6.1.4.1.14519.5.2.1.6279.6001.137009552031052971596477963106,216840,2.0,1.0,3.0,3.0,5.0,1.0,1.0,5.0,1.0,0,2,3.0
1.3.6.1.4.1.14519.5.2.1.6279.6001.137009552031052971596477963106,15602,4.0,1.0,6.0,3.0,5.0,1.0,2.0,5.0,5.0,1,6,15.0
1.3.6.1.4.1.14519.5.2.1.6279.6001.137009552031052971596477963106,15598,4.0,1.0,6.0,3.0,4.0,1.0,2.0,5.0,4.0,1,6,15.0
1.3.6.1.4.1.14519.5.2.1.6279.6001.137009552031052971596477963106,15612,5.0,1.0,6.0,4.0,5.0,1.0,1.0,5.0,5.0,1,6,15.0
1.3.6.1.4.1.14519.5.2.1.6279.6001.137009552031052971596477963106,15613,2.0,1.0,6.0,3.0,5.0,1.0,1.0,5.0,3.0,,3,6.0
1.3.6.1.4.1.14519.5.2.1.6279.6001.137009552031052971596477963106,0,5.0,1.0,6.0,4.0,4.0,3.0,2.0,5.0,3.0,,5,12.0
1.3.6.1.4.1.14519.5.2.1.6279.6001.137009552031052971596477963106,1,5.0,1.0,6.0,4.0,4.0,4.0,2.0,5.0,3.0,,6,15.0
1.3.6.1.4.1.14519.5.2.1.6279.6001.137009552031052971596477963106,2,5.0,1.0,6.0,4.0,4.0,4.0,2.0,5.0,3.0,,6,15.0
1.3.6.1.4.1.14519.5.2.1.6279.6001.137009552031052971596477963106,3,4.0,1.0,6.0,3.0,4.0,2.0,1.0,5.0,2.0,0,3,6.0
1.3.6.1.4.1.14519.5.2.1.6279.6001.107109359065300889765026303943,81146,5.0,1.0,6.0,3.0,3.0,3.0,4.0,5.0,4.0,1,17,20.0
1.3.6.1.4.1.14519.5.2.1.6279.6001.107109359065300889765026303943,81150,1.0,1.0,6.0,3.0,4.0,2.0,1.0,5.0,2.0,0,5,5.0
1.3.6.1.4.1.14519.5.2.1.6279.6001.107109359065300889765026303943,IL057_195819,2.0,1.0,6.0,4.0,5.0,2.0,1.0,5.0,3.0,,2,1.25
1.3.6.1.4.1.14519.5.2.1.6279.6001.107109359065300889765026303943,IL057_195816,5.0,1.0,6.0,4.0,5.0,2.0,1.0,5.0,5.0,1,17,20.0
1.3.6.1.4.1.14519.5.2.1.6279.6001.107109359065300889765026303943,Nodule 001,5.0,1.0,6.0,4.0,4.0,2.0,1.0,5.0,5.0,1,20,20.0
1.3.6.1.4.1.14519.5.2.1.6279.6001.107109359065300889765026303943,4339,3.0,1.0,6.0,2.0,5.0,1.0,4.0,5.0,3.0,,5,5.0
1.3.6.1.4.1.14519.5.2.1.6279.6001.107109359065300889765026303943,5811,5.0,1.0,6.0,3.0,5.0,2.0,3.0,5.0,5.0,1,23,25.0
1.3.6.1.4.1.14519.5.2.1.6279.6001.226152078193253087875725735761,13263,5.0,1.0,6.0,4.0,3.0,1.0,2.0,4.0,3.0,,10,9.0
1.3.6.1.4.1.14519.5.2.1.6279.6001.226152078193253087875725735761,Nodule 001,5.0,1.0,6.0,2.0,4.0,3.0,3.0,5.0,5.0,1,9,8.0
1.3.6.1.4.1.14519.5.2.1.6279.6001.226152078193253087875725735761,2398,4.0,1.0,6.0,4.0,4.0,2.0,2.0,4.0,3.0,,9,8.0
1.3.6.1.4.1.14519.5.2.1.6279.6001.139030456172925758598108159491,49963,5.0,1.0,6.0,4.0,2.0,2.0,4.0,3.0,5.0,1,4,9.0
1.3.6.1.4.1.14519.5.2.1.6279.6001.139030456172925758598108159491,49969,4.0,1.0,6.0,3.0,5.0,1.0,1.0,5.0,2.0,0,1,0.0
1.3.6.1.4.1.14519.5.2.1.6279.6001.139030456172925758598108159491,Nodule 001,4.0,1.0,6.0,4.0,4.0,2.0,1.0,5.0,4.0,1,2,3.0
1.3.6.1.4.1.14519.5.2.1.6279.6001.139030456172925758598108159491,Nodule 003,4.0,1.0,6.0,4.0,4.0,2.0,1.0,4.0,4.0,1,3,6.0
1.3.6.1.4.1.14519.5.2.1.6279.6001.139030456172925758598108159491,12609,5.0,1.0,6.0,4.0,4.0,1.0,3.0,5.0,4.0,1,4,9.0
1.3.6.1.4.1.14519.5.2.1.6279.6001.139030456172925758598108159491,12612,5.0,1.0,6.0,3.0,1.0,1.0,1.0,2.0,1.0,0,4,9.0
1.3.6.1.4.1.14519.5.2.1.6279.6001.139030456172925758598108159491,12617,5.0,1.0,6.0,3.0,5.0,1.0,1.0,5.0,4.0,1,1,0.0
1.3.6.1.4.1.14519.5.2.1.6279.6001.139030456172925758598108159491,0,4.0,1.0,6.0,3.0,3.0,2.0,1.0,3.0,3.0,,4,9.0
1.3.6.1.4.1.14519.5.2.1.6279.6001.139030456172925758598108159491,1,4.0,1.0,6.0,4.0,3.0,1.0,1.0,5.0,1.0,0,2,3.0
1.3.6.1.4.1.14519.5.2.1.6279.6001.139030456172925758598108159491,2,3.0,1.0,6.0,3.0,3.0,1.0,1.0,1.0,2.0,0,2,3.0
1.3.6.1.4.1.14519.5.2.1.6279.6001.892375496445736188832556446335,IL057_195832,5.0,1.0,6.0,5.0,4.0,5.0,3.0,5.0,5.0,1,21,22.5
1.3.6.1.4.1.14519.5.2.1.6279.6001.892375496445736188832556446335,IL057_195834,1.0,1.0,6.0,5.0,2.0,1.0,1.0,5.0,2.0,0,2,1.25
1.3.6.1.4.1.14519.5.2.1.6279.6001.892375496445736188832556446335,4344,5.0,1.0,6.0,3.0,3.0,3.0,5.0,5.0,5.0,1,18,20.0
1.3.6.1.4.1.14519.5.2.1.6279.6001.892375496445736188832556446335,81163,5.0,1.0,6.0,4.0,3.0,5.0,4.0,4.0,5.0,1,19,22.5
1.3.6.1.4.1.14519.5.2.1.6279.6001.892375496445736188832556446335,Nodule 002,5.0,1.0,6.0,3.0,4.0,3.0,3.0,5.0,5.0,1,20,22.5
1.3.6.1.4.1.14519.5.2.1.6279.6001.303066851236267189733420290986,1,1.0,1.0,6.0,5.0,2.0,1.0,1.0,1.0,2.0,0,6,5.0
1.3.6.1.4.1.14519.5.2.1.6279.6001.303066851236267189733420290986,5,5.0,1.0,3.0,5.0,5.0,1.0,1.0,5.0,1.0,0,8,7.0
1.3.6.1.4.1.14519.5.2.1.6279.6001.303066851236267189733420290986,7,1.0,1.0,6.0,5.0,2.0,1.0,1.0,1.0,2.0,0,6,5.0
1.3.6.1.4.1.14519.5.2.1.6279.6001.329624439086643515259182406526,IL057_69756,3.0,1.0,6.0,5.0,5.0,1.0,1.0,5.0,3.0,,5,5.0
1.3.6.1.4.1.14519.5.2.1.6279.6001.329624439086643515259182406526,IL057_69758,1.0,1.0,6.0,5.0,2.0,1.0,1.0,1.0,2.0,0,2,1.25
1.3.6.1.4.1.14519.5.2.1.6279.6001.329624439086643515259182406526,Nodule 001,4.0,1.0,6.0,5.0,5.0,1.0,1.0,5.0,2.0,0,6,6.25
1.3.6.1.4.1.14519.5.2.1.6279.6001.329624439086643515259182406526,6288,3.0,1.0,6.0,4.0,4.0,1.0,1.0,5.0,3.0,,5,5.0
1.3.6.1.4.1.14519.5.2.1.6279.6001.329624439086643515259182406526,4912,2.0,1.0,6.0,5.0,4.0,1.0,1.0,4.0,3.0,,6,6.25
1.3.6.1.4.1.14519.5.2.1.6279.6001.141345499716190654505508410197,0652,3.0,1.0,6.0,2.0,3.0,1.0,1.0,5.0,2.0,0,5,5.0
1.3.6.1.4.1.14519.5.2.1.6279.6001.141345499716190654505508410197,IL057_75871,3.0,1.0,6.0,3.0,4.0,1.0,1.0,5.0,3.0,,4,3.75
1.3.6.1.4.1.14519.5.2.1.6279.6001.141345499716190654505508410197,Nodule 002,4.0,1.0,6.0,4.0,5.0,1.0,1.0,5.0,3.0,,3,2.5
1.3.6.1.4.1.14519.5.2.1.6279.6001.141345499716190654505508410197,Nodule 013,3.0,1.0,6.0,3.0,4.0,1.0,1.0,3.0,4.0,1,2,1.25
1.3.6.1.4.1.14519.5.2.1.6279.6001.141345499716190654505508410197,Nodule 003,4.0,1.0,6.0,3.0,4.0,1.0,1.0,5.0,2.0,0,4,3.75
1.3.6.1.4.1.14519.5.2.1.6279.6001.141345499716190654505508410197,Nodule 004,3.0,1.0,6.0,4.0,5.0,1.0,1.0,5.0,3.0,,3,2.5
1.3.6.1.4.1.14519.5.2.1.6279.6001.141345499716190654505508410197,4736,4.0,1.0,6.0,3.0,4.0,2.0,1.0,4.0,3.0,,4,3.75
1.3.6.1.4.1.14519.5.2.1.6279.6001.134519406153127654901640638633,Nodule 008,5.0,1.0,6.0,3.0,4.0,2.0,2.0,5.0,4.0,1,7,7.5
1.3.6.1.4.1.14519.5.2.1.6279.6001.134519406153127654901640638633,Nodule 002,3.0,1.0,6.0,4.0,5.0,1.0,1.0,5.0,2.0,0,2,1.25
1.3.6.1.4.1.14519.5.2.1.6279.6001.134519406153127654901640638633,Nodule 004,4.0,1.0,6.0,2.0,4.0,2.0,1.0,5.0,2.0,0,5,5.0
1.3.6.1.4.1.14519.5.2.1.6279.6001.134519406153127654901640638633,IL057_167441,5.0,1.0,3.0,4.0,5.0,3.0,1.0,5.0,1.0,0,7,7.5
1.3.6.1.4.1.14519.5.2.1.6279.6001.134519406153127654901640638633,IL057_167452,3.0,1.0,6.0,4.0,3.0,2.0,1.0,4.0,3.0,,2,1.25
1.3.6.1.4.1.14519.5.2.1.6279.6001.134519406153127654901640638633,IL057_167460,2.0,1.0,6.0,3.0,4.0,1.0,1.0,5.0,1.0,0,2,1.25
1.3.6.1.4.1.14519.5.2.1.6279.6001.134519406153127654901640638633,IL057_167448,2.0,1.0,6.0,4.0,4.0,1.0,1.0,5.0,2.0,0,4,3.75
1.3.6.1.4.1.14519.5.2.1.6279.6001.134519406153127654901640638633,IL057_167456,2.0,1.0,6.0,3.0,3.0,3.0,1.0,5.0,1.0,0,2,1.25
1.3.6.1.4.1.14519.5.2.1.6279.6001.134519406153127654901640638633,IL057_167443,4.0,1.0,6.0,4.0,4.0,1.0,1.0,5.0,3.0,,5,5.0
1.3.6.1.4.1.14519.5.2.1.6279.6001.134519406153127654901640638633,IL057_168519,2.0,1.0,6.0,5.0,5.0,1.0,1.0,5.0,2.0,0,3,2.5
1.3.6.1.4.1.14519.5.2.1.6279.6001.134519406153127654901640638633,MI014_17743,5.0,1.0,3.0,3.0,5.0,1.0,4.0,5.0,1.0,0,7,7.5
1.3.6.1.4.1.14519.5.2.1.6279.6001.134519406153127654901640638633,MI014_17749,3.0,1.0,3.0,2.0,5.0,1.0,3.0,5.0,1.0,0,5,5.0
1.3.6.1.4.1.14519.5.2.1.6279.6001.134519406153127654901640638633,MI014_17787,2.0,1.0,6.0,2.0,3.0,1.0,2.0,5.0,3.0,,5,5.0
1.3.6.1.4.1.14519.5.2.1.6279.6001.134519406153127654901640638633,MI014_17788,1.0,1.0,6.0,5.0,4.0,1.0,1.0,5.0,3.0,,4,3.75
1.3.6.1.4.1.14519.5.2.1.6279.6001.134519406153127654901640638633,0,5.0,1.0,3.0,5.0,5.0,1.0,1.0,5.0,1.0,0,7,7.5
1.3.6.1.4.1.14519.5.2.1.6279.6001.134519406153127654901640638633,11,5.0,1.0,3.0,5.0,5.0,1.0,1.0,5.0,1.0,0,6,6.25
1.3.6.1.4.1.14519.5.2.1.6279.6001.227968442353440630355230778531,13443,5.0,1.0,6.0,4.0,3.0,1.0,3.0,5.0,5.0,1,16,15.0
1.3.6.1.4.1.14519.5.2.1.6279.6001.227968442353440630355230778531,13446,3.0,1.0,6.0,2.0,3.0,1.0,1.0,5.0,4.0,1,9,8.0
1.3.6.1.4.1.14519.5.2.1.6279.6001.227968442353440630355230778531,Nodule 001,5.0,1.0,6.0,3.0,3.0,3.0,3.0,5.0,5.0,1,15,14.0
1.3.6.1.4.1.14519.5.2.1.6279.6001.227968442353440630355230778531,13871,5.0,1.0,6.0,4.0,2.0,1.0,1.0,5.0,5.0,1,20,21.0
1.3.6.1.4.1.14519.5.2.1.6279.6001.227968442353440630355230778531,0,5.0,1.0,6.0,5.0,5.0,4.0,1.0,5.0,2.0,0,15,14.0
1.3.6.1.4.1.14519.5.2.1.6279.6001.115386642382564804180764325545,8,3.0,1.0,6.0,5.0,5.0,1.0,1.0,5.0,2.0,0,29,17.5
1.3.6.1.4.1.14519.5.2.1.6279.6001.115386642382564804180764325545,142116,5.0,1.0,6.0,4.0,4.0,3.0,3.0,5.0,2.0,0,44,18.75
1.3.6.1.4.1.14519.5.2.1.6279.6001.115386642382564804180764325545,142122,5.0,1.0,3.0,4.0,5.0,1.0,1.0,5.0,1.0,0,6,3.12
1.3.6.1.4.1.14519.5.2.1.6279.6001.115386642382564804180764325545,142127,5.0,1.0,3.0,4.0,5.0,1.0,1.0,5.0,1.0,0,7,3.75
1.3.6.1.4.1.14519.5.2.1.6279.6001.115386642382564804180764325545,159539,4.0,1.0,6.0,4.0,5.0,2.0,1.0,5.0,3.0,,20,11.88
1.3.6.1.4.1.14519.5.2.1.6279.6001.115386642382564804180764325545,Nodule 007,5.0,1.0,6.0,3.0,3.0,2.0,2.0,5.0,5.0,1,26,15.62
1.3.6.1.4.1.14519.5.2.1.6279.6001.115386642382564804180764325545,Nodule 005,3.0,1.0,6.0,3.0,5.0,1.0,1.0,5.0,2.0,0,10,5.62
1.3.6.1.4.1.14519.5.2.1.6279.6001.115386642382564804180764325545,Nodule 004,3.0,1.0,6.0,4.0,5.0,1.0,1.0,5.0,2.0,0,7,3.75
1.3.6.1.4.1.14519.5.2.1.6279.6001.115386642382564804180764325545,Nodule 002,5.0,1.0,3.0,5.0,5.0,1.0,1.0,5.0,1.0,0,6,3.12
1.3.6.1.4.1.14519.5.2.1.6279.6001.975254950136384517744116790879,Nodule 001,4.0,1.0,6.0,2.0,4.0,2.0,1.0,4.0,4.0,1,3,5.0
1.3.6.1.4.1.14519.5.2.1.6279.6001.665044273312514967270866833277,112037,5.0,1.0,6.0,5.0,4.0,1.0,2.0,5.0,3.0,,2,3.0
1.3.6.1.4.1.14519.5.2.1.6279.6001.665044273312514967270866833277,112040,5.0,1.0,3.0,4.0,5.0,2.0,1.0,5.0,1.0,0,2,3.0
1.3.6.1.4.1.14519.5.2.1.6279.6001.665044273312514967270866833277,123585,4.0,1.0,6.0,5.0,4.0,1.0,1.0,5.0,3.0,,2,3.0
1.3.6.1.4.1.14519.5.2.1.6279.6001.665044273312514967270866833277,131280,3.0,1.0,3.0,5.0,5.0,1.0,1.0,5.0,1.0,0,2,3.0
1.3.6.1.4.1.14519.5.2.1.6279.6001.299806338046301317870803017534,5553,5.0,1.0,6.0,3.0,3.0,1.0,1.0,4.0,3.0,,3,2.5
1.3.6.1.4.1.14519.5.2.1.6279.6001.299806338046301317870803017534,5554,5.0,1.0,6.0,3.0,4.0,1.0,1.0,4.0,3.0,,6,6.25
1.3.6.1.4.1.14519.5.2.1.6279.6001.299806338046301317870803017534,5555,4.0,1.0,6.0,3.0,4.0,1.0,1.0,4.0,3.0,,4,3.75
1.3.6.1.4.1.14519.5.2.1.6279.6001.299806338046301317870803017534,5556,4.0,1.0,6.0,3.0,4.0,1.0,1.0,4.0,3.0,,4,3.75
1.3.6.1.4.1.14519.5.2.1.6279.6001.299806338046301317870803017534,5557,4.0,1.0,6.0,3.0,4.0,1.0,1.0,4.0,3.0,,4,3.75
1.3.6.1.4.1.14519.5.2.1.6279.6001.299806338046301317870803017534,5561,4.0,1.0,6.0,4.0,3.0,1.0,1.0,3.0,3.0,,2,1.25
1.3.6.1.4.1.14519.5.2.1.6279.6001.299806338046301317870803017534,5564,4.0,1.0,6.0,4.0,3.0,1.0,1.0,1.0,3.0,,2,1.25
1.3.6.1.4.1.14519.5.2.1.6279.6001.299806338046301317870803017534,4652,5.0,1.0,6.0,2.0,4.0,2.0,2.0,5.0,2.0,0,6,6.25
1.3.6.1.4.1.14519.5.2.1.6279.6001.299806338046301317870803017534,4657,4.0,1.0,6.0,2.0,5.0,1.0,1.0,5.0,2.0,0,4,3.75
1.3.6.1.4.1.14519.5.2.1.6279.6001.299806338046301317870803017534,4660,3.0,1.0,6.0,3.0,4.0,1.0,2.0,5.0,3.0,,3,2.5
1.3.6.1.4.1.14519.5.2.1.6279.6001.299806338046301317870803017534,4663,4.0,1.0,5.0,4.0,4.0,2.0,1.0,5.0,1.0,0,3,2.5
1.3.6.1.4.1.14519.5.2.1.6279.6001.299806338046301317870803017534,4920,4.0,1.0,6.0,4.0,4.0,1.0,2.0,5.0,3.0,,3,2.5
1.3.6.1.4.1.14519.5.2.1.6279.6001.299806338046301317870803017534,4922,2.0,1.0,6.0,3.0,4.0,2.0,1.0,5.0,3.0,,3,2.5
1.3.6.1.4.1.14519.5.2.1.6279.6001.299806338046301317870803017534,4923,3.0,1.0,6.0,2.0,4.0,2.0,2.0,5.0,3.0,,3,2.5
1.3.6.1.4.1.14519.5.2.1.6279.6001.299806338046301317870803017534,IL057_69664,3.0,1.0,6.0,3.0,4.0,1.0,1.0,5.0,2.0,0,4,3.75
1.3.6.1.4.1.14519.5.2.1.6279.6001.299806338046301317870803017534,IL057_69666,4.0,1.0,6.0,5.0,4.0,1.0,1.0,5.0,3.0,,3,2.5
1.3.6.1.4.1.14519.5.2.1.6279.6001.299806338046301317870803017534,IL057_69670,3.0,1.0,6.0,3.0,4.0,1.0,1.0,5.0,2.0,0,2,1.25
1.3.6.1.4.1.14519.5.2.1.6279.6001.299806338046301317870803017534,IL057_91907,2.0,1.0,6.0,3.0,3.0,1.0,1.0,5.0,2.0,0,2,1.25
1.3.6.1.4.1.14519.5.2.1.6279.6001.299806338046301317870803017534,IL057_91908,1.0,1.0,6.0,3.0,4.0,1.0,1.0,5.0,2.0,0,2,1.25
1.3.6.1.4.1.14519.5.2.1.6279.6001.299806338046301317870803017534,Nodule 010,4.0,1.0,6.0,3.0,5.0,1.0,1.0,5.0,4.0,1,3,2.5
1.3.6.1.4.1.14519.5.2.1.6279.6001.299806338046301317870803017534,Nodule 005,4.0,1.0,6.0,4.0,5.0,1.0,1.0,5.0,2.0,0,3,2.5
1.3.6.1.4.1.14519.5.2.1.6279.6001.299806338046301317870803017534,Nodule 003,4.0,1.0,6.0,3.0,5.0,1.0,1.0,5.0,3.0,,4,3.75
1.3.6.1.4.1.14519.5.2.1.6279.6001.299806338046301317870803017534,Nodule 004,4.0,1.0,6.0,2.0,5.0,1.0,1.0,4.0,2.0,0,4,3.75
1.3.6.1.4.1.14519.5.2.1.6279.6001.299806338046301317870803017534,Nodule 002,4.0,1.0,6.0,4.0,5.0,1.0,1.0,5.0,2.0,0,3,2.5
1.3.6.1.4.1.14519.5.2.1.6279.6001.214800939017429618305208626314,Nodule 007,4.0,1.0,6.0,4.0,4.0,1.0,1.0,3.0,2.0,0,3,3.6
1.3.6.1.4.1.14519.5.2.1.6279.6001.214800939017429618305208626314,Nodule 009,4.0,1.0,6.0,3.0,4.0,1.0,1.0,5.0,3.0,,4,5.4
1.3.6.1.4.1.14519.5.2.1.6279.6001.214800939017429618305208626314,Nodule 008,4.0,1.0,6.0,4.0,5.0,1.0,1.0,5.0,4.0,1,3,3.6
1.3.6.1.4.1.14519.5.2.1.6279.6001.214800939017429618305208626314,Nodule 006,4.0,1.0,6.0,5.0,5.0,1.0,1.0,5.0,3.0,,3,3.6
1.3.6.1.4.1.14519.5.2.1.6279.6001.214800939017429618305208626314,Nodule 005,4.0,1.0,6.0,4.0,5.0,1.0,1.0,5.0,3.0,,3,3.6
1.3.6.1.4.1.14519.5.2.1.6279.6001.214800939017429618305208626314,Nodule 004,3.0,1.0,6.0,5.0,5.0,1.0,1.0,5.0,2.0,0,3,3.6
1.3.6.1.4.1.14519.5.2.1.6279.6001.214800939017429618305208626314,Nodule 002,4.0,1.0,6.0,5.0,5.0,1.0,1.0,5.0,3.0,,2,1.8
1.3.6.1.4.1.14519.5.2.1.6279.6001.214800939017429618305208626314,Nodule 003,5.0,1.0,6.0,2.0,4.0,2.0,2.0,5.0,4.0,1,3,3.6
1.3.6.1.4.1.14519.5.2.1.6279.6001.214800939017429618305208626314,21470,4.0,1.0,6.0,3.0,2.0,1.0,1.0,4.0,3.0,,2,1.8
1.3.6.1.4.1.14519.5.2.1.6279.6001.214800939017429618305208626314,21527,2.0,1.0,6.0,5.0,4.0,1.0,1.0,5.0,1.0,0,3,3.6
1.3.6.1.4.1.14519.5.2.1.6279.6001.214800939017429618305208626314,21463,4.0,1.0,6.0,4.0,3.0,1.0,1.0,5.0,3.0,,3,3.6
1.3.6.1.4.1.14519.5.2.1.6279.6001.214800939017429618305208626314,21459,3.0,1.0,6.0,5.0,5.0,1.0,1.0,5.0,3.0,,3,3.6
1.3.6.1.4.1.14519.5.2.1.6279.6001.214800939017429618305208626314,21528,1.0,1.0,6.0,5.0,4.0,1.0,1.0,5.0,2.0,0,1,0.0
1.3.6.1.4.1.14519.5.2.1.6279.6001.214800939017429618305208626314,21533,1.0,1.0,6.0,3.0,4.0,1.0,2.0,5.0,1.0,0,3,3.6
1.3.6.1.4.1.14519.5.2.1.6279.6001.214800939017429618305208626314,21534,2.0,1.0,6.0,5.0,3.0,1.0,1.0,5.0,2.0,0,3,3.6
1.3.6.1.4.1.14519.5.2.1.6279.6001.214800939017429618305208626314,21488,3.0,1.0,6.0,5.0,3.0,1.0,1.0,5.0,3.0,,2,1.8
1.3.6.1.4.1.14519.5.2.1.6279.6001.214800939017429618305208626314,21535,1.0,1.0,6.0,3.0,4.0,2.0,1.0,5.0,1.0,0,2,1.8
1.3.6.1.4.1.14519.5.2.1.6279.6001.214800939017429618305208626314,1647,3.0,1.0,6.0,4.0,2.0,3.0,4.0,3.0,3.0,,4,5.4
1.3.6.1.4.1.14519.5.2.1.6279.6001.214800939017429618305208626314,1702,1.0,1.0,6.0,2.0,4.0,2.0,2.0,4.0,3.0,,2,1.8
1.3.6.1.4.1.14519.5.2.1.6279.6001.214800939017429618305208626314,1644,2.0,1.0,6.0,4.0,4.0,2.0,2.0,4.0,3.0,,2,1.8
1.3.6.1.4.1.14519.5.2.1.6279.6001.214800939017429618305208626314,1640,4.0,1.0,6.0,4.0,4.0,3.0,2.0,4.0,3.0,,4,5.4
1.3.6.1.4.1.14519.5.2.1.6279.6001.214800939017429618305208626314,1636,2.0,1.0,6.0,5.0,4.0,2.0,2.0,4.0,3.0,,4,5.4
1.3.6.1.4.1.14519.5.2.1.6279.6001.214800939017429618305208626314,1682,1.0,1.0,6.0,4.0,4.0,3.0,2.0,4.0,3.0,,3,3.6
1.3.6.1.4.1.14519.5.2.1.6279.6001.214800939017429618305208626314,1681,1.0,1.0,6.0,2.0,3.0,4.0,2.0,3.0,3.0,,5,7.2
1.3.6.1.4.1.14519.5.2.1.6279.6001.214800939017429618305208626314,1632,2.0,1.0,6.0,3.0,2.0,3.0,3.0,3.0,3.0,,2,1.8
1.3.6.1.4.1.14519.5.2.1.6279.6001.214800939017429618305208626314,1665,2.0,1.0,6.0,4.0,4.0,4.0,2.0,4.0,3.0,,4,5.4
1.3.6.1.4.1.14519.5.2.1.6279.6001.214800939017429618305208626314,1668,4.0,1.0,6.0,4.0,4.0,3.0,2.0,4.0,3.0,,4,5.4
1.3.6.1.4.1.14519.5.2.1.6279.6001.214800939017429618305208626314,6,5.0,1.0,5.0,3.0,5.0,1.0,1.0,5.0,1.0,0,6,9.0
1.3.6.1.4.1.14519.5.2.1.6279.6001.163901773171373940247829492387,76664,4.0,1.0,6.0,3.0,2.0,3.0,3.0,1.0,3.0,,13,12.0
1.3.6.1.4.1.14519.5.2.1.6279.6001.163901773171373940247829492387,76661,5.0,1.0,6.0,4.0,4.0,3.0,2.0,5.0,4.0,1,19,18.0
1.3.6.1.4.1.14519.5.2.1.6279.6001.163901773171373940247829492387,76669,2.0,1.0,6.0,3.0,3.0,2.0,2.0,4.0,3.0,,4,3.0
1.3.6.1.4.1.14519.5.2.1.6279.6001.163901773171373940247829492387,Nodule 001,5.0,1.0,6.0,3.0,4.0,2.0,2.0,5.0,5.0,1,19,18.0
1.3.6.1.4.1.14519.5.2.1.6279.6001.163901773171373940247829492387,15270,5.0,1.0,6.0,5.0,5.0,1.0,1.0,5.0,5.0,1,19,18.0
1.3.6.1.4.1.14519.5.2.1.6279.6001.163901773171373940247829492387,15275,3.0,1.0,6.0,4.0,5.0,1.0,1.0,5.0,3.0,,5,4.0
1.3.6.1.4.1.14519.5.2.1.6279.6001.163901773171373940247829492387,0,3.0,1.0,6.0,5.0,5.0,1.0,1.0,5.0,2.0,0,6,5.0
1.3.6.1.4.1.14519.5.2.1.6279.6001.163901773171373940247829492387,2,1.0,1.0,6.0,5.0,2.0,1.0,1.0,1.0,2.0,0,17,16.0
1.3.6.1.4.1.14519.5.2.1.6279.6001.163901773171373940247829492387,3,5.0,1.0,6.0,5.0,5.0,1.0,1.0,5.0,2.0,0,19,18.0
1.3.6.1.4.1.14519.5.2.1.6279.6001.163901773171373940247829492387,5,3.0,1.0,6.0,5.0,5.0,1.0,1.0,5.0,2.0,0,4,3.0
1.3.6.1.4.1.14519.5.2.1.6279.6001.123654356399290048011621921476,5484,5.0,1.0,6.0,4.0,4.0,1.0,1.0,4.0,3.0,,3,5.0
1.3.6.1.4.1.14519.5.2.1.6279.6001.123654356399290048011621921476,5485,5.0,1.0,6.0,4.0,4.0,1.0,1.0,3.0,3.0,,3,5.0
1.3.6.1.4.1.14519.5.2.1.6279.6001.123654356399290048011621921476,Nodule 001,4.0,1.0,6.0,3.0,5.0,1.0,1.0,5.0,3.0,,2,2.5
1.3.6.1.4.1.14519.5.2.1.6279.6001.123654356399290048011621921476,Nodule 002,4.0,1.0,6.0,4.0,5.0,1.0,1.0,5.0,3.0,,2,2.5
1.3.6.1.4.1.14519.5.2.1.6279.6001.123654356399290048011621921476,3959,5.0,1.0,6.0,3.0,4.0,1.0,2.0,4.0,2.0,0,3,5.0
1.3.6.1.4.1.14519.5.2.1.6279.6001.123654356399290048011621921476,3962,4.0,1.0,6.0,3.0,4.0,2.0,2.0,5.0,3.0,,3,5.0
1.3.6.1.4.1.14519.5.2.1.6279.6001.293757615532132808762625441831,Nodule 001,5.0,1.0,6.0,2.0,4.0,2.0,2.0,4.0,4.0,1,8,4.38
1.3.6.1.4.1.14519.5.2.1.6279.6001.293757615532132808762625441831,Nodule 003,5.0,1.0,6.0,2.0,4.0,3.0,3.0,4.0,4.0,1,10,5.62
1.3.6.1.4.1.14519.5.2.1.6279.6001.293757615532132808762625441831,15567,5.0,1.0,6.0,2.0,3.0,3.0,2.0,4.0,3.0,,10,5.62
1.3.6.1.4.1.14519.5.2.1.6279.6001.293757615532132808762625441831,15561,5.0,1.0,3.0,4.0,5.0,3.0,1.0,5.0,1.0,0,5,2.5
1.3.6.1.4.1.14519.5.2.1.6279.6001.293757615532132808762625441831,0,5.0,1.0,3.0,3.0,5.0,1.0,1.0,5.0,1.0,0,8,4.38
1.3.6.1.4.1.14519.5.2.1.6279.6001.293757615532132808762625441831,1,3.0,1.0,6.0,3.0,2.0,1.0,1.0,1.0,2.0,0,7,3.75
1.3.6.1.4.1.14519.5.2.1.6279.6001.293757615532132808762625441831,9895,4.0,1.0,6.0,4.0,5.0,2.0,1.0,5.0,4.0,1,7,3.75
1.3.6.1.4.1.14519.5.2.1.6279.6001.293757615532132808762625441831,9889,5.0,1.0,3.0,3.0,5.0,3.0,1.0,5.0,1.0,0,6,3.12
1.3.6.1.4.1.14519.5.2.1.6279.6001.217589936421986638139451480826,Nodule 012,4.0,1.0,6.0,4.0,5.0,1.0,1.0,5.0,3.0,,5,5.0
1.3.6.1.4.1.14519.5.2.1.6279.6001.217589936421986638139451480826,Nodule 013,4.0,1.0,6.0,3.0,5.0,1.0,1.0,5.0,2.0,0,3,2.5
1.3.6.1.4.1.14519.5.2.1.6279.6001.217589936421986638139451480826,Nodule 011,4.0,1.0,6.0,3.0,5.0,1.0,1.0,5.0,3.0,,4,3.75
1.3.6.1.4.1.14519.5.2.1.6279.6001.217589936421986638139451480826,Nodule 008,4.0,1.0,6.0,4.0,5.0,1.0,1.0,5.0,3.0,,2,1.25
1.3.6.1.4.1.14519.5.2.1.6279.6001.217589936421986638139451480826,Nodule 004,3.0,1.0,6.0,4.0,5.0,1.0,1.0,5.0,2.0,0,3,2.5
1.3.6.1.4.1.14519.5.2.1.6279.6001.217589936421986638139451480826,Nodule 003,4.0,1.0,6.0,4.0,5.0,1.0,1.0,5.0,2.0,0,3,2.5
1.3.6.1.4.1.14519.5.2.1.6279.6001.217589936421986638139451480826,Nodule 001,4.0,1.0,6.0,3.0,5.0,1.0,2.0,5.0,3.0,,5,5.0
1.3.6.1.4.1.14519.5.2.1.6279.6001.217589936421986638139451480826,4831,5.0,1.0,6.0,4.0,5.0,1.0,2.0,5.0,4.0,1,3,2.5
1.3.6.1.4.1.14519.5.2.1.6279.6001.217589936421986638139451480826,4824,5.0,1.0,6.0,4.0,5.0,1.0,1.0,5.0,3.0,,4,3.75
1.3.6.1.4.1.14519.5.2.1.6279.6001.217589936421986638139451480826,4834,4.0,1.0,6.0,4.0,4.0,1.0,1.0,5.0,3.0,,4,3.75
1.3.6.1.4.1.14519.5.2.1.6279.6001.217589936421986638139451480826,0830,4.0,1.0,3.0,5.0,5.0,1.0,1.0,5.0,1.0,0,4,3.75
1.3.6.1.4.1.14519.5.2.1.6279.6001.217589936421986638139451480826,0821,3.0,1.0,3.0,3.0,4.0,1.0,1.0,5.0,1.0,0,5,5.0
1.3.6.1.4.1.14519.5.2.1.6279.6001.217589936421986638139451480826,0835,3.0,1.0,6.0,2.0,4.0,1.0,1.0,5.0,1.0,0,4,3.75
1.3.6.1.4.1.14519.5.2.1.6279.6001.217589936421986638139451480826,0825,3.0,1.0,6.0,2.0,3.0,3.0,3.0,5.0,3.0,,6,6.25
1.3.6.1.4.1.14519.5.2.1.6279.6001.217589936421986638139451480826,IL057_69368,5.0,1.0,6.0,3.0,4.0,4.0,3.0,5.0,2.0,0,5,5.0
1.3.6.1.4.1.14519.5.2.1.6279.6001.217589936421986638139451480826,IL057_69379,2.0,1.0,6.0,2.0,3.0,2.0,2.0,5.0,1.0,0,3,2.5
1.3.6.1.4.1.14519.5.2.1.6279.6001.217589936421986638139451480826,IL057_69365,4.0,1.0,6.0,4.0,4.0,2.0,1.0,5.0,3.0,,3,2.5
1.3.6.1.4.1.14519.5.2.1.6279.6001.217589936421986638139451480826,IL057_69375,4.0,1.0,6.0,4.0,4.0,1.0,1.0,5.0,2.0,0,3,2.5
1.3.6.1.4.1.14519.5.2.1.6279.6001.217589936421986638139451480826,IL057_69373,4.0,1.0,6.0,4.0,4.0,1.0,1.0,5.0,3.0,,3,2.5
1.3.6.1.4.1.14519.5.2.1.6279.6001.217589936421986638139451480826,IL057_69392,2.0,1.0,6.0,5.0,4.0,1.0,1.0,5.0,1.0,0,2,1.25
1.3.6.1.4.1.14519.5.2.1.6279.6001.655242448149322898770987310561,5235,5.0,4.0,6.0,3.0,3.0,3.0,3.0,5.0,5.0,1,10,22.5
1.3.6.1.4.1.14519.5.2.1.6279.6001.655242448149322898770987310561,Nodule 001,5.0,1.0,6.0,3.0,3.0,3.0,5.0,5.0,5.0,1,5,10.0
1.3.6.1.4.1.14519.5.2.1.6279.6001.655242448149322898770987310561,Nodule 002,5.0,1.0,6.0,3.0,3.0,3.0,5.0,4.0,5.0,1,3,5.0
1.3.6.1.4.1.14519.5.2.1.6279.6001.655242448149322898770987310561,IL057_196321,5.0,1.0,6.0,4.0,3.0,5.0,3.0,5.0,5.0,1,11,22.5
1.3.6.1.4.1.14519.5.2.1.6279.6001.655242448149322898770987310561,03477,5.0,4.0,6.0,4.0,1.0,3.0,5.0,5.0,5.0,1,10,22.5
1.3.6.1.4.1.14519.5.2.1.6279.6001.174935793360491516757154875981,Nodule 003,4.0,1.0,6.0,4.0,5.0,1.0,1.0,5.0,2.0,0,3,3.6
1.3.6.1.4.1.14519.5.2.1.6279.6001.174935793360491516757154875981,Nodule 002,4.0,1.0,6.0,3.0,5.0,1.0,1.0,5.0,1.0,0,4,5.4
1.3.6.1.4.1.14519.5.2.1.6279.6001.174935793360491516757154875981,Nodule 004,3.0,1.0,6.0,4.0,5.0,1.0,1.0,5.0,2.0,0,2,1.8
1.3.6.1.4.1.14519.5.2.1.6279.6001.174935793360491516757154875981,MI014_16842,5.0,1.0,6.0,5.0,5.0,1.0,1.0,5.0,3.0,,3,3.6
1.3.6.1.4.1.14519.5.2.1.6279.6001.242624386080831911167122628616,57945,4.0,1.0,3.0,5.0,5.0,1.0,1.0,5.0,1.0,0,16,7.7
1.3.6.1.4.1.14519.5.2.1.6279.6001.242624386080831911167122628616,57939,5.0,1.0,6.0,2.0,4.0,1.0,1.0,5.0,2.0,0,12,7.7
1.3.6.1.4.1.14519.5.2.1.6279.6001.242624386080831911167122628616,80010,5.0,1.0,3.0,3.0,5.0,1.0,3.0,5.0,1.0,0,6,2.8
1.3.6.1.4.1.14519.5.2.1.6279.6001.242624386080831911167122628616,50471,5.0,1.0,3.0,3.0,5.0,1.0,1.0,5.0,1.0,0,4,2.1
1.3.6.1.4.1.14519.5.2.1.6279.6001.242624386080831911167122628616,50474,5.0,1.0,6.0,3.0,5.0,1.0,1.0,5.0,4.0,1,11,7.0
1.3.6.1.4.1.14519.5.2.1.6279.6001.242624386080831911167122628616,13709,5.0,1.0,6.0,3.0,4.0,1.0,1.0,5.0,4.0,1,12,7.7
1.3.6.1.4.1.14519.5.2.1.6279.6001.242624386080831911167122628616,17079,5.0,1.0,3.0,2.0,5.0,2.0,1.0,5.0,1.0,0,11,7.0
1.3.6.1.4.1.14519.5.2.1.6279.6001.242624386080831911167122628616,0,4.0,1.0,3.0,3.0,5.0,2.0,1.0,5.0,1.0,0,16,7.7
1.3.6.1.4.1.14519.5.2.1.6279.6001.293042942258944468818728122049,80986,5.0,1.0,6.0,2.0,2.0,2.0,3.0,5.0,4.0,1,10,24.0
1.3.6.1.4.1.14519.5.2.1.6279.6001.293042942258944468818728122049,80993,4.0,1.0,3.0,4.0,5.0,1.0,1.0,5.0,1.0,0,3,6.0
1.3.6.1.4.1.14519.5.2.1.6279.6001.293042942258944468818728122049,85533,3.0,1.0,3.0,5.0,5.0,1.0,1.0,5.0,1.0,0,1,0.0
1.3.6.1.4.1.14519.5.2.1.6279.6001.293042942258944468818728122049,85528,4.0,1.0,6.0,3.0,3.0,3.0,4.0,5.0,4.0,1,9,24.0
1.3.6.1.4.1.14519.5.2.1.6279.6001.293042942258944468818728122049,15704,4.0,1.0,3.0,5.0,5.0,1.0,1.0,5.0,1.0,0,2,3.0
1.3.6.1.4.1.14519.5.2.1.6279.6001.293042942258944468818728122049,0,5.0,1.0,3.0,5.0,5.0,1.0,1.0,5.0,1.0,0,3,6.0
1.3.6.1.4.1.14519.5.2.1.6279.6001.293042942258944468818728122049,1,5.0,1.0,6.0,5.0,4.0,1.0,5.0,4.0,4.0,1,10,27.0
1.3.6.1.4.1.14519.5.2.1.6279.6001.200725988589959521302320481687,Nodule 002,5.0,1.0,6.0,3.0,4.0,2.0,2.0,5.0,5.0,1,5,7.2
1.3.6.1.4.1.14519.5.2.1.6279.6001.200725988589959521302320481687,Nodule 001,5.0,1.0,6.0,4.0,5.0,1.0,1.0,5.0,4.0,1,5,7.2
1.3.6.1.4.1.14519.5.2.1.6279.6001.200725988589959521302320481687,44874,3.0,1.0,6.0,4.0,4.0,2.0,1.0,5.0,4.0,1,4,5.4
1.3.6.1.4.1.14519.5.2.1.6279.6001.200725988589959521302320481687,44871,5.0,1.0,3.0,5.0,5.0,1.0,1.0,5.0,1.0,0,5,7.2
1.3.6.1.4.1.14519.5.2.1.6279.6001.200725988589959521302320481687,MI014_13982,3.0,1.0,6.0,4.0,4.0,2.0,2.0,4.0,3.0,,4,5.4
1.3.6.1.4.1.14519.5.2.1.6279.6001.200725988589959521302320481687,MI014_13985,4.0,1.0,3.0,5.0,5.0,1.0,1.0,5.0,1.0,0,5,7.2
1.3.6.1.4.1.14519.5.2.1.6279.6001.200725988589959521302320481687,0,5.0,1.0,3.0,5.0,5.0,1.0,1.0,5.0,1.0,0,5,7.2
1.3.6.1.4.1.14519.5.2.1.6279.6001.200725988589959521302320481687,1,5.0,1.0,6.0,4.0,5.0,2.0,1.0,5.0,2.0,0,5,7.2
1.3.6.1.4.1.14519.5.2.1.6279.6001.466284753932369813717081722101,Nodule 002,3.0,1.0,6.0,4.0,4.0,1.0,1.0,4.0,4.0,1,3,2.0
1.3.6.1.4.1.14519.5.2.1.6279.6001.466284753932369813717081722101,IL057_220586,5.0,1.0,3.0,5.0,5.0,1.0,1.0,5.0,1.0,0,3,2.0
1.3.6.1.4.1.14519.5.2.1.6279.6001.466284753932369813717081722101,MI014_14525,1.0,1.0,6.0,3.0,1.0,1.0,1.0,1.0,3.0,,6,4.0
1.3.6.1.4.1.14519.5.2.1.6279.6001.309955999522338651429118207446,0,5.0,1.0,6.0,4.0,5.0,1.0,1.0,5.0,3.0,,9,5.0
1.3.6.1.4.1.14519.5.2.1.6279.6001.309955999522338651429118207446,2,5.0,1.0,6.0,3.0,2.0,1.0,1.0,4.0,3.0,,5,2.5
1.3.6.1.4.1.14519.5.2.1.6279.6001.309955999522338651429118207446,3,5.0,1.0,6.0,4.0,5.0,1.0,1.0,5.0,1.0,0,18,10.62
1.3.6.1.4.1.14519.5.2.1.6279.6001.309955999522338651429118207446,5,5.0,1.0,6.0,4.0,5.0,1.0,1.0,5.0,3.0,,5,2.5
1.3.6.1.4.1.14519.5.2.1.6279.6001.309955999522338651429118207446,6,5.0,1.0,6.0,4.0,5.0,1.0,1.0,5.0,3.0,,5,2.5
1.3.6.1.4.1.14519.5.2.1.6279.6001.309955999522338651429118207446,8,5.0,1.0,6.0,4.0,5.0,1.0,1.0,5.0,3.0,,5,2.5
1.3.6.1.4.1.14519.5.2.1.6279.6001.309955999522338651429118207446,9,5.0,1.0,6.0,4.0,3.0,1.0,1.0,5.0,3.0,,5,2.5
1.3.6.1.4.1.14519.5.2.1.6279.6001.309955999522338651429118207446,10,5.0,1.0,6.0,5.0,4.0,1.0,1.0,5.0,3.0,,8,4.38
1.3.6.1.4.1.14519.5.2.1.6279.6001.309955999522338651429118207446,11,5.0,1.0,6.0,5.0,4.0,1.0,1.0,5.0,3.0,,7,3.75
1.3.6.1.4.1.14519.5.2.1.6279.6001.309955999522338651429118207446,12,3.0,1.0,6.0,5.0,5.0,1.0,1.0,5.0,2.0,0,13,7.5
1.3.6.1.4.1.14519.5.2.1.6279.6001.309955999522338651429118207446,13,5.0,1.0,6.0,4.0,2.0,1.0,1.0,5.0,3.0,,5,2.5
1.3.6.1.4.1.14519.5.2.1.6279.6001.309955999522338651429118207446,14,5.0,1.0,6.0,4.0,2.0,1.0,1.0,4.0,3.0,,3,1.25
1.3.6.1.4.1.14519.5.2.1.6279.6001.309955999522338651429118207446,15,5.0,1.0,6.0,5.0,5.0,1.0,1.0,5.0,3.0,,6,3.12
1.3.6.1.4.1.14519.5.2.1.6279.6001.309955999522338651429118207446,74385,5.0,1.0,6.0,4.0,4.0,2.0,2.0,5.0,3.0,,14,7.5
1.3.6.1.4.1.14519.5.2.1.6279.6001.309955999522338651429118207446,74387,5.0,1.0,3.0,4.0,5.0,2.0,1.0,5.0,1.0,0,15,8.75
1.3.6.1.4.1.14519.5.2.1.6279.6001.309955999522338651429118207446,74397,4.0,1.0,6.0,4.0,4.0,2.0,1.0,4.0,3.0,,7,3.75
1.3.6.1.4.1.14519.5.2.1.6279.6001.309955999522338651429118207446,74399,4.0,1.0,6.0,4.0,2.0,2.0,2.0,3.0,3.0,,6,3.12
1.3.6.1.4.1.14519.5.2.1.6279.6001.309955999522338651429118207446,74390,5.0,1.0,6.0,3.0,4.0,2.0,2.0,5.0,3.0,,10,5.62
1.3.6.1.4.1.14519.5.2.1.6279.6001.309955999522338651429118207446,74395,5.0,1.0,6.0,3.0,4.0,3.0,2.0,5.0,3.0,,6,3.12
1.3.6.1.4.1.14519.5.2.1.6279.6001.309955999522338651429118207446,74915,3.0,1.0,6.0,2.0,3.0,2.0,2.0,4.0,2.0,0,6,3.12
1.3.6.1.4.1.14519.5.2.1.6279.6001.309955999522338651429118207446,Nodule 004,5.0,1.0,6.0,3.0,4.0,1.0,2.0,5.0,4.0,1,11,6.25
1.3.6.1.4.1.14519.5.2.1.6279.6001.309955999522338651429118207446,Nodule 010,5.0,1.0,3.0,3.0,5.0,1.0,1.0,5.0,1.0,0,17,10.0
1.3.6.1.4.1.14519.5.2.1.6279.6001.309955999522338651429118207446,Nodule 003,3.0,1.0,6.0,4.0,5.0,1.0,1.0,5.0,2.0,0,5,2.5
1.3.6.1.4.1.14519.5.2.1.6279.6001.309955999522338651429118207446,Nodule 005,4.0,1.0,6.0,4.0,4.0,1.0,1.0,5.0,2.0,0,5,2.5
1.3.6.1.4.1.14519.5.2.1.6279.6001.309955999522338651429118207446,Nodule 006,4.0,1.0,6.0,3.0,4.0,1.0,2.0,5.0,4.0,1,8,4.38
1.3.6.1.4.1.14519.5.2.1.6279.6001.309955999522338651429118207446,Nodule 008,4.0,1.0,6.0,4.0,5.0,1.0,1.0,5.0,2.0,0,8,4.38
1.3.6.1.4.1.14519.5.2.1.6279.6001.309955999522338651429118207446,Nodule 002,5.0,1.0,6.0,3.0,5.0,2.0,2.0,5.0,4.0,1,12,6.88
1.3.6.1.4.1.14519.5.2.1.6279.6001.309955999522338651429118207446,Nodule 001,3.0,1.0,6.0,3.0,4.0,1.0,1.0,5.0,2.0,0,4,1.88
1.3.6.1.4.1.14519.5.2.1.6279.6001.309955999522338651429118207446,70630,4.0,1.0,6.0,5.0,5.0,1.0,1.0,5.0,4.0,1,11,6.25
1.3.6.1.4.1.14519.5.2.1.6279.6001.309955999522338651429118207446,70638,4.0,1.0,6.0,3.0,5.0,1.0,1.0,5.0,3.0,,10,5.62
1.3.6.1.4.1.14519.5.2.1.6279.6001.309955999522338651429118207446,70640,4.0,1.0,6.0,4.0,5.0,1.0,1.0,5.0,3.0,,7,3.75
1.3.6.1.4.1.14519.5.2.1.6279.6001.309955999522338651429118207446,70632,5.0,1.0,3.0,4.0,5.0,1.0,1.0,5.0,1.0,0,16,9.38
1.3.6.1.4.1.14519.5.2.1.6279.6001.401389720232123950202941034290,2,5.0,1.0,6.0,5.0,5.0,1.0,1.0,5.0,3.0,,8,4.38
1.3.6.1.4.1.14519.5.2.1.6279.6001.401389720232123950202941034290,Nodule 002,4.0,1.0,6.0,4.0,5.0,2.0,1.0,5.0,4.0,1,9,5.0
1.3.6.1.4.1.14519.5.2.1.6279.6001.401389720232123950202941034290,37940,3.0,1.0,6.0,2.0,4.0,1.0,1.0,5.0,2.0,0,9,5.0
1.3.6.1.4.1.14519.5.2.1.6279.6001.401389720232123950202941034290,51549,3.0,1.0,3.0,4.0,5.0,1.0,1.0,5.0,1.0,0,5,2.5
1.3.6.1.4.1.14519.5.2.1.6279.6001.401389720232123950202941034290,25141,4.0,1.0,6.0,3.0,4.0,1.0,1.0,5.0,1.0,0,8,4.38
1.3.6.1.4.1.14519.5.2.1.6279.6001.139889514693390832525232698200,Nodule 001,3.0,1.0,6.0,4.0,5.0,1.0,2.0,5.0,2.0,0,5,2.5
1.3.6.1.4.1.14519.5.2.1.6279.6001.316643107252485100789257057503,80791,5.0,1.0,6.0,4.0,4.0,1.0,3.0,5.0,3.0,,1,0.0
1.3.6.1.4.1.14519.5.2.1.6279.6001.316643107252485100789257057503,80773,5.0,1.0,6.0,5.0,5.0,2.0,1.0,5.0,3.0,,2,3.0
1.3.6.1.4.1.14519.5.2.1.6279.6001.316643107252485100789257057503,80753,5.0,1.0,6.0,4.0,3.0,4.0,3.0,4.0,3.0,,3,6.0
1.3.6.1.4.1.14519.5.2.1.6279.6001.316643107252485100789257057503,80757,5.0,1.0,6.0,2.0,4.0,3.0,2.0,5.0,2.0,0,3,6.0
1.3.6.1.4.1.14519.5.2.1.6279.6001.316643107252485100789257057503,80764,5.0,1.0,6.0,4.0,4.0,2.0,2.0,5.0,3.0,,2,3.0
1.3.6.1.4.1.14519.5.2.1.6279.6001.316643107252485100789257057503,80784,4.0,1.0,6.0,3.0,4.0,4.0,2.0,5.0,3.0,,2,3.0
1.3.6.1.4.1.14519.5.2.1.6279.6001.316643107252485100789257057503,80788,5.0,1.0,6.0,4.0,4.0,2.0,2.0,5.0,3.0,,2,3.0
1.3.6.1.4.1.14519.5.2.1.6279.6001.316643107252485100789257057503,80780,5.0,1.0,6.0,4.0,4.0,2.0,2.0,5.0,3.0,,2,3.0
1.3.6.1.4.1.14519.5.2.1.6279.6001.316643107252485100789257057503,80776,5.0,1.0,6.0,3.0,4.0,4.0,2.0,5.0,3.0,,2,3.0
1.3.6.1.4.1.14519.5.2.1.6279.6001.316643107252485100789257057503,80795,5.0,1.0,6.0,5.0,4.0,2.0,2.0,5.0,3.0,,2,3.0
1.3.6.1.4.1.14519.5.2.1.6279.6001.316643107252485100789257057503,80768,5.0,1.0,5.0,4.0,4.0,5.0,1.0,3.0,1.0,0,2,3.0
1.3.6.1.4.1.14519.5.2.1.6279.6001.316643107252485100789257057503,80796,5.0,1.0,6.0,4.0,4.0,2.0,4.0,5.0,3.0,,1,0.0
1.3.6.1.4.1.14519.5.2.1.6279.6001.316643107252485100789257057503,80770,5.0,1.0,3.0,2.0,5.0,4.0,1.0,5.0,1.0,0,3,6.0
1.3.6.1.4.1.14519.5.2.1.6279.6001.316643107252485100789257057503,80771,5.0,1.0,3.0,5.0,5.0,1.0,1.0,5.0,1.0,0,2,3.0
1.3.6.1.4.1.14519.5.2.1.6279.6001.316643107252485100789257057503,85307,3.0,1.0,6.0,2.0,5.0,1.0,2.0,5.0,3.0,,5,12.0
1.3.6.1.4.1.14519.5.2.1.6279.6001.316643107252485100789257057503,85303,4.0,1.0,6.0,3.0,5.0,2.0,1.0,5.0,3.0,,2,3.0
1.3.6.1.4.1.14519.5.2.1.6279.6001.316643107252485100789257057503,15484,3.0,1.0,3.0,4.0,4.0,1.0,1.0,5.0,1.0,0,2,3.0
1.3.6.1.4.1.14519.5.2.1.6279.6001.316643107252485100789257057503,15502,2.0,1.0,6.0,4.0,4.0,1.0,2.0,4.0,3.0,,2,3.0
1.3.6.1.4.1.14519.5.2.1.6279.6001.316643107252485100789257057503,15512,1.0,1.0,6.0,2.0,4.0,1.0,2.0,4.0,3.0,,1,0.0
1.3.6.1.4.1.14519.5.2.1.6279.6001.316643107252485100789257057503,15487,3.0,1.0,3.0,5.0,5.0,1.0,1.0,5.0,1.0,0,2,3.0
1.3.6.1.4.1.14519.5.2.1.6279.6001.316643107252485100789257057503,15514,1.0,1.0,6.0,4.0,4.0,2.0,3.0,4.0,3.0,,1,0.0
1.3.6.1.4.1.14519.5.2.1.6279.6001.316643107252485100789257057503,15473,3.0,1.0,6.0,2.0,5.0,2.0,1.0,5.0,3.0,,4,9.0
1.3.6.1.4.1.14519.5.2.1.6279.6001.316643107252485100789257057503,15469,3.0,1.0,6.0,3.0,4.0,2.0,1.0,5.0,3.0,,2,3.0
1.3.6.1.4.1.14519.5.2.1.6279.6001.316643107252485100789257057503,15540,1.0,1.0,6.0,4.0,4.0,1.0,1.0,4.0,3.0,,2,3.0
1.3.6.1.4.1.14519.5.2.1.6279.6001.316643107252485100789257057503,15541,1.0,1.0,6.0,4.0,4.0,2.0,1.0,5.0,3.0,,1,0.0
1.3.6.1.4.1.14519.5.2.1.6279.6001.316643107252485100789257057503,15543,1.0,1.0,6.0,3.0,4.0,2.0,1.0,5.0,3.0,,2,3.0
1.3.6.1.4.1.14519.5.2.1.6279.6001.316643107252485100789257057503,15544,1.0,1.0,3.0,4.0,4.0,2.0,1.0,5.0,1.0,0,3,6.0
1.3.6.1.4.1.14519.5.2.1.6279.6001.316643107252485100789257057503,0,5.0,1.0,5.0,4.0,4.0,1.0,1.0,5.0,1.0,0,3,6.0
1.3.6.1.4.1.14519.5.2.1.6279.6001.316643107252485100789257057503,1,2.0,1.0,6.0,4.0,3.0,1.0,2.0,4.0,2.0,0,2,3.0
1.3.6.1.4.1.14519.5.2.1.6279.6001.316643107252485100789257057503,2,5.0,1.0,6.0,2.0,4.0,3.0,4.0,4.0,1.0,0,5,12.0
1.3.6.1.4.1.14519.5.2.1.6279.6001.316643107252485100789257057503,3,4.0,1.0,6.0,3.0,4.0,4.0,4.0,5.0,2.0,0,4,9.0
1.3.6.1.4.1.14519.5.2.1.6279.6001.316643107252485100789257057503,4,3.0,1.0,6.0,3.0,3.0,4.0,4.0,3.0,2.0,0,2,3.0
1.3.6.1.4.1.14519.5.2.1.6279.6001.316643107252485100789257057503,5,2.0,1.0,6.0,4.0,3.0,2.0,2.0,4.0,2.0,0,2,3.0
1.3.6.1.4.1.14519.5.2.1.6279.6001.316643107252485100789257057503,7,2.0,1.0,6.0,3.0,2.0,3.0,2.0,3.0,2.0,0,2,3.0
1.3.6.1.4.1.14519.5.2.1.6279.6001.316643107252485100789257057503,8,3.0,1.0,6.0,3.0,3.0,2.0,3.0,3.0,2.0,0,3,6.0
1.3.6.1.4.1.14519.5.2.1.6279.6001.316643107252485100789257057503,11,2.0,1.0,6.0,3.0,2.0,4.0,3.0,4.0,2.0,0,2,3.0
1.3.6.1.4.1.14519.5.2.1.6279.6001.316643107252485100789257057503,18,4.0,1.0,6.0,4.0,4.0,1.0,1.0,5.0,2.0,0,2,3.0
1.3.6.1.4.1.14519.5.2.1.6279.6001.316643107252485100789257057503,20,3.0,1.0,6.0,3.0,4.0,1.0,1.0,5.0,2.0,0,2,3.0
1.3.6.1.4.1.14519.5.2.1.6279.6001.316643107252485100789257057503,21,5.0,1.0,5.0,5.0,4.0,1.0,2.0,5.0,1.0,0,3,6.0
1.3.6.1.4.1.14519.5.2.1.6279.6001.316643107252485100789257057503,23,3.0,1.0,6.0,3.0,3.0,4.0,3.0,3.0,2.0,0,2,3.0
1.3.6.1.4.1.14519.5.2.1.6279.6001.247769845138587733933485039556,0,5.0,1.0,6.0,4.0,5.0,1.0,1.0,5.0,2.0,0,11,6.25
1.3.6.1.4.1.14519.5.2.1.6279.6001.247769845138587733933485039556,2,3.0,1.0,6.0,5.0,5.0,1.0,1.0,5.0,2.0,0,11,6.25
1.3.6.1.4.1.14519.5.2.1.6279.6001.247769845138587733933485039556,3,5.0,1.0,6.0,4.0,5.0,1.0,1.0,5.0,2.0,0,6,3.12
1.3.6.1.4.1.14519.5.2.1.6279.6001.247769845138587733933485039556,6,5.0,1.0,6.0,5.0,5.0,1.0,1.0,5.0,3.0,,7,3.75
1.3.6.1.4.1.14519.5.2.1.6279.6001.247769845138587733933485039556,7,5.0,1.0,6.0,4.0,5.0,1.0,1.0,5.0,3.0,,4,1.88
1.3.6.1.4.1.14519.5.2.1.6279.6001.247769845138587733933485039556,8,5.0,1.0,6.0,5.0,5.0,1.0,1.0,5.0,2.0,0,5,2.5
1.3.6.1.4.1.14519.5.2.1.6279.6001.247769845138587733933485039556,74362,5.0,1.0,6.0,2.0,4.0,2.0,2.0,5.0,3.0,,10,5.62
1.3.6.1.4.1.14519.5.2.1.6279.6001.247769845138587733933485039556,74366,5.0,1.0,6.0,2.0,4.0,2.0,2.0,5.0,2.0,0,6,3.12
1.3.6.1.4.1.14519.5.2.1.6279.6001.247769845138587733933485039556,74357,5.0,1.0,6.0,4.0,4.0,2.0,3.0,5.0,3.0,,9,5.0
1.3.6.1.4.1.14519.5.2.1.6279.6001.247769845138587733933485039556,Nodule 004,3.0,1.0,6.0,3.0,4.0,1.0,1.0,5.0,2.0,0,10,5.62
1.3.6.1.4.1.14519.5.2.1.6279.6001.247769845138587733933485039556,Nodule 003,4.0,1.0,6.0,3.0,4.0,2.0,2.0,5.0,4.0,1,8,4.38
1.3.6.1.4.1.14519.5.2.1.6279.6001.247769845138587733933485039556,Nodule 002,3.0,1.0,6.0,3.0,5.0,1.0,1.0,5.0,2.0,0,6,3.12
1.3.6.1.4.1.14519.5.2.1.6279.6001.247769845138587733933485039556,70609,4.0,1.0,6.0,5.0,4.0,1.0,3.0,5.0,3.0,,7,3.75
1.3.6.1.4.1.14519.5.2.1.6279.6001.300146276266881736689307479986,Nodule 003,3.0,1.0,6.0,2.0,4.0,2.0,1.0,4.0,3.0,,3,3.6
1.3.6.1.4.1.14519.5.2.1.6279.6001.300146276266881736689307479986,Nodule 002,5.0,1.0,6.0,4.0,4.0,3.0,2.0,5.0,5.0,1,4,5.4
1.3.6.1.4.1.14519.5.2.1.6279.6001.300146276266881736689307479986,22044,3.0,1.0,6.0,4.0,2.0,1.0,1.0,3.0,3.0,,4,5.4
1.3.6.1.4.1.14519.5.2.1.6279.6001.300146276266881736689307479986,22066,1.0,1.0,6.0,3.0,3.0,1.0,1.0,5.0,2.0,0,3,3.6
1.3.6.1.4.1.14519.5.2.1.6279.6001.300146276266881736689307479986,0,2.0,1.0,6.0,5.0,2.0,3.0,1.0,2.0,2.0,0,3,3.6
1.3.6.1.4.1.14519.5.2.1.6279.6001.300146276266881736689307479986,2,4.0,1.0,6.0,3.0,4.0,5.0,3.0,5.0,2.0,0,4,5.4
1.3.6.1.4.1.14519.5.2.1.6279.6001.199171741859530285887752432478,74044,5.0,1.0,6.0,4.0,4.0,2.0,2.0,5.0,3.0,,6,5.0
1.3.6.1.4.1.14519.5.2.1.6279.6001.199171741859530285887752432478,74042,5.0,1.0,6.0,4.0,4.0,2.0,2.0,5.0,3.0,,5,4.0
1.3.6.1.4.1.14519.5.2.1.6279.6001.199171741859530285887752432478,74048,5.0,1.0,3.0,5.0,5.0,1.0,1.0,5.0,1.0,0,4,3.0
1.3.6.1.4.1.14519.5.2.1.6279.6001.199171741859530285887752432478,Nodule 002,4.0,1.0,6.0,4.0,5.0,1.0,1.0,5.0,2.0,0,5,4.0
1.3.6.1.4.1.14519.5.2.1.6279.6001.199171741859530285887752432478,Nodule 005,3.0,1.0,6.0,3.0,5.0,1.0,1.0,5.0,2.0,0,5,4.0
1.3.6.1.4.1.14519.5.2.1.6279.6001.199171741859530285887752432478,Nodule 001,4.0,1.0,6.0,4.0,5.0,1.0,1.0,5.0,2.0,0,5,4.0
1.3.6.1.4.1.14519.5.2.1.6279.6001.199171741859530285887752432478,15343,4.0,1.0,6.0,3.0,5.0,1.0,1.0,4.0,3.0,,4,3.0
1.3.6.1.4.1.14519.5.2.1.6279.6001.199171741859530285887752432478,0,5.0,1.0,6.0,5.0,4.0,1.0,1.0,5.0,3.0,,6,5.0
1.3.6.1.4.1.14519.5.2.1.6279.6001.199171741859530285887752432478,2,5.0,1.0,6.0,5.0,5.0,1.0,1.0,5.0,2.0,0,5,4.0
1.3.6.1.4.1.14519.5.2.1.6279.6001.199171741859530285887752432478,3,5.0,1.0,3.0,5.0,5.0,1.0,1.0,5.0,1.0,0,4,3.0
1.3.6.1.4.1.14519.5.2.1.6279.6001.199171741859530285887752432478,4,5.0,1.0,6.0,4.0,5.0,1.0,1.0,5.0,3.0,,5,4.0
1.3.6.1.4.1.14519.5.2.1.6279.6001.144883090372691745980459537053,5384,5.0,1.0,6.0,3.0,1.0,1.0,2.0,3.0,5.0,1,13,15.0
1.3.6.1.4.1.14519.5.2.1.6279.6001.144883090372691745980459537053,5418,1.0,1.0,6.0,3.0,1.0,1.0,1.0,1.0,2.0,0,2,1.25
1.3.6.1.4.1.14519.5.2.1.6279.6001.144883090372691745980459537053,03632,5.0,1.0,6.0,3.0,2.0,2.0,4.0,3.0,3.0,,14,16.25
1.3.6.1.4.1.14519.5.2.1.6279.6001.144883090372691745980459537053,20120,3.0,1.0,6.0,3.0,3.0,2.0,1.0,5.0,3.0,,2,1.25
1.3.6.1.4.1.14519.5.2.1.6279.6001.144883090372691745980459537053,IL057_196144,5.0,1.0,6.0,4.0,2.0,2.0,2.0,1.0,5.0,1,15,16.25
1.3.6.1.4.1.14519.5.2.1.6279.6001.144883090372691745980459537053,IL057_196148,3.0,1.0,6.0,5.0,5.0,1.0,1.0,5.0,3.0,,2,1.25
1.3.6.1.4.1.14519.5.2.1.6279.6001.144883090372691745980459537053,IL057_201243,1.0,1.0,6.0,4.0,3.0,1.0,1.0,5.0,3.0,,2,1.25
1.3.6.1.4.1.14519.5.2.1.6279.6001.144883090372691745980459537053,Nodule 001,5.0,1.0,6.0,3.0,3.0,3.0,3.0,4.0,5.0,1,10,11.25
1.3.6.1.4.1.14519.5.2.1.6279.6001.144883090372691745980459537053,Nodule 007,3.0,1.0,6.0,4.0,5.0,1.0,1.0,5.0,2.0,0,2,1.25
1.3.6.1.4.1.14519.5.2.1.6279.6001.194488534645348916700259325236,56093,4.0,1.0,6.0,2.0,5.0,1.0,1.0,5.0,2.0,0,9,5.0
1.3.6.1.4.1.14519.5.2.1.6279.6001.194488534645348916700259325236,56098,4.0,1.0,3.0,5.0,5.0,1.0,1.0,5.0,1.0,0,7,3.75
1.3.6.1.4.1.14519.5.2.1.6279.6001.194488534645348916700259325236,56101,3.0,1.0,6.0,3.0,2.0,1.0,1.0,2.0,2.0,0,6,3.12
1.3.6.1.4.1.14519.5.2.1.6279.6001.194488534645348916700259325236,56096,3.0,1.0,6.0,3.0,4.0,1.0,1.0,5.0,1.0,0,14,8.12
1.3.6.1.4.1.14519.5.2.1.6279.6001.194488534645348916700259325236,56088,5.0,1.0,3.0,4.0,4.0,3.0,1.0,4.0,1.0,0,15,8.75
1.3.6.1.4.1.14519.5.2.1.6279.6001.194488534645348916700259325236,0,4.0,1.0,6.0,4.0,3.0,1.0,1.0,5.0,2.0,0,8,4.38
1.3.6.1.4.1.14519.5.2.1.6279.6001.194488534645348916700259325236,7,5.0,1.0,5.0,3.0,5.0,1.0,1.0,5.0,1.0,0,12,6.88
1.3.6.1.4.1.14519.5.2.1.6279.6001.194488534645348916700259325236,33977,4.0,1.0,3.0,5.0,5.0,3.0,1.0,5.0,1.0,0,17,10.0
1.3.6.1.4.1.14519.5.2.1.6279.6001.194488534645348916700259325236,33978,4.0,1.0,3.0,4.0,5.0,3.0,1.0,5.0,1.0,0,12,6.88
1.3.6.1.4.1.14519.5.2.1.6279.6001.194488534645348916700259325236,33979,4.0,1.0,3.0,4.0,5.0,2.0,1.0,5.0,1.0,0,12,6.88
1.3.6.1.4.1.14519.5.2.1.6279.6001.194488534645348916700259325236,33973,3.0,1.0,6.0,4.0,5.0,1.0,1.0,4.0,3.0,,8,4.38
1.3.6.1.4.1.14519.5.2.1.6279.6001.194488534645348916700259325236,Nodule 002,5.0,1.0,6.0,4.0,5.0,1.0,1.0,5.0,3.0,,8,4.38
1.3.6.1.4.1.14519.5.2.1.6279.6001.194488534645348916700259325236,Nodule 001,4.0,1.0,6.0,4.0,5.0,1.0,1.0,5.0,3.0,,4,1.88
1.3.6.1.4.1.14519.5.2.1.6279.6001.194488534645348916700259325236,Nodule 005,5.0,1.0,3.0,4.0,5.0,1.0,1.0,5.0,1.0,0,6,3.12
1.3.6.1.4.1.14519.5.2.1.6279.6001.194488534645348916700259325236,Nodule 003,4.0,1.0,6.0,3.0,5.0,1.0,1.0,5.0,3.0,,13,7.5
1.3.6.1.4.1.14519.5.2.1.6279.6001.252697338970999211181671881792,Nodule 001,4.0,1.0,6.0,3.0,4.0,2.0,1.0,5.0,4.0,1,4,3.75
1.3.6.1.4.1.14519.5.2.1.6279.6001.252697338970999211181671881792,4805,3.0,1.0,6.0,4.0,3.0,1.0,1.0,4.0,3.0,,3,2.5
1.3.6.1.4.1.14519.5.2.1.6279.6001.252697338970999211181671881792,7190,4.0,1.0,6.0,4.0,1.0,3.0,2.0,3.0,2.0,0,5,5.0
1.3.6.1.4.1.14519.5.2.1.6279.6001.237915456403882324748189195892,Nodule 002,3.0,1.0,6.0,4.0,5.0,1.0,1.0,5.0,3.0,,2,2.5
1.3.6.1.4.1.14519.5.2.1.6279.6001.674809958213117379592437424616,15416,4.0,1.0,6.0,5.0,3.0,1.0,1.0,5.0,2.0,0,1,0.0
1.3.6.1.4.1.14519.5.2.1.6279.6001.674809958213117379592437424616,15425,2.0,1.0,6.0,4.0,2.0,2.0,1.0,1.0,3.0,,2,2.5
1.3.6.1.4.1.14519.5.2.1.6279.6001.674809958213117379592437424616,10561,2.0,1.0,6.0,5.0,3.0,1.0,1.0,2.0,3.0,,1,0.0
1.3.6.1.4.1.14519.5.2.1.6279.6001.674809958213117379592437424616,10565,2.0,1.0,6.0,3.0,2.0,1.0,1.0,1.0,1.0,0,3,2.5
1.3.6.1.4.1.14519.5.2.1.6279.6001.674809958213117379592437424616,2449,5.0,1.0,6.0,3.0,4.0,1.0,1.0,4.0,3.0,,1,0.0
1.3.6.1.4.1.14519.5.2.1.6279.6001.674809958213117379592437424616,2453,4.0,1.0,6.0,4.0,3.0,1.0,1.0,2.0,3.0,,2,2.5
1.3.6.1.4.1.14519.5.2.1.6279.6001.164988920331211858091402361989,57615,5.0,1.0,6.0,5.0,4.0,4.0,5.0,5.0,3.0,,13,8.4
1.3.6.1.4.1.14519.5.2.1.6279.6001.164988920331211858091402361989,39966,4.0,1.0,3.0,5.0,5.0,1.0,1.0,5.0,1.0,0,5,2.8
1.3.6.1.4.1.14519.5.2.1.6279.6001.164988920331211858091402361989,39932,5.0,1.0,6.0,3.0,5.0,1.0,3.0,5.0,4.0,1,11,7.0
1.3.6.1.4.1.14519.5.2.1.6279.6001.164988920331211858091402361989,9487,4.0,1.0,6.0,3.0,5.0,2.0,1.0,5.0,3.0,,15,9.8
1.3.6.1.4.1.14519.5.2.1.6279.6001.164988920331211858091402361989,3,3.0,1.0,6.0,5.0,5.0,4.0,1.0,5.0,2.0,0,15,9.8
1.3.6.1.4.1.14519.5.2.1.6279.6001.222052723822248889877676736332,Nodule 004,5.0,1.0,3.0,5.0,5.0,1.0,1.0,5.0,1.0,0,6,3.12
1.3.6.1.4.1.14519.5.2.1.6279.6001.222052723822248889877676736332,Nodule 001,5.0,1.0,6.0,3.0,4.0,3.0,2.0,4.0,5.0,1,16,9.38
1.3.6.1.4.1.14519.5.2.1.6279.6001.222052723822248889877676736332,Nodule 003,3.0,1.0,6.0,4.0,4.0,1.0,1.0,3.0,3.0,,7,3.75
1.3.6.1.4.1.14519.5.2.1.6279.6001.222052723822248889877676736332,33744,2.0,1.0,6.0,4.0,2.0,2.0,3.0,4.0,3.0,,11,6.25
1.3.6.1.4.1.14519.5.2.1.6279.6001.222052723822248889877676736332,33740,4.0,1.0,6.0,4.0,4.0,4.0,4.0,4.0,5.0,1,21,11.88
1.3.6.1.4.1.14519.5.2.1.6279.6001.222052723822248889877676736332,52779,4.0,1.0,6.0,3.0,3.0,4.0,3.0,4.0,4.0,1,20,10.62
1.3.6.1.4.1.14519.5.2.1.6279.6001.222052723822248889877676736332,52785,3.0,1.0,6.0,4.0,4.0,1.0,1.0,5.0,2.0,0,8,4.38
1.3.6.1.4.1.14519.5.2.1.6279.6001.222052723822248889877676736332,52784,4.0,1.0,6.0,3.0,3.0,1.0,1.0,5.0,2.0,0,6,3.12
1.3.6.1.4.1.14519.5.2.1.6279.6001.275755514659958628040305922764,77355,5.0,1.0,6.0,4.0,4.0,2.0,3.0,5.0,3.0,,8,4.9
1.3.6.1.4.1.14519.5.2.1.6279.6001.275755514659958628040305922764,77343,5.0,1.0,3.0,4.0,5.0,1.0,3.0,5.0,1.0,0,11,7.0
1.3.6.1.4.1.14519.5.2.1.6279.6001.275755514659958628040305922764,77347,5.0,1.0,3.0,4.0,4.0,4.0,2.0,5.0,1.0,0,11,7.0
1.3.6.1.4.1.14519.5.2.1.6279.6001.275755514659958628040305922764,77349,5.0,1.0,3.0,3.0,4.0,2.0,2.0,5.0,3.0,,9,5.6
1.3.6.1.4.1.14519.5.2.1.6279.6001.275755514659958628040305922764,77359,4.0,1.0,6.0,3.0,4.0,2.0,3.0,5.0,3.0,,5,2.8
1.3.6.1.4.1.14519.5.2.1.6279.6001.275755514659958628040305922764,77353,5.0,1.0,3.0,4.0,5.0,3.0,1.0,5.0,1.0,0,8,4.9
1.3.6.1.4.1.14519.5.2.1.6279.6001.275755514659958628040305922764,77361,5.0,1.0,6.0,5.0,5.0,1.0,1.0,5.0,2.0,0,5,2.8
1.3.6.1.4.1.14519.5.2.1.6279.6001.275755514659958628040305922764,77364,3.0,1.0,6.0,4.0,4.0,2.0,1.0,5.0,3.0,,3,1.4
1.3.6.1.4.1.14519.5.2.1.6279.6001.275755514659958628040305922764,74852,4.0,1.0,3.0,5.0,5.0,3.0,1.0,5.0,1.0,0,9,5.6
1.3.6.1.4.1.14519.5.2.1.6279.6001.275755514659958628040305922764,74862,3.0,1.0,6.0,3.0,5.0,1.0,1.0,5.0,3.0,,6,3.5
1.3.6.1.4.1.14519.5.2.1.6279.6001.275755514659958628040305922764,74850,4.0,1.0,3.0,4.0,5.0,1.0,1.0,5.0,1.0,0,9,5.6
1.3.6.1.4.1.14519.5.2.1.6279.6001.275755514659958628040305922764,74856,4.0,1.0,6.0,3.0,5.0,1.0,1.0,5.0,3.0,,8,4.9
1.3.6.1.4.1.14519.5.2.1.6279.6001.275755514659958628040305922764,92960,4.0,1.0,3.0,5.0,5.0,1.0,1.0,5.0,1.0,0,7,4.2
1.3.6.1.4.1.14519.5.2.1.6279.6001.275755514659958628040305922764,10109,5.0,1.0,3.0,3.0,3.0,2.0,4.0,5.0,1.0,0,9,5.6
1.3.6.1.4.1.14519.5.2.1.6279.6001.275755514659958628040305922764,10113,3.0,1.0,6.0,3.0,5.0,1.0,1.0,5.0,3.0,,8,4.9
1.3.6.1.4.1.14519.5.2.1.6279.6001.275755514659958628040305922764,10136,4.0,1.0,5.0,3.0,5.0,1.0,1.0,5.0,1.0,0,12,7.0
1.3.6.1.4.1.14519.5.2.1.6279.6001.275755514659958628040305922764,0,5.0,1.0,6.0,4.0,1.0,1.0,1.0,5.0,3.0,,8,4.9
1.3.6.1.4.1.14519.5.2.1.6279.6001.275755514659958628040305922764,2,4.0,1.0,6.0,3.0,4.0,1.0,1.0,5.0,2.0,0,5,2.8
1.3.6.1.4.1.14519.5.2.1.6279.6001.275755514659958628040305922764,4,5.0,1.0,3.0,3.0,5.0,3.0,1.0,5.0,1.0,0,10,5.6
1.3.6.1.4.1.14519.5.2.1.6279.6001.275755514659958628040305922764,6,5.0,1.0,3.0,4.0,5.0,1.0,1.0,5.0,1.0,0,11,7.0
1.3.6.1.4.1.14519.5.2.1.6279.6001.275755514659958628040305922764,7,4.0,1.0,6.0,3.0,4.0,2.0,1.0,5.0,2.0,0,8,4.9
1.3.6.1.4.1.14519.5.2.1.6279.6001.275755514659958628040305922764,8,5.0,1.0,3.0,4.0,5.0,1.0,1.0,5.0,1.0,0,8,4.9
1.3.6.1.4.1.14519.5.2.1.6279.6001.245349763807614756148761326488,IL057_196357,4.0,1.0,3.0,3.0,5.0,2.0,1.0,5.0,1.0,0,2,2.5
1.3.6.1.4.1.14519.5.2.1.6279.6001.245349763807614756148761326488,IL057_196358,1.0,1.0,6.0,5.0,1.0,1.0,1.0,1.0,2.0,0,1,0.0
1.3.6.1.4.1.14519.5.2.1.6279.6001.245349763807614756148761326488,5348,1.0,1.0,6.0,3.0,2.0,1.0,1.0,1.0,3.0,,3,5.0
1.3.6.1.4.1.14519.5.2.1.6279.6001.245349763807614756148761326488,5350,3.0,1.0,3.0,3.0,5.0,2.0,1.0,5.0,1.0,0,1,0.0
1.3.6.1.4.1.14519.5.2.1.6279.6001.669518152156802508672627785405,4889,2.0,1.0,6.0,3.0,3.0,1.0,1.0,3.0,1.0,0,2,2.5
1.3.6.1.4.1.14519.5.2.1.6279.6001.669518152156802508672627785405,5117,0.0,0.0,0.0,0.0,0.0,0.0,0.0,0.0,0.0,,1,0.0
1.3.6.1.4.1.14519.5.2.1.6279.6001.669518152156802508672627785405,Nodule 003,3.0,1.0,6.0,3.0,5.0,1.0,1.0,4.0,2.0,0,2,2.5
1.3.6.1.4.1.14519.5.2.1.6279.6001.219281726101239572270900838145,201261,1.0,1.0,6.0,4.0,3.0,1.0,1.0,1.0,2.0,0,2,2.0
1.3.6.1.4.1.14519.5.2.1.6279.6001.225227615446398900698431118292,Nodule 004,5.0,1.0,6.0,4.0,5.0,3.0,2.0,5.0,5.0,1,21,12.5
1.3.6.1.4.1.14519.5.2.1.6279.6001.225227615446398900698431118292,Nodule 005,3.0,1.0,6.0,4.0,4.0,1.0,1.0,4.0,3.0,,7,3.75
1.3.6.1.4.1.14519.5.2.1.6279.6001.225227615446398900698431118292,Nodule 003,4.0,1.0,6.0,4.0,5.0,1.0,1.0,5.0,3.0,,8,4.38
1.3.6.1.4.1.14519.5.2.1.6279.6001.225227615446398900698431118292,Nodule 001,5.0,1.0,6.0,4.0,4.0,2.0,1.0,5.0,4.0,1,9,4.37
1.3.6.1.4.1.14519.5.2.1.6279.6001.225227615446398900698431118292,Nodule 002,2.0,1.0,6.0,5.0,5.0,1.0,1.0,4.0,2.0,0,4,1.88
1.3.6.1.4.1.14519.5.2.1.6279.6001.225227615446398900698431118292,20996,5.0,1.0,6.0,4.0,5.0,1.0,1.0,5.0,2.0,0,7,3.75
1.3.6.1.4.1.14519.5.2.1.6279.6001.225227615446398900698431118292,20992,4.0,1.0,6.0,3.0,5.0,1.0,1.0,5.0,3.0,,7,3.75
1.3.6.1.4.1.14519.5.2.1.6279.6001.225227615446398900698431118292,20989,4.0,1.0,6.0,5.0,5.0,1.0,1.0,5.0,3.0,,4,1.88
1.3.6.1.4.1.14519.5.2.1.6279.6001.225227615446398900698431118292,20984,5.0,1.0,6.0,5.0,5.0,1.0,1.0,5.0,5.0,1,21,12.5
1.3.6.1.4.1.14519.5.2.1.6279.6001.225227615446398900698431118292,0,5.0,1.0,6.0,3.0,5.0,2.0,1.0,5.0,3.0,,20,11.88
1.3.6.1.4.1.14519.5.2.1.6279.6001.225227615446398900698431118292,5,4.0,1.0,6.0,3.0,4.0,1.0,1.0,5.0,2.0,0,7,3.75
1.3.6.1.4.1.14519.5.2.1.6279.6001.225227615446398900698431118292,8,5.0,1.0,6.0,3.0,4.0,1.0,1.0,5.0,2.0,0,6,3.12
1.3.6.1.4.1.14519.5.2.1.6279.6001.225227615446398900698431118292,10362,4.0,1.0,6.0,3.0,5.0,1.0,1.0,5.0,2.0,0,7,3.75
1.3.6.1.4.1.14519.5.2.1.6279.6001.225227615446398900698431118292,10359,3.0,1.0,6.0,4.0,4.0,1.0,1.0,5.0,1.0,0,8,4.38
1.3.6.1.4.1.14519.5.2.1.6279.6001.225227615446398900698431118292,10355,2.0,1.0,6.0,4.0,5.0,1.0,1.0,5.0,1.0,0,6,3.12
1.3.6.1.4.1.14519.5.2.1.6279.6001.225227615446398900698431118292,10351,5.0,1.0,6.0,4.0,5.0,1.0,1.0,5.0,2.0,0,20,11.88
1.3.6.1.4.1.14519.5.2.1.6279.6001.325164338773720548739146851679,0,1.0,1.0,6.0,5.0,2.0,1.0,1.0,1.0,2.0,0,27,16.25
1.3.6.1.4.1.14519.5.2.1.6279.6001.325164338773720548739146851679,2,1.0,1.0,6.0,5.0,2.0,1.0,1.0,1.0,2.0,0,16,9.38
1.3.6.1.4.1.14519.5.2.1.6279.6001.325164338773720548739146851679,5,3.0,1.0,6.0,5.0,5.0,1.0,1.0,5.0,2.0,0,11,6.25
1.3.6.1.4.1.14519.5.2.1.6279.6001.325164338773720548739146851679,141779,5.0,1.0,6.0,4.0,2.0,2.0,3.0,1.0,3.0,,24,14.38
1.3.6.1.4.1.14519.5.2.1.6279.6001.325164338773720548739146851679,141786,4.0,1.0,6.0,4.0,3.0,3.0,3.0,5.0,3.0,,8,4.38
1.3.6.1.4.1.14519.5.2.1.6279.6001.325164338773720548739146851679,141782,5.0,1.0,6.0,2.0,1.0,2.0,3.0,1.0,3.0,,15,8.12
1.3.6.1.4.1.14519.5.2.1.6279.6001.325164338773720548739146851679,203673,3.0,1.0,6.0,3.0,3.0,1.0,2.0,5.0,3.0,,7,3.75
1.3.6.1.4.1.14519.5.2.1.6279.6001.325164338773720548739146851679,Nodule 003,4.0,1.0,6.0,4.0,5.0,1.0,1.0,5.0,2.0,0,7,3.75
1.3.6.1.4.1.14519.5.2.1.6279.6001.325164338773720548739146851679,Nodule 002,5.0,1.0,6.0,3.0,4.0,2.0,2.0,5.0,5.0,1,22,13.12
1.3.6.1.4.1.14519.5.2.1.6279.6001.340158437895922179455019686521,Nodule 001,4.0,1.0,6.0,4.0,4.0,2.0,1.0,4.0,4.0,1,3,3.6
1.3.6.1.4.1.14519.5.2.1.6279.6001.340158437895922179455019686521,Nodule 003,4.0,1.0,6.0,4.0,5.0,1.0,1.0,5.0,2.0,0,2,1.8
1.3.6.1.4.1.14519.5.2.1.6279.6001.340158437895922179455019686521,13410,4.0,1.0,6.0,4.0,4.0,2.0,2.0,5.0,3.0,,2,1.8
1.3.6.1.4.1.14519.5.2.1.6279.6001.340158437895922179455019686521,13406,4.0,1.0,6.0,3.0,4.0,1.0,2.0,5.0,3.0,,3,3.6
1.3.6.1.4.1.14519.5.2.1.6279.6001.340158437895922179455019686521,0,5.0,1.0,6.0,5.0,5.0,1.0,2.0,5.0,2.0,0,3,3.6
1.3.6.1.4.1.14519.5.2.1.6279.6001.340158437895922179455019686521,MI014_563,5.0,1.0,6.0,3.0,5.0,1.0,1.0,4.0,3.0,,3,3.6
1.3.6.1.4.1.14519.5.2.1.6279.6001.216252660192313507027754194207,34928,4.0,1.0,6.0,3.0,5.0,1.0,1.0,5.0,3.0,,5,4.0
1.3.6.1.4.1.14519.5.2.1.6279.6001.216252660192313507027754194207,34925,4.0,1.0,3.0,3.0,2.0,2.0,1.0,5.0,1.0,0,7,6.0
1.3.6.1.4.1.14519.5.2.1.6279.6001.216252660192313507027754194207,Nodule 003,4.0,1.0,6.0,4.0,5.0,1.0,1.0,5.0,4.0,1,5,4.0
1.3.6.1.4.1.14519.5.2.1.6279.6001.216252660192313507027754194207,Nodule 002,4.0,1.0,6.0,3.0,4.0,2.0,1.0,4.0,4.0,1,8,7.0
1.3.6.1.4.1.14519.5.2.1.6279.6001.216252660192313507027754194207,7518,2.0,1.0,6.0,3.0,4.0,1.0,1.0,5.0,3.0,,6,5.0
1.3.6.1.4.1.14519.5.2.1.6279.6001.216252660192313507027754194207,8167,4.0,1.0,5.0,4.0,3.0,1.0,1.0,3.0,3.0,,7,6.0
1.3.6.1.4.1.14519.5.2.1.6279.6001.216252660192313507027754194207,0,5.0,1.0,6.0,5.0,5.0,1.0,1.0,5.0,2.0,0,5,4.0
1.3.6.1.4.1.14519.5.2.1.6279.6001.216252660192313507027754194207,3,5.0,1.0,3.0,5.0,5.0,1.0,1.0,5.0,1.0,0,9,8.0
1.3.6.1.4.1.14519.5.2.1.6279.6001.273525289046256012743471155680,57119,3.0,1.0,6.0,2.0,4.0,1.0,1.0,5.0,2.0,0,4,3.0
1.3.6.1.4.1.14519.5.2.1.6279.6001.273525289046256012743471155680,Nodule 002,3.0,1.0,6.0,2.0,5.0,1.0,1.0,5.0,1.0,0,2,1.0
1.3.6.1.4.1.14519.5.2.1.6279.6001.273525289046256012743471155680,Nodule 007,3.0,1.0,6.0,3.0,5.0,1.0,1.0,5.0,3.0,,4,3.0
1.3.6.1.4.1.14519.5.2.1.6279.6001.273525289046256012743471155680,13592,5.0,1.0,4.0,5.0,4.0,1.0,1.0,5.0,5.0,1,88,40.0
1.3.6.1.4.1.14519.5.2.1.6279.6001.273525289046256012743471155680,13601,4.0,1.0,6.0,4.0,4.0,1.0,1.0,4.0,3.0,,4,3.0
1.3.6.1.4.1.14519.5.2.1.6279.6001.897279226481700053115245043064,4053,4.0,1.0,6.0,3.0,5.0,1.0,1.0,5.0,3.0,,3,2.5
1.3.6.1.4.1.14519.5.2.1.6279.6001.215104063467523905369326175410,Nodule 002,4.0,1.0,6.0,4.0,5.0,1.0,1.0,5.0,3.0,,2,2.5
1.3.6.1.4.1.14519.5.2.1.6279.6001.215104063467523905369326175410,3109,4.0,1.0,6.0,4.0,3.0,3.0,2.0,3.0,3.0,,2,2.5
1.3.6.1.4.1.14519.5.2.1.6279.6001.215104063467523905369326175410,11418,1.0,1.0,6.0,5.0,2.0,1.0,1.0,1.0,3.0,,2,2.5
1.3.6.1.4.1.14519.5.2.1.6279.6001.215104063467523905369326175410,11411,4.0,1.0,6.0,4.0,4.0,1.0,1.0,5.0,3.0,,1,0.0
1.3.6.1.4.1.14519.5.2.1.6279.6001.215104063467523905369326175410,11415,3.0,1.0,6.0,5.0,4.0,1.0,1.0,5.0,2.0,0,1,0.0
1.3.6.1.4.1.14519.5.2.1.6279.6001.215104063467523905369326175410,9788,4.0,1.0,6.0,4.0,4.0,1.0,2.0,5.0,2.0,0,2,2.5
1.3.6.1.4.1.14519.5.2.1.6279.6001.136830368929967292376608088362,Nodule 001,3.0,1.0,6.0,3.0,4.0,1.0,1.0,5.0,2.0,0,4,1.88
1.3.6.1.4.1.14519.5.2.1.6279.6001.102133688497886810253331438797,13368,2.0,1.0,6.0,4.0,5.0,1.0,1.0,5.0,2.0,0,5,4.0
1.3.6.1.4.1.14519.5.2.1.6279.6001.102133688497886810253331438797,Nodule 002,3.0,1.0,6.0,5.0,5.0,1.0,1.0,5.0,1.0,0,3,2.0
1.3.6.1.4.1.14519.5.2.1.6279.6001.102133688497886810253331438797,2,3.0,1.0,6.0,5.0,5.0,1.0,1.0,5.0,2.0,0,5,4.0
1.3.6.1.4.1.14519.5.2.1.6279.6001.121391737347333465796214915391,IL057_202829,5.0,1.0,6.0,4.0,2.0,2.0,3.0,3.0,5.0,1,50,46.25
1.3.6.1.4.1.14519.5.2.1.6279.6001.121391737347333465796214915391,Nodule 001,5.0,1.0,6.0,3.0,3.0,2.0,4.0,5.0,5.0,1,14,16.25
1.3.6.1.4.1.14519.5.2.1.6279.6001.121391737347333465796214915391,03729,5.0,1.0,6.0,2.0,1.0,2.0,3.0,5.0,3.0,,35,41.25
1.3.6.1.4.1.14519.5.2.1.6279.6001.114195693932194925962391697338,Nodule 001,5.0,1.0,6.0,3.0,4.0,2.0,1.0,5.0,4.0,1,2,1.25
1.3.6.1.4.1.14519.5.2.1.6279.6001.114195693932194925962391697338,6246,4.0,1.0,6.0,2.0,4.0,2.0,1.0,4.0,3.0,,3,2.5
1.3.6.1.4.1.14519.5.2.1.6279.6001.114195693932194925962391697338,IL057_69738,4.0,1.0,6.0,4.0,3.0,1.0,1.0,2.0,4.0,1,2,1.25
1.3.6.1.4.1.14519.5.2.1.6279.6001.114195693932194925962391697338,4859,2.0,1.0,6.0,4.0,2.0,2.0,3.0,2.0,3.0,,2,1.25
1.3.6.1.4.1.14519.5.2.1.6279.6001.253322967203074795232627653819,0,5.0,1.0,6.0,5.0,5.0,4.0,1.0,5.0,3.0,,10,5.62
1.3.6.1.4.1.14519.5.2.1.6279.6001.253322967203074795232627653819,2,3.0,1.0,6.0,5.0,5.0,1.0,1.0,5.0,2.0,0,6,3.12
1.3.6.1.4.1.14519.5.2.1.6279.6001.253322967203074795232627653819,5,3.0,1.0,6.0,5.0,5.0,1.0,1.0,5.0,2.0,0,8,4.38
1.3.6.1.4.1.14519.5.2.1.6279.6001.253322967203074795232627653819,69129,2.0,1.0,6.0,4.0,3.0,3.0,1.0,5.0,2.0,0,6,3.12
1.3.6.1.4.1.14519.5.2.1.6279.6001.253322967203074795232627653819,69127,4.0,1.0,6.0,5.0,5.0,1.0,1.0,5.0,3.0,,7,3.75
1.3.6.1.4.1.14519.5.2.1.6279.6001.253322967203074795232627653819,69122,4.0,1.0,6.0,4.0,4.0,4.0,1.0,5.0,3.0,,16,8.12
1.3.6.1.4.1.14519.5.2.1.6279.6001.253322967203074795232627653819,Nodule 003,3.0,1.0,6.0,5.0,5.0,1.0,1.0,5.0,2.0,0,5,2.5
1.3.6.1.4.1.14519.5.2.1.6279.6001.253322967203074795232627653819,Nodule 002,4.0,1.0,6.0,4.0,5.0,1.0,1.0,5.0,2.0,0,8,4.38
1.3.6.1.4.1.14519.5.2.1.6279.6001.253322967203074795232627653819,Nodule 005,4.0,1.0,6.0,4.0,4.0,2.0,1.0,4.0,4.0,1,7,3.75
1.3.6.1.4.1.14519.5.2.1.6279.6001.253322967203074795232627653819,Nodule 001,5.0,1.0,6.0,2.0,4.0,2.0,2.0,5.0,4.0,1,9,5.0
1.3.6.1.4.1.14519.5.2.1.6279.6001.253322967203074795232627653819,69736,3.0,1.0,6.0,4.0,2.0,3.0,1.0,3.0,2.0,0,17,9.38
1.3.6.1.4.1.14519.5.2.1.6279.6001.253322967203074795232627653819,69741,4.0,1.0,6.0,5.0,5.0,1.0,1.0,5.0,1.0,0,11,6.25
1.3.6.1.4.1.14519.5.2.1.6279.6001.658611160253017715059194304729,Nodule 003,5.0,1.0,6.0,2.0,3.0,2.0,3.0,4.0,4.0,1,15,8.12
1.3.6.1.4.1.14519.5.2.1.6279.6001.658611160253017715059194304729,Nodule 002,4.0,1.0,6.0,2.0,3.0,2.0,3.0,3.0,5.0,1,6,3.12
1.3.6.1.4.1.14519.5.2.1.6279.6001.658611160253017715059194304729,14550,3.0,1.0,6.0,3.0,3.0,2.0,1.0,2.0,3.0,,5,2.5
1.3.6.1.4.1.14519.5.2.1.6279.6001.658611160253017715059194304729,14566,2.0,1.0,6.0,2.0,3.0,3.0,1.0,4.0,2.0,0,5,2.5
1.3.6.1.4.1.14519.5.2.1.6279.6001.658611160253017715059194304729,0,4.0,1.0,6.0,3.0,4.0,4.0,4.0,4.0,4.0,1,6,3.12
1.3.6.1.4.1.14519.5.2.1.6279.6001.658611160253017715059194304729,1,3.0,1.0,6.0,4.0,3.0,4.0,5.0,5.0,4.0,1,5,2.5
1.3.6.1.4.1.14519.5.2.1.6279.6001.309672797925724868457151381131,IL057_201278,5.0,1.0,5.0,4.0,3.0,3.0,1.0,5.0,1.0,0,9,8.0
1.3.6.1.4.1.14519.5.2.1.6279.6001.309672797925724868457151381131,MI014_17880,4.0,1.0,3.0,3.0,5.0,5.0,1.0,5.0,1.0,0,7,6.0
1.3.6.1.4.1.14519.5.2.1.6279.6001.309672797925724868457151381131,8,5.0,1.0,3.0,5.0,5.0,1.0,1.0,5.0,1.0,0,6,5.0
1.3.6.1.4.1.14519.5.2.1.6279.6001.146603910507557786636779705509,IL057_39121,1.0,1.0,6.0,5.0,1.0,1.0,1.0,1.0,2.0,0,1,0.0
1.3.6.1.4.1.14519.5.2.1.6279.6001.146603910507557786636779705509,Nodule 002,4.0,1.0,6.0,4.0,5.0,1.0,1.0,5.0,2.0,0,2,2.5
1.3.6.1.4.1.14519.5.2.1.6279.6001.240630002689062442926543993263,Nodule 001,3.0,1.0,6.0,3.0,4.0,1.0,1.0,4.0,1.0,0,3,5.0
1.3.6.1.4.1.14519.5.2.1.6279.6001.151764021165118974848436095034,76634,5.0,1.0,3.0,4.0,5.0,1.0,1.0,5.0,1.0,0,5,4.0
1.3.6.1.4.1.14519.5.2.1.6279.6001.151764021165118974848436095034,76640,4.0,1.0,6.0,4.0,4.0,2.0,3.0,5.0,3.0,,6,5.0
1.3.6.1.4.1.14519.5.2.1.6279.6001.151764021165118974848436095034,76643,4.0,1.0,6.0,3.0,4.0,1.0,1.0,5.0,2.0,0,4,3.0
1.3.6.1.4.1.14519.5.2.1.6279.6001.151764021165118974848436095034,76632,5.0,1.0,3.0,4.0,5.0,1.0,1.0,5.0,1.0,0,7,6.0
1.3.6.1.4.1.14519.5.2.1.6279.6001.151764021165118974848436095034,76646,3.0,1.0,6.0,5.0,4.0,1.0,1.0,5.0,3.0,,3,2.0
1.3.6.1.4.1.14519.5.2.1.6279.6001.151764021165118974848436095034,76649,5.0,1.0,6.0,5.0,4.0,3.0,2.0,5.0,3.0,,4,3.0
1.3.6.1.4.1.14519.5.2.1.6279.6001.151764021165118974848436095034,77021,0.0,0.0,0.0,0.0,0.0,0.0,0.0,0.0,0.0,,1,0.0
1.3.6.1.4.1.14519.5.2.1.6279.6001.151764021165118974848436095034,Nodule 009,4.0,1.0,6.0,4.0,5.0,1.0,1.0,5.0,3.0,,5,4.0
1.3.6.1.4.1.14519.5.2.1.6279.6001.151764021165118974848436095034,Nodule 001,4.0,1.0,6.0,4.0,5.0,1.0,1.0,5.0,2.0,0,4,3.0
1.3.6.1.4.1.14519.5.2.1.6279.6001.151764021165118974848436095034,Nodule 002,4.0,1.0,6.0,2.0,5.0,1.0,1.0,5.0,2.0,0,5,4.0
1.3.6.1.4.1.14519.5.2.1.6279.6001.151764021165118974848436095034,Nodule 006,4.0,1.0,6.0,4.0,5.0,1.0,1.0,5.0,2.0,0,5,4.0
1.3.6.1.4.1.14519.5.2.1.6279.6001.151764021165118974848436095034,Nodule 004,5.0,1.0,6.0,3.0,4.0,1.0,1.0,5.0,3.0,,8,7.0
1.3.6.1.4.1.14519.5.2.1.6279.6001.151764021165118974848436095034,15893,5.0,1.0,3.0,5.0,5.0,1.0,1.0,5.0,1.0,0,8,7.0
1.3.6.1.4.1.14519.5.2.1.6279.6001.151764021165118974848436095034,15894,5.0,1.0,3.0,5.0,5.0,1.0,1.0,5.0,1.0,0,5,4.0
1.3.6.1.4.1.14519.5.2.1.6279.6001.151764021165118974848436095034,15895,5.0,1.0,6.0,5.0,4.0,2.0,1.0,5.0,3.0,,5,4.0
1.3.6.1.4.1.14519.5.2.1.6279.6001.151764021165118974848436095034,4,5.0,1.0,3.0,4.0,5.0,1.0,5.0,5.0,1.0,0,5,4.0
1.3.6.1.4.1.14519.5.2.1.6279.6001.151764021165118974848436095034,5,3.0,1.0,6.0,5.0,5.0,1.0,1.0,5.0,2.0,0,5,4.0
1.3.6.1.4.1.14519.5.2.1.6279.6001.151764021165118974848436095034,8,5.0,1.0,3.0,5.0,5.0,1.0,1.0,5.0,1.0,0,8,7.0
1.3.6.1.4.1.14519.5.2.1.6279.6001.151764021165118974848436095034,12,5.0,1.0,6.0,5.0,5.0,1.0,1.0,5.0,2.0,0,5,4.0
1.3.6.1.4.1.14519.5.2.1.6279.6001.142154819868944114554521645782,77425,5.0,1.0,6.0,3.0,4.0,3.0,2.0,5.0,4.0,1,14,9.1
1.3.6.1.4.1.14519.5.2.1.6279.6001.142154819868944114554521645782,75408,5.0,1.0,6.0,5.0,5.0,1.0,1.0,5.0,3.0,,12,7.7
1.3.6.1.4.1.14519.5.2.1.6279.6001.142154819868944114554521645782,15029,4.0,1.0,6.0,4.0,4.0,2.0,2.0,4.0,3.0,,13,8.4
1.3.6.1.4.1.14519.5.2.1.6279.6001.142154819868944114554521645782,0,5.0,1.0,6.0,4.0,4.0,2.0,1.0,4.0,3.0,,11,7.0
1.3.6.1.4.1.14519.5.2.1.6279.6001.142154819868944114554521645782,2,5.0,1.0,6.0,3.0,2.0,1.0,1.0,1.0,3.0,,6,3.5
1.3.6.1.4.1.14519.5.2.1.6279.6001.390513733720659266816639651938,IL057_195938,1.0,1.0,6.0,4.0,2.0,1.0,1.0,3.0,3.0,,5,5.0
1.3.6.1.4.1.14519.5.2.1.6279.6001.390513733720659266816639651938,IL057_195942,1.0,1.0,6.0,4.0,2.0,1.0,1.0,5.0,3.0,,3,2.5
1.3.6.1.4.1.14519.5.2.1.6279.6001.390513733720659266816639651938,IL057_196385,1.0,1.0,6.0,3.0,2.0,1.0,1.0,5.0,2.0,0,2,1.25
1.3.6.1.4.1.14519.5.2.1.6279.6001.390513733720659266816639651938,0404,4.0,1.0,6.0,3.0,4.0,1.0,1.0,4.0,3.0,,3,2.5
1.3.6.1.4.1.14519.5.2.1.6279.6001.390513733720659266816639651938,0424,2.0,1.0,6.0,4.0,1.0,4.0,1.0,1.0,3.0,,7,7.5
1.3.6.1.4.1.14519.5.2.1.6279.6001.390513733720659266816639651938,0425,3.0,1.0,6.0,4.0,1.0,1.0,2.0,4.0,3.0,,4,3.75
1.3.6.1.4.1.14519.5.2.1.6279.6001.390513733720659266816639651938,Nodule 001,3.0,1.0,6.0,2.0,5.0,1.0,1.0,5.0,2.0,0,2,1.25
1.3.6.1.4.1.14519.5.2.1.6279.6001.390513733720659266816639651938,Nodule 002,3.0,1.0,6.0,4.0,3.0,2.0,2.0,4.0,5.0,1,3,2.5
1.3.6.1.4.1.14519.5.2.1.6279.6001.149893110752986700464921264055,13391,5.0,1.0,6.0,3.0,4.0,2.0,1.0,5.0,5.0,1,27,16.25
1.3.6.1.4.1.14519.5.2.1.6279.6001.149893110752986700464921264055,13398,4.0,1.0,3.0,4.0,5.0,1.0,1.0,5.0,1.0,0,6,3.12
1.3.6.1.4.1.14519.5.2.1.6279.6001.149893110752986700464921264055,13395,4.0,1.0,3.0,4.0,5.0,1.0,1.0,5.0,1.0,0,10,5.62
1.3.6.1.4.1.14519.5.2.1.6279.6001.149893110752986700464921264055,39880,5.0,1.0,6.0,4.0,4.0,4.0,2.0,5.0,5.0,1,29,17.5
1.3.6.1.4.1.14519.5.2.1.6279.6001.149893110752986700464921264055,Nodule 004,5.0,1.0,6.0,3.0,5.0,1.0,1.0,5.0,3.0,,12,6.88
1.3.6.1.4.1.14519.5.2.1.6279.6001.149893110752986700464921264055,Nodule 005,4.0,1.0,6.0,5.0,5.0,1.0,1.0,5.0,2.0,0,6,3.12
1.3.6.1.4.1.14519.5.2.1.6279.6001.149893110752986700464921264055,Nodule 006,5.0,1.0,6.0,2.0,3.0,3.0,3.0,4.0,5.0,1,27,16.25
1.3.6.1.4.1.14519.5.2.1.6279.6001.149893110752986700464921264055,5,5.0,1.0,3.0,5.0,5.0,1.0,1.0,5.0,1.0,0,6,3.12
1.3.6.1.4.1.14519.5.2.1.6279.6001.149893110752986700464921264055,7,5.0,1.0,6.0,5.0,5.0,4.0,1.0,5.0,3.0,,24,14.38
1.3.6.1.4.1.14519.5.2.1.6279.6001.664989286137882319237192185951,163530,5.0,1.0,6.0,4.0,3.0,3.0,3.0,5.0,2.0,0,2,1.25
1.3.6.1.4.1.14519.5.2.1.6279.6001.664989286137882319237192185951,Nodule 001,3.0,1.0,6.0,4.0,5.0,1.0,1.0,5.0,2.0,0,2,1.25
1.3.6.1.4.1.14519.5.2.1.6279.6001.129650136453746261130135157590,MI014_685,4.0,1.0,4.0,4.0,5.0,1.0,1.0,4.0,2.0,0,5,7.2
1.3.6.1.4.1.14519.5.2.1.6279.6001.170052181746004939527661217512,4757,1.0,1.0,6.0,4.0,2.0,3.0,2.0,4.0,3.0,,3,2.5
1.3.6.1.4.1.14519.5.2.1.6279.6001.170052181746004939527661217512,Nodule 003,4.0,1.0,6.0,5.0,5.0,1.0,1.0,5.0,2.0,0,4,3.75
1.3.6.1.4.1.14519.5.2.1.6279.6001.170052181746004939527661217512,Nodule 001,5.0,1.0,6.0,4.0,4.0,1.0,2.0,4.0,4.0,1,3,2.5
1.3.6.1.4.1.14519.5.2.1.6279.6001.170052181746004939527661217512,IL057_70244,4.0,1.0,6.0,3.0,3.0,2.0,4.0,5.0,3.0,,5,3.75
1.3.6.1.4.1.14519.5.2.1.6279.6001.170052181746004939527661217512,4644,5.0,1.0,6.0,5.0,4.0,2.0,1.0,5.0,3.0,,5,5.0
1.3.6.1.4.1.14519.5.2.1.6279.6001.170052181746004939527661217512,4639,5.0,1.0,6.0,1.0,1.0,2.0,3.0,5.0,3.0,,5,5.0
1.3.6.1.4.1.14519.5.2.1.6279.6001.232071262560365924176679652948,13102,3.0,1.0,6.0,4.0,2.0,1.0,1.0,3.0,4.0,1,20,19.0
1.3.6.1.4.1.14519.5.2.1.6279.6001.232071262560365924176679652948,Nodule 002,4.0,1.0,6.0,3.0,4.0,2.0,2.0,4.0,4.0,1,7,6.0
1.3.6.1.4.1.14519.5.2.1.6279.6001.232071262560365924176679652948,Nodule 001,4.0,1.0,6.0,2.0,5.0,2.0,2.0,4.0,4.0,1,9,8.0
1.3.6.1.4.1.14519.5.2.1.6279.6001.232071262560365924176679652948,3081,5.0,1.0,6.0,3.0,2.0,3.0,1.0,1.0,3.0,,21,19.0
1.3.6.1.4.1.14519.5.2.1.6279.6001.232071262560365924176679652948,0,3.0,1.0,6.0,3.0,3.0,2.0,1.0,1.0,2.0,0,20,19.0
1.3.6.1.4.1.14519.5.2.1.6279.6001.898642529028521482602829374444,56449,4.0,1.0,6.0,4.0,3.0,1.0,1.0,5.0,2.0,0,6,5.0
1.3.6.1.4.1.14519.5.2.1.6279.6001.898642529028521482602829374444,56453,3.0,1.0,6.0,4.0,3.0,1.0,1.0,5.0,2.0,0,6,5.0
1.3.6.1.4.1.14519.5.2.1.6279.6001.898642529028521482602829374444,Nodule 001,5.0,1.0,6.0,4.0,5.0,1.0,1.0,5.0,3.0,,4,3.0
1.3.6.1.4.1.14519.5.2.1.6279.6001.898642529028521482602829374444,13546,4.0,1.0,6.0,4.0,3.0,2.0,1.0,4.0,3.0,,4,3.0
1.3.6.1.4.1.14519.5.2.1.6279.6001.898642529028521482602829374444,13551,4.0,1.0,6.0,4.0,2.0,1.0,1.0,3.0,3.0,,4,3.0
1.3.6.1.4.1.14519.5.2.1.6279.6001.898642529028521482602829374444,0,5.0,1.0,6.0,5.0,5.0,1.0,2.0,5.0,2.0,0,5,4.0
1.3.6.1.4.1.14519.5.2.1.6279.6001.898642529028521482602829374444,1,5.0,1.0,6.0,5.0,5.0,2.0,1.0,3.0,3.0,,6,5.0
1.3.6.1.4.1.14519.5.2.1.6279.6001.100398138793540579077826395208,Nodule 002,4.0,1.0,6.0,5.0,5.0,1.0,1.0,5.0,3.0,,2,1.8
1.3.6.1.4.1.14519.5.2.1.6279.6001.100398138793540579077826395208,Nodule 003,4.0,1.0,6.0,3.0,4.0,2.0,2.0,5.0,4.0,1,3,3.6
1.3.6.1.4.1.14519.5.2.1.6279.6001.100398138793540579077826395208,Nodule 004,3.0,1.0,6.0,4.0,4.0,1.0,1.0,3.0,3.0,,3,3.6
1.3.6.1.4.1.14519.5.2.1.6279.6001.100398138793540579077826395208,MI014_8002,3.0,1.0,6.0,3.0,4.0,1.0,1.0,5.0,3.0,,3,3.6
1.3.6.1.4.1.14519.5.2.1.6279.6001.100398138793540579077826395208,3,3.0,1.0,6.0,3.0,3.0,1.0,1.0,5.0,1.0,0,3,3.6
1.3.6.1.4.1.14519.5.2.1.6279.6001.100398138793540579077826395208,6,3.0,1.0,6.0,5.0,2.0,4.0,1.0,1.0,3.0,,4,5.4
1.3.6.1.4.1.14519.5.2.1.6279.6001.109203031650348694844047454215,80824,5.0,1.0,3.0,4.0,5.0,2.0,1.0,5.0,1.0,0,2,3.0
1.3.6.1.4.1.14519.5.2.1.6279.6001.109203031650348694844047454215,15546,3.0,1.0,3.0,5.0,5.0,1.0,1.0,5.0,1.0,0,2,3.0
1.3.6.1.4.1.14519.5.2.1.6279.6001.220596530836092324070084384692,5056,5.0,1.0,6.0,3.0,3.0,3.0,2.0,3.0,3.0,,56,23.0
1.3.6.1.4.1.14519.5.2.1.6279.6001.220596530836092324070084384692,Nodule 001,5.0,1.0,6.0,2.0,3.0,3.0,2.0,4.0,5.0,1,30,22.0
1.3.6.1.4.1.14519.5.2.1.6279.6001.220596530836092324070084384692,1746,5.0,1.0,6.0,4.0,4.0,2.0,3.0,4.0,4.0,1,57,23.0
1.3.6.1.4.1.14519.5.2.1.6279.6001.220596530836092324070084384692,6,5.0,1.0,6.0,3.0,2.0,3.0,3.0,3.0,4.0,1,21,20.0
1.3.6.1.4.1.14519.5.2.1.6279.6001.114914167428485563471327801935,14498,4.0,1.0,6.0,3.0,5.0,2.0,1.0,5.0,4.0,1,14,8.12
1.3.6.1.4.1.14519.5.2.1.6279.6001.114914167428485563471327801935,14494,3.0,1.0,6.0,4.0,3.0,2.0,1.0,5.0,2.0,0,8,4.38
1.3.6.1.4.1.14519.5.2.1.6279.6001.114914167428485563471327801935,14515,2.0,1.0,6.0,4.0,2.0,1.0,1.0,1.0,2.0,0,6,3.12
1.3.6.1.4.1.14519.5.2.1.6279.6001.114914167428485563471327801935,0,5.0,1.0,6.0,5.0,4.0,3.0,2.0,4.0,3.0,,12,6.25
1.3.6.1.4.1.14519.5.2.1.6279.6001.114914167428485563471327801935,3,5.0,1.0,6.0,5.0,5.0,1.0,2.0,5.0,3.0,,16,9.38
1.3.6.1.4.1.14519.5.2.1.6279.6001.114914167428485563471327801935,Nodule 002,4.0,1.0,6.0,4.0,4.0,2.0,2.0,4.0,4.0,1,8,4.38
1.3.6.1.4.1.14519.5.2.1.6279.6001.114914167428485563471327801935,Nodule 001,5.0,1.0,6.0,4.0,4.0,2.0,1.0,4.0,4.0,1,13,7.5
1.3.6.1.4.1.14519.5.2.1.6279.6001.114914167428485563471327801935,9601,4.0,1.0,6.0,3.0,4.0,1.0,2.0,5.0,2.0,0,16,9.38
1.3.6.1.4.1.14519.5.2.1.6279.6001.114914167428485563471327801935,9597,3.0,1.0,6.0,4.0,3.0,4.0,2.0,5.0,2.0,0,8,4.38
1.3.6.1.4.1.14519.5.2.1.6279.6001.304700823314998198591652152637,Nodule 004,4.0,1.0,6.0,3.0,5.0,1.0,1.0,5.0,3.0,,5,7.2
1.3.6.1.4.1.14519.5.2.1.6279.6001.304700823314998198591652152637,68392,4.0,1.0,6.0,4.0,4.0,1.0,1.0,5.0,3.0,,5,7.2
1.3.6.1.4.1.14519.5.2.1.6279.6001.304700823314998198591652152637,MI014_14477,5.0,1.0,6.0,3.0,4.0,1.0,1.0,4.0,3.0,,5,7.2
1.3.6.1.4.1.14519.5.2.1.6279.6001.304700823314998198591652152637,4,3.0,1.0,6.0,5.0,5.0,1.0,1.0,5.0,2.0,0,6,9.0
1.3.6.1.4.1.14519.5.2.1.6279.6001.213854687290736562463866711534,57729,5.0,1.0,3.0,4.0,5.0,1.0,1.0,5.0,1.0,0,14,9.1
1.3.6.1.4.1.14519.5.2.1.6279.6001.213854687290736562463866711534,131287,5.0,1.0,3.0,4.0,5.0,1.0,1.0,5.0,1.0,0,13,8.4
1.3.6.1.4.1.14519.5.2.1.6279.6001.213854687290736562463866711534,131291,4.0,1.0,6.0,4.0,3.0,4.0,1.0,5.0,2.0,0,4,2.1
1.3.6.1.4.1.14519.5.2.1.6279.6001.213854687290736562463866711534,131299,3.0,1.0,6.0,2.0,4.0,1.0,1.0,5.0,2.0,0,7,4.2
1.3.6.1.4.1.14519.5.2.1.6279.6001.213854687290736562463866711534,131328,2.0,1.0,6.0,2.0,3.0,1.0,1.0,5.0,2.0,0,3,1.4
1.3.6.1.4.1.14519.5.2.1.6279.6001.213854687290736562463866711534,131331,1.0,1.0,6.0,2.0,4.0,1.0,1.0,5.0,2.0,0,7,4.2
1.3.6.1.4.1.14519.5.2.1.6279.6001.213854687290736562463866711534,9314,5.0,1.0,6.0,5.0,5.0,1.0,1.0,5.0,4.0,1,14,9.1
1.3.6.1.4.1.14519.5.2.1.6279.6001.213854687290736562463866711534,4,5.0,1.0,3.0,5.0,5.0,1.0,1.0,5.0,1.0,0,15,9.8
1.3.6.1.4.1.14519.5.2.1.6279.6001.213854687290736562463866711534,6,3.0,1.0,6.0,5.0,3.0,1.0,1.0,5.0,2.0,0,6,3.5
1.3.6.1.4.1.14519.5.2.1.6279.6001.213854687290736562463866711534,9,3.0,1.0,6.0,2.0,5.0,1.0,1.0,5.0,2.0,0,10,6.3
1.3.6.1.4.1.14519.5.2.1.6279.6001.182192086929819295877506541021,13,3.0,1.0,6.0,5.0,5.0,1.0,1.0,5.0,2.0,0,4,1.88
1.3.6.1.4.1.14519.5.2.1.6279.6001.182192086929819295877506541021,Nodule 014,4.0,1.0,6.0,3.0,5.0,1.0,2.0,5.0,3.0,,6,3.12
1.3.6.1.4.1.14519.5.2.1.6279.6001.182192086929819295877506541021,Nodule 012,3.0,1.0,6.0,4.0,5.0,1.0,1.0,4.0,3.0,,5,2.5
1.3.6.1.4.1.14519.5.2.1.6279.6001.182192086929819295877506541021,Nodule 008,3.0,1.0,6.0,3.0,5.0,1.0,1.0,5.0,3.0,,4,1.88
1.3.6.1.4.1.14519.5.2.1.6279.6001.182192086929819295877506541021,Nodule 006,3.0,1.0,6.0,3.0,4.0,2.0,2.0,3.0,2.0,0,6,3.12
1.3.6.1.4.1.14519.5.2.1.6279.6001.182192086929819295877506541021,Nodule 017,4.0,1.0,6.0,3.0,5.0,2.0,1.0,5.0,3.0,,7,3.75
1.3.6.1.4.1.14519.5.2.1.6279.6001.182192086929819295877506541021,Nodule 024,4.0,1.0,6.0,4.0,5.0,1.0,1.0,4.0,4.0,1,9,5.0
1.3.6.1.4.1.14519.5.2.1.6279.6001.182192086929819295877506541021,Nodule 020,4.0,1.0,6.0,2.0,4.0,3.0,2.0,5.0,4.0,1,8,3.75
1.3.6.1.4.1.14519.5.2.1.6279.6001.182192086929819295877506541021,Nodule 013,4.0,1.0,6.0,4.0,5.0,1.0,1.0,5.0,3.0,,7,3.75
1.3.6.1.4.1.14519.5.2.1.6279.6001.182192086929819295877506541021,Nodule 007,4.0,1.0,6.0,3.0,4.0,1.0,1.0,4.0,3.0,,9,5.0
1.3.6.1.4.1.14519.5.2.1.6279.6001.182192086929819295877506541021,37672,1.0,1.0,6.0,2.0,2.0,1.0,1.0,4.0,1.0,0,5,2.5
1.3.6.1.4.1.14519.5.2.1.6279.6001.182192086929819295877506541021,37663,2.0,1.0,6.0,2.0,1.0,1.0,1.0,3.0,1.0,0,14,5.0
1.3.6.1.4.1.14519.5.2.1.6279.6001.182192086929819295877506541021,37659,2.0,1.0,6.0,2.0,1.0,1.0,1.0,2.0,1.0,0,10,5.62
1.3.6.1.4.1.14519.5.2.1.6279.6001.182192086929819295877506541021,49455,3.0,1.0,6.0,2.0,2.0,1.0,4.0,4.0,1.0,0,5,2.5
1.3.6.1.4.1.14519.5.2.1.6279.6001.182192086929819295877506541021,51527,1.0,1.0,6.0,2.0,2.0,1.0,1.0,2.0,1.0,0,3,1.25
1.3.6.1.4.1.14519.5.2.1.6279.6001.182192086929819295877506541021,25497,4.0,1.0,6.0,3.0,2.0,3.0,4.0,5.0,2.0,0,8,4.38
1.3.6.1.4.1.14519.5.2.1.6279.6001.182192086929819295877506541021,25502,3.0,1.0,6.0,4.0,2.0,4.0,3.0,2.0,3.0,,4,1.88
1.3.6.1.4.1.14519.5.2.1.6279.6001.182192086929819295877506541021,25500,3.0,1.0,6.0,4.0,2.0,4.0,3.0,2.0,3.0,,7,3.12
1.3.6.1.4.1.14519.5.2.1.6279.6001.182192086929819295877506541021,25478,4.0,1.0,6.0,4.0,2.0,4.0,4.0,2.0,3.0,,6,3.12
1.3.6.1.4.1.14519.5.2.1.6279.6001.182192086929819295877506541021,25501,3.0,1.0,6.0,3.0,2.0,3.0,2.0,2.0,3.0,,5,2.5
1.3.6.1.4.1.14519.5.2.1.6279.6001.199975006921901879512837687266,71315,3.0,1.0,6.0,3.0,1.0,1.0,1.0,1.0,3.0,,6,6.25
1.3.6.1.4.1.14519.5.2.1.6279.6001.199975006921901879512837687266,71317,2.0,1.0,6.0,3.0,1.0,2.0,1.0,1.0,3.0,,4,3.75
1.3.6.1.4.1.14519.5.2.1.6279.6001.199975006921901879512837687266,IL057_166425,1.0,1.0,6.0,5.0,1.0,2.0,2.0,1.0,4.0,1,3,2.5
1.3.6.1.4.1.14519.5.2.1.6279.6001.199975006921901879512837687266,IL057_166426,1.0,1.0,6.0,3.0,1.0,3.0,2.0,1.0,4.0,1,5,5.0
1.3.6.1.4.1.14519.5.2.1.6279.6001.199975006921901879512837687266,3679,1.0,1.0,6.0,2.0,2.0,1.0,1.0,1.0,3.0,,6,6.25
1.3.6.1.4.1.14519.5.2.1.6279.6001.199975006921901879512837687266,3694,1.0,1.0,6.0,2.0,2.0,1.0,1.0,1.0,3.0,,1,0.0
1.3.6.1.4.1.14519.5.2.1.6279.6001.419601611032172899567156073142,6264,4.0,1.0,6.0,3.0,4.0,1.0,1.0,5.0,3.0,,2,1.25
1.3.6.1.4.1.14519.5.2.1.6279.6001.419601611032172899567156073142,5835,5.0,1.0,6.0,4.0,4.0,1.0,1.0,3.0,3.0,,4,3.75
1.3.6.1.4.1.14519.5.2.1.6279.6001.419601611032172899567156073142,IL057_69927,2.0,1.0,6.0,5.0,4.0,1.0,1.0,5.0,3.0,,2,1.25
1.3.6.1.4.1.14519.5.2.1.6279.6001.419601611032172899567156073142,Nodule 001,4.0,1.0,6.0,4.0,5.0,1.0,1.0,5.0,2.0,0,3,2.5
1.3.6.1.4.1.14519.5.2.1.6279.6001.330643702676971528301859647742,Nodule 004,3.0,1.0,6.0,2.0,5.0,1.0,1.0,5.0,2.0,0,2,1.25
1.3.6.1.4.1.14519.5.2.1.6279.6001.768276876111112560631432843476,77394,5.0,1.0,3.0,3.0,5.0,2.0,1.0,5.0,1.0,0,11,7.0
1.3.6.1.4.1.14519.5.2.1.6279.6001.768276876111112560631432843476,77399,5.0,1.0,3.0,5.0,5.0,1.0,1.0,5.0,1.0,0,4,2.1
1.3.6.1.4.1.14519.5.2.1.6279.6001.768276876111112560631432843476,74881,5.0,1.0,3.0,4.0,5.0,1.0,1.0,5.0,1.0,0,7,4.2
1.3.6.1.4.1.14519.5.2.1.6279.6001.768276876111112560631432843476,10149,4.0,1.0,3.0,3.0,5.0,1.0,1.0,5.0,1.0,0,10,6.3
1.3.6.1.4.1.14519.5.2.1.6279.6001.768276876111112560631432843476,0,5.0,1.0,6.0,3.0,3.0,1.0,1.0,3.0,3.0,,10,6.3
1.3.6.1.4.1.14519.5.2.1.6279.6001.768276876111112560631432843476,1,5.0,1.0,3.0,5.0,5.0,1.0,1.0,5.0,1.0,0,11,7.0
1.3.6.1.4.1.14519.5.2.1.6279.6001.768276876111112560631432843476,2,5.0,1.0,3.0,5.0,5.0,1.0,1.0,5.0,1.0,0,4,2.1
1.3.6.1.4.1.14519.5.2.1.6279.6001.768276876111112560631432843476,3,5.0,1.0,6.0,4.0,4.0,1.0,1.0,5.0,3.0,,5,2.8
1.3.6.1.4.1.14519.5.2.1.6279.6001.450501966058662668272378865145,1894,4.0,1.0,6.0,4.0,2.0,3.0,2.0,4.0,3.0,,9,20.0
1.3.6.1.4.1.14519.5.2.1.6279.6001.450501966058662668272378865145,1891,3.0,1.0,6.0,4.0,4.0,2.0,2.0,5.0,3.0,,2,2.5
1.3.6.1.4.1.14519.5.2.1.6279.6001.450501966058662668272378865145,15254,5.0,1.0,5.0,3.0,5.0,3.0,1.0,5.0,1.0,0,7,15.0
1.3.6.1.4.1.14519.5.2.1.6279.6001.450501966058662668272378865145,15263,4.0,1.0,5.0,4.0,4.0,3.0,2.0,5.0,1.0,0,2,2.5
1.3.6.1.4.1.14519.5.2.1.6279.6001.450501966058662668272378865145,11806,3.0,1.0,4.0,4.0,2.0,2.0,2.0,5.0,1.0,0,3,5.0
1.3.6.1.4.1.14519.5.2.1.6279.6001.450501966058662668272378865145,11800,4.0,1.0,5.0,4.0,4.0,1.0,1.0,5.0,1.0,0,9,20.0
1.3.6.1.4.1.14519.5.2.1.6279.6001.450501966058662668272378865145,11794,3.0,1.0,3.0,5.0,5.0,1.0,1.0,5.0,1.0,0,2,2.5
1.3.6.1.4.1.14519.5.2.1.6279.6001.450501966058662668272378865145,Nodule 002,3.0,1.0,6.0,5.0,5.0,1.0,1.0,5.0,2.0,0,2,2.5
1.3.6.1.4.1.14519.5.2.1.6279.6001.450501966058662668272378865145,Nodule 001,5.0,1.0,6.0,2.0,3.0,2.0,2.0,4.0,5.0,1,8,17.5
1.3.6.1.4.1.14519.5.2.1.6279.6001.323535944958374186208096541480,Nodule 001,4.0,1.0,6.0,3.0,3.0,2.0,2.0,5.0,5.0,1,4,3.75
1.3.6.1.4.1.14519.5.2.1.6279.6001.323535944958374186208096541480,IL057_161478,3.0,1.0,6.0,2.0,1.0,4.0,4.0,4.0,4.0,1,5,5.0
1.3.6.1.4.1.14519.5.2.1.6279.6001.323535944958374186208096541480,68437,5.0,1.0,6.0,2.0,2.0,3.0,2.0,3.0,3.0,,12,13.75
1.3.6.1.4.1.14519.5.2.1.6279.6001.323535944958374186208096541480,3435,3.0,1.0,6.0,2.0,3.0,2.0,3.0,5.0,4.0,1,5,5.0
1.3.6.1.4.1.14519.5.2.1.6279.6001.220747560179730541133819705549,54938,5.0,1.0,6.0,4.0,3.0,4.0,1.0,4.0,4.0,1,7,15.0
1.3.6.1.4.1.14519.5.2.1.6279.6001.220747560179730541133819705549,44230,5.0,1.0,6.0,4.0,5.0,3.0,5.0,5.0,5.0,1,5,12.0
1.3.6.1.4.1.14519.5.2.1.6279.6001.220747560179730541133819705549,44241,1.0,1.0,6.0,5.0,1.0,1.0,1.0,1.0,3.0,,4,9.0
1.3.6.1.4.1.14519.5.2.1.6279.6001.220747560179730541133819705549,44234,2.0,1.0,6.0,3.0,3.0,3.0,3.0,5.0,2.0,0,2,3.0
1.3.6.1.4.1.14519.5.2.1.6279.6001.220747560179730541133819705549,13224,5.0,1.0,6.0,4.0,5.0,5.0,1.0,5.0,5.0,1,6,15.0
1.3.6.1.4.1.14519.5.2.1.6279.6001.220747560179730541133819705549,13229,4.0,1.0,6.0,4.0,3.0,1.0,1.0,3.0,3.0,,2,3.0
1.3.6.1.4.1.14519.5.2.1.6279.6001.220747560179730541133819705549,0,5.0,1.0,6.0,5.0,5.0,5.0,2.0,5.0,4.0,1,6,15.0
1.3.6.1.4.1.14519.5.2.1.6279.6001.220747560179730541133819705549,1,3.0,1.0,6.0,5.0,5.0,1.0,1.0,5.0,2.0,0,2,3.0
1.3.6.1.4.1.14519.5.2.1.6279.6001.631047517458234322522264161877,Nodule 001,4.0,1.0,6.0,3.0,5.0,1.0,1.0,5.0,2.0,0,4,3.75
1.3.6.1.4.1.14519.5.2.1.6279.6001.631047517458234322522264161877,0738,3.0,1.0,6.0,2.0,4.0,3.0,1.0,5.0,2.0,0,4,3.75
1.3.6.1.4.1.14519.5.2.1.6279.6001.631047517458234322522264161877,IL057_72247,2.0,1.0,6.0,2.0,4.0,1.0,1.0,5.0,2.0,0,3,2.5
1.3.6.1.4.1.14519.5.2.1.6279.6001.801945620899034889998809817499,IL057_172180,5.0,1.0,6.0,3.0,4.0,2.0,2.0,5.0,5.0,1,12,13.75
1.3.6.1.4.1.14519.5.2.1.6279.6001.801945620899034889998809817499,Nodule 001,5.0,1.0,6.0,3.0,3.0,2.0,3.0,4.0,5.0,1,10,11.25
1.3.6.1.4.1.14519.5.2.1.6279.6001.801945620899034889998809817499,73955,5.0,1.0,6.0,3.0,3.0,4.0,4.0,4.0,5.0,1,12,13.75
1.3.6.1.4.1.14519.5.2.1.6279.6001.801945620899034889998809817499,0192,5.0,1.0,6.0,3.0,2.0,2.0,2.0,4.0,5.0,1,11,12.5
1.3.6.1.4.1.14519.5.2.1.6279.6001.323302986710576400812869264321,Nodule 001,5.0,1.0,6.0,4.0,5.0,5.0,5.0,5.0,3.0,,4,6.0
1.3.6.1.4.1.14519.5.2.1.6279.6001.323302986710576400812869264321,4295,2.0,1.0,6.0,2.0,2.0,3.0,5.0,1.0,1.0,0,3,4.0
1.3.6.1.4.1.14519.5.2.1.6279.6001.323302986710576400812869264321,4280,5.0,1.0,6.0,3.0,4.0,5.0,5.0,5.0,2.0,0,4,6.0
1.3.6.1.4.1.14519.5.2.1.6279.6001.323302986710576400812869264321,3247,1.0,1.0,6.0,5.0,2.0,5.0,5.0,4.0,2.0,0,3,4.0
1.3.6.1.4.1.14519.5.2.1.6279.6001.323302986710576400812869264321,2979,4.0,1.0,6.0,4.0,5.0,5.0,5.0,5.0,3.0,,3,4.0
1.3.6.1.4.1.14519.5.2.1.6279.6001.323302986710576400812869264321,0,2.0,1.0,6.0,4.0,4.0,1.0,1.0,5.0,1.0,0,4,6.0
1.3.6.1.4.1.14519.5.2.1.6279.6001.724251104254976962355686318345,13492,2.0,1.0,6.0,5.0,5.0,1.0,1.0,5.0,2.0,0,9,6.0
1.3.6.1.4.1.14519.5.2.1.6279.6001.724251104254976962355686318345,Nodule 002,4.0,1.0,6.0,3.0,5.0,1.0,1.0,5.0,2.0,0,11,7.5
1.3.6.1.4.1.14519.5.2.1.6279.6001.724251104254976962355686318345,Nodule 001,4.0,1.0,6.0,4.0,5.0,1.0,1.0,5.0,4.0,1,9,6.0
1.3.6.1.4.1.14519.5.2.1.6279.6001.724251104254976962355686318345,13899,5.0,1.0,6.0,3.0,5.0,1.0,1.0,5.0,4.0,1,10,6.75
1.3.6.1.4.1.14519.5.2.1.6279.6001.724251104254976962355686318345,13902,5.0,1.0,6.0,5.0,4.0,1.0,1.0,5.0,4.0,1,9,6.0
1.3.6.1.4.1.14519.5.2.1.6279.6001.724251104254976962355686318345,5,4.0,1.0,6.0,3.0,3.0,1.0,1.0,5.0,2.0,0,10,6.75
1.3.6.1.4.1.14519.5.2.1.6279.6001.724251104254976962355686318345,6,5.0,1.0,6.0,4.0,4.0,1.0,1.0,5.0,2.0,0,8,5.25
1.3.6.1.4.1.14519.5.2.1.6279.6001.223098610241551815995595311693,161959,5.0,1.0,6.0,4.0,4.0,3.0,2.0,5.0,5.0,1,10,9.0
1.3.6.1.4.1.14519.5.2.1.6279.6001.223098610241551815995595311693,13141,4.0,1.0,6.0,4.0,5.0,1.0,2.0,5.0,4.0,1,10,9.0
1.3.6.1.4.1.14519.5.2.1.6279.6001.223098610241551815995595311693,0,1.0,1.0,6.0,5.0,2.0,1.0,1.0,1.0,2.0,0,5,4.0
1.3.6.1.4.1.14519.5.2.1.6279.6001.300392272203629213913702120739,5293,3.0,1.0,6.0,3.0,2.0,1.0,2.0,3.0,1.0,0,4,3.0
1.3.6.1.4.1.14519.5.2.1.6279.6001.300392272203629213913702120739,Nodule 010,3.0,1.0,6.0,4.0,5.0,1.0,1.0,4.0,4.0,1,4,3.0
1.3.6.1.4.1.14519.5.2.1.6279.6001.300392272203629213913702120739,Nodule 005,3.0,1.0,6.0,5.0,5.0,1.0,1.0,5.0,3.0,,4,3.0
1.3.6.1.4.1.14519.5.2.1.6279.6001.300392272203629213913702120739,Nodule 002,4.0,1.0,6.0,5.0,5.0,1.0,1.0,5.0,3.0,,4,3.0
1.3.6.1.4.1.14519.5.2.1.6279.6001.300392272203629213913702120739,0,2.0,1.0,6.0,4.0,4.0,1.0,1.0,5.0,1.0,0,4,3.0
1.3.6.1.4.1.14519.5.2.1.6279.6001.300392272203629213913702120739,4,1.0,1.0,6.0,4.0,4.0,2.0,1.0,5.0,1.0,0,4,3.0
1.3.6.1.4.1.14519.5.2.1.6279.6001.300392272203629213913702120739,7,3.0,1.0,6.0,3.0,2.0,3.0,1.0,4.0,3.0,,4,3.0
1.3.6.1.4.1.14519.5.2.1.6279.6001.780558315515979171413904604168,140846,5.0,1.0,3.0,3.0,5.0,2.0,1.0,5.0,1.0,0,15,14.0
1.3.6.1.4.1.14519.5.2.1.6279.6001.780558315515979171413904604168,159039,5.0,1.0,3.0,5.0,5.0,1.0,1.0,5.0,1.0,0,14,13.0
1.3.6.1.4.1.14519.5.2.1.6279.6001.780558315515979171413904604168,19065,5.0,1.0,3.0,5.0,5.0,1.0,1.0,5.0,1.0,0,18,17.0
1.3.6.1.4.1.14519.5.2.1.6279.6001.780558315515979171413904604168,0,5.0,1.0,3.0,5.0,5.0,1.0,1.0,5.0,1.0,0,16,15.0
1.3.6.1.4.1.14519.5.2.1.6279.6001.266009527139315622265711325223,03710,4.0,1.0,6.0,1.0,3.0,3.0,4.0,5.0,4.0,1,8,8.75
1.3.6.1.4.1.14519.5.2.1.6279.6001.266009527139315622265711325223,03706,5.0,1.0,6.0,1.0,1.0,5.0,4.0,3.0,5.0,1,36,42.5
1.3.6.1.4.1.14519.5.2.1.6279.6001.266009527139315622265711325223,IL057_196200,5.0,1.0,6.0,3.0,3.0,2.0,5.0,5.0,5.0,1,33,38.75
1.3.6.1.4.1.14519.5.2.1.6279.6001.266009527139315622265711325223,Nodule 002,4.0,1.0,6.0,3.0,4.0,2.0,1.0,5.0,4.0,1,8,8.75
1.3.6.1.4.1.14519.5.2.1.6279.6001.259124675432205040899951626253,Nodule 002,5.0,1.0,6.0,4.0,5.0,1.0,1.0,4.0,4.0,1,5,2.5
1.3.6.1.4.1.14519.5.2.1.6279.6001.259124675432205040899951626253,38102,3.0,1.0,6.0,2.0,2.0,1.0,1.0,4.0,2.0,0,6,3.12
1.3.6.1.4.1.14519.5.2.1.6279.6001.259124675432205040899951626253,25308,4.0,1.0,6.0,3.0,2.0,3.0,2.0,2.0,3.0,,4,1.88
1.3.6.1.4.1.14519.5.2.1.6279.6001.259124675432205040899951626253,0,3.0,1.0,6.0,3.0,3.0,2.0,1.0,5.0,2.0,0,5,2.5
1.3.6.1.4.1.14519.5.2.1.6279.6001.134370886216012873213579659366,Nodule 004,3.0,1.0,6.0,5.0,5.0,1.0,1.0,5.0,2.0,0,3,3.6
1.3.6.1.4.1.14519.5.2.1.6279.6001.134370886216012873213579659366,Nodule 001,4.0,1.0,6.0,4.0,5.0,1.0,1.0,5.0,2.0,0,2,1.8
1.3.6.1.4.1.14519.5.2.1.6279.6001.134370886216012873213579659366,Nodule 003,3.0,1.0,6.0,4.0,5.0,1.0,1.0,3.0,3.0,,2,1.8
1.3.6.1.4.1.14519.5.2.1.6279.6001.134370886216012873213579659366,Nodule 002,4.0,1.0,6.0,3.0,3.0,2.0,1.0,5.0,5.0,1,4,5.4
1.3.6.1.4.1.14519.5.2.1.6279.6001.134370886216012873213579659366,IL057_123778,3.0,1.0,6.0,4.0,1.0,3.0,1.0,3.0,4.0,1,5,7.2
1.3.6.1.4.1.14519.5.2.1.6279.6001.134370886216012873213579659366,IL057_123782,3.0,1.0,6.0,2.0,3.0,1.0,1.0,4.0,2.0,0,2,1.8
1.3.6.1.4.1.14519.5.2.1.6279.6001.134370886216012873213579659366,IL057_123785,4.0,1.0,5.0,5.0,4.0,2.0,1.0,5.0,1.0,0,2,1.8
1.3.6.1.4.1.14519.5.2.1.6279.6001.134370886216012873213579659366,MI014_18212,4.0,1.0,6.0,4.0,1.0,1.0,1.0,3.0,3.0,,5,7.2
1.3.6.1.4.1.14519.5.2.1.6279.6001.134370886216012873213579659366,MI014_18245,4.0,1.0,6.0,4.0,1.0,1.0,1.0,3.0,3.0,,2,1.8
1.3.6.1.4.1.14519.5.2.1.6279.6001.134370886216012873213579659366,2,4.0,1.0,6.0,2.0,2.0,1.0,3.0,5.0,3.0,,3,3.6
1.3.6.1.4.1.14519.5.2.1.6279.6001.134370886216012873213579659366,6,4.0,1.0,6.0,3.0,2.0,3.0,3.0,5.0,3.0,,5,7.2
1.3.6.1.4.1.14519.5.2.1.6279.6001.664409965623578819357819577077,0,5.0,1.0,5.0,5.0,5.0,1.0,1.0,5.0,1.0,0,2,2.0
1.3.6.1.4.1.14519.5.2.1.6279.6001.664409965623578819357819577077,2,3.0,1.0,6.0,5.0,5.0,1.0,1.0,5.0,2.0,0,3,4.0
1.3.6.1.4.1.14519.5.2.1.6279.6001.664409965623578819357819577077,3,1.0,1.0,6.0,5.0,5.0,2.0,1.0,5.0,3.0,,1,0.0
1.3.6.1.4.1.14519.5.2.1.6279.6001.664409965623578819357819577077,50139,4.0,1.0,6.0,4.0,4.0,2.0,1.0,5.0,3.0,,3,4.0
1.3.6.1.4.1.14519.5.2.1.6279.6001.664409965623578819357819577077,50143,3.0,1.0,6.0,4.0,4.0,1.0,1.0,5.0,2.0,0,2,2.0
1.3.6.1.4.1.14519.5.2.1.6279.6001.259453428008507791234730686014,11229,1.0,1.0,6.0,2.0,3.0,1.0,1.0,2.0,1.0,0,2,2.5
1.3.6.1.4.1.14519.5.2.1.6279.6001.259453428008507791234730686014,16304,2.0,1.0,6.0,2.0,3.0,4.0,1.0,5.0,3.0,,2,2.5
1.3.6.1.4.1.14519.5.2.1.6279.6001.148447286464082095534651426689,81321,4.0,1.0,6.0,3.0,4.0,1.0,3.0,5.0,3.0,,4,3.75
1.3.6.1.4.1.14519.5.2.1.6279.6001.148447286464082095534651426689,81320,4.0,1.0,6.0,3.0,4.0,1.0,2.0,5.0,3.0,,4,3.75
1.3.6.1.4.1.14519.5.2.1.6279.6001.148447286464082095534651426689,81314,3.0,1.0,6.0,3.0,4.0,1.0,2.0,5.0,3.0,,6,6.25
1.3.6.1.4.1.14519.5.2.1.6279.6001.148447286464082095534651426689,81307,5.0,1.0,6.0,3.0,3.0,3.0,4.0,3.0,5.0,1,20,22.5
1.3.6.1.4.1.14519.5.2.1.6279.6001.148447286464082095534651426689,81311,4.0,1.0,6.0,2.0,1.0,2.0,4.0,1.0,5.0,1,10,11.25
1.3.6.1.4.1.14519.5.2.1.6279.6001.148447286464082095534651426689,81329,3.0,1.0,6.0,5.0,5.0,1.0,1.0,5.0,3.0,,3,2.5
1.3.6.1.4.1.14519.5.2.1.6279.6001.148447286464082095534651426689,81327,3.0,1.0,3.0,3.0,4.0,2.0,1.0,5.0,1.0,0,3,2.5
1.3.6.1.4.1.14519.5.2.1.6279.6001.148447286464082095534651426689,Nodule 002,4.0,1.0,6.0,4.0,5.0,1.0,1.0,5.0,2.0,0,3,2.5
1.3.6.1.4.1.14519.5.2.1.6279.6001.148447286464082095534651426689,Nodule 001,4.0,1.0,6.0,4.0,5.0,1.0,1.0,5.0,2.0,0,3,2.5
1.3.6.1.4.1.14519.5.2.1.6279.6001.148447286464082095534651426689,Nodule 008,5.0,1.0,6.0,3.0,3.0,2.0,2.0,2.0,4.0,1,18,21.25
1.3.6.1.4.1.14519.5.2.1.6279.6001.148447286464082095534651426689,Nodule 004,4.0,1.0,6.0,4.0,5.0,1.0,1.0,5.0,3.0,,5,5.0
1.3.6.1.4.1.14519.5.2.1.6279.6001.148447286464082095534651426689,Nodule 003,3.0,1.0,6.0,4.0,5.0,1.0,1.0,5.0,2.0,0,2,1.25
1.3.6.1.4.1.14519.5.2.1.6279.6001.148447286464082095534651426689,Nodule 005,3.0,1.0,6.0,3.0,5.0,1.0,1.0,5.0,3.0,,2,1.25
1.3.6.1.4.1.14519.5.2.1.6279.6001.148447286464082095534651426689,Nodule 006,3.0,1.0,6.0,4.0,5.0,1.0,1.0,5.0,2.0,0,5,5.0
1.3.6.1.4.1.14519.5.2.1.6279.6001.148447286464082095534651426689,0475,4.0,1.0,6.0,3.0,2.0,1.0,1.0,5.0,3.0,,4,3.75
1.3.6.1.4.1.14519.5.2.1.6279.6001.148447286464082095534651426689,0486,3.0,1.0,3.0,4.0,2.0,1.0,1.0,4.0,2.0,0,2,1.25
1.3.6.1.4.1.14519.5.2.1.6279.6001.148447286464082095534651426689,0471,4.0,1.0,6.0,5.0,2.0,1.0,1.0,5.0,3.0,,5,5.0
1.3.6.1.4.1.14519.5.2.1.6279.6001.148447286464082095534651426689,0489,3.0,1.0,6.0,4.0,1.0,1.0,1.0,4.0,3.0,,2,1.25
1.3.6.1.4.1.14519.5.2.1.6279.6001.148447286464082095534651426689,0469,4.0,1.0,6.0,4.0,1.0,1.0,1.0,3.0,3.0,,6,6.25
1.3.6.1.4.1.14519.5.2.1.6279.6001.148447286464082095534651426689,0461,5.0,1.0,6.0,4.0,1.0,4.0,3.0,4.0,5.0,1,19,21.25
1.3.6.1.4.1.14519.5.2.1.6279.6001.148447286464082095534651426689,0481,4.0,1.0,6.0,4.0,2.0,1.0,1.0,3.0,3.0,,4,3.75
1.3.6.1.4.1.14519.5.2.1.6279.6001.148447286464082095534651426689,0479,4.0,1.0,6.0,3.0,1.0,3.0,1.0,5.0,2.0,0,3,2.5
1.3.6.1.4.1.14519.5.2.1.6279.6001.148447286464082095534651426689,IL057_195999,5.0,1.0,6.0,4.0,3.0,4.0,2.0,3.0,5.0,1,26,21.25
1.3.6.1.4.1.14519.5.2.1.6279.6001.148447286464082095534651426689,IL057_196005,4.0,1.0,6.0,4.0,3.0,1.0,1.0,5.0,3.0,,7,6.25
1.3.6.1.4.1.14519.5.2.1.6279.6001.148447286464082095534651426689,IL057_196013,3.0,1.0,6.0,5.0,4.0,1.0,1.0,5.0,3.0,,4,3.75
1.3.6.1.4.1.14519.5.2.1.6279.6001.148447286464082095534651426689,IL057_197716,3.0,1.0,6.0,5.0,4.0,1.0,1.0,5.0,3.0,,4,3.75
1.3.6.1.4.1.14519.5.2.1.6279.6001.148447286464082095534651426689,IL057_197717,4.0,1.0,4.0,3.0,2.0,1.0,1.0,4.0,1.0,0,3,2.5
1.3.6.1.4.1.14519.5.2.1.6279.6001.148447286464082095534651426689,IL057_197718,2.0,1.0,6.0,5.0,4.0,1.0,1.0,5.0,2.0,0,2,1.25
1.3.6.1.4.1.14519.5.2.1.6279.6001.232058316950007760548968840196,Nodule 001,4.0,1.0,6.0,3.0,4.0,2.0,1.0,5.0,4.0,1,3,2.5
1.3.6.1.4.1.14519.5.2.1.6279.6001.232058316950007760548968840196,4893,3.0,1.0,6.0,3.0,3.0,2.0,1.0,5.0,3.0,,3,2.5
1.3.6.1.4.1.14519.5.2.1.6279.6001.144943344795414353192059796098,Nodule 005,4.0,1.0,6.0,4.0,5.0,1.0,1.0,5.0,3.0,,6,6.25
1.3.6.1.4.1.14519.5.2.1.6279.6001.144943344795414353192059796098,61586,4.0,1.0,6.0,2.0,3.0,3.0,2.0,5.0,2.0,0,6,6.25
1.3.6.1.4.1.14519.5.2.1.6279.6001.749871569713868632259874663577,2,5.0,1.0,6.0,3.0,4.0,1.0,1.0,5.0,3.0,,8,4.38
1.3.6.1.4.1.14519.5.2.1.6279.6001.302134342469412607966016057827,1,5.0,1.0,6.0,3.0,1.0,1.0,3.0,5.0,2.0,0,6,3.12
1.3.6.1.4.1.14519.5.2.1.6279.6001.302134342469412607966016057827,2,5.0,1.0,3.0,3.0,5.0,1.0,1.0,5.0,1.0,0,7,3.75
1.3.6.1.4.1.14519.5.2.1.6279.6001.302134342469412607966016057827,60372,3.0,1.0,6.0,3.0,1.0,3.0,2.0,1.0,3.0,,54,20.62
1.3.6.1.4.1.14519.5.2.1.6279.6001.771741891125176943862272696845,Nodule 003,3.0,1.0,6.0,3.0,4.0,1.0,1.0,4.0,3.0,,3,3.6
1.3.6.1.4.1.14519.5.2.1.6279.6001.771741891125176943862272696845,21907,2.0,1.0,6.0,5.0,2.0,1.0,1.0,1.0,3.0,,2,1.8
1.3.6.1.4.1.14519.5.2.1.6279.6001.771741891125176943862272696845,0,2.0,1.0,6.0,5.0,2.0,1.0,1.0,1.0,3.0,,3,3.6
1.3.6.1.4.1.14519.5.2.1.6279.6001.100332161840553388986847034053,1,5.0,1.0,6.0,4.0,4.0,1.0,1.0,4.0,3.0,,6,3.12
1.3.6.1.4.1.14519.5.2.1.6279.6001.192256506776434538421891524301,Nodule 004,3.0,1.0,6.0,5.0,5.0,1.0,1.0,5.0,2.0,0,2,1.8
1.3.6.1.4.1.14519.5.2.1.6279.6001.192256506776434538421891524301,Nodule 003,3.0,1.0,6.0,4.0,4.0,1.0,1.0,5.0,2.0,0,3,3.6
1.3.6.1.4.1.14519.5.2.1.6279.6001.192256506776434538421891524301,Nodule 005,2.0,1.0,6.0,4.0,5.0,1.0,1.0,1.0,3.0,,2,1.8
1.3.6.1.4.1.14519.5.2.1.6279.6001.192256506776434538421891524301,Nodule 002,4.0,1.0,6.0,4.0,4.0,1.0,1.0,5.0,2.0,0,2,1.8
1.3.6.1.4.1.14519.5.2.1.6279.6001.192256506776434538421891524301,Nodule 001,3.0,1.0,6.0,4.0,4.0,1.0,1.0,5.0,2.0,0,3,3.6
1.3.6.1.4.1.14519.5.2.1.6279.6001.192256506776434538421891524301,Nodule 006,1.0,1.0,6.0,4.0,5.0,1.0,1.0,1.0,3.0,,2,1.8
1.3.6.1.4.1.14519.5.2.1.6279.6001.192256506776434538421891524301,IL057_123754,1.0,1.0,6.0,4.0,1.0,1.0,1.0,1.0,3.0,,2,1.8
1.3.6.1.4.1.14519.5.2.1.6279.6001.192256506776434538421891524301,IL057_123764,1.0,1.0,6.0,4.0,1.0,1.0,1.0,1.0,3.0,,2,1.8
1.3.6.1.4.1.14519.5.2.1.6279.6001.192256506776434538421891524301,IL057_123769,2.0,1.0,3.0,3.0,5.0,1.0,1.0,5.0,1.0,0,2,1.8
1.3.6.1.4.1.14519.5.2.1.6279.6001.192256506776434538421891524301,IL057_123756,2.0,1.0,6.0,4.0,1.0,1.0,1.0,1.0,3.0,,2,1.8
1.3.6.1.4.1.14519.5.2.1.6279.6001.192256506776434538421891524301,IL057_123760,1.0,1.0,6.0,4.0,1.0,1.0,1.0,1.0,3.0,,4,5.4
1.3.6.1.4.1.14519.5.2.1.6279.6001.192256506776434538421891524301,IL057_123770,1.0,1.0,6.0,4.0,1.0,1.0,1.0,1.0,3.0,,3,3.6
1.3.6.1.4.1.14519.5.2.1.6279.6001.192256506776434538421891524301,IL057_132677,1.0,1.0,6.0,3.0,1.0,1.0,4.0,1.0,3.0,,3,3.6
1.3.6.1.4.1.14519.5.2.1.6279.6001.192256506776434538421891524301,MI014_18188,2.0,1.0,6.0,4.0,1.0,1.0,1.0,1.0,3.0,,3,3.6
1.3.6.1.4.1.14519.5.2.1.6279.6001.192256506776434538421891524301,MI014_18198,1.0,1.0,6.0,4.0,1.0,1.0,1.0,1.0,2.0,0,3,3.6
1.3.6.1.4.1.14519.5.2.1.6279.6001.192256506776434538421891524301,MI014_18206,1.0,1.0,6.0,4.0,1.0,1.0,1.0,1.0,2.0,0,3,3.6
1.3.6.1.4.1.14519.5.2.1.6279.6001.192256506776434538421891524301,MI014_18193,1.0,1.0,6.0,4.0,1.0,2.0,1.0,1.0,2.0,0,2,1.8
1.3.6.1.4.1.14519.5.2.1.6279.6001.192256506776434538421891524301,MI014_18194,1.0,1.0,6.0,4.0,1.0,1.0,1.0,1.0,2.0,0,5,7.2
1.3.6.1.4.1.14519.5.2.1.6279.6001.192256506776434538421891524301,MI014_18203,2.0,1.0,6.0,4.0,1.0,1.0,1.0,3.0,3.0,,3,3.6
1.3.6.1.4.1.14519.5.2.1.6279.6001.192256506776434538421891524301,1,5.0,1.0,5.0,4.0,5.0,2.0,1.0,5.0,2.0,0,4,5.4
1.3.6.1.4.1.14519.5.2.1.6279.6001.192256506776434538421891524301,6,1.0,1.0,6.0,2.0,2.0,1.0,1.0,1.0,3.0,,3,3.6
1.3.6.1.4.1.14519.5.2.1.6279.6001.192256506776434538421891524301,Nodule 004,3.0,1.0,6.0,5.0,5.0,1.0,1.0,5.0,2.0,0,2,1.8
1.3.6.1.4.1.14519.5.2.1.6279.6001.192256506776434538421891524301,Nodule 003,3.0,1.0,6.0,4.0,4.0,1.0,1.0,5.0,2.0,0,3,3.6
1.3.6.1.4.1.14519.5.2.1.6279.6001.192256506776434538421891524301,Nodule 005,2.0,1.0,6.0,4.0,5.0,1.0,1.0,1.0,3.0,,2,1.8
1.3.6.1.4.1.14519.5.2.1.6279.6001.192256506776434538421891524301,Nodule 002,4.0,1.0,6.0,4.0,4.0,1.0,1.0,5.0,2.0,0,2,1.8
1.3.6.1.4.1.14519.5.2.1.6279.6001.192256506776434538421891524301,Nodule 001,3.0,1.0,6.0,4.0,4.0,1.0,1.0,5.0,2.0,0,3,3.6
1.3.6.1.4.1.14519.5.2.1.6279.6001.192256506776434538421891524301,Nodule 006,1.0,1.0,6.0,4.0,5.0,1.0,1.0,1.0,3.0,,2,1.8
1.3.6.1.4.1.14519.5.2.1.6279.6001.192256506776434538421891524301,IL057_123754,1.0,1.0,6.0,4.0,1.0,1.0,1.0,1.0,3.0,,2,1.8
1.3.6.1.4.1.14519.5.2.1.6279.6001.192256506776434538421891524301,IL057_123764,1.0,1.0,6.0,4.0,1.0,1.0,1.0,1.0,3.0,,2,1.8
1.3.6.1.4.1.14519.5.2.1.6279.6001.192256506776434538421891524301,IL057_123769,2.0,1.0,3.0,3.0,5.0,1.0,1.0,5.0,1.0,0,2,1.8
1.3.6.1.4.1.14519.5.2.1.6279.6001.192256506776434538421891524301,IL057_123756,2.0,1.0,6.0,4.0,1.0,1.0,1.0,1.0,3.0,,2,1.8
1.3.6.1.4.1.14519.5.2.1.6279.6001.192256506776434538421891524301,IL057_123760,1.0,1.0,6.0,4.0,1.0,1.0,1.0,1.0,3.0,,4,5.4
1.3.6.1.4.1.14519.5.2.1.6279.6001.192256506776434538421891524301,IL057_123770,1.0,1.0,6.0,4.0,1.0,1.0,1.0,1.0,3.0,,3,3.6
1.3.6.1.4.1.14519.5.2.1.6279.6001.192256506776434538421891524301,IL057_132677,1.0,1.0,6.0,3.0,1.0,1.0,4.0,1.0,3.0,,3,3.6
1.3.6.1.4.1.14519.5.2.1.6279.6001.192256506776434538421891524301,MI014_18188,2.0,1.0,6.0,4.0,1.0,1.0,1.0,1.0,3.0,,3,3.6
1.3.6.1.4.1.14519.5.2.1.6279.6001.192256506776434538421891524301,MI014_18198,1.0,1.0,6.0,4.0,1.0,1.0,1.0,1.0,2.0,0,3,3.6
1.3.6.1.4.1.14519.5.2.1.6279.6001.192256506776434538421891524301,MI014_18206,1.0,1.0,6.0,4.0,1.0,1.0,1.0,1.0,2.0,0,3,3.6
1.3.6.1.4.1.14519.5.2.1.6279.6001.192256506776434538421891524301,MI014_18193,1.0,1.0,6.0,4.0,1.0,2.0,1.0,1.0,2.0,0,2,1.8
1.3.6.1.4.1.14519.5.2.1.6279.6001.192256506776434538421891524301,MI014_18194,1.0,1.0,6.0,4.0,1.0,1.0,1.0,1.0,2.0,0,5,7.2
1.3.6.1.4.1.14519.5.2.1.6279.6001.192256506776434538421891524301,MI014_18203,2.0,1.0,6.0,4.0,1.0,1.0,1.0,3.0,3.0,,3,3.6
1.3.6.1.4.1.14519.5.2.1.6279.6001.192256506776434538421891524301,1,5.0,1.0,5.0,4.0,5.0,2.0,1.0,5.0,2.0,0,4,5.4
1.3.6.1.4.1.14519.5.2.1.6279.6001.192256506776434538421891524301,6,1.0,1.0,6.0,2.0,2.0,1.0,1.0,1.0,3.0,,3,3.6
1.3.6.1.4.1.14519.5.2.1.6279.6001.192256506776434538421891524301,Nodule 004,3.0,1.0,6.0,5.0,5.0,1.0,1.0,5.0,2.0,0,2,1.8
1.3.6.1.4.1.14519.5.2.1.6279.6001.192256506776434538421891524301,Nodule 003,3.0,1.0,6.0,4.0,4.0,1.0,1.0,5.0,2.0,0,3,3.6
1.3.6.1.4.1.14519.5.2.1.6279.6001.192256506776434538421891524301,Nodule 005,2.0,1.0,6.0,4.0,5.0,1.0,1.0,1.0,3.0,,2,1.8
1.3.6.1.4.1.14519.5.2.1.6279.6001.192256506776434538421891524301,Nodule 002,4.0,1.0,6.0,4.0,4.0,1.0,1.0,5.0,2.0,0,2,1.8
1.3.6.1.4.1.14519.5.2.1.6279.6001.192256506776434538421891524301,Nodule 001,3.0,1.0,6.0,4.0,4.0,1.0,1.0,5.0,2.0,0,3,3.6
1.3.6.1.4.1.14519.5.2.1.6279.6001.192256506776434538421891524301,Nodule 006,1.0,1.0,6.0,4.0,5.0,1.0,1.0,1.0,3.0,,2,1.8
1.3.6.1.4.1.14519.5.2.1.6279.6001.192256506776434538421891524301,IL057_123754,1.0,1.0,6.0,4.0,1.0,1.0,1.0,1.0,3.0,,2,1.8
1.3.6.1.4.1.14519.5.2.1.6279.6001.192256506776434538421891524301,IL057_123764,1.0,1.0,6.0,4.0,1.0,1.0,1.0,1.0,3.0,,2,1.8
1.3.6.1.4.1.14519.5.2.1.6279.6001.192256506776434538421891524301,IL057_123769,2.0,1.0,3.0,3.0,5.0,1.0,1.0,5.0,1.0,0,2,1.8
1.3.6.1.4.1.14519.5.2.1.6279.6001.192256506776434538421891524301,IL057_123756,2.0,1.0,6.0,4.0,1.0,1.0,1.0,1.0,3.0,,2,1.8
1.3.6.1.4.1.14519.5.2.1.6279.6001.192256506776434538421891524301,IL057_123760,1.0,1.0,6.0,4.0,1.0,1.0,1.0,1.0,3.0,,4,5.4
1.3.6.1.4.1.14519.5.2.1.6279.6001.192256506776434538421891524301,IL057_123770,1.0,1.0,6.0,4.0,1.0,1.0,1.0,1.0,3.0,,3,3.6
1.3.6.1.4.1.14519.5.2.1.6279.6001.192256506776434538421891524301,IL057_132677,1.0,1.0,6.0,3.0,1.0,1.0,4.0,1.0,3.0,,3,3.6
1.3.6.1.4.1.14519.5.2.1.6279.6001.192256506776434538421891524301,MI014_18188,2.0,1.0,6.0,4.0,1.0,1.0,1.0,1.0,3.0,,3,3.6
1.3.6.1.4.1.14519.5.2.1.6279.6001.192256506776434538421891524301,MI014_18198,1.0,1.0,6.0,4.0,1.0,1.0,1.0,1.0,2.0,0,3,3.6
1.3.6.1.4.1.14519.5.2.1.6279.6001.192256506776434538421891524301,MI014_18206,1.0,1.0,6.0,4.0,1.0,1.0,1.0,1.0,2.0,0,3,3.6
1.3.6.1.4.1.14519.5.2.1.6279.6001.192256506776434538421891524301,MI014_18193,1.0,1.0,6.0,4.0,1.0,2.0,1.0,1.0,2.0,0,2,1.8
1.3.6.1.4.1.14519.5.2.1.6279.6001.192256506776434538421891524301,MI014_18194,1.0,1.0,6.0,4.0,1.0,1.0,1.0,1.0,2.0,0,5,7.2
1.3.6.1.4.1.14519.5.2.1.6279.6001.192256506776434538421891524301,MI014_18203,2.0,1.0,6.0,4.0,1.0,1.0,1.0,3.0,3.0,,3,3.6
1.3.6.1.4.1.14519.5.2.1.6279.6001.192256506776434538421891524301,1,5.0,1.0,5.0,4.0,5.0,2.0,1.0,5.0,2.0,0,4,5.4
1.3.6.1.4.1.14519.5.2.1.6279.6001.192256506776434538421891524301,6,1.0,1.0,6.0,2.0,2.0,1.0,1.0,1.0,3.0,,3,3.6
1.3.6.1.4.1.14519.5.2.1.6279.6001.192256506776434538421891524301,Nodule 004,3.0,1.0,6.0,5.0,5.0,1.0,1.0,5.0,2.0,0,2,1.8
1.3.6.1.4.1.14519.5.2.1.6279.6001.192256506776434538421891524301,Nodule 003,3.0,1.0,6.0,4.0,4.0,1.0,1.0,5.0,2.0,0,3,3.6
1.3.6.1.4.1.14519.5.2.1.6279.6001.192256506776434538421891524301,Nodule 005,2.0,1.0,6.0,4.0,5.0,1.0,1.0,1.0,3.0,,2,1.8
1.3.6.1.4.1.14519.5.2.1.6279.6001.192256506776434538421891524301,Nodule 002,4.0,1.0,6.0,4.0,4.0,1.0,1.0,5.0,2.0,0,2,1.8
1.3.6.1.4.1.14519.5.2.1.6279.6001.192256506776434538421891524301,Nodule 001,3.0,1.0,6.0,4.0,4.0,1.0,1.0,5.0,2.0,0,3,3.6
1.3.6.1.4.1.14519.5.2.1.6279.6001.192256506776434538421891524301,Nodule 006,1.0,1.0,6.0,4.0,5.0,1.0,1.0,1.0,3.0,,2,1.8
1.3.6.1.4.1.14519.5.2.1.6279.6001.192256506776434538421891524301,IL057_123754,1.0,1.0,6.0,4.0,1.0,1.0,1.0,1.0,3.0,,2,1.8
1.3.6.1.4.1.14519.5.2.1.6279.6001.192256506776434538421891524301,IL057_123764,1.0,1.0,6.0,4.0,1.0,1.0,1.0,1.0,3.0,,2,1.8
1.3.6.1.4.1.14519.5.2.1.6279.6001.192256506776434538421891524301,IL057_123769,2.0,1.0,3.0,3.0,5.0,1.0,1.0,5.0,1.0,0,2,1.8
1.3.6.1.4.1.14519.5.2.1.6279.6001.192256506776434538421891524301,IL057_123756,2.0,1.0,6.0,4.0,1.0,1.0,1.0,1.0,3.0,,2,1.8
1.3.6.1.4.1.14519.5.2.1.6279.6001.192256506776434538421891524301,IL057_123760,1.0,1.0,6.0,4.0,1.0,1.0,1.0,1.0,3.0,,4,5.4
1.3.6.1.4.1.14519.5.2.1.6279.6001.192256506776434538421891524301,IL057_123770,1.0,1.0,6.0,4.0,1.0,1.0,1.0,1.0,3.0,,3,3.6
1.3.6.1.4.1.14519.5.2.1.6279.6001.192256506776434538421891524301,IL057_132677,1.0,1.0,6.0,3.0,1.0,1.0,4.0,1.0,3.0,,3,3.6
1.3.6.1.4.1.14519.5.2.1.6279.6001.192256506776434538421891524301,MI014_18188,2.0,1.0,6.0,4.0,1.0,1.0,1.0,1.0,3.0,,3,3.6
1.3.6.1.4.1.14519.5.2.1.6279.6001.192256506776434538421891524301,MI014_18198,1.0,1.0,6.0,4.0,1.0,1.0,1.0,1.0,2.0,0,3,3.6
1.3.6.1.4.1.14519.5.2.1.6279.6001.192256506776434538421891524301,MI014_18206,1.0,1.0,6.0,4.0,1.0,1.0,1.0,1.0,2.0,0,3,3.6
1.3.6.1.4.1.14519.5.2.1.6279.6001.192256506776434538421891524301,MI014_18193,1.0,1.0,6.0,4.0,1.0,2.0,1.0,1.0,2.0,0,2,1.8
1.3.6.1.4.1.14519.5.2.1.6279.6001.192256506776434538421891524301,MI014_18194,1.0,1.0,6.0,4.0,1.0,1.0,1.0,1.0,2.0,0,5,7.2
1.3.6.1.4.1.14519.5.2.1.6279.6001.192256506776434538421891524301,MI014_18203,2.0,1.0,6.0,4.0,1.0,1.0,1.0,3.0,3.0,,3,3.6
1.3.6.1.4.1.14519.5.2.1.6279.6001.192256506776434538421891524301,1,5.0,1.0,5.0,4.0,5.0,2.0,1.0,5.0,2.0,0,4,5.4
1.3.6.1.4.1.14519.5.2.1.6279.6001.192256506776434538421891524301,6,1.0,1.0,6.0,2.0,2.0,1.0,1.0,1.0,3.0,,3,3.6
1.3.6.1.4.1.14519.5.2.1.6279.6001.192256506776434538421891524301,Nodule 004,3.0,1.0,6.0,5.0,5.0,1.0,1.0,5.0,2.0,0,2,1.8
1.3.6.1.4.1.14519.5.2.1.6279.6001.192256506776434538421891524301,Nodule 003,3.0,1.0,6.0,4.0,4.0,1.0,1.0,5.0,2.0,0,3,3.6
1.3.6.1.4.1.14519.5.2.1.6279.6001.192256506776434538421891524301,Nodule 005,2.0,1.0,6.0,4.0,5.0,1.0,1.0,1.0,3.0,,2,1.8
1.3.6.1.4.1.14519.5.2.1.6279.6001.192256506776434538421891524301,Nodule 002,4.0,1.0,6.0,4.0,4.0,1.0,1.0,5.0,2.0,0,2,1.8
1.3.6.1.4.1.14519.5.2.1.6279.6001.192256506776434538421891524301,Nodule 001,3.0,1.0,6.0,4.0,4.0,1.0,1.0,5.0,2.0,0,3,3.6
1.3.6.1.4.1.14519.5.2.1.6279.6001.192256506776434538421891524301,Nodule 006,1.0,1.0,6.0,4.0,5.0,1.0,1.0,1.0,3.0,,2,1.8
1.3.6.1.4.1.14519.5.2.1.6279.6001.192256506776434538421891524301,IL057_123754,1.0,1.0,6.0,4.0,1.0,1.0,1.0,1.0,3.0,,2,1.8
1.3.6.1.4.1.14519.5.2.1.6279.6001.192256506776434538421891524301,IL057_123764,1.0,1.0,6.0,4.0,1.0,1.0,1.0,1.0,3.0,,2,1.8
1.3.6.1.4.1.14519.5.2.1.6279.6001.192256506776434538421891524301,IL057_123769,2.0,1.0,3.0,3.0,5.0,1.0,1.0,5.0,1.0,0,2,1.8
1.3.6.1.4.1.14519.5.2.1.6279.6001.192256506776434538421891524301,IL057_123756,2.0,1.0,6.0,4.0,1.0,1.0,1.0,1.0,3.0,,2,1.8
1.3.6.1.4.1.14519.5.2.1.6279.6001.192256506776434538421891524301,IL057_123760,1.0,1.0,6.0,4.0,1.0,1.0,1.0,1.0,3.0,,4,5.4
1.3.6.1.4.1.14519.5.2.1.6279.6001.192256506776434538421891524301,IL057_123770,1.0,1.0,6.0,4.0,1.0,1.0,1.0,1.0,3.0,,3,3.6
1.3.6.1.4.1.14519.5.2.1.6279.6001.192256506776434538421891524301,IL057_132677,1.0,1.0,6.0,3.0,1.0,1.0,4.0,1.0,3.0,,3,3.6
1.3.6.1.4.1.14519.5.2.1.6279.6001.192256506776434538421891524301,MI014_18188,2.0,1.0,6.0,4.0,1.0,1.0,1.0,1.0,3.0,,3,3.6
1.3.6.1.4.1.14519.5.2.1.6279.6001.192256506776434538421891524301,MI014_18198,1.0,1.0,6.0,4.0,1.0,1.0,1.0,1.0,2.0,0,3,3.6
1.3.6.1.4.1.14519.5.2.1.6279.6001.192256506776434538421891524301,MI014_18206,1.0,1.0,6.0,4.0,1.0,1.0,1.0,1.0,2.0,0,3,3.6
1.3.6.1.4.1.14519.5.2.1.6279.6001.192256506776434538421891524301,MI014_18193,1.0,1.0,6.0,4.0,1.0,2.0,1.0,1.0,2.0,0,2,1.8
1.3.6.1.4.1.14519.5.2.1.6279.6001.192256506776434538421891524301,MI014_18194,1.0,1.0,6.0,4.0,1.0,1.0,1.0,1.0,2.0,0,5,7.2
1.3.6.1.4.1.14519.5.2.1.6279.6001.192256506776434538421891524301,MI014_18203,2.0,1.0,6.0,4.0,1.0,1.0,1.0,3.0,3.0,,3,3.6
1.3.6.1.4.1.14519.5.2.1.6279.6001.192256506776434538421891524301,1,5.0,1.0,5.0,4.0,5.0,2.0,1.0,5.0,2.0,0,4,5.4
1.3.6.1.4.1.14519.5.2.1.6279.6001.192256506776434538421891524301,6,1.0,1.0,6.0,2.0,2.0,1.0,1.0,1.0,3.0,,3,3.6
1.3.6.1.4.1.14519.5.2.1.6279.6001.192256506776434538421891524301,Nodule 004,3.0,1.0,6.0,5.0,5.0,1.0,1.0,5.0,2.0,0,2,1.8
1.3.6.1.4.1.14519.5.2.1.6279.6001.192256506776434538421891524301,Nodule 003,3.0,1.0,6.0,4.0,4.0,1.0,1.0,5.0,2.0,0,3,3.6
1.3.6.1.4.1.14519.5.2.1.6279.6001.192256506776434538421891524301,Nodule 005,2.0,1.0,6.0,4.0,5.0,1.0,1.0,1.0,3.0,,2,1.8
1.3.6.1.4.1.14519.5.2.1.6279.6001.192256506776434538421891524301,Nodule 002,4.0,1.0,6.0,4.0,4.0,1.0,1.0,5.0,2.0,0,2,1.8
1.3.6.1.4.1.14519.5.2.1.6279.6001.192256506776434538421891524301,Nodule 001,3.0,1.0,6.0,4.0,4.0,1.0,1.0,5.0,2.0,0,3,3.6
1.3.6.1.4.1.14519.5.2.1.6279.6001.192256506776434538421891524301,Nodule 006,1.0,1.0,6.0,4.0,5.0,1.0,1.0,1.0,3.0,,2,1.8
1.3.6.1.4.1.14519.5.2.1.6279.6001.192256506776434538421891524301,IL057_123754,1.0,1.0,6.0,4.0,1.0,1.0,1.0,1.0,3.0,,2,1.8
1.3.6.1.4.1.14519.5.2.1.6279.6001.192256506776434538421891524301,IL057_123764,1.0,1.0,6.0,4.0,1.0,1.0,1.0,1.0,3.0,,2,1.8
1.3.6.1.4.1.14519.5.2.1.6279.6001.192256506776434538421891524301,IL057_123769,2.0,1.0,3.0,3.0,5.0,1.0,1.0,5.0,1.0,0,2,1.8
1.3.6.1.4.1.14519.5.2.1.6279.6001.192256506776434538421891524301,IL057_123756,2.0,1.0,6.0,4.0,1.0,1.0,1.0,1.0,3.0,,2,1.8
1.3.6.1.4.1.14519.5.2.1.6279.6001.192256506776434538421891524301,IL057_123760,1.0,1.0,6.0,4.0,1.0,1.0,1.0,1.0,3.0,,4,5.4
1.3.6.1.4.1.14519.5.2.1.6279.6001.192256506776434538421891524301,IL057_123770,1.0,1.0,6.0,4.0,1.0,1.0,1.0,1.0,3.0,,3,3.6
1.3.6.1.4.1.14519.5.2.1.6279.6001.192256506776434538421891524301,IL057_132677,1.0,1.0,6.0,3.0,1.0,1.0,4.0,1.0,3.0,,3,3.6
1.3.6.1.4.1.14519.5.2.1.6279.6001.192256506776434538421891524301,MI014_18188,2.0,1.0,6.0,4.0,1.0,1.0,1.0,1.0,3.0,,3,3.6
1.3.6.1.4.1.14519.5.2.1.6279.6001.192256506776434538421891524301,MI014_18198,1.0,1.0,6.0,4.0,1.0,1.0,1.0,1.0,2.0,0,3,3.6
1.3.6.1.4.1.14519.5.2.1.6279.6001.192256506776434538421891524301,MI014_18206,1.0,1.0,6.0,4.0,1.0,1.0,1.0,1.0,2.0,0,3,3.6
1.3.6.1.4.1.14519.5.2.1.6279.6001.192256506776434538421891524301,MI014_18193,1.0,1.0,6.0,4.0,1.0,2.0,1.0,1.0,2.0,0,2,1.8
1.3.6.1.4.1.14519.5.2.1.6279.6001.192256506776434538421891524301,MI014_18194,1.0,1.0,6.0,4.0,1.0,1.0,1.0,1.0,2.0,0,5,7.2
1.3.6.1.4.1.14519.5.2.1.6279.6001.192256506776434538421891524301,MI014_18203,2.0,1.0,6.0,4.0,1.0,1.0,1.0,3.0,3.0,,3,3.6
1.3.6.1.4.1.14519.5.2.1.6279.6001.192256506776434538421891524301,1,5.0,1.0,5.0,4.0,5.0,2.0,1.0,5.0,2.0,0,4,5.4
1.3.6.1.4.1.14519.5.2.1.6279.6001.192256506776434538421891524301,6,1.0,1.0,6.0,2.0,2.0,1.0,1.0,1.0,3.0,,3,3.6
1.3.6.1.4.1.14519.5.2.1.6279.6001.167661207884826429102690781600,Nodule 002,4.0,1.0,6.0,4.0,4.0,1.0,2.0,5.0,4.0,1,7,6.0
1.3.6.1.4.1.14519.5.2.1.6279.6001.167661207884826429102690781600,Nodule 001,4.0,1.0,6.0,4.0,5.0,1.0,1.0,5.0,2.0,0,4,3.0
1.3.6.1.4.1.14519.5.2.1.6279.6001.167661207884826429102690781600,Nodule 003,5.0,1.0,6.0,3.0,4.0,3.0,4.0,5.0,5.0,1,11,10.0
1.3.6.1.4.1.14519.5.2.1.6279.6001.167661207884826429102690781600,Nodule 004,3.0,1.0,6.0,4.0,5.0,1.0,1.0,5.0,2.0,0,3,2.0
1.3.6.1.4.1.14519.5.2.1.6279.6001.167661207884826429102690781600,IL057_159762,4.0,1.0,6.0,5.0,5.0,2.0,2.0,5.0,4.0,1,10,9.0
1.3.6.1.4.1.14519.5.2.1.6279.6001.167661207884826429102690781600,IL057_203672,4.0,1.0,6.0,4.0,3.0,1.0,1.0,5.0,3.0,,3,2.0
1.3.6.1.4.1.14519.5.2.1.6279.6001.167661207884826429102690781600,MI014_13742,5.0,1.0,6.0,4.0,5.0,1.0,2.0,5.0,5.0,1,11,10.0
1.3.6.1.4.1.14519.5.2.1.6279.6001.167661207884826429102690781600,MI014_13755,1.0,1.0,6.0,3.0,5.0,1.0,1.0,5.0,4.0,1,8,7.0
1.3.6.1.4.1.14519.5.2.1.6279.6001.167661207884826429102690781600,0,3.0,1.0,6.0,5.0,5.0,1.0,1.0,5.0,2.0,0,8,7.0
1.3.6.1.4.1.14519.5.2.1.6279.6001.167661207884826429102690781600,2,5.0,1.0,6.0,5.0,5.0,4.0,1.0,5.0,3.0,,11,10.0
1.3.6.1.4.1.14519.5.2.1.6279.6001.280072876841890439628529365478,Nodule 009,3.0,1.0,6.0,4.0,5.0,1.0,1.0,5.0,4.0,1,5,4.0
1.3.6.1.4.1.14519.5.2.1.6279.6001.280072876841890439628529365478,Nodule 010,4.0,1.0,6.0,3.0,4.0,2.0,1.0,5.0,4.0,1,6,5.0
1.3.6.1.4.1.14519.5.2.1.6279.6001.280072876841890439628529365478,Nodule 001,5.0,1.0,6.0,3.0,4.0,2.0,2.0,5.0,5.0,1,7,6.0
1.3.6.1.4.1.14519.5.2.1.6279.6001.280072876841890439628529365478,Nodule 005,4.0,1.0,6.0,4.0,4.0,1.0,1.0,5.0,4.0,1,7,6.0
1.3.6.1.4.1.14519.5.2.1.6279.6001.280072876841890439628529365478,Nodule 002,4.0,1.0,6.0,4.0,5.0,1.0,1.0,5.0,3.0,,6,5.0
1.3.6.1.4.1.14519.5.2.1.6279.6001.280072876841890439628529365478,IL057_201341,2.0,1.0,6.0,5.0,5.0,1.0,2.0,5.0,2.0,0,4,3.0
1.3.6.1.4.1.14519.5.2.1.6279.6001.280072876841890439628529365478,IL057_201339,2.0,1.0,6.0,5.0,5.0,1.0,5.0,5.0,2.0,0,4,3.0
1.3.6.1.4.1.14519.5.2.1.6279.6001.280072876841890439628529365478,IL057_201345,3.0,1.0,6.0,4.0,4.0,1.0,2.0,5.0,2.0,0,2,1.0
1.3.6.1.4.1.14519.5.2.1.6279.6001.280072876841890439628529365478,IL057_201320,5.0,1.0,6.0,4.0,4.0,1.0,3.0,5.0,3.0,,6,5.0
1.3.6.1.4.1.14519.5.2.1.6279.6001.280072876841890439628529365478,IL057_201326,3.0,1.0,6.0,4.0,4.0,1.0,2.0,5.0,3.0,,4,3.0
1.3.6.1.4.1.14519.5.2.1.6279.6001.280072876841890439628529365478,IL057_201316,5.0,1.0,6.0,4.0,4.0,2.0,3.0,5.0,5.0,1,7,6.0
1.3.6.1.4.1.14519.5.2.1.6279.6001.280072876841890439628529365478,IL057_201323,4.0,1.0,6.0,5.0,5.0,1.0,1.0,5.0,4.0,1,5,4.0
1.3.6.1.4.1.14519.5.2.1.6279.6001.280072876841890439628529365478,IL057_201334,4.0,1.0,6.0,5.0,5.0,1.0,1.0,5.0,3.0,,4,3.0
1.3.6.1.4.1.14519.5.2.1.6279.6001.280072876841890439628529365478,IL057_201311,5.0,1.0,6.0,3.0,4.0,1.0,3.0,5.0,5.0,1,25,24.0
1.3.6.1.4.1.14519.5.2.1.6279.6001.280072876841890439628529365478,IL057_201330,4.0,1.0,6.0,3.0,4.0,1.0,1.0,5.0,3.0,,4,3.0
1.3.6.1.4.1.14519.5.2.1.6279.6001.280072876841890439628529365478,MI014_19662,4.0,1.0,6.0,5.0,2.0,1.0,1.0,3.0,3.0,,5,4.0
1.3.6.1.4.1.14519.5.2.1.6279.6001.280072876841890439628529365478,MI014_19660,4.0,1.0,6.0,5.0,2.0,1.0,1.0,2.0,3.0,,5,4.0
1.3.6.1.4.1.14519.5.2.1.6279.6001.280072876841890439628529365478,MI014_19666,4.0,1.0,6.0,5.0,2.0,1.0,1.0,2.0,3.0,,3,2.0
1.3.6.1.4.1.14519.5.2.1.6279.6001.280072876841890439628529365478,MI014_19640,5.0,1.0,6.0,4.0,1.0,3.0,2.0,2.0,3.0,,7,6.0
1.3.6.1.4.1.14519.5.2.1.6279.6001.280072876841890439628529365478,MI014_19636,5.0,1.0,6.0,4.0,4.0,1.0,1.0,5.0,5.0,1,7,6.0
1.3.6.1.4.1.14519.5.2.1.6279.6001.280072876841890439628529365478,MI014_19655,5.0,1.0,6.0,5.0,5.0,1.0,1.0,4.0,4.0,1,5,4.0
1.3.6.1.4.1.14519.5.2.1.6279.6001.280072876841890439628529365478,MI014_19644,5.0,1.0,6.0,4.0,5.0,1.0,1.0,4.0,4.0,1,6,5.0
1.3.6.1.4.1.14519.5.2.1.6279.6001.280072876841890439628529365478,MI014_19653,4.0,1.0,6.0,4.0,5.0,1.0,4.0,3.0,2.0,0,6,5.0
1.3.6.1.4.1.14519.5.2.1.6279.6001.280072876841890439628529365478,MI014_19647,4.0,1.0,6.0,4.0,1.0,1.0,1.0,3.0,3.0,,5,4.0
1.3.6.1.4.1.14519.5.2.1.6279.6001.280072876841890439628529365478,MI014_19631,5.0,1.0,6.0,4.0,4.0,4.0,5.0,5.0,5.0,1,29,28.0
1.3.6.1.4.1.14519.5.2.1.6279.6001.280072876841890439628529365478,MI014_19650,4.0,1.0,6.0,4.0,4.0,2.0,1.0,4.0,4.0,1,6,5.0
1.3.6.1.4.1.14519.5.2.1.6279.6001.280072876841890439628529365478,0,3.0,1.0,6.0,5.0,5.0,1.0,1.0,5.0,2.0,0,7,6.0
1.3.6.1.4.1.14519.5.2.1.6279.6001.280072876841890439628529365478,1,3.0,1.0,6.0,5.0,5.0,1.0,1.0,5.0,2.0,0,7,6.0
1.3.6.1.4.1.14519.5.2.1.6279.6001.280072876841890439628529365478,8,1.0,1.0,6.0,5.0,2.0,1.0,1.0,1.0,2.0,0,8,7.0
1.3.6.1.4.1.14519.5.2.1.6279.6001.280072876841890439628529365478,9,3.0,1.0,6.0,5.0,5.0,1.0,1.0,5.0,2.0,0,6,5.0
1.3.6.1.4.1.14519.5.2.1.6279.6001.280072876841890439628529365478,13,5.0,1.0,6.0,5.0,5.0,4.0,1.0,5.0,3.0,,27,26.0
1.3.6.1.4.1.14519.5.2.1.6279.6001.280072876841890439628529365478,15,3.0,1.0,6.0,5.0,5.0,1.0,1.0,5.0,2.0,0,6,5.0
1.3.6.1.4.1.14519.5.2.1.6279.6001.205174485766424333452131788504,34116,5.0,1.0,6.0,2.0,4.0,4.0,2.0,5.0,5.0,1,11,27.0
1.3.6.1.4.1.14519.5.2.1.6279.6001.205174485766424333452131788504,34125,4.0,1.0,6.0,5.0,5.0,1.0,1.0,5.0,1.0,0,2,3.0
1.3.6.1.4.1.14519.5.2.1.6279.6001.205174485766424333452131788504,34128,3.0,1.0,6.0,4.0,5.0,1.0,1.0,5.0,2.0,0,3,6.0
1.3.6.1.4.1.14519.5.2.1.6279.6001.205174485766424333452131788504,34131,3.0,1.0,6.0,4.0,5.0,1.0,1.0,5.0,1.0,0,3,6.0
1.3.6.1.4.1.14519.5.2.1.6279.6001.205174485766424333452131788504,34120,5.0,1.0,6.0,5.0,5.0,1.0,1.0,5.0,2.0,0,3,6.0
1.3.6.1.4.1.14519.5.2.1.6279.6001.205174485766424333452131788504,34121,3.0,1.0,6.0,2.0,4.0,2.0,1.0,5.0,2.0,0,3,6.0
1.3.6.1.4.1.14519.5.2.1.6279.6001.205174485766424333452131788504,12902,5.0,1.0,6.0,5.0,5.0,1.0,1.0,5.0,2.0,0,4,9.0
1.3.6.1.4.1.14519.5.2.1.6279.6001.205174485766424333452131788504,12960,4.0,1.0,6.0,3.0,4.0,3.0,1.0,5.0,3.0,,3,6.0
1.3.6.1.4.1.14519.5.2.1.6279.6001.205174485766424333452131788504,186,5.0,1.0,6.0,3.0,1.0,5.0,4.0,4.0,3.0,,10,24.0
1.3.6.1.4.1.14519.5.2.1.6279.6001.205174485766424333452131788504,204,3.0,1.0,6.0,4.0,3.0,2.0,2.0,2.0,3.0,,4,9.0
1.3.6.1.4.1.14519.5.2.1.6279.6001.205174485766424333452131788504,190,3.0,1.0,6.0,4.0,5.0,2.0,1.0,5.0,3.0,,3,6.0
1.3.6.1.4.1.14519.5.2.1.6279.6001.205174485766424333452131788504,0,5.0,1.0,6.0,2.0,4.0,2.0,2.0,5.0,3.0,,11,27.0
1.3.6.1.4.1.14519.5.2.1.6279.6001.205174485766424333452131788504,14,3.0,1.0,6.0,3.0,3.0,1.0,1.0,5.0,2.0,0,4,9.0
1.3.6.1.4.1.14519.5.2.1.6279.6001.112740418331256326754121315800,0,5.0,1.0,6.0,4.0,5.0,3.0,3.0,5.0,4.0,1,13,30.0
1.3.6.1.4.1.14519.5.2.1.6279.6001.112740418331256326754121315800,1,5.0,1.0,6.0,5.0,4.0,1.0,5.0,4.0,4.0,1,6,12.5
1.3.6.1.4.1.14519.5.2.1.6279.6001.112740418331256326754121315800,163079,5.0,1.0,6.0,3.0,4.0,4.0,4.0,5.0,5.0,1,6,12.5
1.3.6.1.4.1.14519.5.2.1.6279.6001.112740418331256326754121315800,163074,5.0,1.0,6.0,4.0,4.0,5.0,3.0,5.0,5.0,1,14,32.5
1.3.6.1.4.1.14519.5.2.1.6279.6001.112740418331256326754121315800,Nodule 001,5.0,1.0,6.0,3.0,4.0,2.0,3.0,5.0,5.0,1,6,12.5
1.3.6.1.4.1.14519.5.2.1.6279.6001.112740418331256326754121315800,160607,5.0,1.0,6.0,5.0,4.0,4.0,4.0,5.0,5.0,1,14,32.5
1.3.6.1.4.1.14519.5.2.1.6279.6001.112740418331256326754121315800,160612,5.0,1.0,6.0,3.0,4.0,5.0,5.0,1.0,5.0,1,6,12.5
1.3.6.1.4.1.14519.5.2.1.6279.6001.141069661700670042960678408762,13632,2.0,1.0,6.0,3.0,4.0,1.0,1.0,4.0,3.0,,8,7.0
1.3.6.1.4.1.14519.5.2.1.6279.6001.141069661700670042960678408762,Nodule 001,5.0,1.0,6.0,3.0,4.0,2.0,2.0,5.0,4.0,1,6,5.0
1.3.6.1.4.1.14519.5.2.1.6279.6001.141069661700670042960678408762,13348,4.0,1.0,6.0,3.0,4.0,2.0,1.0,5.0,2.0,0,8,7.0
1.3.6.1.4.1.14519.5.2.1.6279.6001.141069661700670042960678408762,0,5.0,1.0,6.0,5.0,5.0,1.0,1.0,5.0,2.0,0,7,6.0
1.3.6.1.4.1.14519.5.2.1.6279.6001.265453131727473342790950829556,Nodule 002,3.0,1.0,6.0,3.0,5.0,1.0,1.0,5.0,2.0,0,4,3.0
1.3.6.1.4.1.14519.5.2.1.6279.6001.265453131727473342790950829556,Nodule 005,3.0,1.0,6.0,5.0,5.0,1.0,1.0,5.0,2.0,0,3,2.0
1.3.6.1.4.1.14519.5.2.1.6279.6001.265453131727473342790950829556,Nodule 001,4.0,1.0,6.0,4.0,5.0,2.0,1.0,5.0,3.0,,5,4.0
1.3.6.1.4.1.14519.5.2.1.6279.6001.265453131727473342790950829556,Nodule 006,4.0,1.0,6.0,3.0,5.0,2.0,1.0,5.0,3.0,,6,5.0
1.3.6.1.4.1.14519.5.2.1.6279.6001.265453131727473342790950829556,Nodule 007,4.0,1.0,6.0,4.0,5.0,1.0,1.0,5.0,3.0,,7,6.0
1.3.6.1.4.1.14519.5.2.1.6279.6001.265453131727473342790950829556,Nodule 012,3.0,1.0,6.0,4.0,5.0,1.0,1.0,5.0,3.0,,4,3.0
1.3.6.1.4.1.14519.5.2.1.6279.6001.265453131727473342790950829556,IL057_203423,5.0,1.0,6.0,3.0,4.0,1.0,3.0,5.0,4.0,1,21,13.0
1.3.6.1.4.1.14519.5.2.1.6279.6001.265453131727473342790950829556,IL057_203429,4.0,1.0,6.0,4.0,4.0,1.0,3.0,5.0,3.0,,9,8.0
1.3.6.1.4.1.14519.5.2.1.6279.6001.265453131727473342790950829556,IL057_203443,5.0,1.0,6.0,4.0,5.0,1.0,1.0,5.0,3.0,,6,5.0
1.3.6.1.4.1.14519.5.2.1.6279.6001.265453131727473342790950829556,IL057_203432,5.0,1.0,3.0,4.0,5.0,1.0,3.0,5.0,1.0,0,10,9.0
1.3.6.1.4.1.14519.5.2.1.6279.6001.265453131727473342790950829556,IL057_203447,4.0,1.0,6.0,4.0,3.0,1.0,2.0,5.0,3.0,,4,3.0
1.3.6.1.4.1.14519.5.2.1.6279.6001.265453131727473342790950829556,IL057_203436,4.0,1.0,6.0,4.0,4.0,2.0,2.0,5.0,3.0,,7,6.0
1.3.6.1.4.1.14519.5.2.1.6279.6001.265453131727473342790950829556,IL057_205807,4.0,1.0,6.0,3.0,2.0,1.0,2.0,4.0,3.0,,7,6.0
1.3.6.1.4.1.14519.5.2.1.6279.6001.265453131727473342790950829556,IL057_205808,4.0,1.0,6.0,3.0,4.0,1.0,1.0,5.0,3.0,,4,3.0
1.3.6.1.4.1.14519.5.2.1.6279.6001.265453131727473342790950829556,IL057_205809,3.0,1.0,6.0,2.0,3.0,1.0,1.0,5.0,2.0,0,8,7.0
1.3.6.1.4.1.14519.5.2.1.6279.6001.265453131727473342790950829556,MI014_15629,4.0,1.0,6.0,3.0,5.0,1.0,2.0,5.0,3.0,,9,8.0
1.3.6.1.4.1.14519.5.2.1.6279.6001.265453131727473342790950829556,MI014_15642,3.0,1.0,6.0,3.0,5.0,1.0,2.0,5.0,3.0,,5,4.0
1.3.6.1.4.1.14519.5.2.1.6279.6001.265453131727473342790950829556,MI014_15637,3.0,1.0,6.0,2.0,5.0,1.0,1.0,5.0,3.0,,10,9.0
1.3.6.1.4.1.14519.5.2.1.6279.6001.265453131727473342790950829556,MI014_15631,4.0,1.0,6.0,2.0,4.0,1.0,2.0,5.0,4.0,1,7,6.0
1.3.6.1.4.1.14519.5.2.1.6279.6001.265453131727473342790950829556,MI014_15635,4.0,1.0,6.0,3.0,5.0,1.0,2.0,5.0,3.0,,6,5.0
1.3.6.1.4.1.14519.5.2.1.6279.6001.265453131727473342790950829556,MI014_15686,3.0,1.0,6.0,2.0,5.0,1.0,1.0,5.0,3.0,,4,3.0
1.3.6.1.4.1.14519.5.2.1.6279.6001.265453131727473342790950829556,MI014_15687,2.0,1.0,6.0,2.0,4.0,2.0,1.0,5.0,3.0,,5,4.0
1.3.6.1.4.1.14519.5.2.1.6279.6001.265453131727473342790950829556,0,5.0,1.0,6.0,3.0,4.0,1.0,1.0,5.0,2.0,0,4,3.0
1.3.6.1.4.1.14519.5.2.1.6279.6001.265453131727473342790950829556,2,5.0,1.0,3.0,3.0,4.0,2.0,2.0,5.0,1.0,0,12,11.0
1.3.6.1.4.1.14519.5.2.1.6279.6001.265453131727473342790950829556,4,5.0,1.0,6.0,3.0,4.0,3.0,3.0,5.0,4.0,1,6,5.0
1.3.6.1.4.1.14519.5.2.1.6279.6001.265453131727473342790950829556,7,5.0,1.0,6.0,4.0,4.0,2.0,1.0,5.0,2.0,0,4,3.0
1.3.6.1.4.1.14519.5.2.1.6279.6001.265453131727473342790950829556,12,5.0,1.0,6.0,3.0,5.0,2.0,2.0,5.0,3.0,,7,6.0
1.3.6.1.4.1.14519.5.2.1.6279.6001.265453131727473342790950829556,13,5.0,1.0,6.0,2.0,2.0,3.0,3.0,5.0,3.0,,8,7.0
1.3.6.1.4.1.14519.5.2.1.6279.6001.265453131727473342790950829556,14,5.0,1.0,6.0,4.0,3.0,3.0,4.0,5.0,4.0,1,8,7.0
1.3.6.1.4.1.14519.5.2.1.6279.6001.265453131727473342790950829556,15,5.0,1.0,6.0,4.0,5.0,2.0,2.0,5.0,2.0,0,6,5.0
1.3.6.1.4.1.14519.5.2.1.6279.6001.265453131727473342790950829556,16,5.0,1.0,6.0,3.0,2.0,3.0,3.0,5.0,3.0,,9,8.0
1.3.6.1.4.1.14519.5.2.1.6279.6001.193408384740507320589857096592,4761,1.0,1.0,6.0,3.0,3.0,2.0,1.0,1.0,3.0,,2,1.25
1.3.6.1.4.1.14519.5.2.1.6279.6001.194440094986948071643661798326,Nodule 001,5.0,1.0,4.0,3.0,4.0,2.0,1.0,5.0,4.0,1,6,9.0
1.3.6.1.4.1.14519.5.2.1.6279.6001.194440094986948071643661798326,Nodule 002,4.0,1.0,6.0,2.0,4.0,2.0,1.0,4.0,3.0,,5,7.2
1.3.6.1.4.1.14519.5.2.1.6279.6001.194440094986948071643661798326,10311,4.0,1.0,6.0,4.0,4.0,3.0,1.0,5.0,3.0,,8,12.6
1.3.6.1.4.1.14519.5.2.1.6279.6001.194440094986948071643661798326,2805,2.0,1.0,6.0,3.0,4.0,2.0,2.0,5.0,3.0,,8,12.6
1.3.6.1.4.1.14519.5.2.1.6279.6001.194440094986948071643661798326,0,5.0,1.0,6.0,5.0,5.0,3.0,1.0,5.0,4.0,1,6,9.0
1.3.6.1.4.1.14519.5.2.1.6279.6001.332453873575389860371315979768,1907,2.0,1.0,6.0,3.0,5.0,5.0,5.0,5.0,2.0,0,1,0.0
1.3.6.1.4.1.14519.5.2.1.6279.6001.104562737760173137525888934217,87247,5.0,1.0,6.0,5.0,4.0,4.0,1.0,5.0,5.0,1,8,7.0
1.3.6.1.4.1.14519.5.2.1.6279.6001.104562737760173137525888934217,Nodule 001,5.0,1.0,6.0,3.0,4.0,3.0,2.0,5.0,5.0,1,8,7.0
1.3.6.1.4.1.14519.5.2.1.6279.6001.104562737760173137525888934217,10717,5.0,1.0,3.0,3.0,5.0,2.0,1.0,5.0,1.0,0,8,7.0
1.3.6.1.4.1.14519.5.2.1.6279.6001.104562737760173137525888934217,0,5.0,1.0,3.0,5.0,5.0,1.0,1.0,5.0,1.0,0,9,8.0
1.3.6.1.4.1.14519.5.2.1.6279.6001.308153138776443962077214577161,609,4.0,1.0,6.0,2.0,1.0,3.0,4.0,3.0,3.0,,9,7.5
1.3.6.1.4.1.14519.5.2.1.6279.6001.308153138776443962077214577161,9898,4.0,1.0,6.0,2.0,1.0,4.0,1.0,3.0,3.0,,7,12.5
1.3.6.1.4.1.14519.5.2.1.6279.6001.308153138776443962077214577161,9890,4.0,1.0,6.0,2.0,2.0,3.0,1.0,3.0,2.0,0,12,22.5
1.3.6.1.4.1.14519.5.2.1.6279.6001.308153138776443962077214577161,1694,2.0,1.0,6.0,3.0,3.0,1.0,1.0,4.0,2.0,0,2,2.5
1.3.6.1.4.1.14519.5.2.1.6279.6001.215785045378334625097907422785,56461,2.0,4.0,6.0,4.0,3.0,1.0,1.0,5.0,3.0,,5,3.0
1.3.6.1.4.1.14519.5.2.1.6279.6001.215785045378334625097907422785,57126,2.0,1.0,6.0,5.0,5.0,1.0,1.0,5.0,4.0,1,5,4.0
1.3.6.1.4.1.14519.5.2.1.6279.6001.215785045378334625097907422785,Nodule 005,3.0,1.0,6.0,5.0,5.0,1.0,1.0,5.0,1.0,0,5,4.0
1.3.6.1.4.1.14519.5.2.1.6279.6001.215785045378334625097907422785,Nodule 001,3.0,1.0,6.0,3.0,5.0,1.0,1.0,5.0,3.0,,3,2.0
1.3.6.1.4.1.14519.5.2.1.6279.6001.215785045378334625097907422785,13559,5.0,1.0,6.0,5.0,5.0,1.0,1.0,5.0,3.0,,4,3.0
1.3.6.1.4.1.14519.5.2.1.6279.6001.215785045378334625097907422785,2,3.0,1.0,6.0,5.0,5.0,1.0,1.0,5.0,2.0,0,5,4.0
1.3.6.1.4.1.14519.5.2.1.6279.6001.215785045378334625097907422785,3,4.0,1.0,6.0,5.0,5.0,4.0,1.0,5.0,3.0,,5,4.0
1.3.6.1.4.1.14519.5.2.1.6279.6001.292194861362266467652267941663,IL057_157472,4.0,1.0,6.0,4.0,5.0,2.0,1.0,5.0,3.0,,4,3.75
1.3.6.1.4.1.14519.5.2.1.6279.6001.292194861362266467652267941663,9413,4.0,1.0,6.0,3.0,4.0,1.0,1.0,4.0,4.0,1,3,2.5
1.3.6.1.4.1.14519.5.2.1.6279.6001.292194861362266467652267941663,9403,2.0,1.0,6.0,4.0,4.0,1.0,1.0,3.0,3.0,,5,5.0
1.3.6.1.4.1.14519.5.2.1.6279.6001.292194861362266467652267941663,9415,4.0,1.0,6.0,4.0,1.0,1.0,1.0,1.0,3.0,,2,1.25
1.3.6.1.4.1.14519.5.2.1.6279.6001.292194861362266467652267941663,9407,3.0,1.0,6.0,4.0,1.0,1.0,1.0,1.0,4.0,1,4,3.75
1.3.6.1.4.1.14519.5.2.1.6279.6001.292194861362266467652267941663,9398,2.0,1.0,6.0,4.0,1.0,1.0,1.0,1.0,3.0,,7,7.5
1.3.6.1.4.1.14519.5.2.1.6279.6001.292194861362266467652267941663,9410,3.0,1.0,6.0,3.0,1.0,1.0,1.0,3.0,2.0,0,3,2.5
1.3.6.1.4.1.14519.5.2.1.6279.6001.292194861362266467652267941663,9394,5.0,1.0,6.0,4.0,2.0,1.0,1.0,5.0,4.0,1,4,3.75
1.3.6.1.4.1.14519.5.2.1.6279.6001.292194861362266467652267941663,9400,2.0,1.0,6.0,3.0,2.0,1.0,1.0,3.0,3.0,,5,5.0
1.3.6.1.4.1.14519.5.2.1.6279.6001.292194861362266467652267941663,9409,3.0,1.0,6.0,3.0,2.0,1.0,1.0,4.0,3.0,,4,3.75
1.3.6.1.4.1.14519.5.2.1.6279.6001.292194861362266467652267941663,Nodule 006,3.0,1.0,6.0,3.0,5.0,1.0,1.0,4.0,2.0,0,4,3.75
1.3.6.1.4.1.14519.5.2.1.6279.6001.292194861362266467652267941663,Nodule 007,4.0,1.0,6.0,3.0,4.0,1.0,1.0,4.0,2.0,0,4,3.75
1.3.6.1.4.1.14519.5.2.1.6279.6001.162351539386551708034407968929,Nodule 007,4.0,1.0,6.0,4.0,4.0,1.0,1.0,5.0,3.0,,4,3.0
1.3.6.1.4.1.14519.5.2.1.6279.6001.162351539386551708034407968929,Nodule 016,3.0,1.0,6.0,4.0,5.0,1.0,1.0,5.0,2.0,0,4,3.0
1.3.6.1.4.1.14519.5.2.1.6279.6001.162351539386551708034407968929,Nodule 009,4.0,1.0,6.0,4.0,4.0,1.0,1.0,4.0,4.0,1,7,6.0
1.3.6.1.4.1.14519.5.2.1.6279.6001.162351539386551708034407968929,Nodule 001,4.0,1.0,6.0,4.0,5.0,1.0,1.0,5.0,2.0,0,6,4.0
1.3.6.1.4.1.14519.5.2.1.6279.6001.162351539386551708034407968929,IL057_159936,2.0,1.0,6.0,3.0,5.0,3.0,1.0,5.0,3.0,,4,3.0
1.3.6.1.4.1.14519.5.2.1.6279.6001.162351539386551708034407968929,IL057_159928,3.0,1.0,6.0,4.0,5.0,3.0,1.0,5.0,3.0,,6,5.0
1.3.6.1.4.1.14519.5.2.1.6279.6001.162351539386551708034407968929,MI014_19930,4.0,1.0,6.0,4.0,2.0,4.0,1.0,3.0,3.0,,4,3.0
1.3.6.1.4.1.14519.5.2.1.6279.6001.162351539386551708034407968929,MI014_19922,5.0,1.0,6.0,4.0,4.0,4.0,1.0,5.0,5.0,1,7,6.0
1.3.6.1.4.1.14519.5.2.1.6279.6001.162351539386551708034407968929,MI014_19934,5.0,1.0,6.0,3.0,4.0,1.0,1.0,5.0,3.0,,4,3.0
1.3.6.1.4.1.14519.5.2.1.6279.6001.162351539386551708034407968929,8,5.0,1.0,3.0,5.0,5.0,1.0,1.0,5.0,1.0,0,8,7.0
1.3.6.1.4.1.14519.5.2.1.6279.6001.692598144815688523679745963696,1545,3.0,1.0,6.0,3.0,2.0,2.0,2.0,2.0,3.0,,3,5.0
1.3.6.1.4.1.14519.5.2.1.6279.6001.692598144815688523679745963696,1561,4.0,1.0,6.0,3.0,5.0,1.0,1.0,5.0,3.0,,4,7.5
1.3.6.1.4.1.14519.5.2.1.6279.6001.692598144815688523679745963696,2711,4.0,1.0,6.0,5.0,3.0,1.0,1.0,3.0,3.0,,2,2.5
1.3.6.1.4.1.14519.5.2.1.6279.6001.692598144815688523679745963696,2717,2.0,1.0,6.0,3.0,3.0,1.0,1.0,2.0,3.0,,2,2.5
1.3.6.1.4.1.14519.5.2.1.6279.6001.692598144815688523679745963696,2727,5.0,1.0,6.0,4.0,5.0,2.0,1.0,5.0,4.0,1,4,7.5
1.3.6.1.4.1.14519.5.2.1.6279.6001.692598144815688523679745963696,2719,2.0,1.0,6.0,4.0,2.0,1.0,1.0,5.0,2.0,0,2,2.5
1.3.6.1.4.1.14519.5.2.1.6279.6001.692598144815688523679745963696,Nodule 001,4.0,1.0,6.0,3.0,4.0,4.0,5.0,5.0,4.0,1,4,7.5
1.3.6.1.4.1.14519.5.2.1.6279.6001.692598144815688523679745963696,Nodule 002,3.0,1.0,6.0,5.0,2.0,5.0,5.0,2.0,2.0,0,2,2.5
1.3.6.1.4.1.14519.5.2.1.6279.6001.692598144815688523679745963696,150,5.0,1.0,6.0,5.0,5.0,1.0,1.0,2.0,3.0,,2,2.5
1.3.6.1.4.1.14519.5.2.1.6279.6001.692598144815688523679745963696,154,5.0,1.0,5.0,3.0,5.0,1.0,1.0,5.0,1.0,0,3,5.0
1.3.6.1.4.1.14519.5.2.1.6279.6001.692598144815688523679745963696,166,5.0,1.0,6.0,3.0,5.0,1.0,4.0,4.0,4.0,1,4,7.5
1.3.6.1.4.1.14519.5.2.1.6279.6001.692598144815688523679745963696,534,3.0,1.0,6.0,3.0,3.0,1.0,2.0,3.0,1.0,0,3,5.0
1.3.6.1.4.1.14519.5.2.1.6279.6001.313756547848086902190878548835,0,5.0,1.0,6.0,4.0,5.0,1.0,1.0,4.0,3.0,,4,1.88
1.3.6.1.4.1.14519.5.2.1.6279.6001.148935306123327835217659769212,1,5.0,1.0,3.0,5.0,5.0,1.0,1.0,5.0,1.0,0,6,3.12
1.3.6.1.4.1.14519.5.2.1.6279.6001.148935306123327835217659769212,69084,1.0,1.0,6.0,2.0,3.0,1.0,1.0,5.0,2.0,0,5,2.5
1.3.6.1.4.1.14519.5.2.1.6279.6001.148935306123327835217659769212,Nodule 002,3.0,1.0,6.0,3.0,5.0,1.0,1.0,5.0,2.0,0,4,1.88
1.3.6.1.4.1.14519.5.2.1.6279.6001.148935306123327835217659769212,Nodule 001,4.0,1.0,6.0,3.0,4.0,2.0,1.0,5.0,3.0,,9,5.0
1.3.6.1.4.1.14519.5.2.1.6279.6001.525937963993475482158828421281,20483,5.0,1.0,6.0,2.0,3.0,2.0,2.0,5.0,4.0,1,20,11.25
1.3.6.1.4.1.14519.5.2.1.6279.6001.525937963993475482158828421281,Nodule 001,5.0,1.0,6.0,2.0,4.0,2.0,2.0,3.0,4.0,1,19,11.25
1.3.6.1.4.1.14519.5.2.1.6279.6001.525937963993475482158828421281,12558,5.0,1.0,6.0,2.0,3.0,1.0,3.0,4.0,4.0,1,11,6.25
1.3.6.1.4.1.14519.5.2.1.6279.6001.766881513533845439335142582269,Nodule 003,4.0,1.0,6.0,4.0,5.0,1.0,1.0,4.0,2.0,0,2,1.25
1.3.6.1.4.1.14519.5.2.1.6279.6001.766881513533845439335142582269,9266,1.0,1.0,6.0,4.0,1.0,1.0,1.0,3.0,2.0,0,3,2.5
1.3.6.1.4.1.14519.5.2.1.6279.6001.766881513533845439335142582269,9262,3.0,1.0,6.0,4.0,1.0,2.0,1.0,1.0,2.0,0,5,5.0
1.3.6.1.4.1.14519.5.2.1.6279.6001.766881513533845439335142582269,9268,4.0,1.0,6.0,4.0,1.0,1.0,1.0,1.0,2.0,0,3,2.5
1.3.6.1.4.1.14519.5.2.1.6279.6001.238522526736091851696274044574,13479,5.0,1.0,3.0,5.0,5.0,1.0,1.0,5.0,1.0,0,2,1.8
1.3.6.1.4.1.14519.5.2.1.6279.6001.238522526736091851696274044574,13496,5.0,1.0,6.0,5.0,2.0,3.0,2.0,3.0,5.0,1,8,12.6
1.3.6.1.4.1.14519.5.2.1.6279.6001.238522526736091851696274044574,1508,2.0,1.0,6.0,4.0,3.0,3.0,2.0,4.0,3.0,,2,1.8
1.3.6.1.4.1.14519.5.2.1.6279.6001.297988578825170426663869669862,4104,1.0,1.0,6.0,2.0,3.0,1.0,1.0,1.0,4.0,1,6,6.25
1.3.6.1.4.1.14519.5.2.1.6279.6001.297988578825170426663869669862,4115,4.0,1.0,6.0,3.0,5.0,1.0,1.0,5.0,3.0,,3,2.5
1.3.6.1.4.1.14519.5.2.1.6279.6001.297988578825170426663869669862,Nodule 001,4.0,1.0,6.0,3.0,5.0,1.0,1.0,5.0,2.0,0,5,5.0
1.3.6.1.4.1.14519.5.2.1.6279.6001.297988578825170426663869669862,71354,5.0,1.0,6.0,4.0,3.0,2.0,2.0,5.0,3.0,,4,3.75
1.3.6.1.4.1.14519.5.2.1.6279.6001.297988578825170426663869669862,71352,4.0,1.0,6.0,3.0,1.0,2.0,1.0,1.0,3.0,,10,11.25
1.3.6.1.4.1.14519.5.2.1.6279.6001.297988578825170426663869669862,IL057_166218,3.0,1.0,6.0,5.0,5.0,1.0,1.0,5.0,3.0,,3,2.5
1.3.6.1.4.1.14519.5.2.1.6279.6001.297988578825170426663869669862,IL057_166477,1.0,1.0,6.0,4.0,1.0,3.0,2.0,1.0,4.0,1,6,6.25
1.3.6.1.4.1.14519.5.2.1.6279.6001.184501854685844606619543150859,80482,5.0,1.0,6.0,5.0,2.0,1.0,3.0,5.0,2.0,0,9,21.0
1.3.6.1.4.1.14519.5.2.1.6279.6001.184501854685844606619543150859,80477,5.0,4.0,6.0,3.0,1.0,3.0,2.0,5.0,2.0,0,15,30.0
1.3.6.1.4.1.14519.5.2.1.6279.6001.184501854685844606619543150859,80491,3.0,1.0,6.0,1.0,3.0,1.0,1.0,5.0,3.0,,3,6.0
1.3.6.1.4.1.14519.5.2.1.6279.6001.184501854685844606619543150859,80488,4.0,1.0,6.0,3.0,2.0,2.0,2.0,5.0,2.0,0,11,30.0
1.3.6.1.4.1.14519.5.2.1.6279.6001.184501854685844606619543150859,80493,3.0,1.0,6.0,4.0,4.0,1.0,1.0,4.0,2.0,0,2,3.0
1.3.6.1.4.1.14519.5.2.1.6279.6001.184501854685844606619543150859,85774,5.0,1.0,6.0,4.0,3.0,4.0,3.0,5.0,5.0,1,10,24.0
1.3.6.1.4.1.14519.5.2.1.6279.6001.184501854685844606619543150859,85791,4.0,1.0,6.0,5.0,3.0,1.0,1.0,4.0,2.0,0,1,0.0
1.3.6.1.4.1.14519.5.2.1.6279.6001.184501854685844606619543150859,85778,5.0,1.0,6.0,5.0,3.0,3.0,3.0,5.0,5.0,1,8,21.0
1.3.6.1.4.1.14519.5.2.1.6279.6001.184501854685844606619543150859,85782,5.0,1.0,6.0,4.0,4.0,2.0,1.0,4.0,3.0,,8,21.0
1.3.6.1.4.1.14519.5.2.1.6279.6001.184501854685844606619543150859,85793,2.0,1.0,6.0,5.0,4.0,2.0,2.0,5.0,3.0,,1,0.0
1.3.6.1.4.1.14519.5.2.1.6279.6001.184501854685844606619543150859,85787,4.0,1.0,6.0,3.0,3.0,1.0,1.0,5.0,2.0,0,3,6.0
1.3.6.1.4.1.14519.5.2.1.6279.6001.184501854685844606619543150859,131278,2.0,1.0,6.0,3.0,4.0,1.0,1.0,5.0,2.0,0,2,3.0
1.3.6.1.4.1.14519.5.2.1.6279.6001.184501854685844606619543150859,16481,5.0,1.0,6.0,4.0,3.0,1.0,1.0,3.0,3.0,,2,3.0
1.3.6.1.4.1.14519.5.2.1.6279.6001.184501854685844606619543150859,16486,4.0,1.0,6.0,3.0,3.0,1.0,1.0,3.0,3.0,,2,3.0
1.3.6.1.4.1.14519.5.2.1.6279.6001.184501854685844606619543150859,16467,5.0,1.0,6.0,5.0,4.0,3.0,4.0,5.0,5.0,1,9,24.0
1.3.6.1.4.1.14519.5.2.1.6279.6001.184501854685844606619543150859,16464,5.0,1.0,6.0,4.0,4.0,1.0,4.0,5.0,5.0,1,11,27.0
1.3.6.1.4.1.14519.5.2.1.6279.6001.184501854685844606619543150859,16475,4.0,1.0,6.0,3.0,4.0,1.0,1.0,4.0,3.0,,3,6.0
1.3.6.1.4.1.14519.5.2.1.6279.6001.184501854685844606619543150859,16471,5.0,1.0,6.0,3.0,4.0,2.0,2.0,5.0,5.0,1,9,24.0
1.3.6.1.4.1.14519.5.2.1.6279.6001.184501854685844606619543150859,16483,4.0,1.0,6.0,3.0,4.0,1.0,1.0,4.0,3.0,,2,3.0
1.3.6.1.4.1.14519.5.2.1.6279.6001.184501854685844606619543150859,1,1.0,1.0,6.0,5.0,2.0,1.0,1.0,1.0,2.0,0,2,3.0
1.3.6.1.4.1.14519.5.2.1.6279.6001.184501854685844606619543150859,2,1.0,1.0,6.0,5.0,2.0,1.0,1.0,1.0,2.0,0,2,3.0
1.3.6.1.4.1.14519.5.2.1.6279.6001.184501854685844606619543150859,3,5.0,1.0,6.0,5.0,4.0,1.0,5.0,4.0,4.0,1,9,24.0
1.3.6.1.4.1.14519.5.2.1.6279.6001.184501854685844606619543150859,4,5.0,1.0,6.0,5.0,4.0,1.0,5.0,4.0,4.0,1,9,24.0
1.3.6.1.4.1.14519.5.2.1.6279.6001.184501854685844606619543150859,5,3.0,1.0,6.0,5.0,5.0,1.0,1.0,5.0,2.0,0,5,12.0
1.3.6.1.4.1.14519.5.2.1.6279.6001.184501854685844606619543150859,6,5.0,1.0,6.0,5.0,4.0,1.0,5.0,4.0,4.0,1,10,27.0
1.3.6.1.4.1.14519.5.2.1.6279.6001.305000574633573438189782624063,69891,5.0,2.0,6.0,2.0,3.0,3.0,3.0,5.0,3.0,,14,36.0
1.3.6.1.4.1.14519.5.2.1.6279.6001.305000574633573438189782624063,2,5.0,1.0,3.0,3.0,3.0,1.0,1.0,5.0,3.0,,3,6.0
1.3.6.1.4.1.14519.5.2.1.6279.6001.305000574633573438189782624063,3,5.0,1.0,3.0,3.0,5.0,1.0,1.0,5.0,2.0,0,3,6.0
1.3.6.1.4.1.14519.5.2.1.6279.6001.305000574633573438189782624063,7,5.0,1.0,6.0,4.0,4.0,1.0,1.0,5.0,1.0,0,3,6.0
1.3.6.1.4.1.14519.5.2.1.6279.6001.135512138260421166189966386929,59460,4.0,1.0,6.0,3.0,5.0,1.0,1.0,5.0,4.0,1,3,6.0
1.3.6.1.4.1.14519.5.2.1.6279.6001.135512138260421166189966386929,59449,5.0,1.0,6.0,4.0,4.0,1.0,1.0,5.0,5.0,1,6,15.0
1.3.6.1.4.1.14519.5.2.1.6279.6001.135512138260421166189966386929,59453,5.0,1.0,6.0,5.0,4.0,1.0,1.0,5.0,5.0,1,5,12.0
1.3.6.1.4.1.14519.5.2.1.6279.6001.135512138260421166189966386929,59464,4.0,1.0,6.0,5.0,5.0,1.0,1.0,5.0,5.0,1,2,3.0
1.3.6.1.4.1.14519.5.2.1.6279.6001.135512138260421166189966386929,59456,5.0,1.0,3.0,4.0,5.0,2.0,1.0,5.0,1.0,0,4,9.0
1.3.6.1.4.1.14519.5.2.1.6279.6001.135512138260421166189966386929,39731,4.0,1.0,6.0,4.0,5.0,2.0,1.0,5.0,3.0,,3,6.0
1.3.6.1.4.1.14519.5.2.1.6279.6001.135512138260421166189966386929,39735,5.0,1.0,6.0,4.0,5.0,2.0,3.0,5.0,4.0,1,4,9.0
1.3.6.1.4.1.14519.5.2.1.6279.6001.135512138260421166189966386929,39763,3.0,1.0,6.0,5.0,2.0,3.0,1.0,5.0,4.0,1,5,12.0
1.3.6.1.4.1.14519.5.2.1.6279.6001.135512138260421166189966386929,39762,4.0,1.0,6.0,5.0,5.0,1.0,1.0,4.0,3.0,,2,3.0
1.3.6.1.4.1.14519.5.2.1.6279.6001.135512138260421166189966386929,39739,5.0,1.0,3.0,5.0,5.0,1.0,2.0,5.0,1.0,0,4,9.0
1.3.6.1.4.1.14519.5.2.1.6279.6001.135512138260421166189966386929,13807,5.0,1.0,6.0,4.0,4.0,1.0,1.0,5.0,5.0,1,5,12.0
1.3.6.1.4.1.14519.5.2.1.6279.6001.135512138260421166189966386929,13810,5.0,1.0,6.0,4.0,4.0,1.0,1.0,5.0,5.0,1,4,9.0
1.3.6.1.4.1.14519.5.2.1.6279.6001.135512138260421166189966386929,13818,5.0,1.0,6.0,4.0,4.0,1.0,1.0,4.0,4.0,1,3,6.0
1.3.6.1.4.1.14519.5.2.1.6279.6001.135512138260421166189966386929,13819,5.0,1.0,6.0,4.0,4.0,1.0,1.0,3.0,4.0,1,2,3.0
1.3.6.1.4.1.14519.5.2.1.6279.6001.135512138260421166189966386929,13821,5.0,1.0,6.0,4.0,4.0,1.0,1.0,3.0,4.0,1,2,3.0
1.3.6.1.4.1.14519.5.2.1.6279.6001.135512138260421166189966386929,13835,5.0,1.0,3.0,5.0,5.0,1.0,1.0,5.0,1.0,0,4,9.0
1.3.6.1.4.1.14519.5.2.1.6279.6001.135512138260421166189966386929,0,3.0,1.0,6.0,5.0,5.0,1.0,1.0,5.0,2.0,0,3,6.0
1.3.6.1.4.1.14519.5.2.1.6279.6001.135512138260421166189966386929,5,5.0,1.0,6.0,5.0,5.0,2.0,2.0,5.0,3.0,,6,15.0
1.3.6.1.4.1.14519.5.2.1.6279.6001.135512138260421166189966386929,6,5.0,1.0,3.0,5.0,5.0,1.0,1.0,5.0,1.0,0,5,12.0
1.3.6.1.4.1.14519.5.2.1.6279.6001.135512138260421166189966386929,7,5.0,1.0,6.0,5.0,5.0,2.0,2.0,5.0,3.0,,6,15.0
1.3.6.1.4.1.14519.5.2.1.6279.6001.135512138260421166189966386929,8,3.0,1.0,6.0,5.0,5.0,1.0,1.0,5.0,2.0,0,2,3.0
1.3.6.1.4.1.14519.5.2.1.6279.6001.229860476925100292554329427970,4,5.0,1.0,6.0,5.0,5.0,1.0,1.0,5.0,3.0,,2,2.0
1.3.6.1.4.1.14519.5.2.1.6279.6001.229860476925100292554329427970,11,5.0,1.0,6.0,5.0,5.0,1.0,1.0,5.0,2.0,0,3,4.0
1.3.6.1.4.1.14519.5.2.1.6279.6001.229860476925100292554329427970,12,5.0,1.0,6.0,5.0,5.0,1.0,1.0,5.0,3.0,,2,2.0
1.3.6.1.4.1.14519.5.2.1.6279.6001.229860476925100292554329427970,68972,3.0,1.0,6.0,5.0,5.0,1.0,1.0,5.0,2.0,0,2,2.0
1.3.6.1.4.1.14519.5.2.1.6279.6001.229860476925100292554329427970,68981,2.0,1.0,6.0,5.0,5.0,1.0,1.0,5.0,2.0,0,2,2.0
1.3.6.1.4.1.14519.5.2.1.6279.6001.229860476925100292554329427970,68969,2.0,1.0,6.0,5.0,5.0,1.0,1.0,5.0,2.0,0,2,2.0
1.3.6.1.4.1.14519.5.2.1.6279.6001.229860476925100292554329427970,68977,2.0,1.0,6.0,5.0,4.0,1.0,1.0,5.0,2.0,0,2,2.0
1.3.6.1.4.1.14519.5.2.1.6279.6001.229860476925100292554329427970,80177,3.0,1.0,6.0,5.0,2.0,1.0,1.0,5.0,3.0,,3,4.0
1.3.6.1.4.1.14519.5.2.1.6279.6001.229860476925100292554329427970,Nodule 006,3.0,1.0,6.0,4.0,5.0,1.0,1.0,5.0,2.0,0,3,4.0
1.3.6.1.4.1.14519.5.2.1.6279.6001.229860476925100292554329427970,Nodule 005,4.0,1.0,6.0,3.0,5.0,1.0,1.0,5.0,2.0,0,3,4.0
1.3.6.1.4.1.14519.5.2.1.6279.6001.229860476925100292554329427970,Nodule 001,4.0,1.0,6.0,5.0,5.0,1.0,1.0,5.0,1.0,0,3,4.0
1.3.6.1.4.1.14519.5.2.1.6279.6001.229860476925100292554329427970,Nodule 002,4.0,1.0,6.0,4.0,4.0,1.0,1.0,5.0,2.0,0,2,2.0
1.3.6.1.4.1.14519.5.2.1.6279.6001.229860476925100292554329427970,Nodule 004,4.0,1.0,6.0,3.0,5.0,1.0,1.0,5.0,2.0,0,2,2.0
1.3.6.1.4.1.14519.5.2.1.6279.6001.229860476925100292554329427970,69612,3.0,1.0,6.0,5.0,4.0,1.0,1.0,4.0,2.0,0,3,4.0
1.3.6.1.4.1.14519.5.2.1.6279.6001.229860476925100292554329427970,69623,3.0,1.0,6.0,5.0,4.0,1.0,1.0,4.0,2.0,0,3,4.0
1.3.6.1.4.1.14519.5.2.1.6279.6001.229860476925100292554329427970,69608,3.0,1.0,6.0,4.0,4.0,1.0,1.0,4.0,2.0,0,3,4.0
1.3.6.1.4.1.14519.5.2.1.6279.6001.229860476925100292554329427970,69602,3.0,1.0,6.0,5.0,4.0,1.0,1.0,5.0,2.0,0,4,6.0
1.3.6.1.4.1.14519.5.2.1.6279.6001.229860476925100292554329427970,69617,2.0,1.0,6.0,3.0,3.0,2.0,1.0,4.0,2.0,0,2,2.0
1.3.6.1.4.1.14519.5.2.1.6279.6001.126121460017257137098781143514,11839,1.0,1.0,6.0,3.0,1.0,1.0,1.0,3.0,1.0,0,3,5.0
1.3.6.1.4.1.14519.5.2.1.6279.6001.168037818448885856452592057286,77436,3.0,1.0,6.0,3.0,4.0,2.0,2.0,4.0,3.0,,7,3.0
1.3.6.1.4.1.14519.5.2.1.6279.6001.168037818448885856452592057286,92961,4.0,1.0,6.0,3.0,4.0,2.0,1.0,5.0,3.0,,8,3.5
1.3.6.1.4.1.14519.5.2.1.6279.6001.168037818448885856452592057286,10163,4.0,1.0,6.0,3.0,3.0,3.0,2.0,5.0,3.0,,7,3.0
1.3.6.1.4.1.14519.5.2.1.6279.6001.168037818448885856452592057286,1,5.0,1.0,6.0,3.0,5.0,1.0,1.0,4.0,3.0,,7,3.0
1.3.6.1.4.1.14519.5.2.1.6279.6001.168037818448885856452592057286,2,5.0,1.0,6.0,3.0,5.0,1.0,1.0,5.0,3.0,,8,3.5
1.3.6.1.4.1.14519.5.2.1.6279.6001.119515474430718803379832249911,Nodule 002,5.0,1.0,6.0,2.0,4.0,3.0,5.0,3.0,5.0,1,3,3.6
1.3.6.1.4.1.14519.5.2.1.6279.6001.119515474430718803379832249911,Nodule 003,3.0,1.0,6.0,3.0,5.0,1.0,1.0,5.0,3.0,,3,3.6
1.3.6.1.4.1.14519.5.2.1.6279.6001.119515474430718803379832249911,Nodule 001,4.0,1.0,6.0,3.0,4.0,2.0,2.0,4.0,4.0,1,3,3.6
1.3.6.1.4.1.14519.5.2.1.6279.6001.119515474430718803379832249911,22166,3.0,1.0,6.0,4.0,2.0,2.0,1.0,1.0,3.0,,2,1.8
1.3.6.1.4.1.14519.5.2.1.6279.6001.119515474430718803379832249911,22180,2.0,1.0,6.0,4.0,4.0,2.0,1.0,5.0,2.0,0,3,3.6
1.3.6.1.4.1.14519.5.2.1.6279.6001.119515474430718803379832249911,22163,3.0,1.0,6.0,4.0,2.0,2.0,1.0,1.0,3.0,,7,7.2
1.3.6.1.4.1.14519.5.2.1.6279.6001.119515474430718803379832249911,1765,2.0,1.0,6.0,3.0,3.0,3.0,2.0,4.0,3.0,,3,3.6
1.3.6.1.4.1.14519.5.2.1.6279.6001.265775376735520890308424143898,76596,2.0,1.0,6.0,3.0,2.0,3.0,3.0,3.0,3.0,,5,4.0
1.3.6.1.4.1.14519.5.2.1.6279.6001.265775376735520890308424143898,76602,3.0,1.0,6.0,4.0,4.0,2.0,3.0,5.0,3.0,,4,3.0
1.3.6.1.4.1.14519.5.2.1.6279.6001.265775376735520890308424143898,76603,5.0,1.0,6.0,4.0,4.0,2.0,1.0,5.0,3.0,,6,5.0
1.3.6.1.4.1.14519.5.2.1.6279.6001.265775376735520890308424143898,76599,3.0,1.0,3.0,3.0,4.0,1.0,2.0,5.0,2.0,0,7,6.0
1.3.6.1.4.1.14519.5.2.1.6279.6001.265775376735520890308424143898,76610,1.0,1.0,6.0,2.0,2.0,2.0,2.0,1.0,3.0,,2,1.0
1.3.6.1.4.1.14519.5.2.1.6279.6001.265775376735520890308424143898,77024,3.0,1.0,6.0,4.0,4.0,2.0,2.0,5.0,3.0,,4,3.0
1.3.6.1.4.1.14519.5.2.1.6279.6001.265775376735520890308424143898,Nodule 003,4.0,1.0,6.0,3.0,5.0,1.0,1.0,5.0,2.0,0,4,3.0
1.3.6.1.4.1.14519.5.2.1.6279.6001.265775376735520890308424143898,Nodule 001,4.0,1.0,6.0,3.0,4.0,2.0,1.0,5.0,4.0,1,5,4.0
1.3.6.1.4.1.14519.5.2.1.6279.6001.265775376735520890308424143898,Nodule 002,4.0,1.0,6.0,3.0,5.0,1.0,1.0,5.0,2.0,0,4,3.0
1.3.6.1.4.1.14519.5.2.1.6279.6001.265775376735520890308424143898,0,5.0,1.0,6.0,4.0,5.0,1.0,1.0,5.0,3.0,,3,2.0
1.3.6.1.4.1.14519.5.2.1.6279.6001.265775376735520890308424143898,1,5.0,1.0,6.0,4.0,5.0,1.0,1.0,5.0,3.0,,4,3.0
1.3.6.1.4.1.14519.5.2.1.6279.6001.265775376735520890308424143898,2,5.0,1.0,3.0,4.0,5.0,1.0,1.0,5.0,1.0,0,7,6.0
1.3.6.1.4.1.14519.5.2.1.6279.6001.265775376735520890308424143898,3,5.0,1.0,6.0,3.0,3.0,1.0,1.0,3.0,3.0,,2,1.0
1.3.6.1.4.1.14519.5.2.1.6279.6001.265775376735520890308424143898,4,5.0,1.0,6.0,3.0,5.0,1.0,1.0,4.0,3.0,,3,2.0
1.3.6.1.4.1.14519.5.2.1.6279.6001.265775376735520890308424143898,5,5.0,1.0,6.0,5.0,4.0,1.0,1.0,4.0,3.0,,4,3.0
1.3.6.1.4.1.14519.5.2.1.6279.6001.265775376735520890308424143898,6,5.0,1.0,6.0,5.0,5.0,1.0,1.0,5.0,3.0,,4,3.0
1.3.6.1.4.1.14519.5.2.1.6279.6001.265775376735520890308424143898,8,5.0,1.0,6.0,4.0,5.0,1.0,1.0,5.0,3.0,,2,1.0
1.3.6.1.4.1.14519.5.2.1.6279.6001.265775376735520890308424143898,11,4.0,1.0,6.0,4.0,3.0,1.0,1.0,4.0,3.0,,6,5.0
1.3.6.1.4.1.14519.5.2.1.6279.6001.265775376735520890308424143898,12,5.0,1.0,6.0,4.0,4.0,1.0,1.0,5.0,3.0,,3,2.0
1.3.6.1.4.1.14519.5.2.1.6279.6001.265775376735520890308424143898,13,5.0,1.0,6.0,5.0,5.0,1.0,1.0,5.0,3.0,,2,1.0
1.3.6.1.4.1.14519.5.2.1.6279.6001.265775376735520890308424143898,14,5.0,1.0,6.0,3.0,5.0,1.0,1.0,5.0,3.0,,5,4.0
1.3.6.1.4.1.14519.5.2.1.6279.6001.265775376735520890308424143898,15,5.0,1.0,6.0,4.0,5.0,1.0,1.0,5.0,3.0,,5,4.0
1.3.6.1.4.1.14519.5.2.1.6279.6001.265775376735520890308424143898,16,5.0,1.0,6.0,4.0,4.0,1.0,1.0,5.0,3.0,,5,4.0
1.3.6.1.4.1.14519.5.2.1.6279.6001.244995725416880806339898556632,74183,4.0,1.0,6.0,2.0,4.0,2.0,1.0,4.0,2.0,0,3,4.0
1.3.6.1.4.1.14519.5.2.1.6279.6001.244995725416880806339898556632,74187,3.0,1.0,6.0,2.0,3.0,1.0,1.0,3.0,1.0,0,2,2.0
1.3.6.1.4.1.14519.5.2.1.6279.6001.244995725416880806339898556632,74178,5.0,1.0,6.0,2.0,4.0,1.0,3.0,5.0,4.0,1,5,8.0
1.3.6.1.4.1.14519.5.2.1.6279.6001.244995725416880806339898556632,82237,2.0,1.0,6.0,2.0,4.0,2.0,1.0,3.0,3.0,,3,4.0
1.3.6.1.4.1.14519.5.2.1.6279.6001.244995725416880806339898556632,69608,4.0,1.0,6.0,3.0,3.0,2.0,2.0,5.0,4.0,1,5,8.0
1.3.6.1.4.1.14519.5.2.1.6279.6001.244995725416880806339898556632,69609,3.0,1.0,6.0,2.0,2.0,3.0,2.0,4.0,3.0,,9,16.0
1.3.6.1.4.1.14519.5.2.1.6279.6001.244995725416880806339898556632,75870,2.0,1.0,6.0,3.0,3.0,4.0,3.0,4.0,3.0,,3,4.0
1.3.6.1.4.1.14519.5.2.1.6279.6001.244995725416880806339898556632,14603,2.0,1.0,6.0,4.0,2.0,2.0,2.0,2.0,3.0,,3,4.0
1.3.6.1.4.1.14519.5.2.1.6279.6001.244995725416880806339898556632,14598,4.0,1.0,6.0,4.0,2.0,2.0,2.0,3.0,3.0,,5,8.0
1.3.6.1.4.1.14519.5.2.1.6279.6001.244995725416880806339898556632,14601,1.0,1.0,6.0,2.0,2.0,4.0,2.0,1.0,3.0,,3,4.0
1.3.6.1.4.1.14519.5.2.1.6279.6001.244995725416880806339898556632,0,5.0,1.0,6.0,3.0,4.0,1.0,1.0,5.0,2.0,0,4,6.0
1.3.6.1.4.1.14519.5.2.1.6279.6001.244995725416880806339898556632,6,5.0,1.0,3.0,5.0,4.0,1.0,1.0,5.0,1.0,0,5,8.0
1.3.6.1.4.1.14519.5.2.1.6279.6001.244995725416880806339898556632,7,5.0,1.0,6.0,3.0,1.0,1.0,1.0,5.0,2.0,0,4,6.0
1.3.6.1.4.1.14519.5.2.1.6279.6001.244995725416880806339898556632,8,5.0,1.0,6.0,4.0,2.0,1.0,1.0,5.0,2.0,0,4,6.0
1.3.6.1.4.1.14519.5.2.1.6279.6001.244995725416880806339898556632,11,5.0,1.0,6.0,3.0,2.0,1.0,1.0,5.0,3.0,,5,8.0
1.3.6.1.4.1.14519.5.2.1.6279.6001.233001470265230594739708503198,Nodule 009,5.0,1.0,6.0,2.0,4.0,2.0,2.0,4.0,5.0,1,5,7.2
1.3.6.1.4.1.14519.5.2.1.6279.6001.233001470265230594739708503198,Nodule 006,4.0,1.0,6.0,4.0,5.0,1.0,1.0,5.0,2.0,0,2,1.8
1.3.6.1.4.1.14519.5.2.1.6279.6001.233001470265230594739708503198,59933,2.0,1.0,6.0,4.0,2.0,3.0,1.0,2.0,2.0,0,1,0.0
1.3.6.1.4.1.14519.5.2.1.6279.6001.233001470265230594739708503198,59899,4.0,1.0,6.0,4.0,3.0,3.0,4.0,5.0,5.0,1,3,3.6
1.3.6.1.4.1.14519.5.2.1.6279.6001.233001470265230594739708503198,MI014_14459,3.0,1.0,6.0,3.0,2.0,4.0,3.0,4.0,3.0,,4,5.4
1.3.6.1.4.1.14519.5.2.1.6279.6001.233001470265230594739708503198,0,5.0,1.0,6.0,5.0,4.0,1.0,5.0,4.0,4.0,1,5,7.2
1.3.6.1.4.1.14519.5.2.1.6279.6001.250481236093201801255751845296,75794,2.0,1.0,6.0,3.0,4.0,1.0,1.0,5.0,3.0,,6,3.12
1.3.6.1.4.1.14519.5.2.1.6279.6001.250481236093201801255751845296,0,5.0,1.0,6.0,4.0,5.0,1.0,1.0,5.0,3.0,,6,3.12
1.3.6.1.4.1.14519.5.2.1.6279.6001.250481236093201801255751845296,Nodule 001,4.0,1.0,6.0,4.0,5.0,1.0,1.0,5.0,2.0,0,6,3.12
1.3.6.1.4.1.14519.5.2.1.6279.6001.756684168227383088294595834066,Nodule 001,4.0,1.0,6.0,4.0,4.0,1.0,2.0,5.0,4.0,1,4,3.0
1.3.6.1.4.1.14519.5.2.1.6279.6001.756684168227383088294595834066,IL057_203722,2.0,1.0,6.0,5.0,4.0,1.0,1.0,5.0,3.0,,3,2.0
1.3.6.1.4.1.14519.5.2.1.6279.6001.756684168227383088294595834066,MI014_18074,3.0,1.0,6.0,4.0,3.0,1.0,2.0,4.0,3.0,,4,3.0
1.3.6.1.4.1.14519.5.2.1.6279.6001.417815314896088956784723476543,56537,3.0,1.0,6.0,4.0,4.0,1.0,1.0,5.0,2.0,0,5,4.0
1.3.6.1.4.1.14519.5.2.1.6279.6001.417815314896088956784723476543,56540,3.0,1.0,6.0,2.0,3.0,1.0,1.0,5.0,2.0,0,3,2.0
1.3.6.1.4.1.14519.5.2.1.6279.6001.417815314896088956784723476543,Nodule 001,4.0,1.0,6.0,3.0,5.0,1.0,1.0,5.0,2.0,0,5,3.0
1.3.6.1.4.1.14519.5.2.1.6279.6001.417815314896088956784723476543,13630,5.0,1.0,6.0,5.0,3.0,1.0,1.0,5.0,3.0,,4,3.0
1.3.6.1.4.1.14519.5.2.1.6279.6001.417815314896088956784723476543,0,5.0,1.0,6.0,5.0,5.0,1.0,1.0,5.0,3.0,,4,3.0
1.3.6.1.4.1.14519.5.2.1.6279.6001.417815314896088956784723476543,2,5.0,1.0,6.0,4.0,5.0,1.0,1.0,5.0,3.0,,3,2.0
1.3.6.1.4.1.14519.5.2.1.6279.6001.417815314896088956784723476543,5,5.0,1.0,6.0,4.0,5.0,1.0,1.0,5.0,3.0,,4,3.0
1.3.6.1.4.1.14519.5.2.1.6279.6001.946129570505893110165820050204,Nodule 001,5.0,1.0,6.0,4.0,5.0,2.0,2.0,5.0,4.0,1,15,8.75
1.3.6.1.4.1.14519.5.2.1.6279.6001.946129570505893110165820050204,15522,5.0,1.0,6.0,4.0,5.0,2.0,2.0,5.0,3.0,,15,8.75
1.3.6.1.4.1.14519.5.2.1.6279.6001.946129570505893110165820050204,11743,4.0,1.0,6.0,4.0,4.0,1.0,1.0,5.0,2.0,0,23,13.75
1.3.6.1.4.1.14519.5.2.1.6279.6001.946129570505893110165820050204,0,5.0,1.0,6.0,5.0,5.0,2.0,5.0,5.0,5.0,1,20,11.88
1.3.6.1.4.1.14519.5.2.1.6279.6001.172573195301625265149778785969,14235,3.0,1.0,6.0,3.0,4.0,1.0,3.0,5.0,2.0,0,3,1.4
1.3.6.1.4.1.14519.5.2.1.6279.6001.172573195301625265149778785969,14236,5.0,1.0,6.0,5.0,5.0,2.0,2.0,5.0,3.0,,9,5.6
1.3.6.1.4.1.14519.5.2.1.6279.6001.172573195301625265149778785969,127776,4.0,1.0,6.0,3.0,4.0,2.0,2.0,5.0,3.0,,7,4.2
1.3.6.1.4.1.14519.5.2.1.6279.6001.172573195301625265149778785969,50138,3.0,1.0,6.0,3.0,3.0,2.0,3.0,5.0,2.0,0,3,1.4
1.3.6.1.4.1.14519.5.2.1.6279.6001.172573195301625265149778785969,50131,3.0,1.0,6.0,3.0,4.0,3.0,1.0,5.0,3.0,,4,2.1
1.3.6.1.4.1.14519.5.2.1.6279.6001.172573195301625265149778785969,50109,4.0,1.0,3.0,4.0,5.0,1.0,1.0,5.0,1.0,0,5,2.8
1.3.6.1.4.1.14519.5.2.1.6279.6001.172573195301625265149778785969,50127,4.0,1.0,6.0,5.0,4.0,2.0,3.0,5.0,3.0,,5,2.8
1.3.6.1.4.1.14519.5.2.1.6279.6001.172573195301625265149778785969,14139,5.0,1.0,6.0,4.0,5.0,1.0,1.0,5.0,5.0,1,8,4.9
1.3.6.1.4.1.14519.5.2.1.6279.6001.172573195301625265149778785969,14154,5.0,1.0,6.0,5.0,5.0,1.0,1.0,4.0,4.0,1,5,2.8
1.3.6.1.4.1.14519.5.2.1.6279.6001.172573195301625265149778785969,14157,5.0,1.0,6.0,3.0,5.0,1.0,1.0,5.0,3.0,,7,4.2
1.3.6.1.4.1.14519.5.2.1.6279.6001.172573195301625265149778785969,14160,5.0,1.0,6.0,3.0,4.0,1.0,1.0,4.0,3.0,,4,2.1
1.3.6.1.4.1.14519.5.2.1.6279.6001.172573195301625265149778785969,14190,5.0,1.0,3.0,5.0,5.0,1.0,1.0,5.0,1.0,0,9,5.6
1.3.6.1.4.1.14519.5.2.1.6279.6001.172573195301625265149778785969,7,3.0,1.0,6.0,5.0,5.0,1.0,1.0,5.0,2.0,0,11,7.0
1.3.6.1.4.1.14519.5.2.1.6279.6001.172573195301625265149778785969,9,3.0,1.0,6.0,5.0,5.0,1.0,1.0,5.0,2.0,0,7,4.2
1.3.6.1.4.1.14519.5.2.1.6279.6001.244681063194071446501270815660,Nodule 004,4.0,1.0,6.0,5.0,5.0,1.0,1.0,5.0,2.0,0,2,1.8
1.3.6.1.4.1.14519.5.2.1.6279.6001.244681063194071446501270815660,Nodule 001,5.0,1.0,6.0,3.0,4.0,2.0,2.0,5.0,5.0,1,7,10.8
1.3.6.1.4.1.14519.5.2.1.6279.6001.244681063194071446501270815660,13318,4.0,1.0,6.0,4.0,4.0,4.0,1.0,5.0,4.0,1,7,10.8
1.3.6.1.4.1.14519.5.2.1.6279.6001.244681063194071446501270815660,MI014_7954,5.0,1.0,6.0,5.0,4.0,2.0,1.0,5.0,4.0,1,7,10.8
1.3.6.1.4.1.14519.5.2.1.6279.6001.244681063194071446501270815660,10,5.0,1.0,6.0,5.0,5.0,1.0,1.0,5.0,3.0,,7,10.8
1.3.6.1.4.1.14519.5.2.1.6279.6001.584871944187559733312703328980,IL057_156562,3.0,1.0,6.0,5.0,1.0,1.0,1.0,1.0,4.0,1,4,3.75
1.3.6.1.4.1.14519.5.2.1.6279.6001.584871944187559733312703328980,40399,5.0,1.0,6.0,5.0,3.0,1.0,2.0,1.0,3.0,,3,2.5
1.3.6.1.4.1.14519.5.2.1.6279.6001.584871944187559733312703328980,8869,1.0,1.0,6.0,4.0,1.0,1.0,1.0,1.0,3.0,,4,3.75
1.3.6.1.4.1.14519.5.2.1.6279.6001.584871944187559733312703328980,Nodule 001,4.0,1.0,6.0,4.0,4.0,2.0,1.0,5.0,4.0,1,2,1.25
1.3.6.1.4.1.14519.5.2.1.6279.6001.323426705628838942177546503237,Nodule 001,3.0,1.0,6.0,5.0,5.0,1.0,1.0,5.0,2.0,0,4,3.0
1.3.6.1.4.1.14519.5.2.1.6279.6001.323426705628838942177546503237,IL057_216841,2.0,1.0,6.0,5.0,4.0,1.0,1.0,5.0,3.0,,4,3.0
1.3.6.1.4.1.14519.5.2.1.6279.6001.323426705628838942177546503237,MI014_14569,1.0,1.0,6.0,3.0,5.0,2.0,1.0,5.0,3.0,,4,3.0
1.3.6.1.4.1.14519.5.2.1.6279.6001.323426705628838942177546503237,0,3.0,1.0,6.0,4.0,4.0,1.0,1.0,5.0,2.0,0,4,3.0
1.3.6.1.4.1.14519.5.2.1.6279.6001.179943248049071805421192715219,146113,3.0,1.0,6.0,2.0,3.0,3.0,1.0,4.0,3.0,,6,3.12
1.3.6.1.4.1.14519.5.2.1.6279.6001.179943248049071805421192715219,166971,2.0,1.0,6.0,3.0,4.0,1.0,1.0,5.0,2.0,0,5,2.5
1.3.6.1.4.1.14519.5.2.1.6279.6001.179943248049071805421192715219,Nodule 001,3.0,1.0,6.0,3.0,4.0,2.0,1.0,5.0,4.0,1,5,2.5
1.3.6.1.4.1.14519.5.2.1.6279.6001.336894364358709782463716339027,1,3.0,1.0,6.0,5.0,5.0,1.0,1.0,5.0,2.0,0,7,3.75
1.3.6.1.4.1.14519.5.2.1.6279.6001.336894364358709782463716339027,37766,4.0,1.0,3.0,5.0,5.0,1.0,1.0,5.0,1.0,0,6,3.12
1.3.6.1.4.1.14519.5.2.1.6279.6001.336894364358709782463716339027,37763,3.0,1.0,3.0,2.0,4.0,3.0,1.0,5.0,1.0,0,6,3.12
1.3.6.1.4.1.14519.5.2.1.6279.6001.336894364358709782463716339027,Nodule 003,4.0,1.0,6.0,4.0,5.0,1.0,1.0,5.0,4.0,1,5,2.5
1.3.6.1.4.1.14519.5.2.1.6279.6001.336894364358709782463716339027,19706,2.0,1.0,6.0,3.0,4.0,1.0,1.0,5.0,2.0,0,5,2.5
1.3.6.1.4.1.14519.5.2.1.6279.6001.244590453955380448651329424024,57393,1.0,1.0,6.0,3.0,4.0,1.0,1.0,5.0,1.0,0,5,2.8
1.3.6.1.4.1.14519.5.2.1.6279.6001.244590453955380448651329424024,57593,1.0,1.0,3.0,3.0,4.0,1.0,1.0,5.0,1.0,0,9,5.6
1.3.6.1.4.1.14519.5.2.1.6279.6001.244590453955380448651329424024,39434,4.0,1.0,3.0,4.0,5.0,2.0,1.0,5.0,1.0,0,7,4.2
1.3.6.1.4.1.14519.5.2.1.6279.6001.244590453955380448651329424024,10081,3.0,1.0,3.0,5.0,5.0,1.0,1.0,5.0,1.0,0,8,4.9
1.3.6.1.4.1.14519.5.2.1.6279.6001.244590453955380448651329424024,1,5.0,1.0,3.0,5.0,5.0,1.0,1.0,5.0,1.0,0,9,5.6
1.3.6.1.4.1.14519.5.2.1.6279.6001.561423049201987049884663740668,Nodule 001,4.0,1.0,6.0,3.0,4.0,1.0,1.0,5.0,4.0,1,3,2.5
1.3.6.1.4.1.14519.5.2.1.6279.6001.561423049201987049884663740668,9678,2.0,1.0,6.0,3.0,2.0,1.0,1.0,4.0,3.0,,3,2.5
1.3.6.1.4.1.14519.5.2.1.6279.6001.326458819737931581200925000717,34075,4.0,1.0,6.0,3.0,3.0,1.0,2.0,5.0,3.0,,3,6.0
1.3.6.1.4.1.14519.5.2.1.6279.6001.326458819737931581200925000717,34077,4.0,1.0,6.0,4.0,5.0,1.0,1.0,5.0,1.0,0,3,6.0
1.3.6.1.4.1.14519.5.2.1.6279.6001.326458819737931581200925000717,34079,3.0,1.0,6.0,5.0,4.0,1.0,1.0,5.0,1.0,0,2,3.0
1.3.6.1.4.1.14519.5.2.1.6279.6001.326458819737931581200925000717,34753,3.0,1.0,6.0,4.0,3.0,1.0,1.0,5.0,2.0,0,3,6.0
1.3.6.1.4.1.14519.5.2.1.6279.6001.326458819737931581200925000717,12841,4.0,1.0,3.0,4.0,4.0,4.0,1.0,5.0,1.0,0,3,6.0
1.3.6.1.4.1.14519.5.2.1.6279.6001.326458819737931581200925000717,12653,2.0,1.0,6.0,3.0,3.0,3.0,2.0,4.0,3.0,,3,6.0
1.3.6.1.4.1.14519.5.2.1.6279.6001.326458819737931581200925000717,8,3.0,1.0,6.0,3.0,5.0,2.0,1.0,5.0,2.0,0,4,9.0
1.3.6.1.4.1.14519.5.2.1.6279.6001.247060297988514823071467295949,71342,5.0,1.0,6.0,4.0,4.0,2.0,2.0,5.0,3.0,,5,5.0
1.3.6.1.4.1.14519.5.2.1.6279.6001.247060297988514823071467295949,Nodule 001,4.0,1.0,6.0,4.0,5.0,1.0,1.0,5.0,2.0,0,5,5.0
1.3.6.1.4.1.14519.5.2.1.6279.6001.247060297988514823071467295949,4097,4.0,1.0,6.0,3.0,5.0,1.0,1.0,5.0,3.0,,5,5.0
1.3.6.1.4.1.14519.5.2.1.6279.6001.247060297988514823071467295949,IL057_166237,4.0,1.0,6.0,5.0,4.0,1.0,1.0,5.0,4.0,1,5,5.0
1.3.6.1.4.1.14519.5.2.1.6279.6001.114218724025049818743426522343,Nodule 003,5.0,1.0,3.0,4.0,5.0,2.0,1.0,5.0,1.0,0,17,10.0
1.3.6.1.4.1.14519.5.2.1.6279.6001.114218724025049818743426522343,Nodule 002,5.0,1.0,6.0,4.0,4.0,3.0,2.0,5.0,5.0,1,10,5.62
1.3.6.1.4.1.14519.5.2.1.6279.6001.114218724025049818743426522343,Nodule 001,4.0,1.0,6.0,2.0,4.0,2.0,2.0,4.0,4.0,1,16,9.38
1.3.6.1.4.1.14519.5.2.1.6279.6001.114218724025049818743426522343,13194,4.0,1.0,6.0,3.0,5.0,4.0,2.0,5.0,3.0,,16,9.38
1.3.6.1.4.1.14519.5.2.1.6279.6001.114218724025049818743426522343,13171,4.0,1.0,6.0,3.0,4.0,3.0,3.0,5.0,3.0,,10,5.62
1.3.6.1.4.1.14519.5.2.1.6279.6001.114218724025049818743426522343,13181,4.0,1.0,3.0,3.0,4.0,4.0,2.0,5.0,1.0,0,15,8.75
1.3.6.1.4.1.14519.5.2.1.6279.6001.114218724025049818743426522343,29574,4.0,1.0,6.0,4.0,4.0,2.0,1.0,5.0,2.0,0,10,5.62
1.3.6.1.4.1.14519.5.2.1.6279.6001.114218724025049818743426522343,29569,5.0,1.0,3.0,3.0,5.0,4.0,1.0,5.0,1.0,0,18,10.0
1.3.6.1.4.1.14519.5.2.1.6279.6001.114218724025049818743426522343,29567,4.0,1.0,6.0,4.0,3.0,1.0,1.0,5.0,2.0,0,17,10.0
1.3.6.1.4.1.14519.5.2.1.6279.6001.105756658031515062000744821260,4829,2.0,1.0,6.0,5.0,5.0,1.0,1.0,3.0,2.0,0,2,2.5
1.3.6.1.4.1.14519.5.2.1.6279.6001.105756658031515062000744821260,Nodule 002,3.0,1.0,6.0,4.0,5.0,1.0,1.0,4.0,3.0,,2,2.5
1.3.6.1.4.1.14519.5.2.1.6279.6001.105756658031515062000744821260,Nodule 006,2.0,1.0,6.0,5.0,5.0,1.0,1.0,4.0,3.0,,2,2.5
1.3.6.1.4.1.14519.5.2.1.6279.6001.105756658031515062000744821260,Nodule 001,3.0,1.0,6.0,5.0,5.0,1.0,1.0,5.0,1.0,0,2,2.5
1.3.6.1.4.1.14519.5.2.1.6279.6001.105756658031515062000744821260,Nodule 003,2.0,1.0,6.0,5.0,5.0,1.0,1.0,5.0,2.0,0,2,2.5
1.3.6.1.4.1.14519.5.2.1.6279.6001.297964221542942838344351735414,13545,4.0,1.0,6.0,3.0,4.0,2.0,1.0,4.0,3.0,,4,3.0
1.3.6.1.4.1.14519.5.2.1.6279.6001.297964221542942838344351735414,13541,5.0,1.0,5.0,3.0,2.0,3.0,1.0,4.0,3.0,,9,8.0
1.3.6.1.4.1.14519.5.2.1.6279.6001.297964221542942838344351735414,13548,3.0,1.0,6.0,2.0,4.0,1.0,1.0,5.0,2.0,0,4,3.0
1.3.6.1.4.1.14519.5.2.1.6279.6001.297964221542942838344351735414,Nodule 002,5.0,1.0,6.0,3.0,4.0,2.0,2.0,5.0,5.0,1,8,7.0
1.3.6.1.4.1.14519.5.2.1.6279.6001.297964221542942838344351735414,Nodule 003,3.0,1.0,6.0,3.0,5.0,1.0,1.0,4.0,2.0,0,3,2.0
1.3.6.1.4.1.14519.5.2.1.6279.6001.297964221542942838344351735414,Nodule 001,4.0,1.0,6.0,4.0,5.0,1.0,2.0,5.0,4.0,1,4,3.0
1.3.6.1.4.1.14519.5.2.1.6279.6001.297964221542942838344351735414,14073,5.0,1.0,6.0,4.0,1.0,4.0,2.0,5.0,3.0,,4,3.0
1.3.6.1.4.1.14519.5.2.1.6279.6001.297964221542942838344351735414,0,4.0,1.0,6.0,5.0,4.0,1.0,3.0,4.0,3.0,,4,3.0
1.3.6.1.4.1.14519.5.2.1.6279.6001.297964221542942838344351735414,1,5.0,1.0,6.0,5.0,4.0,1.0,5.0,4.0,4.0,1,10,9.0
1.3.6.1.4.1.14519.5.2.1.6279.6001.170135352376311821460213875884,50064,5.0,1.0,6.0,4.0,4.0,4.0,1.0,4.0,3.0,,3,6.0
1.3.6.1.4.1.14519.5.2.1.6279.6001.170135352376311821460213875884,25980,5.0,1.0,6.0,4.0,4.0,4.0,2.0,5.0,5.0,1,3,6.0
1.3.6.1.4.1.14519.5.2.1.6279.6001.170135352376311821460213875884,8538,5.0,1.0,6.0,4.0,4.0,2.0,2.0,5.0,5.0,1,4,9.0
1.3.6.1.4.1.14519.5.2.1.6279.6001.170135352376311821460213875884,1,5.0,1.0,6.0,5.0,5.0,2.0,1.0,5.0,2.0,0,4,9.0
1.3.6.1.4.1.14519.5.2.1.6279.6001.244442540088515471945035689377,81089,5.0,1.0,3.0,5.0,5.0,1.0,1.0,5.0,1.0,0,8,4.9
1.3.6.1.4.1.14519.5.2.1.6279.6001.244442540088515471945035689377,40891,2.0,1.0,6.0,4.0,3.0,1.0,2.0,2.0,3.0,,4,2.1
1.3.6.1.4.1.14519.5.2.1.6279.6001.244442540088515471945035689377,40884,5.0,1.0,3.0,3.0,5.0,1.0,1.0,5.0,1.0,0,7,4.2
1.3.6.1.4.1.14519.5.2.1.6279.6001.244442540088515471945035689377,10716,5.0,1.0,3.0,2.0,5.0,2.0,1.0,5.0,1.0,0,7,4.2
1.3.6.1.4.1.14519.5.2.1.6279.6001.244442540088515471945035689377,0,2.0,1.0,6.0,3.0,3.0,1.0,1.0,5.0,2.0,0,4,2.1
1.3.6.1.4.1.14519.5.2.1.6279.6001.244442540088515471945035689377,9,5.0,1.0,3.0,5.0,5.0,1.0,1.0,5.0,1.0,0,9,5.6
1.3.6.1.4.1.14519.5.2.1.6279.6001.771831598853841017505646275338,4,5.0,1.0,6.0,5.0,5.0,2.0,5.0,5.0,4.0,1,33,20.0
1.3.6.1.4.1.14519.5.2.1.6279.6001.771831598853841017505646275338,52229,5.0,1.0,6.0,3.0,3.0,3.0,3.0,4.0,5.0,1,55,27.5
1.3.6.1.4.1.14519.5.2.1.6279.6001.771831598853841017505646275338,57965,5.0,1.0,6.0,2.0,1.0,2.0,5.0,5.0,5.0,1,78,29.38
1.3.6.1.4.1.14519.5.2.1.6279.6001.138894439026794145866157853158,68491,5.0,1.0,6.0,1.0,2.0,2.0,2.0,5.0,3.0,,15,17.5
1.3.6.1.4.1.14519.5.2.1.6279.6001.138894439026794145866157853158,3446,5.0,1.0,6.0,2.0,5.0,3.0,1.0,5.0,3.0,,8,8.75
1.3.6.1.4.1.14519.5.2.1.6279.6001.205113715251629496479289015582,38476,5.0,1.0,6.0,2.0,4.0,1.0,2.0,5.0,5.0,1,10,24.0
1.3.6.1.4.1.14519.5.2.1.6279.6001.205113715251629496479289015582,38488,3.0,1.0,3.0,4.0,4.0,1.0,1.0,5.0,1.0,0,2,3.0
1.3.6.1.4.1.14519.5.2.1.6279.6001.205113715251629496479289015582,38494,4.0,1.0,3.0,3.0,5.0,1.0,1.0,5.0,1.0,0,1,0.0
1.3.6.1.4.1.14519.5.2.1.6279.6001.205113715251629496479289015582,38490,4.0,1.0,3.0,4.0,5.0,1.0,1.0,5.0,1.0,0,3,6.0
1.3.6.1.4.1.14519.5.2.1.6279.6001.205113715251629496479289015582,38480,4.0,1.0,3.0,4.0,4.0,1.0,1.0,5.0,1.0,0,3,6.0
1.3.6.1.4.1.14519.5.2.1.6279.6001.205113715251629496479289015582,38485,4.0,1.0,3.0,2.0,5.0,1.0,1.0,5.0,1.0,0,3,6.0
1.3.6.1.4.1.14519.5.2.1.6279.6001.205113715251629496479289015582,19288,5.0,1.0,6.0,3.0,4.0,4.0,3.0,5.0,5.0,1,9,24.0
1.3.6.1.4.1.14519.5.2.1.6279.6001.205113715251629496479289015582,19344,4.0,1.0,3.0,3.0,4.0,1.0,1.0,5.0,1.0,0,3,6.0
1.3.6.1.4.1.14519.5.2.1.6279.6001.205113715251629496479289015582,19298,4.0,1.0,6.0,3.0,2.0,3.0,4.0,3.0,3.0,,1,0.0
1.3.6.1.4.1.14519.5.2.1.6279.6001.205113715251629496479289015582,32068,4.0,1.0,3.0,4.0,5.0,1.0,1.0,5.0,1.0,0,1,0.0
1.3.6.1.4.1.14519.5.2.1.6279.6001.205113715251629496479289015582,8381,5.0,1.0,6.0,4.0,4.0,2.0,2.0,5.0,5.0,1,10,24.0
1.3.6.1.4.1.14519.5.2.1.6279.6001.205113715251629496479289015582,8392,5.0,1.0,3.0,3.0,5.0,1.0,1.0,5.0,1.0,0,3,6.0
1.3.6.1.4.1.14519.5.2.1.6279.6001.205113715251629496479289015582,8399,5.0,1.0,3.0,4.0,5.0,1.0,1.0,5.0,1.0,0,2,3.0
1.3.6.1.4.1.14519.5.2.1.6279.6001.205113715251629496479289015582,7,5.0,1.0,3.0,5.0,5.0,1.0,2.0,5.0,1.0,0,1,0.0
1.3.6.1.4.1.14519.5.2.1.6279.6001.205113715251629496479289015582,9,5.0,1.0,3.0,5.0,5.0,1.0,2.0,5.0,1.0,0,3,6.0
1.3.6.1.4.1.14519.5.2.1.6279.6001.205113715251629496479289015582,13,5.0,1.0,3.0,5.0,5.0,1.0,1.0,5.0,1.0,0,2,3.0
1.3.6.1.4.1.14519.5.2.1.6279.6001.205113715251629496479289015582,14,5.0,1.0,3.0,5.0,5.0,1.0,1.0,5.0,1.0,0,3,6.0
1.3.6.1.4.1.14519.5.2.1.6279.6001.206539885154775002929031534291,Nodule 001,5.0,1.0,6.0,4.0,5.0,1.0,1.0,5.0,3.0,,5,7.2
1.3.6.1.4.1.14519.5.2.1.6279.6001.206539885154775002929031534291,Nodule 002,4.0,1.0,6.0,4.0,5.0,1.0,1.0,5.0,3.0,,3,3.6
1.3.6.1.4.1.14519.5.2.1.6279.6001.206539885154775002929031534291,10138,4.0,1.0,6.0,4.0,5.0,3.0,1.0,5.0,4.0,1,5,7.2
1.3.6.1.4.1.14519.5.2.1.6279.6001.206539885154775002929031534291,2685,2.0,1.0,6.0,4.0,4.0,2.0,2.0,4.0,3.0,,3,3.6
1.3.6.1.4.1.14519.5.2.1.6279.6001.206539885154775002929031534291,2681,4.0,1.0,6.0,4.0,4.0,4.0,2.0,4.0,3.0,,5,7.2
1.3.6.1.4.1.14519.5.2.1.6279.6001.206539885154775002929031534291,0,5.0,1.0,6.0,5.0,5.0,2.0,1.0,5.0,3.0,,6,9.0
1.3.6.1.4.1.14519.5.2.1.6279.6001.206539885154775002929031534291,5,5.0,1.0,6.0,5.0,5.0,2.0,1.0,5.0,4.0,1,3,3.6
1.3.6.1.4.1.14519.5.2.1.6279.6001.309707676674808510671394142910,70313,4.0,1.0,3.0,5.0,5.0,1.0,1.0,5.0,1.0,0,3,6.0
1.3.6.1.4.1.14519.5.2.1.6279.6001.309707676674808510671394142910,70304,5.0,1.0,6.0,4.0,1.0,5.0,2.0,4.0,5.0,1,20,30.0
1.3.6.1.4.1.14519.5.2.1.6279.6001.309707676674808510671394142910,70315,4.0,1.0,3.0,3.0,5.0,1.0,1.0,5.0,1.0,0,2,3.0
1.3.6.1.4.1.14519.5.2.1.6279.6001.309707676674808510671394142910,70308,4.0,1.0,6.0,2.0,4.0,2.0,1.0,5.0,3.0,,5,12.0
1.3.6.1.4.1.14519.5.2.1.6279.6001.309707676674808510671394142910,95281,4.0,1.0,3.0,5.0,5.0,1.0,1.0,5.0,1.0,0,3,6.0
1.3.6.1.4.1.14519.5.2.1.6279.6001.309707676674808510671394142910,69938,5.0,1.0,6.0,3.0,4.0,4.0,5.0,5.0,5.0,1,8,21.0
1.3.6.1.4.1.14519.5.2.1.6279.6001.309707676674808510671394142910,120940,5.0,1.0,3.0,5.0,5.0,1.0,1.0,5.0,1.0,0,2,3.0
1.3.6.1.4.1.14519.5.2.1.6279.6001.309707676674808510671394142910,14312,4.0,1.0,3.0,5.0,5.0,1.0,1.0,5.0,1.0,0,3,6.0
1.3.6.1.4.1.14519.5.2.1.6279.6001.309707676674808510671394142910,14310,4.0,1.0,3.0,5.0,5.0,1.0,1.0,5.0,1.0,0,3,6.0
1.3.6.1.4.1.14519.5.2.1.6279.6001.309707676674808510671394142910,14303,5.0,1.0,6.0,3.0,2.0,4.0,3.0,4.0,4.0,1,12,27.0
1.3.6.1.4.1.14519.5.2.1.6279.6001.309707676674808510671394142910,14309,3.0,1.0,3.0,3.0,5.0,1.0,1.0,5.0,1.0,0,2,3.0
1.3.6.1.4.1.14519.5.2.1.6279.6001.309707676674808510671394142910,0,5.0,1.0,6.0,5.0,4.0,1.0,5.0,4.0,4.0,1,9,24.0
1.3.6.1.4.1.14519.5.2.1.6279.6001.309707676674808510671394142910,9,5.0,1.0,3.0,5.0,5.0,1.0,1.0,5.0,1.0,0,3,6.0
1.3.6.1.4.1.14519.5.2.1.6279.6001.309707676674808510671394142910,13,3.0,1.0,6.0,5.0,5.0,1.0,1.0,5.0,2.0,0,6,15.0
1.3.6.1.4.1.14519.5.2.1.6279.6001.741709061958490690246385302477,1188,5.0,1.0,3.0,5.0,5.0,1.0,1.0,5.0,1.0,0,3,5.0
1.3.6.1.4.1.14519.5.2.1.6279.6001.741709061958490690246385302477,1185,5.0,1.0,6.0,5.0,2.0,4.0,5.0,5.0,5.0,1,8,17.5
1.3.6.1.4.1.14519.5.2.1.6279.6001.741709061958490690246385302477,Nodule 001,5.0,1.0,6.0,3.0,3.0,3.0,5.0,5.0,5.0,1,7,15.0
1.3.6.1.4.1.14519.5.2.1.6279.6001.741709061958490690246385302477,Nodule 002,5.0,1.0,3.0,5.0,5.0,1.0,1.0,5.0,1.0,0,2,2.5
1.3.6.1.4.1.14519.5.2.1.6279.6001.741709061958490690246385302477,06649,5.0,1.0,3.0,3.0,5.0,1.0,3.0,5.0,1.0,0,2,2.5
1.3.6.1.4.1.14519.5.2.1.6279.6001.741709061958490690246385302477,06644,5.0,1.0,6.0,4.0,1.0,4.0,5.0,5.0,5.0,1,8,17.5
1.3.6.1.4.1.14519.5.2.1.6279.6001.741709061958490690246385302477,IL057_202851,5.0,1.0,3.0,5.0,5.0,1.0,1.0,5.0,1.0,0,2,2.5
1.3.6.1.4.1.14519.5.2.1.6279.6001.741709061958490690246385302477,IL057_202847,5.0,1.0,6.0,4.0,3.0,4.0,4.0,5.0,5.0,1,8,17.5
1.3.6.1.4.1.14519.5.2.1.6279.6001.254921765503801141457177972447,206768,4.0,1.0,6.0,5.0,5.0,2.0,1.0,5.0,3.0,,3,6.0
1.3.6.1.4.1.14519.5.2.1.6279.6001.254921765503801141457177972447,196470,2.0,1.0,6.0,5.0,5.0,1.0,1.0,5.0,3.0,,1,0.0
1.3.6.1.4.1.14519.5.2.1.6279.6001.254921765503801141457177972447,196466,3.0,1.0,6.0,5.0,5.0,1.0,1.0,5.0,3.0,,3,6.0
1.3.6.1.4.1.14519.5.2.1.6279.6001.254921765503801141457177972447,196474,2.0,1.0,6.0,3.0,5.0,1.0,1.0,5.0,3.0,,3,6.0
1.3.6.1.4.1.14519.5.2.1.6279.6001.254921765503801141457177972447,15575,3.0,1.0,6.0,3.0,4.0,1.0,1.0,5.0,3.0,,3,6.0
1.3.6.1.4.1.14519.5.2.1.6279.6001.254921765503801141457177972447,0,4.0,1.0,6.0,5.0,5.0,1.0,1.0,5.0,1.0,0,2,3.0
1.3.6.1.4.1.14519.5.2.1.6279.6001.254921765503801141457177972447,1,5.0,1.0,6.0,5.0,5.0,1.0,1.0,5.0,1.0,0,3,6.0
1.3.6.1.4.1.14519.5.2.1.6279.6001.254921765503801141457177972447,2,4.0,1.0,6.0,5.0,4.0,1.0,1.0,5.0,2.0,0,3,6.0
1.3.6.1.4.1.14519.5.2.1.6279.6001.254921765503801141457177972447,3,5.0,1.0,6.0,3.0,4.0,2.0,2.0,5.0,3.0,,4,9.0
1.3.6.1.4.1.14519.5.2.1.6279.6001.254921765503801141457177972447,4,4.0,1.0,6.0,5.0,3.0,2.0,2.0,5.0,2.0,0,2,3.0
1.3.6.1.4.1.14519.5.2.1.6279.6001.254921765503801141457177972447,5,2.0,1.0,6.0,4.0,3.0,2.0,2.0,5.0,2.0,0,2,3.0
1.3.6.1.4.1.14519.5.2.1.6279.6001.254921765503801141457177972447,6,4.0,1.0,6.0,4.0,3.0,1.0,1.0,4.0,2.0,0,2,3.0
1.3.6.1.4.1.14519.5.2.1.6279.6001.213262690132344539993794081003,77481,5.0,1.0,6.0,4.0,5.0,1.0,1.0,5.0,3.0,,2,5.0
1.3.6.1.4.1.14519.5.2.1.6279.6001.213262690132344539993794081003,75342,5.0,1.0,6.0,4.0,5.0,1.0,1.0,5.0,5.0,1,2,5.0
1.3.6.1.4.1.14519.5.2.1.6279.6001.213262690132344539993794081003,10500,4.0,1.0,6.0,5.0,5.0,1.0,1.0,5.0,4.0,1,2,5.0
1.3.6.1.4.1.14519.5.2.1.6279.6001.213262690132344539993794081003,4,3.0,1.0,6.0,5.0,5.0,1.0,1.0,5.0,2.0,0,2,5.0
1.3.6.1.4.1.14519.5.2.1.6279.6001.249530219848512542668813996730,7049,4.0,1.0,6.0,3.0,4.0,2.0,1.0,5.0,3.0,,6,3.12
1.3.6.1.4.1.14519.5.2.1.6279.6001.249530219848512542668813996730,7046,4.0,1.0,6.0,5.0,1.0,1.0,2.0,5.0,2.0,0,8,4.38
1.3.6.1.4.1.14519.5.2.1.6279.6001.249530219848512542668813996730,7042,5.0,1.0,6.0,4.0,4.0,1.0,2.0,5.0,2.0,0,15,8.75
1.3.6.1.4.1.14519.5.2.1.6279.6001.249530219848512542668813996730,0,4.0,1.0,6.0,4.0,5.0,2.0,1.0,5.0,3.0,,15,8.75
1.3.6.1.4.1.14519.5.2.1.6279.6001.249530219848512542668813996730,4,4.0,1.0,6.0,3.0,4.0,3.0,1.0,4.0,3.0,,8,4.38
1.3.6.1.4.1.14519.5.2.1.6279.6001.249530219848512542668813996730,Nodule 008,5.0,1.0,6.0,4.0,5.0,2.0,1.0,5.0,4.0,1,17,10.0
1.3.6.1.4.1.14519.5.2.1.6279.6001.249530219848512542668813996730,Nodule 007,4.0,1.0,6.0,5.0,5.0,1.0,1.0,5.0,3.0,,9,5.0
1.3.6.1.4.1.14519.5.2.1.6279.6001.249530219848512542668813996730,Nodule 001,4.0,1.0,6.0,4.0,5.0,1.0,1.0,5.0,3.0,,6,3.12
1.3.6.1.4.1.14519.5.2.1.6279.6001.249530219848512542668813996730,20346,4.0,1.0,6.0,3.0,4.0,2.0,2.0,5.0,3.0,,5,2.5
1.3.6.1.4.1.14519.5.2.1.6279.6001.249530219848512542668813996730,20343,4.0,1.0,6.0,4.0,4.0,2.0,2.0,4.0,3.0,,7,3.75
1.3.6.1.4.1.14519.5.2.1.6279.6001.249530219848512542668813996730,20339,5.0,1.0,6.0,5.0,4.0,2.0,2.0,5.0,5.0,1,15,8.75
1.3.6.1.4.1.14519.5.2.1.6279.6001.603166427542096384265514998412,141128,5.0,1.0,3.0,3.0,5.0,2.0,1.0,5.0,1.0,0,8,4.38
1.3.6.1.4.1.14519.5.2.1.6279.6001.603166427542096384265514998412,3,5.0,1.0,3.0,5.0,5.0,1.0,1.0,5.0,1.0,0,9,5.0
1.3.6.1.4.1.14519.5.2.1.6279.6001.603166427542096384265514998412,166831,5.0,1.0,3.0,5.0,5.0,1.0,1.0,5.0,1.0,0,7,3.75
1.3.6.1.4.1.14519.5.2.1.6279.6001.603166427542096384265514998412,166828,2.0,1.0,6.0,3.0,2.0,3.0,1.0,4.0,3.0,,11,6.25
1.3.6.1.4.1.14519.5.2.1.6279.6001.603166427542096384265514998412,Nodule 001,4.0,1.0,3.0,4.0,5.0,2.0,1.0,5.0,1.0,0,7,3.75
1.3.6.1.4.1.14519.5.2.1.6279.6001.603166427542096384265514998412,Nodule 002,3.0,1.0,6.0,3.0,4.0,2.0,1.0,3.0,4.0,1,11,6.25
1.3.6.1.4.1.14519.5.2.1.6279.6001.138080888843357047811238713686,49983,5.0,1.0,6.0,3.0,1.0,1.0,4.0,4.0,5.0,1,77,26.0
1.3.6.1.4.1.14519.5.2.1.6279.6001.138080888843357047811238713686,49987,5.0,1.0,6.0,3.0,1.0,1.0,1.0,5.0,3.0,,11,10.0
1.3.6.1.4.1.14519.5.2.1.6279.6001.138080888843357047811238713686,49991,1.0,1.0,6.0,3.0,1.0,1.0,1.0,2.0,2.0,0,4,3.0
1.3.6.1.4.1.14519.5.2.1.6279.6001.138080888843357047811238713686,Nodule 001,5.0,1.0,6.0,3.0,4.0,2.0,1.0,4.0,4.0,1,7,6.0
1.3.6.1.4.1.14519.5.2.1.6279.6001.138080888843357047811238713686,Nodule 003,3.0,1.0,6.0,5.0,5.0,1.0,1.0,4.0,3.0,,4,3.0
1.3.6.1.4.1.14519.5.2.1.6279.6001.138080888843357047811238713686,1,4.0,1.0,6.0,3.0,4.0,1.0,1.0,5.0,1.0,0,7,6.0
1.3.6.1.4.1.14519.5.2.1.6279.6001.286422846896797433168187085942,Nodule 001,5.0,1.0,6.0,2.0,3.0,3.0,3.0,3.0,4.0,1,50,21.25
1.3.6.1.4.1.14519.5.2.1.6279.6001.286422846896797433168187085942,Nodule 002,4.0,1.0,6.0,4.0,4.0,1.0,1.0,4.0,3.0,,6,3.12
1.3.6.1.4.1.14519.5.2.1.6279.6001.286422846896797433168187085942,9667,4.0,1.0,6.0,4.0,1.0,2.0,3.0,3.0,4.0,1,7,3.75
1.3.6.1.4.1.14519.5.2.1.6279.6001.286422846896797433168187085942,9703,2.0,1.0,6.0,4.0,2.0,2.0,3.0,4.0,2.0,0,13,5.0
1.3.6.1.4.1.14519.5.2.1.6279.6001.286422846896797433168187085942,20871,2.0,1.0,6.0,4.0,1.0,2.0,2.0,1.0,2.0,0,7,3.75
1.3.6.1.4.1.14519.5.2.1.6279.6001.286422846896797433168187085942,20867,5.0,1.0,6.0,4.0,2.0,4.0,2.0,3.0,5.0,1,38,23.12
1.3.6.1.4.1.14519.5.2.1.6279.6001.286422846896797433168187085942,20916,1.0,1.0,6.0,3.0,2.0,1.0,1.0,1.0,2.0,0,7,3.75
1.3.6.1.4.1.14519.5.2.1.6279.6001.286422846896797433168187085942,20894,5.0,1.0,6.0,4.0,2.0,2.0,2.0,1.0,5.0,1,22,13.12
1.3.6.1.4.1.14519.5.2.1.6279.6001.286422846896797433168187085942,20923,1.0,1.0,6.0,4.0,1.0,2.0,2.0,1.0,3.0,,11,5.62
1.3.6.1.4.1.14519.5.2.1.6279.6001.286422846896797433168187085942,0,5.0,1.0,6.0,3.0,3.0,5.0,5.0,4.0,5.0,1,31,18.75
1.3.6.1.4.1.14519.5.2.1.6279.6001.286422846896797433168187085942,1,4.0,1.0,6.0,5.0,1.0,5.0,2.0,2.0,2.0,0,6,3.12
1.3.6.1.4.1.14519.5.2.1.6279.6001.286422846896797433168187085942,3,2.0,1.0,6.0,5.0,2.0,5.0,2.0,2.0,2.0,0,4,1.88
1.3.6.1.4.1.14519.5.2.1.6279.6001.286422846896797433168187085942,8,1.0,1.0,6.0,5.0,2.0,1.0,1.0,1.0,2.0,0,7,3.75
1.3.6.1.4.1.14519.5.2.1.6279.6001.205993750485568250373835565680,Nodule 001,5.0,1.0,6.0,2.0,3.0,4.0,1.0,4.0,5.0,1,23,16.25
1.3.6.1.4.1.14519.5.2.1.6279.6001.205993750485568250373835565680,Nodule 003,3.0,1.0,6.0,2.0,4.0,3.0,4.0,4.0,4.0,1,7,7.5
1.3.6.1.4.1.14519.5.2.1.6279.6001.205993750485568250373835565680,Nodule 002,3.0,1.0,6.0,2.0,4.0,4.0,3.0,4.0,4.0,1,3,2.5
1.3.6.1.4.1.14519.5.2.1.6279.6001.205993750485568250373835565680,4108,5.0,1.0,6.0,4.0,5.0,3.0,3.0,5.0,3.0,,5,5.0
1.3.6.1.4.1.14519.5.2.1.6279.6001.205993750485568250373835565680,4112,5.0,1.0,6.0,4.0,4.0,4.0,3.0,5.0,3.0,,8,8.75
1.3.6.1.4.1.14519.5.2.1.6279.6001.205993750485568250373835565680,4116,5.0,1.0,6.0,2.0,1.0,1.0,2.0,4.0,5.0,1,88,21.25
1.3.6.1.4.1.14519.5.2.1.6279.6001.205993750485568250373835565680,4130,5.0,1.0,6.0,4.0,5.0,4.0,4.0,5.0,2.0,0,3,2.5
1.3.6.1.4.1.14519.5.2.1.6279.6001.205993750485568250373835565680,4145,3.0,1.0,6.0,2.0,2.0,5.0,4.0,3.0,1.0,0,2,1.25
1.3.6.1.4.1.14519.5.2.1.6279.6001.205993750485568250373835565680,2669,2.0,1.0,6.0,5.0,5.0,5.0,4.0,5.0,2.0,0,3,2.5
1.3.6.1.4.1.14519.5.2.1.6279.6001.205993750485568250373835565680,2673,4.0,1.0,6.0,4.0,3.0,4.0,3.0,5.0,2.0,0,9,8.75
1.3.6.1.4.1.14519.5.2.1.6279.6001.205993750485568250373835565680,2677,5.0,1.0,6.0,3.0,2.0,2.0,4.0,5.0,3.0,,20,23.75
1.3.6.1.4.1.14519.5.2.1.6279.6001.205993750485568250373835565680,3143,2.0,1.0,6.0,4.0,2.0,5.0,5.0,3.0,3.0,,3,2.5
1.3.6.1.4.1.14519.5.2.1.6279.6001.205993750485568250373835565680,2691,4.0,1.0,6.0,5.0,5.0,4.0,5.0,5.0,3.0,,3,2.5
1.3.6.1.4.1.14519.5.2.1.6279.6001.205993750485568250373835565680,1521,3.0,1.0,6.0,3.0,2.0,3.0,3.0,4.0,3.0,,5,5.0
1.3.6.1.4.1.14519.5.2.1.6279.6001.205993750485568250373835565680,1524,3.0,1.0,6.0,2.0,2.0,4.0,4.0,3.0,3.0,,12,7.5
1.3.6.1.4.1.14519.5.2.1.6279.6001.227885601428639043345478571594,Nodule 001,5.0,1.0,6.0,4.0,5.0,1.0,1.0,5.0,4.0,1,8,4.38
1.3.6.1.4.1.14519.5.2.1.6279.6001.227885601428639043345478571594,0,5.0,1.0,6.0,5.0,5.0,3.0,1.0,5.0,2.0,0,9,5.0
1.3.6.1.4.1.14519.5.2.1.6279.6001.227885601428639043345478571594,11548,4.0,1.0,6.0,4.0,4.0,1.0,1.0,5.0,1.0,0,8,4.38
1.3.6.1.4.1.14519.5.2.1.6279.6001.192419869605596446455526220766,Nodule 001,4.0,1.0,6.0,4.0,5.0,2.0,1.0,5.0,4.0,1,3,2.5
1.3.6.1.4.1.14519.5.2.1.6279.6001.192419869605596446455526220766,7362,2.0,1.0,6.0,4.0,3.0,2.0,2.0,3.0,3.0,,4,3.75
1.3.6.1.4.1.14519.5.2.1.6279.6001.192419869605596446455526220766,54211,5.0,1.0,6.0,2.0,3.0,3.0,2.0,5.0,3.0,,4,3.75
1.3.6.1.4.1.14519.5.2.1.6279.6001.192419869605596446455526220766,IL057_157276,2.0,1.0,6.0,3.0,3.0,3.0,1.0,5.0,3.0,,3,2.5
1.3.6.1.4.1.14519.5.2.1.6279.6001.208511362832825683639135205368,141182,5.0,1.0,6.0,2.0,1.0,4.0,5.0,5.0,5.0,1,32,19.38
1.3.6.1.4.1.14519.5.2.1.6279.6001.208511362832825683639135205368,141185,5.0,1.0,6.0,2.0,1.0,4.0,4.0,5.0,5.0,1,25,15.0
1.3.6.1.4.1.14519.5.2.1.6279.6001.208511362832825683639135205368,0,5.0,1.0,6.0,5.0,4.0,1.0,5.0,4.0,4.0,1,35,21.25
1.3.6.1.4.1.14519.5.2.1.6279.6001.208511362832825683639135205368,166888,5.0,1.0,6.0,4.0,2.0,3.0,3.0,5.0,5.0,1,25,15.0
1.3.6.1.4.1.14519.5.2.1.6279.6001.208511362832825683639135205368,168530,4.0,1.0,6.0,3.0,4.0,3.0,2.0,5.0,3.0,,20,11.88
1.3.6.1.4.1.14519.5.2.1.6279.6001.208511362832825683639135205368,Nodule 002,5.0,1.0,6.0,3.0,4.0,3.0,4.0,5.0,5.0,1,23,13.75
1.3.6.1.4.1.14519.5.2.1.6279.6001.208511362832825683639135205368,Nodule 001,5.0,1.0,6.0,3.0,3.0,3.0,4.0,5.0,5.0,1,28,16.88
1.3.6.1.4.1.14519.5.2.1.6279.6001.943403138251347598519939390311,IL057_195853,5.0,1.0,6.0,4.0,3.0,5.0,2.0,5.0,5.0,1,23,25.0
1.3.6.1.4.1.14519.5.2.1.6279.6001.943403138251347598519939390311,4378,5.0,1.0,6.0,3.0,2.0,3.0,4.0,5.0,5.0,1,30,17.5
1.3.6.1.4.1.14519.5.2.1.6279.6001.943403138251347598519939390311,81239,5.0,1.0,6.0,4.0,4.0,5.0,2.0,5.0,5.0,1,20,23.75
1.3.6.1.4.1.14519.5.2.1.6279.6001.943403138251347598519939390311,Nodule 001,5.0,1.0,6.0,3.0,4.0,3.0,2.0,5.0,5.0,1,21,25.0
1.3.6.1.4.1.14519.5.2.1.6279.6001.129567032250534530765928856531,2,3.0,1.0,6.0,4.0,4.0,1.0,1.0,5.0,2.0,0,5,2.5
1.3.6.1.4.1.14519.5.2.1.6279.6001.129567032250534530765928856531,Nodule 003,4.0,1.0,6.0,3.0,5.0,1.0,1.0,5.0,3.0,,3,1.25
1.3.6.1.4.1.14519.5.2.1.6279.6001.129567032250534530765928856531,52808,2.0,1.0,6.0,2.0,3.0,1.0,1.0,5.0,2.0,0,6,3.12
1.3.6.1.4.1.14519.5.2.1.6279.6001.129567032250534530765928856531,37899,3.0,1.0,6.0,3.0,5.0,1.0,1.0,5.0,3.0,,5,2.5
1.3.6.1.4.1.14519.5.2.1.6279.6001.145759169833745025756371695397,2,5.0,1.0,6.0,5.0,5.0,1.0,1.0,5.0,3.0,,3,4.0
1.3.6.1.4.1.14519.5.2.1.6279.6001.145759169833745025756371695397,7,5.0,1.0,6.0,5.0,4.0,1.0,1.0,5.0,3.0,,2,2.0
1.3.6.1.4.1.14519.5.2.1.6279.6001.145759169833745025756371695397,Nodule 006,4.0,1.0,6.0,3.0,5.0,1.0,1.0,5.0,4.0,1,2,2.0
1.3.6.1.4.1.14519.5.2.1.6279.6001.145759169833745025756371695397,69034,3.0,1.0,6.0,5.0,3.0,1.0,1.0,5.0,3.0,,3,4.0
1.3.6.1.4.1.14519.5.2.1.6279.6001.145759169833745025756371695397,69037,2.0,1.0,6.0,3.0,4.0,1.0,1.0,5.0,2.0,0,2,2.0
1.3.6.1.4.1.14519.5.2.1.6279.6001.145759169833745025756371695397,69676,3.0,1.0,6.0,3.0,3.0,1.0,1.0,5.0,3.0,,3,4.0
1.3.6.1.4.1.14519.5.2.1.6279.6001.194246472548954252250399902051,3172,3.0,1.0,6.0,4.0,4.0,2.0,2.0,4.0,3.0,,3,5.0
1.3.6.1.4.1.14519.5.2.1.6279.6001.194246472548954252250399902051,Nodule 001,4.0,1.0,6.0,4.0,4.0,2.0,1.0,5.0,4.0,1,4,7.5
1.3.6.1.4.1.14519.5.2.1.6279.6001.194246472548954252250399902051,10074,3.0,1.0,6.0,5.0,5.0,1.0,1.0,5.0,3.0,,3,5.0
1.3.6.1.4.1.14519.5.2.1.6279.6001.194246472548954252250399902051,29938,3.0,1.0,6.0,4.0,4.0,1.0,1.0,5.0,2.0,0,4,7.5
1.3.6.1.4.1.14519.5.2.1.6279.6001.285926554490515269336267972830,IL057_75231,1.0,1.0,6.0,4.0,4.0,1.0,1.0,5.0,1.0,0,3,5.0
1.3.6.1.4.1.14519.5.2.1.6279.6001.404364125369979066736354549484,Nodule 001,4.0,1.0,6.0,5.0,5.0,1.0,1.0,5.0,3.0,,3,3.6
1.3.6.1.4.1.14519.5.2.1.6279.6001.404364125369979066736354549484,14951,4.0,1.0,6.0,5.0,5.0,1.0,1.0,5.0,3.0,,2,1.8
1.3.6.1.4.1.14519.5.2.1.6279.6001.404364125369979066736354549484,1731,3.0,1.0,6.0,4.0,4.0,2.0,1.0,4.0,3.0,,2,1.8
1.3.6.1.4.1.14519.5.2.1.6279.6001.850739282072340578344345230132,Nodule 002,3.0,1.0,6.0,4.0,5.0,1.0,1.0,5.0,2.0,0,5,2.5
1.3.6.1.4.1.14519.5.2.1.6279.6001.850739282072340578344345230132,Nodule 001,4.0,1.0,6.0,4.0,4.0,2.0,2.0,4.0,4.0,1,22,13.12
1.3.6.1.4.1.14519.5.2.1.6279.6001.850739282072340578344345230132,7220,3.0,1.0,6.0,3.0,2.0,2.0,2.0,5.0,3.0,,18,10.62
1.3.6.1.4.1.14519.5.2.1.6279.6001.850739282072340578344345230132,6,5.0,1.0,6.0,5.0,5.0,1.0,1.0,5.0,4.0,1,22,13.12
1.3.6.1.4.1.14519.5.2.1.6279.6001.850739282072340578344345230132,21728,5.0,1.0,4.0,4.0,3.0,2.0,3.0,5.0,2.0,0,19,11.25
1.3.6.1.4.1.14519.5.2.1.6279.6001.850739282072340578344345230132,21769,4.0,1.0,4.0,4.0,4.0,2.0,2.0,5.0,2.0,0,13,7.5
1.3.6.1.4.1.14519.5.2.1.6279.6001.138674679709964033277400089532,3972,5.0,1.0,6.0,4.0,4.0,2.0,2.0,5.0,3.0,,3,5.0
1.3.6.1.4.1.14519.5.2.1.6279.6001.138674679709964033277400089532,3982,4.0,1.0,6.0,5.0,4.0,1.0,1.0,5.0,3.0,,2,2.5
1.3.6.1.4.1.14519.5.2.1.6279.6001.138674679709964033277400089532,3977,4.0,1.0,6.0,4.0,4.0,2.0,2.0,5.0,3.0,,3,5.0
1.3.6.1.4.1.14519.5.2.1.6279.6001.138674679709964033277400089532,3979,5.0,1.0,6.0,5.0,4.0,2.0,2.0,5.0,3.0,,3,5.0
1.3.6.1.4.1.14519.5.2.1.6279.6001.138674679709964033277400089532,3974,4.0,1.0,6.0,2.0,2.0,1.0,2.0,3.0,3.0,,2,2.5
1.3.6.1.4.1.14519.5.2.1.6279.6001.138674679709964033277400089532,3988,4.0,1.0,6.0,4.0,2.0,2.0,2.0,2.0,3.0,,2,2.5
1.3.6.1.4.1.14519.5.2.1.6279.6001.138674679709964033277400089532,3991,3.0,1.0,6.0,4.0,4.0,2.0,2.0,5.0,3.0,,2,2.5
1.3.6.1.4.1.14519.5.2.1.6279.6001.138674679709964033277400089532,3986,4.0,1.0,6.0,4.0,4.0,2.0,2.0,5.0,3.0,,2,2.5
1.3.6.1.4.1.14519.5.2.1.6279.6001.138674679709964033277400089532,Nodule 001,4.0,1.0,6.0,3.0,5.0,1.0,1.0,5.0,2.0,0,3,5.0
1.3.6.1.4.1.14519.5.2.1.6279.6001.195557219224169985110295082004,Nodule 001,4.0,1.0,6.0,3.0,5.0,1.0,1.0,3.0,2.0,0,4,3.75
1.3.6.1.4.1.14519.5.2.1.6279.6001.195557219224169985110295082004,Nodule 005,4.0,1.0,6.0,3.0,5.0,1.0,1.0,3.0,2.0,0,3,2.5
1.3.6.1.4.1.14519.5.2.1.6279.6001.195557219224169985110295082004,Nodule 006,4.0,1.0,6.0,3.0,5.0,1.0,1.0,3.0,2.0,0,6,6.25
1.3.6.1.4.1.14519.5.2.1.6279.6001.195557219224169985110295082004,Nodule 016,4.0,1.0,6.0,3.0,5.0,1.0,1.0,3.0,2.0,0,4,3.75
1.3.6.1.4.1.14519.5.2.1.6279.6001.195557219224169985110295082004,Nodule 012,4.0,1.0,6.0,3.0,5.0,1.0,1.0,3.0,2.0,0,4,3.75
1.3.6.1.4.1.14519.5.2.1.6279.6001.195557219224169985110295082004,Nodule 007,4.0,1.0,6.0,4.0,4.0,1.0,1.0,3.0,4.0,1,4,3.75
1.3.6.1.4.1.14519.5.2.1.6279.6001.195557219224169985110295082004,IL057_157377,1.0,1.0,6.0,5.0,1.0,1.0,1.0,1.0,3.0,,2,1.25
1.3.6.1.4.1.14519.5.2.1.6279.6001.195557219224169985110295082004,IL057_157340,2.0,1.0,6.0,4.0,1.0,3.0,1.0,2.0,4.0,1,5,5.0
1.3.6.1.4.1.14519.5.2.1.6279.6001.195557219224169985110295082004,IL057_157326,3.0,1.0,6.0,4.0,1.0,2.0,1.0,1.0,4.0,1,7,7.5
1.3.6.1.4.1.14519.5.2.1.6279.6001.195557219224169985110295082004,IL057_157355,2.0,1.0,6.0,3.0,1.0,1.0,1.0,1.0,3.0,,4,3.75
1.3.6.1.4.1.14519.5.2.1.6279.6001.195557219224169985110295082004,IL057_157344,3.0,1.0,6.0,5.0,1.0,3.0,1.0,1.0,3.0,,3,2.5
1.3.6.1.4.1.14519.5.2.1.6279.6001.195557219224169985110295082004,IL057_157350,2.0,1.0,6.0,5.0,1.0,3.0,1.0,1.0,4.0,1,4,3.75
1.3.6.1.4.1.14519.5.2.1.6279.6001.195557219224169985110295082004,IL057_157366,2.0,1.0,6.0,5.0,1.0,3.0,2.0,1.0,4.0,1,2,1.25
1.3.6.1.4.1.14519.5.2.1.6279.6001.195557219224169985110295082004,IL057_157337,2.0,1.0,6.0,5.0,1.0,3.0,2.0,1.0,3.0,,3,1.25
1.3.6.1.4.1.14519.5.2.1.6279.6001.195557219224169985110295082004,IL057_157360,2.0,1.0,6.0,2.0,4.0,3.0,2.0,5.0,2.0,0,4,3.75
1.3.6.1.4.1.14519.5.2.1.6279.6001.195557219224169985110295082004,IL057_157334,2.0,1.0,6.0,5.0,1.0,3.0,2.0,1.0,4.0,1,3,2.5
1.3.6.1.4.1.14519.5.2.1.6279.6001.195557219224169985110295082004,IL057_157347,2.0,1.0,6.0,5.0,1.0,3.0,2.0,1.0,4.0,1,3,2.5
1.3.6.1.4.1.14519.5.2.1.6279.6001.195557219224169985110295082004,9326,1.0,1.0,6.0,4.0,1.0,1.0,1.0,1.0,3.0,,5,5.0
1.3.6.1.4.1.14519.5.2.1.6279.6001.195557219224169985110295082004,9328,3.0,1.0,6.0,5.0,1.0,1.0,1.0,1.0,4.0,1,7,7.5
1.3.6.1.4.1.14519.5.2.1.6279.6001.195557219224169985110295082004,9342,3.0,1.0,6.0,4.0,1.0,1.0,1.0,1.0,4.0,1,5,5.0
1.3.6.1.4.1.14519.5.2.1.6279.6001.195557219224169985110295082004,9352,3.0,1.0,6.0,4.0,1.0,1.0,1.0,1.0,4.0,1,3,2.5
1.3.6.1.4.1.14519.5.2.1.6279.6001.195557219224169985110295082004,9367,1.0,1.0,6.0,4.0,1.0,1.0,1.0,3.0,4.0,1,4,3.75
1.3.6.1.4.1.14519.5.2.1.6279.6001.195557219224169985110295082004,9363,1.0,1.0,6.0,4.0,1.0,1.0,1.0,1.0,4.0,1,3,2.5
1.3.6.1.4.1.14519.5.2.1.6279.6001.195557219224169985110295082004,9325,4.0,1.0,6.0,4.0,1.0,1.0,1.0,1.0,4.0,1,5,5.0
1.3.6.1.4.1.14519.5.2.1.6279.6001.195557219224169985110295082004,9353,4.0,1.0,6.0,4.0,2.0,1.0,1.0,3.0,4.0,1,4,3.75
1.3.6.1.4.1.14519.5.2.1.6279.6001.195557219224169985110295082004,9371,2.0,1.0,6.0,4.0,1.0,1.0,1.0,1.0,4.0,1,2,1.25
1.3.6.1.4.1.14519.5.2.1.6279.6001.195557219224169985110295082004,9372,4.0,1.0,6.0,4.0,1.0,1.0,1.0,3.0,4.0,1,2,1.25
1.3.6.1.4.1.14519.5.2.1.6279.6001.195557219224169985110295082004,9365,1.0,1.0,6.0,4.0,1.0,1.0,1.0,2.0,4.0,1,4,3.75
1.3.6.1.4.1.14519.5.2.1.6279.6001.195557219224169985110295082004,9335,2.0,1.0,6.0,4.0,1.0,1.0,1.0,1.0,4.0,1,5,5.0
1.3.6.1.4.1.14519.5.2.1.6279.6001.195557219224169985110295082004,9374,4.0,1.0,6.0,4.0,1.0,1.0,1.0,3.0,3.0,,2,1.25
1.3.6.1.4.1.14519.5.2.1.6279.6001.195557219224169985110295082004,9321,4.0,1.0,6.0,4.0,1.0,1.0,1.0,1.0,4.0,1,8,8.75
1.3.6.1.4.1.14519.5.2.1.6279.6001.195557219224169985110295082004,9349,3.0,1.0,6.0,4.0,1.0,1.0,1.0,1.0,4.0,1,5,5.0
1.3.6.1.4.1.14519.5.2.1.6279.6001.195557219224169985110295082004,9339,3.0,1.0,6.0,4.0,1.0,1.0,1.0,2.0,4.0,1,6,6.25
1.3.6.1.4.1.14519.5.2.1.6279.6001.195557219224169985110295082004,9345,3.0,1.0,6.0,4.0,1.0,1.0,1.0,1.0,4.0,1,5,5.0
1.3.6.1.4.1.14519.5.2.1.6279.6001.195557219224169985110295082004,9360,3.0,1.0,6.0,4.0,1.0,1.0,1.0,1.0,4.0,1,3,2.5
1.3.6.1.4.1.14519.5.2.1.6279.6001.195557219224169985110295082004,54525,1.0,1.0,6.0,4.0,1.0,1.0,3.0,1.0,3.0,,5,3.75
1.3.6.1.4.1.14519.5.2.1.6279.6001.195557219224169985110295082004,54527,4.0,1.0,6.0,4.0,2.0,2.0,3.0,1.0,3.0,,7,7.5
1.3.6.1.4.1.14519.5.2.1.6279.6001.195557219224169985110295082004,54542,4.0,1.0,6.0,4.0,1.0,1.0,2.0,1.0,3.0,,6,5.0
1.3.6.1.4.1.14519.5.2.1.6279.6001.195557219224169985110295082004,54562,4.0,1.0,6.0,3.0,1.0,1.0,2.0,1.0,3.0,,3,2.5
1.3.6.1.4.1.14519.5.2.1.6279.6001.195557219224169985110295082004,54522,4.0,1.0,6.0,3.0,1.0,2.0,3.0,1.0,3.0,,8,8.75
1.3.6.1.4.1.14519.5.2.1.6279.6001.195557219224169985110295082004,54552,5.0,1.0,6.0,3.0,3.0,2.0,2.0,5.0,3.0,,4,3.75
1.3.6.1.4.1.14519.5.2.1.6279.6001.195557219224169985110295082004,54555,5.0,1.0,6.0,3.0,4.0,1.0,2.0,3.0,3.0,,4,3.75
1.3.6.1.4.1.14519.5.2.1.6279.6001.195557219224169985110295082004,54535,4.0,1.0,6.0,4.0,1.0,3.0,1.0,1.0,3.0,,5,5.0
1.3.6.1.4.1.14519.5.2.1.6279.6001.195557219224169985110295082004,54518,5.0,1.0,6.0,4.0,1.0,2.0,1.0,1.0,3.0,,7,7.5
1.3.6.1.4.1.14519.5.2.1.6279.6001.195557219224169985110295082004,54548,4.0,1.0,6.0,2.0,2.0,2.0,1.0,1.0,3.0,,5,5.0
1.3.6.1.4.1.14519.5.2.1.6279.6001.195557219224169985110295082004,54539,4.0,1.0,6.0,4.0,2.0,2.0,2.0,1.0,3.0,,3,2.5
1.3.6.1.4.1.14519.5.2.1.6279.6001.195557219224169985110295082004,54545,4.0,1.0,6.0,4.0,1.0,2.0,2.0,1.0,3.0,,5,5.0
1.3.6.1.4.1.14519.5.2.1.6279.6001.195557219224169985110295082004,54559,4.0,1.0,6.0,4.0,1.0,3.0,2.0,1.0,3.0,,3,2.5
1.3.6.1.4.1.14519.5.2.1.6279.6001.195557219224169985110295082004,54530,4.0,1.0,6.0,4.0,1.0,3.0,3.0,1.0,3.0,,5,5.0
1.3.6.1.4.1.14519.5.2.1.6279.6001.111172165674661221381920536987,Nodule 001,5.0,1.0,6.0,4.0,4.0,2.0,1.0,4.0,4.0,1,9,5.0
1.3.6.1.4.1.14519.5.2.1.6279.6001.111172165674661221381920536987,33762,3.0,1.0,6.0,5.0,5.0,1.0,1.0,5.0,3.0,,8,4.38
1.3.6.1.4.1.14519.5.2.1.6279.6001.111172165674661221381920536987,59871,2.0,1.0,6.0,3.0,1.0,1.0,1.0,5.0,2.0,0,4,1.88
1.3.6.1.4.1.14519.5.2.1.6279.6001.270951128717816232360812849541,2449,4.0,1.0,6.0,2.0,1.0,1.0,3.0,1.0,4.0,1,7,7.5
1.3.6.1.4.1.14519.5.2.1.6279.6001.270951128717816232360812849541,2459,3.0,1.0,6.0,3.0,1.0,1.0,3.0,1.0,3.0,,4,3.75
1.3.6.1.4.1.14519.5.2.1.6279.6001.270951128717816232360812849541,2453,4.0,1.0,6.0,2.0,2.0,3.0,2.0,3.0,4.0,1,10,11.25
1.3.6.1.4.1.14519.5.2.1.6279.6001.270951128717816232360812849541,IL057_91804,3.0,1.0,6.0,3.0,3.0,2.0,3.0,4.0,4.0,1,7,7.5
1.3.6.1.4.1.14519.5.2.1.6279.6001.270951128717816232360812849541,Nodule 004,4.0,1.0,6.0,3.0,4.0,2.0,1.0,5.0,2.0,0,10,11.25
1.3.6.1.4.1.14519.5.2.1.6279.6001.270951128717816232360812849541,Nodule 006,3.0,1.0,6.0,3.0,4.0,1.0,1.0,1.0,3.0,,4,3.75
1.3.6.1.4.1.14519.5.2.1.6279.6001.270951128717816232360812849541,Nodule 003,3.0,1.0,6.0,3.0,5.0,1.0,1.0,1.0,3.0,,6,6.25
1.3.6.1.4.1.14519.5.2.1.6279.6001.277662902666135640561346462196,141210,5.0,4.0,6.0,4.0,3.0,3.0,3.0,1.0,1.0,0,22,13.12
1.3.6.1.4.1.14519.5.2.1.6279.6001.277662902666135640561346462196,0,1.0,1.0,6.0,5.0,2.0,1.0,1.0,1.0,2.0,0,22,13.12
1.3.6.1.4.1.14519.5.2.1.6279.6001.277662902666135640561346462196,166910,4.0,4.0,6.0,5.0,3.0,1.0,1.0,1.0,4.0,1,22,13.12
1.3.6.1.4.1.14519.5.2.1.6279.6001.277662902666135640561346462196,Nodule 001,4.0,1.0,6.0,3.0,4.0,1.0,1.0,3.0,5.0,1,21,12.5
1.3.6.1.4.1.14519.5.2.1.6279.6001.329326052298830421573852261436,Nodule 001,4.0,1.0,6.0,3.0,4.0,2.0,1.0,4.0,4.0,1,2,2.5
1.3.6.1.4.1.14519.5.2.1.6279.6001.329326052298830421573852261436,7266,2.0,1.0,6.0,4.0,1.0,1.0,1.0,1.0,3.0,,18,12.5
1.3.6.1.4.1.14519.5.2.1.6279.6001.202643836890896697853521610450,Nodule 001,5.0,1.0,6.0,2.0,4.0,2.0,5.0,5.0,5.0,1,5,6.0
1.3.6.1.4.1.14519.5.2.1.6279.6001.202643836890896697853521610450,21967,4.0,1.0,6.0,3.0,3.0,2.0,3.0,4.0,5.0,1,4,6.0
1.3.6.1.4.1.14519.5.2.1.6279.6001.202643836890896697853521610450,2069,5.0,1.0,6.0,3.0,5.0,5.0,2.0,4.0,5.0,1,4,6.0
1.3.6.1.4.1.14519.5.2.1.6279.6001.202643836890896697853521610450,0,5.0,1.0,6.0,3.0,4.0,2.0,2.0,3.0,4.0,1,4,6.0
1.3.6.1.4.1.14519.5.2.1.6279.6001.814122498113547115932318256859,0,5.0,1.0,6.0,5.0,4.0,1.0,1.0,5.0,3.0,,2,2.0
1.3.6.1.4.1.14519.5.2.1.6279.6001.814122498113547115932318256859,1,5.0,1.0,3.0,5.0,5.0,1.0,1.0,5.0,1.0,0,3,4.0
1.3.6.1.4.1.14519.5.2.1.6279.6001.143412474064515942785157561636,Nodule 002,4.0,1.0,6.0,5.0,5.0,1.0,1.0,5.0,3.0,,7,3.75
1.3.6.1.4.1.14519.5.2.1.6279.6001.143412474064515942785157561636,20828,4.0,1.0,6.0,5.0,4.0,1.0,2.0,5.0,3.0,,8,4.38
1.3.6.1.4.1.14519.5.2.1.6279.6001.143412474064515942785157561636,0,3.0,1.0,6.0,4.0,3.0,1.0,1.0,1.0,3.0,,6,3.12
1.3.6.1.4.1.14519.5.2.1.6279.6001.143412474064515942785157561636,9907,3.0,1.0,6.0,3.0,4.0,1.0,1.0,4.0,3.0,,7,5.62
1.3.6.1.4.1.14519.5.2.1.6279.6001.385151742584074711135621089321,2914,2.0,1.0,6.0,3.0,5.0,5.0,5.0,5.0,3.0,,1,0.0
1.3.6.1.4.1.14519.5.2.1.6279.6001.308655308958459380153492314021,Nodule 002,3.0,1.0,6.0,4.0,4.0,1.0,2.0,5.0,4.0,1,4,3.0
1.3.6.1.4.1.14519.5.2.1.6279.6001.308655308958459380153492314021,Nodule 001,4.0,1.0,6.0,3.0,4.0,2.0,2.0,5.0,4.0,1,3,2.0
1.3.6.1.4.1.14519.5.2.1.6279.6001.308655308958459380153492314021,Nodule 011,5.0,1.0,3.0,4.0,5.0,1.0,1.0,5.0,1.0,0,4,3.0
1.3.6.1.4.1.14519.5.2.1.6279.6001.308655308958459380153492314021,IL057_159875,3.0,1.0,6.0,3.0,4.0,2.0,2.0,5.0,3.0,,4,3.0
1.3.6.1.4.1.14519.5.2.1.6279.6001.308655308958459380153492314021,IL057_160802,3.0,1.0,3.0,4.0,5.0,1.0,1.0,5.0,1.0,0,4,3.0
1.3.6.1.4.1.14519.5.2.1.6279.6001.308655308958459380153492314021,MI014_19875,5.0,1.0,3.0,3.0,5.0,1.0,1.0,5.0,1.0,0,5,4.0
1.3.6.1.4.1.14519.5.2.1.6279.6001.308655308958459380153492314021,MI014_19872,5.0,1.0,6.0,3.0,5.0,1.0,1.0,5.0,3.0,,4,3.0
1.3.6.1.4.1.14519.5.2.1.6279.6001.308655308958459380153492314021,MI014_19880,4.0,1.0,6.0,3.0,5.0,1.0,1.0,4.0,3.0,,3,2.0
1.3.6.1.4.1.14519.5.2.1.6279.6001.308655308958459380153492314021,MI014_19883,3.0,1.0,6.0,3.0,2.0,1.0,1.0,3.0,3.0,,2,1.0
1.3.6.1.4.1.14519.5.2.1.6279.6001.308655308958459380153492314021,10,5.0,1.0,6.0,5.0,5.0,4.0,1.0,5.0,3.0,,4,3.0
1.3.6.1.4.1.14519.5.2.1.6279.6001.119209873306155771318545953948,74275,5.0,1.0,6.0,3.0,4.0,2.0,4.0,5.0,3.0,,7,3.75
1.3.6.1.4.1.14519.5.2.1.6279.6001.119209873306155771318545953948,74272,5.0,1.0,6.0,3.0,4.0,1.0,1.0,5.0,3.0,,10,5.62
1.3.6.1.4.1.14519.5.2.1.6279.6001.119209873306155771318545953948,74278,5.0,1.0,6.0,4.0,4.0,2.0,2.0,5.0,2.0,0,6,3.12
1.3.6.1.4.1.14519.5.2.1.6279.6001.119209873306155771318545953948,0,5.0,1.0,6.0,4.0,5.0,1.0,1.0,5.0,3.0,,6,3.12
1.3.6.1.4.1.14519.5.2.1.6279.6001.119209873306155771318545953948,1,5.0,1.0,6.0,3.0,4.0,1.0,1.0,5.0,2.0,0,5,2.5
1.3.6.1.4.1.14519.5.2.1.6279.6001.119209873306155771318545953948,2,5.0,1.0,6.0,4.0,5.0,1.0,1.0,5.0,3.0,,7,3.75
1.3.6.1.4.1.14519.5.2.1.6279.6001.119209873306155771318545953948,3,5.0,1.0,6.0,4.0,4.0,1.0,1.0,5.0,3.0,,7,3.75
1.3.6.1.4.1.14519.5.2.1.6279.6001.119209873306155771318545953948,4,5.0,1.0,6.0,3.0,5.0,1.0,1.0,5.0,2.0,0,11,6.25
1.3.6.1.4.1.14519.5.2.1.6279.6001.119209873306155771318545953948,70710,4.0,1.0,6.0,3.0,5.0,1.0,1.0,5.0,3.0,,6,3.12
1.3.6.1.4.1.14519.5.2.1.6279.6001.119209873306155771318545953948,70707,4.0,1.0,6.0,3.0,5.0,1.0,1.0,5.0,3.0,,10,5.62
1.3.6.1.4.1.14519.5.2.1.6279.6001.119209873306155771318545953948,Nodule 004,5.0,1.0,6.0,3.0,5.0,2.0,2.0,5.0,4.0,1,9,5.0
1.3.6.1.4.1.14519.5.2.1.6279.6001.119209873306155771318545953948,Nodule 003,5.0,1.0,6.0,5.0,5.0,1.0,1.0,5.0,2.0,0,7,3.75
1.3.6.1.4.1.14519.5.2.1.6279.6001.329334252028672866365623335798,0,3.0,1.0,6.0,5.0,5.0,1.0,1.0,5.0,2.0,0,10,5.62
1.3.6.1.4.1.14519.5.2.1.6279.6001.329334252028672866365623335798,77896,3.0,1.0,6.0,2.0,4.0,2.0,1.0,5.0,1.0,0,11,6.25
1.3.6.1.4.1.14519.5.2.1.6279.6001.329334252028672866365623335798,Nodule 002,4.0,1.0,6.0,4.0,4.0,1.0,2.0,5.0,3.0,,9,5.0
1.3.6.1.4.1.14519.5.2.1.6279.6001.329334252028672866365623335798,91641,4.0,1.0,6.0,5.0,5.0,1.0,1.0,5.0,3.0,,8,4.38
1.3.6.1.4.1.14519.5.2.1.6279.6001.964952370561266624992539111877,Nodule 002,4.0,1.0,6.0,3.0,4.0,2.0,1.0,5.0,4.0,1,5,5.0
1.3.6.1.4.1.14519.5.2.1.6279.6001.964952370561266624992539111877,Nodule 003,5.0,1.0,6.0,3.0,3.0,3.0,3.0,5.0,5.0,1,11,11.25
1.3.6.1.4.1.14519.5.2.1.6279.6001.964952370561266624992539111877,Nodule 001,4.0,1.0,6.0,3.0,4.0,1.0,1.0,5.0,4.0,1,6,6.25
1.3.6.1.4.1.14519.5.2.1.6279.6001.964952370561266624992539111877,IL057_157572,3.0,1.0,6.0,5.0,5.0,1.0,1.0,5.0,3.0,,5,5.0
1.3.6.1.4.1.14519.5.2.1.6279.6001.964952370561266624992539111877,IL057_157563,5.0,1.0,6.0,4.0,5.0,3.0,3.0,5.0,5.0,1,10,11.25
1.3.6.1.4.1.14519.5.2.1.6279.6001.964952370561266624992539111877,IL057_157566,4.0,1.0,6.0,4.0,4.0,3.0,2.0,5.0,4.0,1,5,5.0
1.3.6.1.4.1.14519.5.2.1.6279.6001.964952370561266624992539111877,IL057_160790,2.0,1.0,6.0,3.0,5.0,1.0,1.0,5.0,3.0,,4,3.75
1.3.6.1.4.1.14519.5.2.1.6279.6001.964952370561266624992539111877,7317,1.0,1.0,6.0,4.0,4.0,1.0,1.0,4.0,3.0,,3,2.5
1.3.6.1.4.1.14519.5.2.1.6279.6001.964952370561266624992539111877,7303,5.0,1.0,6.0,4.0,4.0,2.0,3.0,5.0,3.0,,12,12.5
1.3.6.1.4.1.14519.5.2.1.6279.6001.964952370561266624992539111877,7314,2.0,1.0,6.0,3.0,3.0,2.0,2.0,4.0,3.0,,4,3.75
1.3.6.1.4.1.14519.5.2.1.6279.6001.964952370561266624992539111877,7312,3.0,1.0,6.0,2.0,4.0,2.0,2.0,4.0,3.0,,6,6.25
1.3.6.1.4.1.14519.5.2.1.6279.6001.964952370561266624992539111877,7306,4.0,1.0,6.0,3.0,3.0,2.0,2.0,4.0,3.0,,5,5.0
1.3.6.1.4.1.14519.5.2.1.6279.6001.964952370561266624992539111877,7309,3.0,1.0,6.0,5.0,4.0,2.0,1.0,4.0,3.0,,5,5.0
1.3.6.1.4.1.14519.5.2.1.6279.6001.964952370561266624992539111877,7316,2.0,1.0,6.0,3.0,4.0,1.0,2.0,4.0,3.0,,4,3.75
1.3.6.1.4.1.14519.5.2.1.6279.6001.964952370561266624992539111877,54132,5.0,1.0,6.0,4.0,2.0,4.0,3.0,5.0,4.0,1,11,12.5
1.3.6.1.4.1.14519.5.2.1.6279.6001.964952370561266624992539111877,54136,5.0,1.0,6.0,4.0,3.0,3.0,3.0,5.0,4.0,1,5,5.0
1.3.6.1.4.1.14519.5.2.1.6279.6001.964952370561266624992539111877,54140,5.0,1.0,6.0,5.0,4.0,1.0,1.0,5.0,3.0,,5,5.0
1.3.6.1.4.1.14519.5.2.1.6279.6001.964952370561266624992539111877,54762,4.0,1.0,6.0,3.0,4.0,2.0,2.0,5.0,3.0,,6,6.25
1.3.6.1.4.1.14519.5.2.1.6279.6001.139595277234735528205899724196,MI014_8100,1.0,1.0,6.0,2.0,1.0,1.0,1.0,1.0,4.0,1,6,9.0
1.3.6.1.4.1.14519.5.2.1.6279.6001.980362852713685276785310240144,55598,2.0,1.0,6.0,4.0,3.0,1.0,1.0,3.0,2.0,0,8,4.38
1.3.6.1.4.1.14519.5.2.1.6279.6001.980362852713685276785310240144,Nodule 001,4.0,1.0,6.0,4.0,5.0,1.0,1.0,5.0,3.0,,6,3.12
1.3.6.1.4.1.14519.5.2.1.6279.6001.325580698241281352835338693869,1,5.0,1.0,6.0,3.0,4.0,1.0,1.0,5.0,3.0,,3,4.0
1.3.6.1.4.1.14519.5.2.1.6279.6001.325580698241281352835338693869,3,5.0,1.0,6.0,3.0,5.0,1.0,1.0,5.0,3.0,,3,4.0
1.3.6.1.4.1.14519.5.2.1.6279.6001.325580698241281352835338693869,5,5.0,1.0,6.0,3.0,3.0,1.0,1.0,1.0,2.0,0,5,8.0
1.3.6.1.4.1.14519.5.2.1.6279.6001.325580698241281352835338693869,6,5.0,1.0,6.0,3.0,1.0,1.0,1.0,1.0,2.0,0,3,4.0
1.3.6.1.4.1.14519.5.2.1.6279.6001.325580698241281352835338693869,7,4.0,1.0,6.0,3.0,1.0,1.0,1.0,1.0,2.0,0,4,6.0
1.3.6.1.4.1.14519.5.2.1.6279.6001.325580698241281352835338693869,81578,2.0,1.0,6.0,5.0,4.0,1.0,1.0,5.0,2.0,0,2,2.0
1.3.6.1.4.1.14519.5.2.1.6279.6001.317613170669207528926259976488,Nodule 003,5.0,1.0,6.0,3.0,4.0,2.0,1.0,5.0,4.0,1,7,3.75
1.3.6.1.4.1.14519.5.2.1.6279.6001.147250707071097813243473865421,Nodule 001,4.0,1.0,6.0,3.0,4.0,2.0,2.0,5.0,5.0,1,7,3.75
1.3.6.1.4.1.14519.5.2.1.6279.6001.147250707071097813243473865421,Nodule 005,5.0,1.0,6.0,3.0,5.0,1.0,1.0,5.0,2.0,0,5,2.5
1.3.6.1.4.1.14519.5.2.1.6279.6001.147250707071097813243473865421,Nodule 002,5.0,1.0,6.0,4.0,4.0,2.0,1.0,5.0,4.0,1,7,3.75
1.3.6.1.4.1.14519.5.2.1.6279.6001.147250707071097813243473865421,50071,5.0,1.0,6.0,4.0,3.0,1.0,2.0,3.0,4.0,1,12,6.25
1.3.6.1.4.1.14519.5.2.1.6279.6001.147250707071097813243473865421,50075,3.0,1.0,6.0,3.0,3.0,1.0,1.0,3.0,3.0,,5,2.5
1.3.6.1.4.1.14519.5.2.1.6279.6001.147250707071097813243473865421,25903,4.0,1.0,6.0,5.0,2.0,4.0,2.0,1.0,4.0,1,9,5.0
1.3.6.1.4.1.14519.5.2.1.6279.6001.147250707071097813243473865421,25896,4.0,1.0,6.0,3.0,2.0,4.0,2.0,2.0,3.0,,5,2.5
1.3.6.1.4.1.14519.5.2.1.6279.6001.147250707071097813243473865421,25900,3.0,1.0,6.0,3.0,4.0,2.0,3.0,2.0,3.0,,6,3.12
1.3.6.1.4.1.14519.5.2.1.6279.6001.226564372605239604660221582288,7206,2.0,1.0,6.0,5.0,4.0,1.0,1.0,4.0,3.0,,3,2.5
1.3.6.1.4.1.14519.5.2.1.6279.6001.226564372605239604660221582288,7204,1.0,1.0,6.0,3.0,4.0,2.0,1.0,5.0,3.0,,4,3.75
1.3.6.1.4.1.14519.5.2.1.6279.6001.226564372605239604660221582288,7205,1.0,1.0,6.0,2.0,4.0,1.0,1.0,5.0,3.0,,3,2.5
1.3.6.1.4.1.14519.5.2.1.6279.6001.226564372605239604660221582288,IL057_160784,3.0,1.0,6.0,2.0,4.0,2.0,1.0,4.0,2.0,0,4,3.75
1.3.6.1.4.1.14519.5.2.1.6279.6001.226564372605239604660221582288,IL057_160785,3.0,1.0,6.0,4.0,4.0,1.0,1.0,5.0,3.0,,3,2.5
1.3.6.1.4.1.14519.5.2.1.6279.6001.226564372605239604660221582288,IL057_160786,2.0,1.0,6.0,2.0,4.0,1.0,1.0,5.0,2.0,0,4,3.75
1.3.6.1.4.1.14519.5.2.1.6279.6001.226564372605239604660221582288,Nodule 002,4.0,1.0,6.0,3.0,5.0,1.0,1.0,5.0,1.0,0,5,5.0
1.3.6.1.4.1.14519.5.2.1.6279.6001.226564372605239604660221582288,Nodule 003,4.0,1.0,6.0,3.0,5.0,1.0,1.0,5.0,2.0,0,3,2.5
1.3.6.1.4.1.14519.5.2.1.6279.6001.226564372605239604660221582288,Nodule 004,4.0,1.0,6.0,4.0,5.0,1.0,2.0,5.0,2.0,0,5,5.0
1.3.6.1.4.1.14519.5.2.1.6279.6001.185226274332527104841463955058,4460,1.0,1.0,6.0,3.0,5.0,1.0,1.0,5.0,3.0,,3,2.5
1.3.6.1.4.1.14519.5.2.1.6279.6001.185226274332527104841463955058,IL057_195887,5.0,1.0,6.0,4.0,3.0,1.0,3.0,5.0,5.0,1,56,36.25
1.3.6.1.4.1.14519.5.2.1.6279.6001.185226274332527104841463955058,IL057_195893,2.0,1.0,6.0,3.0,4.0,1.0,1.0,5.0,3.0,,3,2.5
1.3.6.1.4.1.14519.5.2.1.6279.6001.185226274332527104841463955058,IL057_196383,1.0,1.0,6.0,4.0,3.0,1.0,1.0,5.0,3.0,,2,1.25
1.3.6.1.4.1.14519.5.2.1.6279.6001.185226274332527104841463955058,Nodule 001,4.0,1.0,6.0,4.0,5.0,2.0,1.0,5.0,3.0,,3,2.5
1.3.6.1.4.1.14519.5.2.1.6279.6001.185226274332527104841463955058,Nodule 004,3.0,1.0,6.0,4.0,5.0,2.0,1.0,5.0,2.0,0,2,1.25
1.3.6.1.4.1.14519.5.2.1.6279.6001.185226274332527104841463955058,Nodule 003,5.0,1.0,6.0,3.0,4.0,3.0,4.0,5.0,5.0,1,23,25.0
1.3.6.1.4.1.14519.5.2.1.6279.6001.185226274332527104841463955058,81193,2.0,1.0,6.0,3.0,4.0,1.0,3.0,5.0,2.0,0,2,1.25
1.3.6.1.4.1.14519.5.2.1.6279.6001.185226274332527104841463955058,81199,1.0,1.0,6.0,3.0,4.0,1.0,1.0,5.0,3.0,,2,1.25
1.3.6.1.4.1.14519.5.2.1.6279.6001.185226274332527104841463955058,81196,3.0,1.0,6.0,3.0,4.0,1.0,2.0,5.0,2.0,0,3,2.5
1.3.6.1.4.1.14519.5.2.1.6279.6001.185226274332527104841463955058,81192,3.0,1.0,6.0,2.0,4.0,2.0,1.0,5.0,2.0,0,3,2.5
1.3.6.1.4.1.14519.5.2.1.6279.6001.226456162308124493341905600418,Nodule 005,4.0,1.0,6.0,3.0,3.0,2.0,1.0,2.0,4.0,1,7,7.5
1.3.6.1.4.1.14519.5.2.1.6279.6001.226456162308124493341905600418,Nodule 001,4.0,1.0,6.0,3.0,3.0,3.0,2.0,5.0,5.0,1,4,3.75
1.3.6.1.4.1.14519.5.2.1.6279.6001.226456162308124493341905600418,0700,3.0,1.0,6.0,4.0,1.0,1.0,3.0,3.0,3.0,,3,2.5
1.3.6.1.4.1.14519.5.2.1.6279.6001.226456162308124493341905600418,0699,3.0,1.0,6.0,3.0,1.0,1.0,2.0,3.0,3.0,,4,3.75
1.3.6.1.4.1.14519.5.2.1.6279.6001.226456162308124493341905600418,0697,1.0,1.0,6.0,4.0,1.0,1.0,1.0,1.0,3.0,,5,5.0
1.3.6.1.4.1.14519.5.2.1.6279.6001.226456162308124493341905600418,0694,1.0,1.0,6.0,2.0,1.0,1.0,1.0,1.0,3.0,,4,3.75
1.3.6.1.4.1.14519.5.2.1.6279.6001.226456162308124493341905600418,0690,4.0,1.0,6.0,4.0,1.0,4.0,1.0,4.0,3.0,,6,6.25
1.3.6.1.4.1.14519.5.2.1.6279.6001.226456162308124493341905600418,0686,2.0,1.0,6.0,4.0,1.0,2.0,1.0,1.0,3.0,,7,7.5
1.3.6.1.4.1.14519.5.2.1.6279.6001.226456162308124493341905600418,0704,3.0,1.0,6.0,3.0,1.0,1.0,1.0,2.0,3.0,,3,2.5
1.3.6.1.4.1.14519.5.2.1.6279.6001.226456162308124493341905600418,IL057_203690,4.0,1.0,6.0,5.0,2.0,3.0,3.0,4.0,4.0,1,5,5.0
1.3.6.1.4.1.14519.5.2.1.6279.6001.226456162308124493341905600418,87912,5.0,1.0,6.0,3.0,2.0,3.0,2.0,4.0,4.0,1,6,6.25
1.3.6.1.4.1.14519.5.2.1.6279.6001.226456162308124493341905600418,87920,3.0,1.0,6.0,4.0,3.0,2.0,2.0,1.0,3.0,,4,3.75
1.3.6.1.4.1.14519.5.2.1.6279.6001.226456162308124493341905600418,87916,2.0,1.0,6.0,3.0,2.0,2.0,2.0,1.0,3.0,,4,3.75
1.3.6.1.4.1.14519.5.2.1.6279.6001.226456162308124493341905600418,87906,3.0,1.0,6.0,3.0,2.0,2.0,2.0,1.0,3.0,,7,6.25
1.3.6.1.4.1.14519.5.2.1.6279.6001.130036599816889919308975074972,Nodule 001,4.0,1.0,6.0,4.0,5.0,1.0,1.0,5.0,3.0,,3,3.6
1.3.6.1.4.1.14519.5.2.1.6279.6001.130036599816889919308975074972,14118,4.0,1.0,6.0,3.0,4.0,2.0,2.0,5.0,2.0,0,3,3.6
1.3.6.1.4.1.14519.5.2.1.6279.6001.130036599816889919308975074972,14136,4.0,1.0,6.0,5.0,2.0,1.0,1.0,1.0,3.0,,10,12.6
1.3.6.1.4.1.14519.5.2.1.6279.6001.130036599816889919308975074972,14126,2.0,1.0,6.0,3.0,2.0,3.0,1.0,1.0,3.0,,6,9.0
1.3.6.1.4.1.14519.5.2.1.6279.6001.130036599816889919308975074972,14133,2.0,1.0,6.0,4.0,2.0,1.0,1.0,1.0,2.0,0,12,19.8
1.3.6.1.4.1.14519.5.2.1.6279.6001.130036599816889919308975074972,1421,3.0,1.0,6.0,3.0,4.0,3.0,2.0,4.0,3.0,,4,5.4
1.3.6.1.4.1.14519.5.2.1.6279.6001.130036599816889919308975074972,1425,2.0,1.0,6.0,3.0,2.0,3.0,2.0,3.0,3.0,,1,0.0
1.3.6.1.4.1.14519.5.2.1.6279.6001.130036599816889919308975074972,0,5.0,1.0,6.0,5.0,5.0,3.0,3.0,5.0,4.0,1,4,5.4
1.3.6.1.4.1.14519.5.2.1.6279.6001.167919147233131417984739058859,Nodule 001,4.0,1.0,6.0,2.0,4.0,2.0,3.0,5.0,5.0,1,3,2.5
1.3.6.1.4.1.14519.5.2.1.6279.6001.167919147233131417984739058859,1112,4.0,1.0,3.0,4.0,4.0,1.0,1.0,5.0,1.0,0,6,3.75
1.3.6.1.4.1.14519.5.2.1.6279.6001.167919147233131417984739058859,IL057_69314,5.0,1.0,5.0,4.0,3.0,1.0,1.0,5.0,1.0,0,3,2.5
1.3.6.1.4.1.14519.5.2.1.6279.6001.167919147233131417984739058859,1149,5.0,1.0,6.0,4.0,3.0,4.0,5.0,5.0,5.0,1,4,3.75
1.3.6.1.4.1.14519.5.2.1.6279.6001.113586291551175790743673929831,10423,3.0,1.0,6.0,3.0,3.0,3.0,2.0,5.0,3.0,,7,3.75
1.3.6.1.4.1.14519.5.2.1.6279.6001.113586291551175790743673929831,Nodule 001,4.0,1.0,6.0,2.0,4.0,2.0,1.0,5.0,5.0,1,9,5.0
1.3.6.1.4.1.14519.5.2.1.6279.6001.252814707117018427472206147014,IL057_160776,3.0,1.0,6.0,3.0,4.0,2.0,2.0,5.0,3.0,,4,3.75
1.3.6.1.4.1.14519.5.2.1.6279.6001.252814707117018427472206147014,IL057_160777,3.0,1.0,6.0,3.0,4.0,2.0,1.0,4.0,3.0,,3,2.5
1.3.6.1.4.1.14519.5.2.1.6279.6001.252814707117018427472206147014,61665,4.0,1.0,6.0,2.0,4.0,3.0,2.0,5.0,2.0,0,4,3.75
1.3.6.1.4.1.14519.5.2.1.6279.6001.252814707117018427472206147014,61662,5.0,1.0,6.0,2.0,3.0,3.0,2.0,5.0,3.0,,5,5.0
1.3.6.1.4.1.14519.5.2.1.6279.6001.252814707117018427472206147014,Nodule 003,4.0,1.0,6.0,2.0,4.0,2.0,1.0,5.0,2.0,0,3,2.5
1.3.6.1.4.1.14519.5.2.1.6279.6001.252814707117018427472206147014,Nodule 002,4.0,1.0,6.0,3.0,4.0,2.0,2.0,5.0,4.0,1,5,5.0
1.3.6.1.4.1.14519.5.2.1.6279.6001.252814707117018427472206147014,3374,1.0,1.0,6.0,3.0,4.0,2.0,1.0,5.0,3.0,,3,2.5
1.3.6.1.4.1.14519.5.2.1.6279.6001.204303454658845815034433453512,57348,3.0,1.0,6.0,5.0,4.0,1.0,1.0,5.0,2.0,0,9,5.6
1.3.6.1.4.1.14519.5.2.1.6279.6001.204303454658845815034433453512,57338,4.0,1.0,6.0,5.0,5.0,1.0,1.0,5.0,2.0,0,8,4.9
1.3.6.1.4.1.14519.5.2.1.6279.6001.204303454658845815034433453512,57332,5.0,1.0,6.0,2.0,1.0,4.0,2.0,3.0,5.0,1,33,17.5
1.3.6.1.4.1.14519.5.2.1.6279.6001.204303454658845815034433453512,57336,4.0,1.0,6.0,4.0,4.0,1.0,1.0,5.0,3.0,,8,4.9
1.3.6.1.4.1.14519.5.2.1.6279.6001.204303454658845815034433453512,57346,3.0,1.0,6.0,3.0,3.0,1.0,1.0,5.0,2.0,0,7,4.2
1.3.6.1.4.1.14519.5.2.1.6279.6001.204303454658845815034433453512,57355,2.0,1.0,6.0,2.0,4.0,1.0,4.0,5.0,2.0,0,7,4.2
1.3.6.1.4.1.14519.5.2.1.6279.6001.204303454658845815034433453512,57353,3.0,1.0,6.0,2.0,4.0,1.0,1.0,5.0,2.0,0,9,5.6
1.3.6.1.4.1.14519.5.2.1.6279.6001.204303454658845815034433453512,57342,3.0,1.0,6.0,2.0,4.0,1.0,1.0,5.0,2.0,0,9,5.6
1.3.6.1.4.1.14519.5.2.1.6279.6001.204303454658845815034433453512,79959,4.0,1.0,3.0,3.0,5.0,1.0,2.0,5.0,1.0,0,10,6.3
1.3.6.1.4.1.14519.5.2.1.6279.6001.204303454658845815034433453512,39511,4.0,1.0,6.0,2.0,4.0,2.0,3.0,5.0,3.0,,7,4.2
1.3.6.1.4.1.14519.5.2.1.6279.6001.204303454658845815034433453512,39540,4.0,1.0,6.0,3.0,4.0,1.0,2.0,5.0,3.0,,8,4.9
1.3.6.1.4.1.14519.5.2.1.6279.6001.204303454658845815034433453512,79914,4.0,1.0,6.0,2.0,2.0,5.0,4.0,5.0,4.0,1,21,14.0
1.3.6.1.4.1.14519.5.2.1.6279.6001.204303454658845815034433453512,39491,4.0,1.0,6.0,5.0,4.0,2.0,2.0,5.0,3.0,,8,4.9
1.3.6.1.4.1.14519.5.2.1.6279.6001.204303454658845815034433453512,13633,5.0,1.0,6.0,4.0,4.0,5.0,2.0,4.0,4.0,1,23,14.7
1.3.6.1.4.1.14519.5.2.1.6279.6001.204303454658845815034433453512,13636,5.0,1.0,6.0,3.0,4.0,1.0,1.0,4.0,4.0,1,8,4.9
1.3.6.1.4.1.14519.5.2.1.6279.6001.204303454658845815034433453512,13639,5.0,1.0,6.0,5.0,4.0,1.0,1.0,5.0,4.0,1,8,4.9
1.3.6.1.4.1.14519.5.2.1.6279.6001.204303454658845815034433453512,13643,5.0,1.0,6.0,2.0,4.0,1.0,1.0,4.0,3.0,,5,2.8
1.3.6.1.4.1.14519.5.2.1.6279.6001.204303454658845815034433453512,13651,5.0,1.0,6.0,3.0,4.0,1.0,1.0,4.0,3.0,,10,6.3
1.3.6.1.4.1.14519.5.2.1.6279.6001.204303454658845815034433453512,13684,5.0,1.0,6.0,4.0,4.0,1.0,1.0,4.0,3.0,,7,4.2
1.3.6.1.4.1.14519.5.2.1.6279.6001.204303454658845815034433453512,13685,5.0,1.0,6.0,4.0,4.0,1.0,1.0,4.0,3.0,,8,4.9
1.3.6.1.4.1.14519.5.2.1.6279.6001.204303454658845815034433453512,13686,5.0,1.0,6.0,3.0,4.0,1.0,1.0,4.0,3.0,,7,4.2
1.3.6.1.4.1.14519.5.2.1.6279.6001.204303454658845815034433453512,9,3.0,1.0,6.0,5.0,5.0,1.0,1.0,5.0,2.0,0,9,5.6
1.3.6.1.4.1.14519.5.2.1.6279.6001.204303454658845815034433453512,15,5.0,1.0,6.0,4.0,4.0,2.0,5.0,5.0,4.0,1,21,14.0
1.3.6.1.4.1.14519.5.2.1.6279.6001.204303454658845815034433453512,16,4.0,1.0,6.0,3.0,5.0,1.0,1.0,5.0,3.0,,7,4.2
1.3.6.1.4.1.14519.5.2.1.6279.6001.204303454658845815034433453512,20,3.0,1.0,6.0,5.0,5.0,1.0,1.0,5.0,2.0,0,10,6.3
1.3.6.1.4.1.14519.5.2.1.6279.6001.204303454658845815034433453512,21,3.0,1.0,6.0,5.0,5.0,2.0,2.0,5.0,2.0,0,8,4.9
1.3.6.1.4.1.14519.5.2.1.6279.6001.143813757344903170810482790787,5238,5.0,1.0,6.0,2.0,4.0,1.0,2.0,5.0,3.0,,4,3.75
1.3.6.1.4.1.14519.5.2.1.6279.6001.143813757344903170810482790787,Nodule 003,4.0,1.0,6.0,4.0,5.0,1.0,1.0,5.0,3.0,,4,3.75
1.3.6.1.4.1.14519.5.2.1.6279.6001.152684536713461901635595118048,1,5.0,1.0,6.0,2.0,5.0,1.0,1.0,5.0,3.0,,2,2.0
1.3.6.1.4.1.14519.5.2.1.6279.6001.152684536713461901635595118048,3,5.0,1.0,6.0,5.0,5.0,1.0,1.0,5.0,3.0,,2,2.0
1.3.6.1.4.1.14519.5.2.1.6279.6001.152684536713461901635595118048,Nodule 001,4.0,1.0,6.0,5.0,5.0,1.0,1.0,5.0,1.0,0,2,2.0
1.3.6.1.4.1.14519.5.2.1.6279.6001.397522780537301776672854630421,60296,4.0,1.0,6.0,3.0,4.0,1.0,1.0,5.0,3.0,,29,12.6
1.3.6.1.4.1.14519.5.2.1.6279.6001.397522780537301776672854630421,60301,4.0,1.0,6.0,3.0,4.0,1.0,1.0,5.0,3.0,,19,8.1
1.3.6.1.4.1.14519.5.2.1.6279.6001.397522780537301776672854630421,Nodule 003,5.0,1.0,6.0,4.0,4.0,2.0,2.0,5.0,4.0,1,18,7.65
1.3.6.1.4.1.14519.5.2.1.6279.6001.397522780537301776672854630421,Nodule 001,5.0,1.0,6.0,3.0,5.0,1.0,1.0,5.0,4.0,1,30,13.05
1.3.6.1.4.1.14519.5.2.1.6279.6001.397522780537301776672854630421,Nodule 002,4.0,1.0,6.0,5.0,5.0,1.0,1.0,5.0,3.0,,9,3.6
1.3.6.1.4.1.14519.5.2.1.6279.6001.397522780537301776672854630421,13877,4.0,1.0,6.0,3.0,4.0,2.0,2.0,4.0,3.0,,20,8.55
1.3.6.1.4.1.14519.5.2.1.6279.6001.397522780537301776672854630421,13883,1.0,1.0,6.0,3.0,3.0,1.0,2.0,1.0,3.0,,4,1.35
1.3.6.1.4.1.14519.5.2.1.6279.6001.397522780537301776672854630421,13893,4.0,1.0,1.0,4.0,5.0,2.0,1.0,5.0,3.0,,30,13.05
1.3.6.1.4.1.14519.5.2.1.6279.6001.397522780537301776672854630421,0,5.0,1.0,6.0,5.0,5.0,1.0,1.0,5.0,3.0,,29,12.6
1.3.6.1.4.1.14519.5.2.1.6279.6001.397522780537301776672854630421,1,5.0,1.0,3.0,4.0,5.0,1.0,1.0,5.0,1.0,0,11,4.5
1.3.6.1.4.1.14519.5.2.1.6279.6001.397522780537301776672854630421,2,5.0,1.0,6.0,4.0,4.0,1.0,1.0,5.0,3.0,,20,8.55
1.3.6.1.4.1.14519.5.2.1.6279.6001.397522780537301776672854630421,5,5.0,1.0,6.0,4.0,4.0,1.0,1.0,5.0,3.0,,4,1.35
1.3.6.1.4.1.14519.5.2.1.6279.6001.276351267409869539593937734609,9736,5.0,1.0,6.0,5.0,4.0,1.0,1.0,4.0,4.0,1,6,6.25
1.3.6.1.4.1.14519.5.2.1.6279.6001.276351267409869539593937734609,Nodule 002,4.0,1.0,6.0,4.0,5.0,2.0,1.0,5.0,4.0,1,4,3.75
1.3.6.1.4.1.14519.5.2.1.6279.6001.202187810895588720702176009630,0182,3.0,1.0,3.0,3.0,3.0,1.0,2.0,4.0,1.0,0,2,1.25
1.3.6.1.4.1.14519.5.2.1.6279.6001.202187810895588720702176009630,0173,5.0,1.0,3.0,4.0,5.0,1.0,2.0,5.0,1.0,0,3,2.5
1.3.6.1.4.1.14519.5.2.1.6279.6001.202187810895588720702176009630,0170,3.0,1.0,3.0,4.0,5.0,1.0,2.0,5.0,1.0,0,4,3.75
1.3.6.1.4.1.14519.5.2.1.6279.6001.202187810895588720702176009630,0178,3.0,1.0,3.0,3.0,4.0,1.0,3.0,5.0,1.0,0,4,3.75
1.3.6.1.4.1.14519.5.2.1.6279.6001.202187810895588720702176009630,0167,2.0,1.0,3.0,2.0,4.0,1.0,1.0,5.0,1.0,0,5,5.0
1.3.6.1.4.1.14519.5.2.1.6279.6001.202187810895588720702176009630,0174,3.0,1.0,3.0,3.0,5.0,1.0,1.0,5.0,1.0,0,4,3.75
1.3.6.1.4.1.14519.5.2.1.6279.6001.202187810895588720702176009630,0183,3.0,1.0,3.0,2.0,4.0,1.0,2.0,5.0,1.0,0,2,1.25
1.3.6.1.4.1.14519.5.2.1.6279.6001.202187810895588720702176009630,2241,2.0,1.0,6.0,2.0,2.0,1.0,1.0,3.0,3.0,,5,5.0
1.3.6.1.4.1.14519.5.2.1.6279.6001.202187810895588720702176009630,2246,3.0,1.0,3.0,2.0,5.0,1.0,2.0,5.0,1.0,0,3,2.5
1.3.6.1.4.1.14519.5.2.1.6279.6001.202187810895588720702176009630,2248,3.0,1.0,3.0,2.0,5.0,1.0,3.0,5.0,1.0,0,2,1.25
1.3.6.1.4.1.14519.5.2.1.6279.6001.202187810895588720702176009630,5397,3.0,1.0,3.0,5.0,5.0,1.0,1.0,5.0,1.0,0,4,3.75
1.3.6.1.4.1.14519.5.2.1.6279.6001.202187810895588720702176009630,5409,2.0,1.0,3.0,2.0,4.0,3.0,1.0,5.0,1.0,0,2,1.25
1.3.6.1.4.1.14519.5.2.1.6279.6001.202187810895588720702176009630,5400,2.0,1.0,3.0,4.0,5.0,2.0,1.0,5.0,1.0,0,3,2.5
1.3.6.1.4.1.14519.5.2.1.6279.6001.202187810895588720702176009630,5405,1.0,1.0,3.0,2.0,5.0,2.0,1.0,5.0,1.0,0,4,3.75
1.3.6.1.4.1.14519.5.2.1.6279.6001.202187810895588720702176009630,5408,2.0,1.0,3.0,2.0,5.0,3.0,1.0,5.0,1.0,0,2,1.25
1.3.6.1.4.1.14519.5.2.1.6279.6001.202187810895588720702176009630,5394,1.0,1.0,3.0,1.0,5.0,2.0,1.0,5.0,1.0,0,5,5.0
1.3.6.1.4.1.14519.5.2.1.6279.6001.202187810895588720702176009630,5404,1.0,1.0,3.0,3.0,5.0,1.0,1.0,5.0,1.0,0,3,2.5
1.3.6.1.4.1.14519.5.2.1.6279.6001.202187810895588720702176009630,5407,1.0,1.0,3.0,4.0,5.0,2.0,1.0,5.0,1.0,0,3,2.5
1.3.6.1.4.1.14519.5.2.1.6279.6001.202187810895588720702176009630,5412,1.0,1.0,3.0,3.0,5.0,1.0,1.0,5.0,1.0,0,2,1.25
1.3.6.1.4.1.14519.5.2.1.6279.6001.202187810895588720702176009630,IL057_85622,2.0,1.0,6.0,3.0,2.0,2.0,1.0,4.0,3.0,,5,5.0
1.3.6.1.4.1.14519.5.2.1.6279.6001.202187810895588720702176009630,IL057_85625,4.0,1.0,3.0,3.0,5.0,1.0,1.0,5.0,1.0,0,3,2.5
1.3.6.1.4.1.14519.5.2.1.6279.6001.202187810895588720702176009630,IL057_91912,3.0,1.0,3.0,5.0,5.0,1.0,1.0,5.0,1.0,0,3,2.5
1.3.6.1.4.1.14519.5.2.1.6279.6001.202187810895588720702176009630,IL057_91913,4.0,1.0,3.0,5.0,5.0,1.0,1.0,5.0,1.0,0,2,1.25
1.3.6.1.4.1.14519.5.2.1.6279.6001.202187810895588720702176009630,IL057_91914,4.0,1.0,3.0,5.0,5.0,1.0,1.0,5.0,1.0,0,3,2.5
1.3.6.1.4.1.14519.5.2.1.6279.6001.202187810895588720702176009630,IL057_91915,3.0,1.0,3.0,3.0,5.0,1.0,1.0,5.0,1.0,0,4,3.75
1.3.6.1.4.1.14519.5.2.1.6279.6001.202187810895588720702176009630,IL057_91916,2.0,1.0,3.0,3.0,5.0,1.0,1.0,5.0,1.0,0,3,2.5
1.3.6.1.4.1.14519.5.2.1.6279.6001.202187810895588720702176009630,IL057_91917,3.0,1.0,3.0,3.0,5.0,1.0,1.0,5.0,1.0,0,2,1.25
1.3.6.1.4.1.14519.5.2.1.6279.6001.202187810895588720702176009630,IL057_91918,4.0,1.0,3.0,2.0,5.0,1.0,1.0,5.0,1.0,0,2,1.25
1.3.6.1.4.1.14519.5.2.1.6279.6001.202187810895588720702176009630,IL057_91919,2.0,1.0,6.0,4.0,5.0,1.0,1.0,5.0,1.0,0,2,1.25
1.3.6.1.4.1.14519.5.2.1.6279.6001.202187810895588720702176009630,IL057_91921,3.0,1.0,3.0,5.0,5.0,1.0,1.0,5.0,1.0,0,2,1.25
1.3.6.1.4.1.14519.5.2.1.6279.6001.202187810895588720702176009630,Nodule 005,5.0,1.0,3.0,4.0,5.0,1.0,1.0,5.0,1.0,0,4,3.75
1.3.6.1.4.1.14519.5.2.1.6279.6001.202187810895588720702176009630,Nodule 011,5.0,1.0,6.0,5.0,5.0,1.0,1.0,5.0,1.0,0,4,3.75
1.3.6.1.4.1.14519.5.2.1.6279.6001.202187810895588720702176009630,Nodule 002,4.0,1.0,3.0,4.0,5.0,1.0,1.0,5.0,1.0,0,3,2.5
1.3.6.1.4.1.14519.5.2.1.6279.6001.202187810895588720702176009630,Nodule 012,5.0,1.0,6.0,4.0,5.0,1.0,1.0,5.0,1.0,0,2,1.25
1.3.6.1.4.1.14519.5.2.1.6279.6001.202187810895588720702176009630,Nodule 001,4.0,1.0,3.0,4.0,5.0,1.0,1.0,5.0,1.0,0,3,2.5
1.3.6.1.4.1.14519.5.2.1.6279.6001.202187810895588720702176009630,Nodule 013,5.0,1.0,6.0,4.0,5.0,1.0,1.0,5.0,1.0,0,2,1.25
1.3.6.1.4.1.14519.5.2.1.6279.6001.202187810895588720702176009630,Nodule 006,5.0,1.0,3.0,3.0,5.0,1.0,1.0,5.0,1.0,0,3,2.5
1.3.6.1.4.1.14519.5.2.1.6279.6001.162845309248822193437735868939,187973,5.0,1.0,3.0,4.0,5.0,2.0,1.0,5.0,1.0,0,18,8.5
1.3.6.1.4.1.14519.5.2.1.6279.6001.162845309248822193437735868939,196620,5.0,1.0,3.0,5.0,5.0,1.0,1.0,5.0,1.0,0,16,7.5
1.3.6.1.4.1.14519.5.2.1.6279.6001.162845309248822193437735868939,205794,5.0,1.0,3.0,5.0,5.0,1.0,1.0,5.0,1.0,0,10,4.5
1.3.6.1.4.1.14519.5.2.1.6279.6001.162845309248822193437735868939,20663,5.0,1.0,3.0,5.0,5.0,1.0,1.0,5.0,1.0,0,19,9.0
1.3.6.1.4.1.14519.5.2.1.6279.6001.162845309248822193437735868939,20684,5.0,1.0,3.0,4.0,5.0,1.0,1.0,5.0,1.0,0,12,5.5
1.3.6.1.4.1.14519.5.2.1.6279.6001.162845309248822193437735868939,0,5.0,1.0,3.0,5.0,5.0,1.0,1.0,5.0,1.0,0,18,8.5
1.3.6.1.4.1.14519.5.2.1.6279.6001.162845309248822193437735868939,5,5.0,1.0,3.0,3.0,5.0,4.0,3.0,5.0,1.0,0,15,7.0
1.3.6.1.4.1.14519.5.2.1.6279.6001.231834776365874788440767645596,Nodule 005,3.0,1.0,6.0,4.0,4.0,2.0,1.0,5.0,4.0,1,4,1.88
1.3.6.1.4.1.14519.5.2.1.6279.6001.231834776365874788440767645596,174157,2.0,1.0,6.0,4.0,4.0,1.0,1.0,5.0,3.0,,3,1.25
1.3.6.1.4.1.14519.5.2.1.6279.6001.670107649586205629860363487713,6272,5.0,1.0,6.0,5.0,5.0,1.0,1.0,5.0,4.0,1,4,3.75
1.3.6.1.4.1.14519.5.2.1.6279.6001.670107649586205629860363487713,IL057_69743,5.0,1.0,6.0,5.0,3.0,1.0,1.0,5.0,4.0,1,2,1.25
1.3.6.1.4.1.14519.5.2.1.6279.6001.670107649586205629860363487713,IL057_69744,1.0,1.0,6.0,5.0,2.0,1.0,1.0,1.0,3.0,,5,3.75
1.3.6.1.4.1.14519.5.2.1.6279.6001.670107649586205629860363487713,Nodule 001,5.0,1.0,6.0,4.0,4.0,2.0,1.0,5.0,5.0,1,4,3.75
1.3.6.1.4.1.14519.5.2.1.6279.6001.670107649586205629860363487713,4900,3.0,1.0,6.0,5.0,4.0,1.0,1.0,4.0,3.0,,3,2.5
1.3.6.1.4.1.14519.5.2.1.6279.6001.910607280658963002048724648683,54694,2.0,1.0,6.0,4.0,3.0,1.0,1.0,4.0,3.0,,6,5.0
1.3.6.1.4.1.14519.5.2.1.6279.6001.910607280658963002048724648683,Nodule 001,5.0,1.0,6.0,4.0,5.0,1.0,1.0,5.0,2.0,0,6,5.0
1.3.6.1.4.1.14519.5.2.1.6279.6001.910607280658963002048724648683,12650,4.0,1.0,6.0,4.0,4.0,1.0,1.0,5.0,3.0,,4,3.0
1.3.6.1.4.1.14519.5.2.1.6279.6001.910607280658963002048724648683,0,4.0,1.0,6.0,4.0,4.0,1.0,1.0,5.0,2.0,0,4,3.0
1.3.6.1.4.1.14519.5.2.1.6279.6001.245391706475696258069508046497,Nodule 001,5.0,1.0,6.0,4.0,5.0,2.0,1.0,5.0,3.0,,3,5.0
1.3.6.1.4.1.14519.5.2.1.6279.6001.245391706475696258069508046497,3140,3.0,1.0,6.0,3.0,4.0,2.0,2.0,4.0,3.0,,3,5.0
1.3.6.1.4.1.14519.5.2.1.6279.6001.245391706475696258069508046497,3162,2.0,1.0,6.0,2.0,2.0,2.0,3.0,2.0,3.0,,3,5.0
1.3.6.1.4.1.14519.5.2.1.6279.6001.245391706475696258069508046497,11442,3.0,1.0,6.0,3.0,4.0,1.0,1.0,5.0,2.0,0,2,2.5
1.3.6.1.4.1.14519.5.2.1.6279.6001.245391706475696258069508046497,9823,3.0,1.0,6.0,4.0,3.0,2.0,1.0,3.0,2.0,0,2,2.5
1.3.6.1.4.1.14519.5.2.1.6279.6001.245391706475696258069508046497,9825,1.0,1.0,6.0,4.0,1.0,3.0,1.0,1.0,1.0,0,1,0.0
1.3.6.1.4.1.14519.5.2.1.6279.6001.699408489230474820984000839814,161893,5.0,1.0,6.0,5.0,3.0,2.0,3.0,5.0,3.0,,2,3.0
1.3.6.1.4.1.14519.5.2.1.6279.6001.699408489230474820984000839814,161891,5.0,1.0,3.0,3.0,5.0,4.0,1.0,5.0,1.0,0,2,3.0
1.3.6.1.4.1.14519.5.2.1.6279.6001.699408489230474820984000839814,161885,5.0,1.0,6.0,4.0,4.0,2.0,2.0,5.0,3.0,,3,6.0
1.3.6.1.4.1.14519.5.2.1.6279.6001.699408489230474820984000839814,161886,5.0,1.0,6.0,5.0,3.0,1.0,3.0,5.0,3.0,,2,3.0
1.3.6.1.4.1.14519.5.2.1.6279.6001.699408489230474820984000839814,161898,5.0,1.0,6.0,5.0,4.0,2.0,2.0,5.0,3.0,,2,3.0
1.3.6.1.4.1.14519.5.2.1.6279.6001.699408489230474820984000839814,159016,4.0,1.0,3.0,4.0,5.0,1.0,1.0,5.0,1.0,0,2,3.0
1.3.6.1.4.1.14519.5.2.1.6279.6001.699408489230474820984000839814,159023,4.0,1.0,6.0,5.0,3.0,1.0,1.0,4.0,2.0,0,2,3.0
1.3.6.1.4.1.14519.5.2.1.6279.6001.699408489230474820984000839814,159013,4.0,1.0,6.0,5.0,3.0,1.0,2.0,4.0,3.0,,2,3.0
1.3.6.1.4.1.14519.5.2.1.6279.6001.699408489230474820984000839814,159010,4.0,1.0,6.0,5.0,5.0,1.0,1.0,5.0,4.0,1,3,6.0
1.3.6.1.4.1.14519.5.2.1.6279.6001.699408489230474820984000839814,13329,4.0,1.0,6.0,4.0,5.0,1.0,2.0,5.0,4.0,1,3,6.0
1.3.6.1.4.1.14519.5.2.1.6279.6001.699408489230474820984000839814,13334,4.0,1.0,6.0,4.0,4.0,2.0,1.0,5.0,3.0,,2,3.0
1.3.6.1.4.1.14519.5.2.1.6279.6001.699408489230474820984000839814,5,5.0,1.0,3.0,5.0,5.0,1.0,1.0,5.0,1.0,0,3,6.0
1.3.6.1.4.1.14519.5.2.1.6279.6001.699408489230474820984000839814,8,3.0,1.0,6.0,5.0,5.0,1.0,1.0,5.0,2.0,0,3,6.0
1.3.6.1.4.1.14519.5.2.1.6279.6001.299767339686526858593516834230,1,5.0,1.0,6.0,4.0,5.0,1.0,1.0,5.0,2.0,0,4,6.0
1.3.6.1.4.1.14519.5.2.1.6279.6001.299767339686526858593516834230,2,5.0,1.0,3.0,4.0,5.0,1.0,1.0,5.0,2.0,0,3,4.0
1.3.6.1.4.1.14519.5.2.1.6279.6001.299767339686526858593516834230,4,5.0,1.0,6.0,4.0,5.0,1.0,1.0,5.0,2.0,0,4,6.0
1.3.6.1.4.1.14519.5.2.1.6279.6001.299767339686526858593516834230,6,5.0,1.0,6.0,3.0,5.0,1.0,1.0,5.0,2.0,0,4,6.0
1.3.6.1.4.1.14519.5.2.1.6279.6001.299767339686526858593516834230,7,5.0,1.0,6.0,4.0,4.0,1.0,1.0,5.0,3.0,,2,2.0
1.3.6.1.4.1.14519.5.2.1.6279.6001.299767339686526858593516834230,8,5.0,1.0,6.0,3.0,4.0,1.0,1.0,5.0,2.0,0,2,2.0
1.3.6.1.4.1.14519.5.2.1.6279.6001.299767339686526858593516834230,9,5.0,1.0,3.0,4.0,4.0,1.0,1.0,5.0,1.0,0,7,12.0
1.3.6.1.4.1.14519.5.2.1.6279.6001.299767339686526858593516834230,10,5.0,1.0,3.0,5.0,5.0,1.0,1.0,5.0,1.0,0,5,8.0
1.3.6.1.4.1.14519.5.2.1.6279.6001.299767339686526858593516834230,74236,5.0,1.0,3.0,3.0,5.0,4.0,4.0,5.0,1.0,0,7,12.0
1.3.6.1.4.1.14519.5.2.1.6279.6001.299767339686526858593516834230,74242,5.0,1.0,6.0,3.0,4.0,2.0,2.0,5.0,3.0,,4,6.0
1.3.6.1.4.1.14519.5.2.1.6279.6001.299767339686526858593516834230,74253,4.0,1.0,6.0,4.0,4.0,2.0,1.0,5.0,3.0,,3,4.0
1.3.6.1.4.1.14519.5.2.1.6279.6001.299767339686526858593516834230,74239,5.0,1.0,3.0,4.0,5.0,2.0,3.0,5.0,1.0,0,5,8.0
1.3.6.1.4.1.14519.5.2.1.6279.6001.299767339686526858593516834230,74248,4.0,1.0,6.0,3.0,4.0,1.0,3.0,5.0,3.0,,2,2.0
1.3.6.1.4.1.14519.5.2.1.6279.6001.299767339686526858593516834230,74245,3.0,1.0,6.0,2.0,2.0,3.0,3.0,5.0,3.0,,2,2.0
1.3.6.1.4.1.14519.5.2.1.6279.6001.299767339686526858593516834230,70674,4.0,1.0,3.0,4.0,5.0,1.0,1.0,5.0,1.0,0,4,6.0
1.3.6.1.4.1.14519.5.2.1.6279.6001.299767339686526858593516834230,70671,5.0,1.0,3.0,5.0,5.0,1.0,1.0,5.0,1.0,0,5,8.0
1.3.6.1.4.1.14519.5.2.1.6279.6001.299767339686526858593516834230,Nodule 010,3.0,1.0,6.0,4.0,5.0,1.0,1.0,5.0,2.0,0,2,2.0
1.3.6.1.4.1.14519.5.2.1.6279.6001.299767339686526858593516834230,Nodule 003,5.0,1.0,6.0,3.0,4.0,3.0,2.0,5.0,5.0,1,7,12.0
1.3.6.1.4.1.14519.5.2.1.6279.6001.299767339686526858593516834230,Nodule 008,4.0,1.0,3.0,5.0,5.0,1.0,1.0,5.0,1.0,0,4,6.0
1.3.6.1.4.1.14519.5.2.1.6279.6001.299767339686526858593516834230,Nodule 001,4.0,1.0,6.0,4.0,5.0,1.0,1.0,5.0,2.0,0,2,2.0
1.3.6.1.4.1.14519.5.2.1.6279.6001.299767339686526858593516834230,Nodule 007,4.0,1.0,6.0,3.0,5.0,1.0,1.0,5.0,2.0,0,3,4.0
1.3.6.1.4.1.14519.5.2.1.6279.6001.175773779529863791864938329989,80555,4.0,1.0,6.0,3.0,4.0,1.0,3.0,5.0,3.0,,2,3.0
1.3.6.1.4.1.14519.5.2.1.6279.6001.175773779529863791864938329989,80551,5.0,1.0,3.0,5.0,4.0,2.0,1.0,5.0,1.0,0,3,6.0
1.3.6.1.4.1.14519.5.2.1.6279.6001.175773779529863791864938329989,85110,5.0,1.0,3.0,5.0,5.0,1.0,1.0,5.0,1.0,0,3,6.0
1.3.6.1.4.1.14519.5.2.1.6279.6001.175773779529863791864938329989,92972,3.0,1.0,6.0,4.0,2.0,1.0,1.0,1.0,3.0,,2,3.0
1.3.6.1.4.1.14519.5.2.1.6279.6001.175773779529863791864938329989,16644,3.0,1.0,6.0,4.0,3.0,1.0,1.0,1.0,4.0,1,2,3.0
1.3.6.1.4.1.14519.5.2.1.6279.6001.175773779529863791864938329989,16640,5.0,1.0,3.0,5.0,5.0,1.0,1.0,5.0,1.0,0,3,6.0
1.3.6.1.4.1.14519.5.2.1.6279.6001.175773779529863791864938329989,1,5.0,1.0,5.0,5.0,5.0,1.0,1.0,5.0,1.0,0,3,6.0
1.3.6.1.4.1.14519.5.2.1.6279.6001.293593766328917170359373773080,Nodule 003,5.0,1.0,6.0,4.0,4.0,2.0,2.0,5.0,4.0,1,8,4.38
1.3.6.1.4.1.14519.5.2.1.6279.6001.293593766328917170359373773080,29677,1.0,1.0,6.0,4.0,1.0,1.0,1.0,1.0,4.0,1,6,3.12
1.3.6.1.4.1.14519.5.2.1.6279.6001.293593766328917170359373773080,29681,4.0,1.0,6.0,4.0,1.0,1.0,4.0,3.0,4.0,1,8,4.38
1.3.6.1.4.1.14519.5.2.1.6279.6001.293593766328917170359373773080,12571,4.0,1.0,6.0,5.0,3.0,1.0,2.0,1.0,3.0,,11,6.25
1.3.6.1.4.1.14519.5.2.1.6279.6001.293593766328917170359373773080,12584,4.0,1.0,6.0,3.0,2.0,4.0,3.0,2.0,4.0,1,10,5.62
1.3.6.1.4.1.14519.5.2.1.6279.6001.133132722052053001903031735878,0,5.0,1.0,6.0,4.0,5.0,1.0,1.0,5.0,2.0,0,4,6.0
1.3.6.1.4.1.14519.5.2.1.6279.6001.133132722052053001903031735878,69107,2.0,1.0,6.0,4.0,3.0,1.0,1.0,5.0,3.0,,2,2.0
1.3.6.1.4.1.14519.5.2.1.6279.6001.133132722052053001903031735878,Nodule 001,4.0,1.0,6.0,3.0,4.0,2.0,1.0,5.0,4.0,1,3,4.0
1.3.6.1.4.1.14519.5.2.1.6279.6001.229343399861261429237689489892,12868,5.0,1.0,2.0,5.0,5.0,4.0,5.0,5.0,2.0,0,14,36.0
1.3.6.1.4.1.14519.5.2.1.6279.6001.229343399861261429237689489892,0,5.0,1.0,6.0,5.0,5.0,2.0,1.0,5.0,3.0,,13,36.0
1.3.6.1.4.1.14519.5.2.1.6279.6001.229343399861261429237689489892,12868,5.0,1.0,2.0,5.0,5.0,4.0,5.0,5.0,2.0,0,14,36.0
1.3.6.1.4.1.14519.5.2.1.6279.6001.229343399861261429237689489892,0,5.0,1.0,6.0,5.0,5.0,2.0,1.0,5.0,3.0,,13,36.0
