series_uid,nodule_id,volume_mm3,d_long_mm,d_short_mm,d_mean_mm,sphericity,elongation,flatness,surface_to_volume_ratio,radial_variance,spiculation_index,mean_hu,std_hu,p10_hu,p90_hu,ggo_ratio,solid_ratio,calc_ratio,solid_core_ratio,solid_core_diameter_mm,nodule_type,option_b_label
1.3.6.1.4.1.14519.5.2.1.6279.6001.340202188094259402036602717327,12453,133.77,12.63,5.67,9.15,0.691,0.449,0.4751,1.3685,1.3985,0.3341,35.0,60.0,-60.0,110.0,0.12,0.88,0.0,0.616,5.4,solid,0
1.3.6.1.4.1.14519.5.2.1.6279.6001.303494235102183795724852353824,6,5024.46,26.6,25.59,26.1,0.7929,0.9618,0.9021,0.3561,1.4212,0.1107,350.0,120.0,50.0,550.0,0.1,0.25,0.65,0.175,11.89,calcified,1
1.3.6.1.4.1.14519.5.2.1.6279.6001.303494235102183795724852353824,12321,6065.95,32.57,27.75,30.16,0.7539,0.8518,0.7368,0.3517,3.96,0.1675,35.0,60.0,-60.0,110.0,0.12,0.88,0.0,0.616,19.25,solid,1
1.3.6.1.4.1.14519.5.2.1.6279.6001.303494235102183795724852353824,12325,2834.16,23.81,20.52,22.16,0.7664,0.8618,0.756,0.4459,1.3612,0.1297,35.0,60.0,-60.0,110.0,0.12,0.88,0.0,0.616,14.94,solid,1
1.3.6.1.4.1.14519.5.2.1.6279.6001.303494235102183795724852353824,12329,3135.51,30.81,19.58,25.2,0.6558,0.6354,0.5842,0.5038,8.1493,0.2863,35.0,60.0,-60.0,110.0,0.12,0.88,0.0,0.616,15.45,solid,1
1.3.6.1.4.1.14519.5.2.1.6279.6001.303494235102183795724852353824,16309,5281.71,30.95,27.59,29.27,0.7007,0.8916,0.6786,0.3963,4.2388,0.1798,350.0,120.0,50.0,550.0,0.1,0.25,0.65,0.175,12.09,calcified,1
1.3.6.1.4.1.14519.5.2.1.6279.6001.303494235102183795724852353824,16332,72.03,6.53,5.43,5.98,0.8178,0.831,0.9189,1.4212,0.0862,0.1153,350.0,120.0,50.0,550.0,0.1,0.25,0.65,0.175,2.89,calcified,0
1.3.6.1.4.1.14519.5.2.1.6279.6001.303494235102183795724852353824,16313,1751.5,25.0,17.66,21.33,0.7553,0.7066,0.48,0.5312,3.6757,0.2361,35.0,60.0,-60.0,110.0,0.12,0.88,0.0,0.616,12.73,solid,1
1.3.6.1.4.1.14519.5.2.1.6279.6001.303494235102183795724852353824,16317,2621.74,31.86,19.49,25.68,0.5927,0.6118,0.4707,0.5918,7.7585,0.2838,35.0,60.0,-60.0,110.0,0.12,0.88,0.0,0.616,14.56,solid,1
1.3.6.1.4.1.14519.5.2.1.6279.6001.131939324905446238286154504249,3147,1655.71,23.61,17.22,20.42,0.6589,0.7294,0.5929,0.6204,3.3981,0.2304,35.0,60.0,-60.0,110.0,0.12,0.88,0.0,0.616,12.49,solid,1
1.3.6.1.4.1.14519.5.2.1.6279.6001.131939324905446238286154504249,3151,21.07,5.7,5.32,5.51,0.7997,0.9334,0.3508,2.1893,0.0697,0.1412,35.0,60.0,-60.0,110.0,0.12,0.88,0.0,0.616,2.92,solid,0
1.3.6.1.4.1.14519.5.2.1.6279.6001.131939324905446238286154504249,3177,717.36,13.26,10.54,11.9,0.7755,0.7946,1.0,0.6966,1.9245,0.2401,35.0,60.0,-60.0,110.0,0.12,0.88,0.0,0.616,9.45,solid,1
1.3.6.1.4.1.14519.5.2.1.6279.6001.131939324905446238286154504249,3,242.55,9.8,8.57,9.18,0.7523,0.8741,1.0,1.0307,0.3696,0.1522,35.0,60.0,-60.0,110.0,0.12,0.88,0.0,0.616,6.58,solid,0
1.3.6.1.4.1.14519.5.2.1.6279.6001.131939324905446238286154504249,1196,2446.08,25.88,20.9,23.39,0.7459,0.8076,0.8502,0.4812,8.0728,0.3035,35.0,60.0,-60.0,110.0,0.12,0.88,0.0,0.616,14.22,solid,1
1.3.6.1.4.1.14519.5.2.1.6279.6001.131939324905446238286154504249,5267,1631.7,22.91,17.13,20.02,0.7039,0.7478,0.6111,0.5836,3.6949,0.2444,35.0,60.0,-60.0,110.0,0.12,0.88,0.0,0.616,12.43,solid,0
1.3.6.1.4.1.14519.5.2.1.6279.6001.213233719488315954975724605159,16821,772.48,16.56,14.25,15.41,0.8045,0.8606,0.5434,0.6551,0.5113,0.1212,350.0,120.0,50.0,550.0,0.1,0.25,0.65,0.175,6.37,calcified,0
1.3.6.1.4.1.14519.5.2.1.6279.6001.340202188094259402036602717327,2,214001.13,114.45,91.95,103.2,0.7637,0.8034,0.6029,0.1059,70.5119,0.211,35.0,60.0,-60.0,110.0,0.12,0.88,0.0,0.616,63.14,solid,1
1.3.6.1.4.1.14519.5.2.1.6279.6001.340202188094259402036602717327,12453,133.77,12.63,5.67,9.15,0.691,0.449,0.4751,1.3685,1.3985,0.3341,35.0,60.0,-60.0,110.0,0.12,0.88,0.0,0.616,5.4,solid,0
1.3.6.1.4.1.14519.5.2.1.6279.6001.311102747717834916358933873912,12777,169.78,10.27,7.4,8.84,0.8117,0.7211,0.5843,1.076,0.2236,0.1373,35.0,60.0,-60.0,110.0,0.12,0.88,0.0,0.616,5.85,solid,0
1.3.6.1.4.1.14519.5.2.1.6279.6001.311102747717834916358933873912,16835,284.44,11.94,10.75,11.35,0.7843,0.9002,0.5024,0.9375,0.1986,0.1052,-220.0,140.0,-520.0,80.0,0.6,0.4,0.0,0.28,5.34,part_solid,1
1.3.6.1.4.1.14519.5.2.1.6279.6001.166112018536246672777968137997,16814,3613.99,22.97,20.06,21.51,0.8072,0.8735,1.0,0.3904,1.3585,0.1216,35.0,60.0,-60.0,110.0,0.12,0.88,0.0,0.616,16.2,solid,1
1.3.6.1.4.1.14519.5.2.1.6279.6001.151647338241909635299641922057,21,5202.33,38.29,28.3,33.3,0.73,0.7392,0.4701,0.3823,9.6624,0.2525,35.0,60.0,-60.0,110.0,0.12,0.88,0.0,0.616,18.29,solid,1
1.3.6.1.4.1.14519.5.2.1.6279.6001.151647338241909635299641922057,12271,6468.73,40.64,28.81,34.73,0.6584,0.7089,0.4429,0.3942,13.4981,0.2833,35.0,60.0,-60.0,110.0,0.12,0.88,0.0,0.616,19.67,solid,0
1.3.6.1.4.1.14519.5.2.1.6279.6001.151647338241909635299641922057,13004,213.15,9.55,7.65,8.6,0.7791,0.8006,0.942,1.0391,0.2366,0.1288,35.0,60.0,-60.0,110.0,0.12,0.88,0.0,0.616,6.31,solid,0
1.3.6.1.4.1.14519.5.2.1.6279.6001.151647338241909635299641922057,13006,220.5,9.06,7.99,8.53,0.8193,0.8818,0.9929,0.977,0.2587,0.1355,35.0,60.0,-60.0,110.0,0.12,0.88,0.0,0.616,6.38,solid,0
1.3.6.1.4.1.14519.5.2.1.6279.6001.151647338241909635299641922057,18375,147.49,16.29,12.07,14.18,0.6253,0.7412,0.1228,1.4639,0.6449,0.1625,-220.0,140.0,-520.0,80.0,0.6,0.4,0.0,0.28,4.29,part_solid,1
1.3.6.1.4.1.14519.5.2.1.6279.6001.151647338241909635299641922057,18366,4440.13,37.13,26.67,31.9,0.7342,0.7182,0.4039,0.4007,9.0021,0.2554,35.0,60.0,-60.0,110.0,0.12,0.88,0.0,0.616,17.35,solid,1
1.3.6.1.4.1.14519.5.2.1.6279.6001.207201727479884428632451006739,CA006_12117,70.56,6.41,5.14,5.77,0.7969,0.8024,0.9364,1.4685,0.0964,0.1242,35.0,60.0,-60.0,110.0,0.12,0.88,0.0,0.616,4.36,solid,0
1.3.6.1.4.1.14519.5.2.1.6279.6001.207201727479884428632451006739,CA006_12120,826.14,20.14,11.38,15.76,0.6086,0.5649,0.8939,0.8469,5.4664,0.3392,35.0,60.0,-60.0,110.0,0.12,0.88,0.0,0.616,9.91,solid,0
1.3.6.1.4.1.14519.5.2.1.6279.6001.207201727479884428632451006739,CA006_12125,156.55,8.67,8.02,8.34,0.8479,0.926,0.6924,1.0582,0.0625,0.0763,35.0,60.0,-60.0,110.0,0.12,0.88,0.0,0.616,5.69,solid,0
1.3.6.1.4.1.14519.5.2.1.6279.6001.207201727479884428632451006739,CA006_12148,25.48,7.01,5.13,6.07,0.7973,0.7318,0.2853,2.0612,0.1181,0.1653,35.0,60.0,-60.0,110.0,0.12,0.88,0.0,0.616,3.11,solid,0
1.3.6.1.4.1.14519.5.2.1.6279.6001.207201727479884428632451006739,CA006_12154,100.69,8.7,6.54,7.62,0.7589,0.752,0.6899,1.3698,0.3651,0.2018,35.0,60.0,-60.0,110.0,0.12,0.88,0.0,0.616,4.91,solid,0
1.3.6.1.4.1.14519.5.2.1.6279.6001.207201727479884428632451006739,CA006_12158,65.41,6.83,4.9,5.86,0.7855,0.7173,0.879,1.528,0.1331,0.1448,35.0,60.0,-60.0,110.0,0.12,0.88,0.0,0.616,4.25,solid,0
1.3.6.1.4.1.14519.5.2.1.6279.6001.207201727479884428632451006739,CA006_12161,286.65,11.31,8.46,9.88,0.8234,0.7481,0.7958,0.8908,0.3464,0.1426,35.0,60.0,-60.0,110.0,0.12,0.88,0.0,0.616,6.96,solid,0
1.3.6.1.4.1.14519.5.2.1.6279.6001.207201727479884428632451006739,CA006_13240,212.41,10.77,9.13,9.95,0.7954,0.8478,0.5571,1.019,0.3108,0.148,35.0,60.0,-60.0,110.0,0.12,0.88,0.0,0.616,6.3,solid,0
1.3.6.1.4.1.14519.5.2.1.6279.6001.207201727479884428632451006739,16930,101.43,7.82,6.65,7.23,0.841,0.8508,0.7675,1.233,0.1605,0.1387,350.0,120.0,50.0,550.0,0.1,0.25,0.65,0.175,3.24,calcified,0
1.3.6.1.4.1.14519.5.2.1.6279.6001.207201727479884428632451006739,16968,52.92,9.52,7.86,8.69,0.7203,0.8258,0.21,1.7883,0.2,0.1495,35.0,60.0,-60.0,110.0,0.12,0.88,0.0,0.616,3.96,solid,1
1.3.6.1.4.1.14519.5.2.1.6279.6001.207201727479884428632451006739,2678,1005.48,21.56,11.54,16.55,0.7341,0.5353,0.6957,0.6576,4.12,0.298,35.0,60.0,-60.0,110.0,0.12,0.88,0.0,0.616,10.58,solid,0
1.3.6.1.4.1.14519.5.2.1.6279.6001.207201727479884428632451006739,2827,286.65,10.16,9.72,9.94,0.8585,0.9564,0.8857,0.8543,0.1058,0.0792,35.0,60.0,-60.0,110.0,0.12,0.88,0.0,0.616,6.96,solid,0
1.3.6.1.4.1.14519.5.2.1.6279.6001.400871509992541458184881866614,13012,2915.74,34.03,24.17,29.1,0.7201,0.7102,0.3526,0.4701,9.3549,0.2928,35.0,60.0,-60.0,110.0,0.12,0.88,0.0,0.616,15.08,solid,0
1.3.6.1.4.1.14519.5.2.1.6279.6001.400871509992541458184881866614,13017,241.81,10.95,7.07,9.01,0.7621,0.6458,0.8216,1.0186,0.7008,0.2118,35.0,60.0,-60.0,110.0,0.12,0.88,0.0,0.616,6.58,solid,0
1.3.6.1.4.1.14519.5.2.1.6279.6001.400871509992541458184881866614,3141,4382.07,38.51,27.14,32.82,0.7176,0.7049,0.3116,0.4118,7.5747,0.2318,35.0,60.0,-60.0,110.0,0.12,0.88,0.0,0.616,17.28,solid,1
1.3.6.1.4.1.14519.5.2.1.6279.6001.453946099750629491201946672998,10768,462.31,13.89,11.87,12.88,0.8079,0.8543,0.648,0.7741,0.6328,0.1599,35.0,60.0,-60.0,110.0,0.12,0.88,0.0,0.616,8.16,solid,0
1.3.6.1.4.1.14519.5.2.1.6279.6001.453946099750629491201946672998,14996,510.09,14.6,11.55,13.08,0.8047,0.7916,0.6166,0.7521,0.7476,0.1693,35.0,60.0,-60.0,110.0,0.12,0.88,0.0,0.616,8.43,solid,1
1.3.6.1.4.1.14519.5.2.1.6279.6001.453946099750629491201946672998,2616,733.53,15.94,14.42,15.18,0.8221,0.9044,0.5646,0.6523,0.6193,0.136,35.0,60.0,-60.0,110.0,0.12,0.88,0.0,0.616,9.52,solid,1
1.3.6.1.4.1.14519.5.2.1.6279.6001.115689755198961598722158240121,11195,4906.86,27.77,21.44,24.6,0.821,0.7722,0.8643,0.3466,2.1301,0.1383,35.0,60.0,-60.0,110.0,0.12,0.88,0.0,0.616,17.94,solid,0
1.3.6.1.4.1.14519.5.2.1.6279.6001.115689755198961598722158240121,21219,5280.24,29.93,23.35,26.64,0.8234,0.7801,0.7017,0.3373,1.9868,0.1294,35.0,60.0,-60.0,110.0,0.12,0.88,0.0,0.616,18.38,solid,1
1.3.6.1.4.1.14519.5.2.1.6279.6001.115689755198961598722158240121,0,4939.2,27.15,21.58,24.37,0.8065,0.7949,0.9943,0.3521,2.0357,0.1338,35.0,60.0,-60.0,110.0,0.12,0.88,0.0,0.616,17.98,solid,1
1.3.6.1.4.1.14519.5.2.1.6279.6001.179049373636438705059720603192,Nodule 001,7799.57,34.38,31.76,33.07,0.7131,0.9238,0.5817,0.342,2.9673,0.1354,35.0,60.0,-60.0,110.0,0.12,0.88,0.0,0.616,20.94,solid,1
1.3.6.1.4.1.14519.5.2.1.6279.6001.179049373636438705059720603192,IL057_127364,6091.92,33.13,30.4,31.77,0.7312,0.9177,0.5282,0.3621,3.0066,0.1437,35.0,60.0,-60.0,110.0,0.12,0.88,0.0,0.616,19.28,solid,1
1.3.6.1.4.1.14519.5.2.1.6279.6001.179049373636438705059720603192,MI014_12127,6535.99,32.22,29.96,31.09,0.734,0.9298,0.6207,0.3524,2.7693,0.138,35.0,60.0,-60.0,110.0,0.12,0.88,0.0,0.616,19.74,solid,1
1.3.6.1.4.1.14519.5.2.1.6279.6001.179049373636438705059720603192,0,7283.24,32.91,29.78,31.34,0.7267,0.9048,0.6836,0.3433,3.3091,0.1465,35.0,60.0,-60.0,110.0,0.12,0.88,0.0,0.616,20.46,solid,1
1.3.6.1.4.1.14519.5.2.1.6279.6001.619372068417051974713149104919,MI014_11691,6940.85,30.18,22.69,26.44,0.7156,0.7518,1.0,0.3543,8.1444,0.2295,-580.0,75.0,-680.0,-450.0,0.95,0.05,0.0,0.035,7.74,pure_ggn,1
1.3.6.1.4.1.14519.5.2.1.6279.6001.619372068417051974713149104919,8,8344.39,32.18,28.89,30.54,0.7624,0.8977,0.8933,0.3127,6.823,0.201,-220.0,140.0,-520.0,80.0,0.6,0.4,0.0,0.28,16.46,part_solid,1
1.3.6.1.4.1.14519.5.2.1.6279.6001.170706757615202213033480003264,Nodule 001,3779.74,27.06,22.62,24.84,0.7673,0.8357,0.6466,0.4046,2.7286,0.168,-220.0,140.0,-520.0,80.0,0.6,0.4,0.0,0.28,12.64,part_solid,1
1.3.6.1.4.1.14519.5.2.1.6279.6001.170706757615202213033480003264,Nodule 003,318.5,12.16,8.87,10.52,0.8065,0.7295,0.8221,0.878,0.6077,0.179,35.0,60.0,-60.0,110.0,0.12,0.88,0.0,0.616,7.21,solid,1
1.3.6.1.4.1.14519.5.2.1.6279.6001.170706757615202213033480003264,Nodule 002,918.75,14.65,14.17,14.41,0.8262,0.9673,0.8535,0.6021,0.4372,0.1098,35.0,60.0,-60.0,110.0,0.12,0.88,0.0,0.616,10.26,solid,1
1.3.6.1.4.1.14519.5.2.1.6279.6001.170706757615202213033480003264,IL057_130591,3368.14,26.02,21.64,23.83,0.772,0.8316,0.6725,0.4179,2.1101,0.1526,35.0,60.0,-60.0,110.0,0.12,0.88,0.0,0.616,15.82,solid,1
1.3.6.1.4.1.14519.5.2.1.6279.6001.170706757615202213033480003264,IL057_130598,806.66,14.01,13.41,13.71,0.831,0.9574,0.8924,0.6251,0.2592,0.0882,35.0,60.0,-60.0,110.0,0.12,0.88,0.0,0.616,9.83,solid,1
1.3.6.1.4.1.14519.5.2.1.6279.6001.170706757615202213033480003264,IL057_130602,227.24,12.03,10.11,11.07,0.8137,0.8399,0.4156,0.9739,0.399,0.1562,35.0,60.0,-60.0,110.0,0.12,0.88,0.0,0.616,6.44,solid,1
1.3.6.1.4.1.14519.5.2.1.6279.6001.170706757615202213033480003264,0,7727.3,31.94,29.36,30.65,0.7242,0.9191,0.7827,0.3378,6.044,0.1963,35.0,60.0,-60.0,110.0,0.12,0.88,0.0,0.616,20.87,solid,1
1.3.6.1.4.1.14519.5.2.1.6279.6001.170706757615202213033480003264,8,425.07,13.67,10.31,11.99,0.7812,0.7544,0.7317,0.8233,0.6724,0.168,35.0,60.0,-60.0,110.0,0.12,0.88,0.0,0.616,7.94,solid,0
1.3.6.1.4.1.14519.5.2.1.6279.6001.170706757615202213033480003264,9,1094.54,13.83,13.56,13.69,0.7736,0.9806,1.0,0.6066,1.409,0.1793,35.0,60.0,-60.0,110.0,0.12,0.88,0.0,0.616,10.88,solid,0
1.3.6.1.4.1.14519.5.2.1.6279.6001.170706757615202213033480003264,12,3445.31,27.74,23.93,25.84,0.7508,0.863,0.7211,0.4265,5.7543,0.2403,-580.0,75.0,-680.0,-450.0,0.95,0.05,0.0,0.035,6.13,pure_ggn,0
1.3.6.1.4.1.14519.5.2.1.6279.6001.323541312620128092852212458228,Nodule 001,48.69,6.83,4.34,5.58,0.7931,0.6355,0.7322,1.6699,0.3206,0.2404,35.0,60.0,-60.0,110.0,0.12,0.88,0.0,0.616,3.85,solid,0
1.3.6.1.4.1.14519.5.2.1.6279.6001.323541312620128092852212458228,IL057_132683,29.71,5.99,3.92,4.96,0.7956,0.6549,0.626,1.9627,0.1328,0.1831,350.0,120.0,50.0,550.0,0.1,0.25,0.65,0.175,2.15,calcified,0
1.3.6.1.4.1.14519.5.2.1.6279.6001.323541312620128092852212458228,MI014_16178,67.68,7.16,5.7,6.43,0.8465,0.7966,0.6984,1.4019,0.1332,0.1409,350.0,120.0,50.0,550.0,0.1,0.25,0.65,0.175,2.83,calcified,0
1.3.6.1.4.1.14519.5.2.1.6279.6001.323541312620128092852212458228,0,117.6,8.49,6.9,7.7,0.7631,0.8126,0.7361,1.2935,0.4047,0.2023,350.0,120.0,50.0,550.0,0.1,0.25,0.65,0.175,3.4,calcified,0
1.3.6.1.4.1.14519.5.2.1.6279.6001.129007566048223160327836686225,Nodule 004,101.06,9.1,6.53,7.82,0.8106,0.7179,0.5493,1.2809,0.4327,0.2217,35.0,60.0,-60.0,110.0,0.12,0.88,0.0,0.616,4.92,solid,0
1.3.6.1.4.1.14519.5.2.1.6279.6001.129007566048223160327836686225,0,113.92,8.08,7.54,7.81,0.7969,0.9325,0.6187,1.2519,0.0877,0.099,35.0,60.0,-60.0,110.0,0.12,0.88,0.0,0.616,5.12,solid,0
1.3.6.1.4.1.14519.5.2.1.6279.6001.129007566048223160327836686225,3,276.85,11.03,9.54,10.28,0.8044,0.8645,0.6799,0.9224,0.3086,0.1367,35.0,60.0,-60.0,110.0,0.12,0.88,0.0,0.616,6.88,solid,0
1.3.6.1.4.1.14519.5.2.1.6279.6001.132817748896065918417924920957,Nodule 003,145.16,9.12,8.66,8.89,0.7947,0.9497,0.5483,1.1579,0.3466,0.1783,35.0,60.0,-60.0,110.0,0.12,0.88,0.0,0.616,5.55,solid,0
1.3.6.1.4.1.14519.5.2.1.6279.6001.132817748896065918417924920957,IL057_127062,271.95,13.79,10.58,12.18,0.7969,0.767,0.3626,0.9367,0.6138,0.1772,35.0,60.0,-60.0,110.0,0.12,0.88,0.0,0.616,6.84,solid,1
1.3.6.1.4.1.14519.5.2.1.6279.6001.132817748896065918417924920957,9,123.72,8.86,6.89,7.88,0.78,0.778,0.8466,1.2442,0.2145,0.1417,35.0,60.0,-60.0,110.0,0.12,0.88,0.0,0.616,5.26,solid,0
1.3.6.1.4.1.14519.5.2.1.6279.6001.132817748896065918417924920957,17,584.32,17.66,14.29,15.97,0.7158,0.8091,0.5664,0.8081,3.0797,0.2972,-580.0,75.0,-680.0,-450.0,0.95,0.05,0.0,0.035,3.39,pure_ggn,0
1.3.6.1.4.1.14519.5.2.1.6279.6001.272348349298439120568330857680,Nodule 001,4897.55,30.45,22.61,26.53,0.6189,0.7425,0.8211,0.4601,8.1689,0.2591,35.0,60.0,-60.0,110.0,0.12,0.88,0.0,0.616,17.93,solid,1
1.3.6.1.4.1.14519.5.2.1.6279.6001.272348349298439120568330857680,IL057_159747,1789.11,18.91,14.51,16.71,0.6476,0.7675,1.0,0.6151,11.0846,0.363,35.0,60.0,-60.0,110.0,0.12,0.88,0.0,0.616,12.82,solid,1
1.3.6.1.4.1.14519.5.2.1.6279.6001.272348349298439120568330857680,IL057_159745,5514.95,30.87,24.42,27.64,0.4649,0.7908,0.8907,0.5888,10.9976,0.2719,35.0,60.0,-60.0,110.0,0.12,0.88,0.0,0.616,18.65,solid,1
1.3.6.1.4.1.14519.5.2.1.6279.6001.272348349298439120568330857680,MI014_19564,7231.17,33.02,27.87,30.44,0.6916,0.8442,0.8329,0.3616,7.3065,0.2152,35.0,60.0,-60.0,110.0,0.12,0.88,0.0,0.616,20.41,solid,1
1.3.6.1.4.1.14519.5.2.1.6279.6001.272348349298439120568330857680,0,9287.34,32.74,29.23,30.99,0.6041,0.8928,0.9925,0.3808,15.075,0.2824,35.0,60.0,-60.0,110.0,0.12,0.88,0.0,0.616,22.19,solid,1
1.3.6.1.4.1.14519.5.2.1.6279.6001.774060103415303828812229821954,0,75.34,8.01,6.26,7.14,0.7382,0.7823,0.6244,1.5511,0.4275,0.2404,-220.0,140.0,-520.0,80.0,0.6,0.4,0.0,0.28,3.43,part_solid,0
1.3.6.1.4.1.14519.5.2.1.6279.6001.774060103415303828812229821954,3,175.17,10.35,6.1,8.22,0.7314,0.5895,0.7249,1.1817,0.5556,0.2128,-220.0,140.0,-520.0,80.0,0.6,0.4,0.0,0.28,4.54,part_solid,0
1.3.6.1.4.1.14519.5.2.1.6279.6001.286061375572911414226912429210,Nodule 001,62.78,8.22,5.95,7.09,0.7989,0.7236,0.456,1.5231,0.2961,0.2058,35.0,60.0,-60.0,110.0,0.12,0.88,0.0,0.616,4.2,solid,0
1.3.6.1.4.1.14519.5.2.1.6279.6001.286061375572911414226912429210,Nodule 002,63.09,6.79,5.66,6.22,0.8103,0.8332,0.7365,1.4992,0.1983,0.1765,35.0,60.0,-60.0,110.0,0.12,0.88,0.0,0.616,4.2,solid,0
1.3.6.1.4.1.14519.5.2.1.6279.6001.416701701108520592702405866796,Nodule 001,89.12,8.57,5.74,7.15,0.8164,0.6695,0.5834,1.3261,0.2885,0.1879,35.0,60.0,-60.0,110.0,0.12,0.88,0.0,0.616,4.72,solid,1
1.3.6.1.4.1.14519.5.2.1.6279.6001.416701701108520592702405866796,MI014_17415,124.34,9.56,7.18,8.37,0.8,0.7505,0.5229,1.2111,0.2608,0.1578,35.0,60.0,-60.0,110.0,0.12,0.88,0.0,0.616,5.27,solid,1
1.3.6.1.4.1.14519.5.2.1.6279.6001.416701701108520592702405866796,MI014_17417,59.72,7.15,6.0,6.57,0.8265,0.8399,0.6997,1.497,0.2072,0.1769,35.0,60.0,-60.0,110.0,0.12,0.88,0.0,0.616,4.13,solid,0
1.3.6.1.4.1.14519.5.2.1.6279.6001.416701701108520592702405866796,0,135.06,8.62,6.51,7.57,0.7692,0.7556,0.8702,1.2254,0.4733,0.2108,35.0,60.0,-60.0,110.0,0.12,0.88,0.0,0.616,5.42,solid,0
1.3.6.1.4.1.14519.5.2.1.6279.6001.416701701108520592702405866796,3,87.89,7.68,6.54,7.11,0.7118,0.8517,0.8141,1.5281,0.5779,0.2628,35.0,60.0,-60.0,110.0,0.12,0.88,0.0,0.616,4.69,solid,0
1.3.6.1.4.1.14519.5.2.1.6279.6001.416701701108520592702405866796,4,31.54,5.11,3.94,4.53,0.7579,0.7704,0.9779,2.0195,0.257,0.2474,35.0,60.0,-60.0,110.0,0.12,0.88,0.0,0.616,3.34,solid,0
1.3.6.1.4.1.14519.5.2.1.6279.6001.140253591510022414496468423138,Nodule 004,80.24,7.38,6.19,6.79,0.8089,0.8385,0.6773,1.3861,0.1629,0.152,35.0,60.0,-60.0,110.0,0.12,0.88,0.0,0.616,4.55,solid,0
1.3.6.1.4.1.14519.5.2.1.6279.6001.140253591510022414496468423138,Nodule 005,98.0,8.06,6.58,7.32,0.8368,0.8171,0.6205,1.2536,0.1085,0.116,35.0,60.0,-60.0,110.0,0.12,0.88,0.0,0.616,4.87,solid,0
1.3.6.1.4.1.14519.5.2.1.6279.6001.140253591510022414496468423138,Nodule 002,113.31,7.28,5.6,6.44,0.7707,0.7696,1.0,1.2967,0.6179,0.249,35.0,60.0,-60.0,110.0,0.12,0.88,0.0,0.616,5.11,solid,0
1.3.6.1.4.1.14519.5.2.1.6279.6001.140253591510022414496468423138,Nodule 001,678.04,17.32,12.02,14.67,0.7291,0.6943,0.5775,0.755,2.1947,0.257,35.0,60.0,-60.0,110.0,0.12,0.88,0.0,0.616,9.27,solid,1
1.3.6.1.4.1.14519.5.2.1.6279.6001.140253591510022414496468423138,IL057_162110,103.51,8.18,7.06,7.62,0.84,0.8629,0.6115,1.2262,0.1107,0.1138,350.0,120.0,50.0,550.0,0.1,0.25,0.65,0.175,3.26,calcified,0
1.3.6.1.4.1.14519.5.2.1.6279.6001.140253591510022414496468423138,IL057_127140,844.64,16.03,12.3,14.17,0.7731,0.7671,0.7797,0.6617,1.6412,0.216,350.0,120.0,50.0,550.0,0.1,0.25,0.65,0.175,6.56,calcified,0
1.3.6.1.4.1.14519.5.2.1.6279.6001.140253591510022414496468423138,MI014_17614,363.21,10.44,9.38,9.91,0.8092,0.8985,0.9579,0.8376,0.3584,0.1361,35.0,60.0,-60.0,110.0,0.12,0.88,0.0,0.616,7.53,solid,1
1.3.6.1.4.1.14519.5.2.1.6279.6001.140253591510022414496468423138,MI014_17664,744.8,15.79,10.91,13.35,0.7717,0.6908,0.9501,0.6913,1.6746,0.2193,35.0,60.0,-60.0,110.0,0.12,0.88,0.0,0.616,9.57,solid,1
1.3.6.1.4.1.14519.5.2.1.6279.6001.140253591510022414496468423138,MI014_17665,83.3,5.87,5.29,5.58,0.7968,0.9022,1.0,1.3897,0.1891,0.1592,350.0,120.0,50.0,550.0,0.1,0.25,0.65,0.175,3.03,calcified,0
1.3.6.1.4.1.14519.5.2.1.6279.6001.140253591510022414496468423138,MI014_17666,94.32,8.19,6.33,7.26,0.8024,0.7728,0.6107,1.3239,0.1366,0.1309,350.0,120.0,50.0,550.0,0.1,0.25,0.65,0.175,3.16,calcified,0
1.3.6.1.4.1.14519.5.2.1.6279.6001.140253591510022414496468423138,MI014_17667,105.35,7.01,5.8,6.4,0.7903,0.8274,1.0,1.2956,0.1769,0.1424,350.0,120.0,50.0,550.0,0.1,0.25,0.65,0.175,3.28,calcified,0
1.3.6.1.4.1.14519.5.2.1.6279.6001.140253591510022414496468423138,MI014_17668,65.54,6.16,5.98,6.07,0.8237,0.9704,0.8118,1.4562,0.0616,0.1015,350.0,120.0,50.0,550.0,0.1,0.25,0.65,0.175,2.8,calcified,0
1.3.6.1.4.1.14519.5.2.1.6279.6001.140253591510022414496468423138,0,265.21,8.73,7.69,8.21,0.7685,0.881,1.0,0.9794,0.6424,0.1954,35.0,60.0,-60.0,110.0,0.12,0.88,0.0,0.616,6.78,solid,0
1.3.6.1.4.1.14519.5.2.1.6279.6001.140253591510022414496468423138,2,52.67,5.7,5.38,5.54,0.8059,0.9446,0.8779,1.6007,0.0791,0.1238,35.0,60.0,-60.0,110.0,0.12,0.88,0.0,0.616,3.96,solid,0
1.3.6.1.4.1.14519.5.2.1.6279.6001.140253591510022414496468423138,3,43.49,4.36,4.13,4.24,0.7478,0.9473,1.0,1.8389,0.296,0.2342,350.0,120.0,50.0,550.0,0.1,0.25,0.65,0.175,2.44,calcified,0
1.3.6.1.4.1.14519.5.2.1.6279.6001.140253591510022414496468423138,7,49.0,4.78,4.42,4.6,0.7533,0.9265,1.0,1.7544,0.218,0.1938,350.0,120.0,50.0,550.0,0.1,0.25,0.65,0.175,2.54,calcified,0
1.3.6.1.4.1.14519.5.2.1.6279.6001.140253591510022414496468423138,9,49.0,6.04,4.03,5.04,0.7238,0.666,1.0,1.8258,0.5438,0.2909,350.0,120.0,50.0,550.0,0.1,0.25,0.65,0.175,2.54,calcified,0
1.3.6.1.4.1.14519.5.2.1.6279.6001.140253591510022414496468423138,10,69.21,5.79,4.91,5.35,0.7267,0.8484,1.0,1.6208,0.1803,0.1637,35.0,60.0,-60.0,110.0,0.12,0.88,0.0,0.616,4.33,solid,0
1.3.6.1.4.1.14519.5.2.1.6279.6001.140253591510022414496468423138,21,36.75,5.58,4.19,4.88,0.8099,0.7504,0.8959,1.7959,0.0639,0.121,350.0,120.0,50.0,550.0,0.1,0.25,0.65,0.175,2.31,calcified,0
1.3.6.1.4.1.14519.5.2.1.6279.6001.140253591510022414496468423138,23,681.71,16.59,10.26,13.42,0.6014,0.6183,0.7535,0.9136,2.5851,0.2782,35.0,60.0,-60.0,110.0,0.12,0.88,0.0,0.616,9.29,solid,1
1.3.6.1.4.1.14519.5.2.1.6279.6001.140253591510022414496468423138,25,36.14,4.85,4.32,4.58,0.7845,0.8913,1.0,1.8645,0.0467,0.1077,350.0,120.0,50.0,550.0,0.1,0.25,0.65,0.175,2.29,calcified,0
1.3.6.1.4.1.14519.5.2.1.6279.6001.328789598898469177563438457842,Nodule 013,134.14,7.42,7.12,7.27,0.8248,0.9587,1.0,1.1454,0.1364,0.1174,35.0,60.0,-60.0,110.0,0.12,0.88,0.0,0.616,5.4,solid,0
1.3.6.1.4.1.14519.5.2.1.6279.6001.328789598898469177563438457842,Nodule 001,818.91,15.32,14.33,14.82,0.8331,0.9356,0.6528,0.6205,0.3505,0.101,35.0,60.0,-60.0,110.0,0.12,0.88,0.0,0.616,9.88,solid,1
1.3.6.1.4.1.14519.5.2.1.6279.6001.328789598898469177563438457842,Nodule 006,278.07,10.3,8.2,9.25,0.8063,0.796,0.9713,0.9189,0.8449,0.2217,35.0,60.0,-60.0,110.0,0.12,0.88,0.0,0.616,6.89,solid,0
1.3.6.1.4.1.14519.5.2.1.6279.6001.328789598898469177563438457842,MI014_17715,181.3,8.65,7.81,8.23,0.8293,0.9035,0.8673,1.0303,0.1861,0.1241,35.0,60.0,-60.0,110.0,0.12,0.88,0.0,0.616,5.97,solid,1
1.3.6.1.4.1.14519.5.2.1.6279.6001.328789598898469177563438457842,MI014_17707,777.26,14.35,13.06,13.7,0.8359,0.9103,0.8712,0.6292,0.4285,0.1138,35.0,60.0,-60.0,110.0,0.12,0.88,0.0,0.616,9.71,solid,1
1.3.6.1.4.1.14519.5.2.1.6279.6001.328789598898469177563438457842,0,808.5,14.21,12.83,13.52,0.8068,0.9025,0.8795,0.6434,0.4973,0.1222,35.0,60.0,-60.0,110.0,0.12,0.88,0.0,0.616,9.83,solid,0
1.3.6.1.4.1.14519.5.2.1.6279.6001.328789598898469177563438457842,3,146.39,7.87,6.95,7.41,0.7967,0.8825,0.9528,1.1518,0.1783,0.1302,35.0,60.0,-60.0,110.0,0.12,0.88,0.0,0.616,5.56,solid,0
1.3.6.1.4.1.14519.5.2.1.6279.6001.328789598898469177563438457842,4,67.99,6.31,4.7,5.5,0.7435,0.7444,1.0,1.5937,0.335,0.2158,35.0,60.0,-60.0,110.0,0.12,0.88,0.0,0.616,4.31,solid,0
1.3.6.1.4.1.14519.5.2.1.6279.6001.328789598898469177563438457842,7,85.14,5.78,5.55,5.67,0.6982,0.9606,1.0,1.5744,0.3335,0.2061,35.0,60.0,-60.0,110.0,0.12,0.88,0.0,0.616,4.64,solid,0
1.3.6.1.4.1.14519.5.2.1.6279.6001.328789598898469177563438457842,9,110.25,6.01,5.52,5.77,0.7018,0.9194,1.0,1.4372,0.7461,0.2715,35.0,60.0,-60.0,110.0,0.12,0.88,0.0,0.616,5.06,solid,0
1.3.6.1.4.1.14519.5.2.1.6279.6001.328789598898469177563438457842,10,202.74,8.43,6.82,7.63,0.7306,0.8094,1.0,1.1267,0.3718,0.1636,35.0,60.0,-60.0,110.0,0.12,0.88,0.0,0.616,6.2,solid,0
1.3.6.1.4.1.14519.5.2.1.6279.6001.328789598898469177563438457842,13,224.17,8.85,7.69,8.27,0.7635,0.8689,1.0,1.0426,0.4912,0.1825,35.0,60.0,-60.0,110.0,0.12,0.88,0.0,0.616,6.41,solid,0
1.3.6.1.4.1.14519.5.2.1.6279.6001.328789598898469177563438457842,14,240.71,9.24,7.79,8.52,0.7833,0.8434,1.0,0.9925,0.5613,0.1912,35.0,60.0,-60.0,110.0,0.12,0.88,0.0,0.616,6.57,solid,0
1.3.6.1.4.1.14519.5.2.1.6279.6001.328789598898469177563438457842,15,164.76,7.32,6.86,7.09,0.7619,0.9371,1.0,1.1579,0.6209,0.2225,35.0,60.0,-60.0,110.0,0.12,0.88,0.0,0.616,5.79,solid,0
1.3.6.1.4.1.14519.5.2.1.6279.6001.328789598898469177563438457842,16,134.14,7.98,6.11,7.04,0.7353,0.766,0.9403,1.2848,0.3787,0.1956,35.0,60.0,-60.0,110.0,0.12,0.88,0.0,0.616,5.4,solid,0
1.3.6.1.4.1.14519.5.2.1.6279.6001.328789598898469177563438457842,17,94.32,6.33,5.68,6.01,0.7756,0.8979,1.0,1.3697,0.2101,0.1618,35.0,60.0,-60.0,110.0,0.12,0.88,0.0,0.616,4.81,solid,0
1.3.6.1.4.1.14519.5.2.1.6279.6001.328789598898469177563438457842,18,115.76,6.89,6.09,6.49,0.7922,0.8838,1.0,1.2525,0.1977,0.1489,35.0,60.0,-60.0,110.0,0.12,0.88,0.0,0.616,5.14,solid,0
1.3.6.1.4.1.14519.5.2.1.6279.6001.174907798609768549012640380786,Nodule 006,739.9,14.8,13.57,14.19,0.7949,0.9169,0.6755,0.6726,0.7388,0.1525,35.0,60.0,-60.0,110.0,0.12,0.88,0.0,0.616,9.55,solid,1
1.3.6.1.4.1.14519.5.2.1.6279.6001.174907798609768549012640380786,Nodule 005,2850.57,27.74,19.28,23.51,0.6911,0.6953,0.8112,0.4935,8.3043,0.298,35.0,60.0,-60.0,110.0,0.12,0.88,0.0,0.616,14.97,solid,1
1.3.6.1.4.1.14519.5.2.1.6279.6001.174907798609768549012640380786,IL057_123131,2277.89,26.38,18.2,22.29,0.7046,0.6898,0.7581,0.5216,7.1749,0.2947,35.0,60.0,-60.0,110.0,0.12,0.88,0.0,0.616,13.89,solid,1
1.3.6.1.4.1.14519.5.2.1.6279.6001.174907798609768549012640380786,IL057_123135,521.85,14.82,12.74,13.78,0.7983,0.8598,0.506,0.7524,0.6212,0.1512,35.0,60.0,-60.0,110.0,0.12,0.88,0.0,0.616,8.5,solid,1
1.3.6.1.4.1.14519.5.2.1.6279.6001.174907798609768549012640380786,MI014_11941,2878.75,30.34,19.19,24.77,0.7069,0.6325,0.7415,0.4809,9.1223,0.3041,35.0,60.0,-60.0,110.0,0.12,0.88,0.0,0.616,15.02,solid,1
1.3.6.1.4.1.14519.5.2.1.6279.6001.174907798609768549012640380786,0,635.16,16.27,12.38,14.32,0.7865,0.7608,0.6147,0.7153,1.1261,0.1901,35.0,60.0,-60.0,110.0,0.12,0.88,0.0,0.616,9.07,solid,0
1.3.6.1.4.1.14519.5.2.1.6279.6001.174907798609768549012640380786,9,2376.5,26.46,19.81,23.13,0.7137,0.7487,0.6615,0.5078,5.8758,0.269,35.0,60.0,-60.0,110.0,0.12,0.88,0.0,0.616,14.09,solid,1
1.3.6.1.4.1.14519.5.2.1.6279.6001.174907798609768549012640380786,18,191.71,9.58,8.35,8.97,0.7854,0.8713,0.7825,1.0678,0.2557,0.1391,35.0,60.0,-60.0,110.0,0.12,0.88,0.0,0.616,6.09,solid,0
1.3.6.1.4.1.14519.5.2.1.6279.6001.747803439040091794717626507402,Nodule 001,2118.02,21.5,18.74,20.12,0.8379,0.8713,0.6976,0.4494,0.6613,0.101,35.0,60.0,-60.0,110.0,0.12,0.88,0.0,0.616,13.56,solid,1
1.3.6.1.4.1.14519.5.2.1.6279.6001.747803439040091794717626507402,MI014_18157,1307.69,19.38,15.73,17.55,0.8466,0.8115,0.645,0.5224,0.9775,0.1422,35.0,60.0,-60.0,110.0,0.12,0.88,0.0,0.616,11.54,solid,1
1.3.6.1.4.1.14519.5.2.1.6279.6001.747803439040091794717626507402,0,1673.96,19.06,16.53,17.8,0.7841,0.8675,0.9182,0.5194,0.9234,0.1279,35.0,60.0,-60.0,110.0,0.12,0.88,0.0,0.616,12.53,solid,0
1.3.6.1.4.1.14519.5.2.1.6279.6001.227962600322799211676960828223,Nodule 001,2939.69,24.64,20.35,22.49,0.7516,0.8261,0.7611,0.4492,4.378,0.2282,35.0,60.0,-60.0,110.0,0.12,0.88,0.0,0.616,15.12,solid,1
1.3.6.1.4.1.14519.5.2.1.6279.6001.227962600322799211676960828223,IL057_130584,2854.56,25.12,20.94,23.03,0.7649,0.8336,0.6967,0.4457,4.5628,0.2322,35.0,60.0,-60.0,110.0,0.12,0.88,0.0,0.616,14.98,solid,1
1.3.6.1.4.1.14519.5.2.1.6279.6001.227962600322799211676960828223,0,5022.19,27.4,25.07,26.23,0.7292,0.9151,0.8669,0.3873,6.1879,0.2274,35.0,60.0,-60.0,110.0,0.12,0.88,0.0,0.616,18.08,solid,1
1.3.6.1.4.1.14519.5.2.1.6279.6001.153536305742006952753134773630,Nodule 001,1854.65,23.76,19.62,21.69,0.7954,0.8261,0.5262,0.4949,2.7808,0.2043,35.0,60.0,-60.0,110.0,0.12,0.88,0.0,0.616,12.97,solid,1
1.3.6.1.4.1.14519.5.2.1.6279.6001.153536305742006952753134773630,Nodule 006,339.94,12.33,10.13,11.23,0.8201,0.8219,0.6084,0.8449,0.3876,0.1416,35.0,60.0,-60.0,110.0,0.12,0.88,0.0,0.616,7.37,solid,0
1.3.6.1.4.1.14519.5.2.1.6279.6001.153536305742006952753134773630,Nodule 004,187.42,10.41,10.05,10.23,0.8195,0.966,0.4804,1.0312,0.268,0.1377,35.0,60.0,-60.0,110.0,0.12,0.88,0.0,0.616,6.04,solid,0
1.3.6.1.4.1.14519.5.2.1.6279.6001.153536305742006952753134773630,Nodule 011,2608.64,25.19,20.01,22.6,0.7396,0.7946,0.5955,0.475,3.3517,0.2072,35.0,60.0,-60.0,110.0,0.12,0.88,0.0,0.616,14.53,solid,1
1.3.6.1.4.1.14519.5.2.1.6279.6001.153536305742006952753134773630,IL057_127692,1293.6,20.34,15.1,17.72,0.709,0.7422,0.6145,0.626,1.878,0.1935,35.0,60.0,-60.0,110.0,0.12,0.88,0.0,0.616,11.5,solid,1
1.3.6.1.4.1.14519.5.2.1.6279.6001.153536305742006952753134773630,IL057_127701,690.9,15.68,12.92,14.3,0.8218,0.8239,0.6377,0.6656,0.4944,0.1249,35.0,60.0,-60.0,110.0,0.12,0.88,0.0,0.616,9.33,solid,1
1.3.6.1.4.1.14519.5.2.1.6279.6001.153536305742006952753134773630,IL057_127697,1413.04,22.39,18.03,20.21,0.8099,0.8055,0.4467,0.5321,2.1624,0.1957,35.0,60.0,-60.0,110.0,0.12,0.88,0.0,0.616,11.85,solid,1
1.3.6.1.4.1.14519.5.2.1.6279.6001.153536305742006952753134773630,MI014_17989,2441.42,25.58,19.11,22.34,0.7121,0.7469,0.5864,0.5043,3.1169,0.201,35.0,60.0,-60.0,110.0,0.12,0.88,0.0,0.616,14.21,solid,1
1.3.6.1.4.1.14519.5.2.1.6279.6001.153536305742006952753134773630,MI014_17998,844.64,17.02,14.14,15.58,0.8092,0.8304,0.5875,0.6322,0.5489,0.1225,35.0,60.0,-60.0,110.0,0.12,0.88,0.0,0.616,9.98,solid,1
1.3.6.1.4.1.14519.5.2.1.6279.6001.153536305742006952753134773630,MI014_17994,1869.35,23.97,19.68,21.83,0.8175,0.8209,0.5214,0.4802,2.2221,0.1811,35.0,60.0,-60.0,110.0,0.12,0.88,0.0,0.616,13.0,solid,1
1.3.6.1.4.1.14519.5.2.1.6279.6001.153536305742006952753134773630,13,2328.11,23.18,19.73,21.45,0.7595,0.8511,0.863,0.4804,4.3169,0.2378,35.0,60.0,-60.0,110.0,0.12,0.88,0.0,0.616,13.99,solid,1
1.3.6.1.4.1.14519.5.2.1.6279.6001.108231420525711026834210228428,Nodule 001,118.52,9.09,7.08,8.08,0.8344,0.7785,0.55,1.1799,0.1676,0.1303,35.0,60.0,-60.0,110.0,0.12,0.88,0.0,0.616,5.19,solid,0
1.3.6.1.4.1.14519.5.2.1.6279.6001.108231420525711026834210228428,0,181.91,9.58,8.6,9.09,0.8124,0.8976,0.6521,1.0506,0.3232,0.1589,35.0,60.0,-60.0,110.0,0.12,0.88,0.0,0.616,5.98,solid,0
1.3.6.1.4.1.14519.5.2.1.6279.6001.882070241245008756731854510592,Nodule 004,123.11,8.77,7.62,8.2,0.8273,0.8689,0.5699,1.1751,0.1246,0.1133,35.0,60.0,-60.0,110.0,0.12,0.88,0.0,0.616,5.25,solid,0
1.3.6.1.4.1.14519.5.2.1.6279.6001.882070241245008756731854510592,Nodule 001,774.2,14.82,14.49,14.65,0.8219,0.9773,0.6747,0.6408,0.5337,0.1263,35.0,60.0,-60.0,110.0,0.12,0.88,0.0,0.616,9.69,solid,1
1.3.6.1.4.1.14519.5.2.1.6279.6001.882070241245008756731854510592,Nodule 002,3440.41,25.49,25.08,25.28,0.7256,0.9839,0.5886,0.4415,2.2527,0.1558,35.0,60.0,-60.0,110.0,0.12,0.88,0.0,0.616,15.94,solid,1
1.3.6.1.4.1.14519.5.2.1.6279.6001.882070241245008756731854510592,IL057_123109,2240.52,23.13,22.33,22.73,0.7495,0.9656,0.5404,0.4931,2.0364,0.1671,35.0,60.0,-60.0,110.0,0.12,0.88,0.0,0.616,13.81,solid,1
1.3.6.1.4.1.14519.5.2.1.6279.6001.882070241245008756731854510592,IL057_123112,672.52,13.69,13.35,13.52,0.8226,0.975,0.7306,0.671,0.3577,0.1097,35.0,60.0,-60.0,110.0,0.12,0.88,0.0,0.616,9.25,solid,1
1.3.6.1.4.1.14519.5.2.1.6279.6001.882070241245008756731854510592,MI014_11912,3078.42,25.17,24.25,24.71,0.8063,0.9634,0.596,0.4123,1.2076,0.1164,35.0,60.0,-60.0,110.0,0.12,0.88,0.0,0.616,15.36,solid,1
1.3.6.1.4.1.14519.5.2.1.6279.6001.882070241245008756731854510592,0,142.71,7.49,7.25,7.37,0.7907,0.9678,1.0,1.1704,0.2489,0.1547,35.0,60.0,-60.0,110.0,0.12,0.88,0.0,0.616,5.52,solid,0
1.3.6.1.4.1.14519.5.2.1.6279.6001.882070241245008756731854510592,1,947.54,13.85,13.58,13.71,0.7813,0.9807,1.0,0.6302,0.8955,0.1546,350.0,120.0,50.0,550.0,0.1,0.25,0.65,0.175,6.82,calcified,0
1.3.6.1.4.1.14519.5.2.1.6279.6001.882070241245008756731854510592,2,216.21,11.06,10.34,10.7,0.7978,0.9348,0.4521,1.0099,0.0992,0.0798,35.0,60.0,-60.0,110.0,0.12,0.88,0.0,0.616,6.34,solid,0
1.3.6.1.4.1.14519.5.2.1.6279.6001.330425234131526435132846006585,IL057_132678,3423.87,28.68,18.65,23.66,0.6696,0.6503,0.9154,0.4792,10.2108,0.3117,35.0,60.0,-60.0,110.0,0.12,0.88,0.0,0.616,15.91,solid,0
1.3.6.1.4.1.14519.5.2.1.6279.6001.330425234131526435132846006585,0,5996.99,36.99,22.82,29.9,0.6275,0.617,0.8111,0.4242,13.6304,0.2924,35.0,60.0,-60.0,110.0,0.12,0.88,0.0,0.616,19.18,solid,1
1.3.6.1.4.1.14519.5.2.1.6279.6001.315214756157389122376518747372,IL057_132682,3195.41,26.9,22.78,24.84,0.7547,0.847,0.6041,0.435,4.2806,0.2154,35.0,60.0,-60.0,110.0,0.12,0.88,0.0,0.616,15.55,solid,1
1.3.6.1.4.1.14519.5.2.1.6279.6001.315214756157389122376518747372,0,133.83,7.36,6.09,6.72,0.7392,0.8271,1.0,1.279,0.5622,0.2308,35.0,60.0,-60.0,110.0,0.12,0.88,0.0,0.616,5.4,solid,0
1.3.6.1.4.1.14519.5.2.1.6279.6001.188265424231150847356515802868,Nodule 002,389.55,11.0,9.8,10.4,0.7993,0.891,0.9094,0.8284,0.7555,0.1915,35.0,60.0,-60.0,110.0,0.12,0.88,0.0,0.616,7.71,solid,0
1.3.6.1.4.1.14519.5.2.1.6279.6001.188265424231150847356515802868,IL057_127399,425.69,11.39,10.97,11.18,0.8344,0.963,0.8781,0.7704,0.1539,0.0841,350.0,120.0,50.0,550.0,0.1,0.25,0.65,0.175,5.22,calcified,0
1.3.6.1.4.1.14519.5.2.1.6279.6001.188265424231150847356515802868,MI014_16426,321.56,9.61,8.62,9.11,0.8037,0.8968,1.0,0.8783,0.61,0.1781,350.0,120.0,50.0,550.0,0.1,0.25,0.65,0.175,4.75,calcified,0
1.3.6.1.4.1.14519.5.2.1.6279.6001.188265424231150847356515802868,0,131.07,10.08,7.12,8.6,0.75,0.7058,0.4959,1.2693,0.3752,0.1887,35.0,60.0,-60.0,110.0,0.12,0.88,0.0,0.616,5.36,solid,0
1.3.6.1.4.1.14519.5.2.1.6279.6001.188265424231150847356515802868,2,354.64,9.84,8.16,9.0,0.707,0.8285,1.0,0.9664,1.4377,0.2518,350.0,120.0,50.0,550.0,0.1,0.25,0.65,0.175,4.91,calcified,0
1.3.6.1.4.1.14519.5.2.1.6279.6001.296863826932699509516219450076,0,12313.09,40.36,33.04,36.7,0.755,0.8187,0.6814,0.2774,6.4882,0.1719,35.0,60.0,-60.0,110.0,0.12,0.88,0.0,0.616,24.38,solid,0
1.3.6.1.4.1.14519.5.2.1.6279.6001.487745546557477250336016826588,Nodule 001,5917.97,28.56,26.84,27.7,0.6494,0.9398,0.8754,0.4117,6.8834,0.2252,35.0,60.0,-60.0,110.0,0.12,0.88,0.0,0.616,19.09,solid,1
1.3.6.1.4.1.14519.5.2.1.6279.6001.487745546557477250336016826588,IL057_159699,5506.99,30.4,29.41,29.9,0.6448,0.9674,0.7402,0.4247,7.1923,0.2279,35.0,60.0,-60.0,110.0,0.12,0.88,0.0,0.616,18.64,solid,1
1.3.6.1.4.1.14519.5.2.1.6279.6001.487745546557477250336016826588,MI014_19465,6875.92,31.07,23.74,27.4,0.7163,0.764,0.9655,0.3551,6.9696,0.2153,35.0,60.0,-60.0,110.0,0.12,0.88,0.0,0.616,20.07,solid,1
1.3.6.1.4.1.14519.5.2.1.6279.6001.487745546557477250336016826588,0,7603.57,34.29,30.33,32.31,0.5604,0.8844,0.8019,0.4389,10.4016,0.2495,35.0,60.0,-60.0,110.0,0.12,0.88,0.0,0.616,20.76,solid,1
1.3.6.1.4.1.14519.5.2.1.6279.6001.206028343897359374907954580114,Nodule 001,1118.42,17.09,15.1,16.1,0.8239,0.8832,0.7313,0.5655,0.5229,0.111,35.0,60.0,-60.0,110.0,0.12,0.88,0.0,0.616,10.96,solid,1
1.3.6.1.4.1.14519.5.2.1.6279.6001.206028343897359374907954580114,IL057_127109,844.64,15.9,15.09,15.49,0.8415,0.9488,0.6289,0.6079,0.3109,0.0925,35.0,60.0,-60.0,110.0,0.12,0.88,0.0,0.616,9.98,solid,1
1.3.6.1.4.1.14519.5.2.1.6279.6001.206028343897359374907954580114,MI014_16369,621.07,15.39,12.65,14.02,0.8262,0.8223,0.65,0.6861,0.8302,0.1658,35.0,60.0,-60.0,110.0,0.12,0.88,0.0,0.616,9.01,solid,0
1.3.6.1.4.1.14519.5.2.1.6279.6001.206028343897359374907954580114,MI014_16375,56.35,5.68,5.47,5.58,0.8285,0.9631,0.8798,1.5224,0.04,0.0869,350.0,120.0,50.0,550.0,0.1,0.25,0.65,0.175,2.66,calcified,0
1.3.6.1.4.1.14519.5.2.1.6279.6001.206028343897359374907954580114,0,76.56,6.98,5.89,6.44,0.8161,0.8441,0.7161,1.3956,0.0739,0.106,35.0,60.0,-60.0,110.0,0.12,0.88,0.0,0.616,4.48,solid,0
1.3.6.1.4.1.14519.5.2.1.6279.6001.206028343897359374907954580114,1,701.92,13.94,12.26,13.1,0.795,0.8796,0.8969,0.6845,0.3402,0.1043,35.0,60.0,-60.0,110.0,0.12,0.88,0.0,0.616,9.38,solid,0
1.3.6.1.4.1.14519.5.2.1.6279.6001.206028343897359374907954580114,3,341.77,13.38,9.78,11.58,0.7809,0.7306,0.5603,0.8858,0.6366,0.1781,35.0,60.0,-60.0,110.0,0.12,0.88,0.0,0.616,7.38,solid,0
1.3.6.1.4.1.14519.5.2.1.6279.6001.206028343897359374907954580114,5,34.3,5.22,4.54,4.88,0.8299,0.8699,0.9574,1.7936,0.0459,0.1039,35.0,60.0,-60.0,110.0,0.12,0.88,0.0,0.616,3.43,solid,0
1.3.6.1.4.1.14519.5.2.1.6279.6001.564534197011295112247542153557,IL057_123831,76.26,8.73,5.75,7.24,0.7814,0.6588,0.5725,1.4594,0.5752,0.2713,35.0,60.0,-60.0,110.0,0.12,0.88,0.0,0.616,4.48,solid,0
1.3.6.1.4.1.14519.5.2.1.6279.6001.101228986346984399347858840086,Nodule 008,43.49,7.15,6.77,6.96,0.802,0.9473,0.3497,1.7146,0.105,0.1302,35.0,60.0,-60.0,110.0,0.12,0.88,0.0,0.616,3.71,solid,0
1.3.6.1.4.1.14519.5.2.1.6279.6001.101228986346984399347858840086,0,28.79,6.19,5.13,5.66,0.7811,0.8275,0.4036,2.0201,0.124,0.1719,35.0,60.0,-60.0,110.0,0.12,0.88,0.0,0.616,3.24,solid,0
1.3.6.1.4.1.14519.5.2.1.6279.6001.183843376225716802567192412456,Nodule 002,151.9,9.45,6.52,7.99,0.7995,0.6905,0.7939,1.1337,0.4149,0.1914,35.0,60.0,-60.0,110.0,0.12,0.88,0.0,0.616,5.63,solid,0
1.3.6.1.4.1.14519.5.2.1.6279.6001.183843376225716802567192412456,Nodule 007,109.02,7.24,6.14,6.69,0.8028,0.8478,1.0,1.2609,0.2937,0.1801,35.0,60.0,-60.0,110.0,0.12,0.88,0.0,0.616,5.04,solid,0
1.3.6.1.4.1.14519.5.2.1.6279.6001.183843376225716802567192412456,IL057_130664,41.16,8.18,7.09,7.64,0.746,0.8666,0.2444,1.8775,0.1075,0.1251,35.0,60.0,-60.0,110.0,0.12,0.88,0.0,0.616,3.64,solid,0
1.3.6.1.4.1.14519.5.2.1.6279.6001.183843376225716802567192412456,IL057_130667,33.07,5.68,4.31,4.99,0.8246,0.7589,0.8804,1.827,0.1119,0.1627,35.0,60.0,-60.0,110.0,0.12,0.88,0.0,0.616,3.39,solid,0
1.3.6.1.4.1.14519.5.2.1.6279.6001.183843376225716802567192412456,0,415.89,10.1,9.03,9.57,0.7661,0.8934,1.0,0.8457,0.8594,0.1972,35.0,60.0,-60.0,110.0,0.12,0.88,0.0,0.616,7.88,solid,0
1.3.6.1.4.1.14519.5.2.1.6279.6001.183843376225716802567192412456,6,249.29,9.02,8.0,8.51,0.7827,0.8867,1.0,0.9817,0.4078,0.1615,35.0,60.0,-60.0,110.0,0.12,0.88,0.0,0.616,6.64,solid,0
1.3.6.1.4.1.14519.5.2.1.6279.6001.183843376225716802567192412456,9,189.26,8.34,6.57,7.45,0.7062,0.788,1.0,1.1927,0.6937,0.2259,35.0,60.0,-60.0,110.0,0.12,0.88,0.0,0.616,6.06,solid,0
1.3.6.1.4.1.14519.5.2.1.6279.6001.264090899378396711987322794314,MI014_17496,4086.6,27.37,20.33,23.85,0.6676,0.7426,0.8676,0.4531,4.7558,0.2104,35.0,60.0,-60.0,110.0,0.12,0.88,0.0,0.616,16.88,solid,1
1.3.6.1.4.1.14519.5.2.1.6279.6001.986011151772797848993829243183,MI014_17779,215.6,9.67,8.54,9.1,0.8306,0.8838,0.7759,0.971,0.2197,0.1262,-220.0,140.0,-520.0,80.0,0.6,0.4,0.0,0.28,4.87,part_solid,0
1.3.6.1.4.1.14519.5.2.1.6279.6001.124663713663969377020085460568,Nodule 001,306.25,11.67,10.14,10.9,0.7968,0.8686,0.6426,0.9004,0.4301,0.1534,35.0,60.0,-60.0,110.0,0.12,0.88,0.0,0.616,7.12,solid,1
1.3.6.1.4.1.14519.5.2.1.6279.6001.124663713663969377020085460568,Nodule 002,1337.09,15.72,14.75,15.23,0.7668,0.9382,1.0,0.5725,1.7107,0.1843,35.0,60.0,-60.0,110.0,0.12,0.88,0.0,0.616,11.63,solid,1
1.3.6.1.4.1.14519.5.2.1.6279.6001.124663713663969377020085460568,Nodule 003,124.34,7.62,6.95,7.28,0.8281,0.9111,0.9838,1.17,0.1472,0.1224,35.0,60.0,-60.0,110.0,0.12,0.88,0.0,0.616,5.27,solid,0
1.3.6.1.4.1.14519.5.2.1.6279.6001.124663713663969377020085460568,IL057_126955,1199.89,14.93,14.47,14.7,0.7918,0.9689,1.0,0.5748,1.4305,0.1773,35.0,60.0,-60.0,110.0,0.12,0.88,0.0,0.616,11.22,solid,1
1.3.6.1.4.1.14519.5.2.1.6279.6001.124663713663969377020085460568,IL057_126957,341.77,12.88,9.94,11.41,0.8156,0.7722,0.5823,0.848,0.5104,0.1607,35.0,60.0,-60.0,110.0,0.12,0.88,0.0,0.616,7.38,solid,1
1.3.6.1.4.1.14519.5.2.1.6279.6001.124663713663969377020085460568,IL057_126966,35.77,9.19,5.27,7.23,0.7459,0.5739,0.2176,1.9678,0.3436,0.2325,35.0,60.0,-60.0,110.0,0.12,0.88,0.0,0.616,3.48,solid,0
1.3.6.1.4.1.14519.5.2.1.6279.6001.124663713663969377020085460568,IL057_135800,65.54,6.42,5.76,6.09,0.7994,0.8973,0.7784,1.5005,0.0829,0.1176,35.0,60.0,-60.0,110.0,0.12,0.88,0.0,0.616,4.26,solid,0
1.3.6.1.4.1.14519.5.2.1.6279.6001.124663713663969377020085460568,MI014_12195,1283.19,15.49,14.52,15.01,0.7783,0.9374,1.0,0.5718,1.5334,0.1771,35.0,60.0,-60.0,110.0,0.12,0.88,0.0,0.616,11.47,solid,1
1.3.6.1.4.1.14519.5.2.1.6279.6001.124663713663969377020085460568,MI014_12199,348.51,12.9,10.03,11.46,0.811,0.7777,0.5815,0.8473,0.4439,0.1485,35.0,60.0,-60.0,110.0,0.12,0.88,0.0,0.616,7.43,solid,1
1.3.6.1.4.1.14519.5.2.1.6279.6001.124663713663969377020085460568,0,415.27,13.23,9.67,11.45,0.759,0.7313,0.7561,0.854,1.0147,0.2107,35.0,60.0,-60.0,110.0,0.12,0.88,0.0,0.616,7.88,solid,0
1.3.6.1.4.1.14519.5.2.1.6279.6001.124663713663969377020085460568,6,1830.76,17.55,16.1,16.83,0.5732,0.9176,1.0,0.6897,2.4786,0.2012,35.0,60.0,-60.0,110.0,0.12,0.88,0.0,0.616,12.91,solid,1
1.3.6.1.4.1.14519.5.2.1.6279.6001.124663713663969377020085460568,10,209.47,8.62,7.33,7.98,0.7785,0.8495,1.0,1.0459,0.8349,0.239,35.0,60.0,-60.0,110.0,0.12,0.88,0.0,0.616,6.27,solid,0
1.3.6.1.4.1.14519.5.2.1.6279.6001.513023675145166449943177283490,Nodule 001,290.32,11.5,9.68,10.59,0.8142,0.8415,0.652,0.897,0.388,0.1492,35.0,60.0,-60.0,110.0,0.12,0.88,0.0,0.616,6.99,solid,1
1.3.6.1.4.1.14519.5.2.1.6279.6001.513023675145166449943177283490,IL057_122987,202.12,10.41,7.92,9.17,0.8006,0.7612,0.7206,1.0293,0.4379,0.1774,35.0,60.0,-60.0,110.0,0.12,0.88,0.0,0.616,6.2,solid,1
1.3.6.1.4.1.14519.5.2.1.6279.6001.513023675145166449943177283490,MI014_17519,232.14,10.36,8.51,9.44,0.813,0.8218,0.7239,0.9679,0.4204,0.1684,-220.0,140.0,-520.0,80.0,0.6,0.4,0.0,0.28,4.99,part_solid,0
1.3.6.1.4.1.14519.5.2.1.6279.6001.513023675145166449943177283490,0,281.14,11.81,8.59,10.2,0.804,0.7271,0.635,0.9182,0.4734,0.1677,35.0,60.0,-60.0,110.0,0.12,0.88,0.0,0.616,6.92,solid,0
1.3.6.1.4.1.14519.5.2.1.6279.6001.338447145504282422142824032832,Nodule 003,37.06,5.99,4.98,5.49,0.827,0.8318,0.6261,1.7541,0.1421,0.1773,35.0,60.0,-60.0,110.0,0.12,0.88,0.0,0.616,3.52,solid,0
1.3.6.1.4.1.14519.5.2.1.6279.6001.338447145504282422142824032832,MI014_17413,78.09,7.3,6.13,6.71,0.8285,0.8397,0.6854,1.3656,0.133,0.1359,350.0,120.0,50.0,550.0,0.1,0.25,0.65,0.175,2.97,calcified,0
1.3.6.1.4.1.14519.5.2.1.6279.6001.338447145504282422142824032832,0,83.91,7.26,6.48,6.87,0.7888,0.8918,0.6886,1.4004,0.2605,0.1854,35.0,60.0,-60.0,110.0,0.12,0.88,0.0,0.616,4.62,solid,0
1.3.6.1.4.1.14519.5.2.1.6279.6001.177685820605315926524514718990,Nodule 001,353.41,12.85,11.58,12.22,0.8401,0.9011,0.5835,0.8142,0.7681,0.1884,35.0,60.0,-60.0,110.0,0.12,0.88,0.0,0.616,7.46,solid,1
1.3.6.1.4.1.14519.5.2.1.6279.6001.177685820605315926524514718990,IL057_202752,310.84,11.52,10.38,10.95,0.8106,0.9017,0.7599,0.8807,0.7296,0.1945,35.0,60.0,-60.0,110.0,0.12,0.88,0.0,0.616,7.15,solid,1
1.3.6.1.4.1.14519.5.2.1.6279.6001.219909753224298157409438012179,Nodule 001,1994.3,23.63,18.49,21.06,0.7909,0.7823,0.5289,0.4857,1.6403,0.1579,35.0,60.0,-60.0,110.0,0.12,0.88,0.0,0.616,13.29,solid,1
1.3.6.1.4.1.14519.5.2.1.6279.6001.219909753224298157409438012179,Nodule 002,208.86,12.45,8.19,10.32,0.7711,0.6578,0.6023,1.057,1.0778,0.2605,35.0,60.0,-60.0,110.0,0.12,0.88,0.0,0.616,6.26,solid,1
1.3.6.1.4.1.14519.5.2.1.6279.6001.219909753224298157409438012179,IL057_127447,1675.19,21.12,17.15,19.14,0.8,0.812,0.7102,0.509,1.6546,0.1687,35.0,60.0,-60.0,110.0,0.12,0.88,0.0,0.616,12.54,solid,1
1.3.6.1.4.1.14519.5.2.1.6279.6001.219909753224298157409438012179,0,2743.39,25.67,18.26,21.97,0.6997,0.7111,0.6816,0.4937,3.1853,0.1999,35.0,60.0,-60.0,110.0,0.12,0.88,0.0,0.616,14.78,solid,1
1.3.6.1.4.1.14519.5.2.1.6279.6001.219909753224298157409438012179,1,588.61,14.87,11.63,13.25,0.6193,0.7822,0.8409,0.9318,1.9376,0.2532,35.0,60.0,-60.0,110.0,0.12,0.88,0.0,0.616,8.85,solid,1
1.3.6.1.4.1.14519.5.2.1.6279.6001.332829333783605240302521201463,Nodule 005,62.47,6.33,5.67,6.0,0.8316,0.8956,0.79,1.4656,0.1437,0.1529,350.0,120.0,50.0,550.0,0.1,0.25,0.65,0.175,2.75,calcified,0
1.3.6.1.4.1.14519.5.2.1.6279.6001.332829333783605240302521201463,Nodule 002,74.11,6.78,6.48,6.63,0.8409,0.9556,0.7377,1.3691,0.2001,0.1683,35.0,60.0,-60.0,110.0,0.12,0.88,0.0,0.616,4.43,solid,0
1.3.6.1.4.1.14519.5.2.1.6279.6001.332829333783605240302521201463,Nodule 006,58.19,7.31,5.83,6.57,0.8184,0.7974,0.5127,1.5249,0.1477,0.1539,350.0,120.0,50.0,550.0,0.1,0.25,0.65,0.175,2.69,calcified,0
1.3.6.1.4.1.14519.5.2.1.6279.6001.332829333783605240302521201463,IL057_128057,36.44,5.63,4.93,5.28,0.8219,0.875,0.6656,1.7746,0.0586,0.116,350.0,120.0,50.0,550.0,0.1,0.25,0.65,0.175,2.3,calcified,0
1.3.6.1.4.1.14519.5.2.1.6279.6001.332829333783605240302521201463,IL057_145176,135.97,11.66,7.21,9.44,0.7911,0.6182,0.4287,1.1887,0.8912,0.2655,350.0,120.0,50.0,550.0,0.1,0.25,0.65,0.175,3.57,calcified,0
1.3.6.1.4.1.14519.5.2.1.6279.6001.332829333783605240302521201463,IL057_145177,49.92,6.6,5.87,6.24,0.8314,0.8894,0.5678,1.5798,0.1483,0.1624,350.0,120.0,50.0,550.0,0.1,0.25,0.65,0.175,2.56,calcified,0
1.3.6.1.4.1.14519.5.2.1.6279.6001.332829333783605240302521201463,IL057_145178,174.26,9.13,8.56,8.84,0.8398,0.9378,0.6847,1.0309,0.132,0.1032,350.0,120.0,50.0,550.0,0.1,0.25,0.65,0.175,3.88,calcified,0
1.3.6.1.4.1.14519.5.2.1.6279.6001.332829333783605240302521201463,MI014_16093,53.29,7.48,5.5,6.49,0.8217,0.7354,0.5013,1.564,0.2138,0.1875,350.0,120.0,50.0,550.0,0.1,0.25,0.65,0.175,2.61,calcified,0
1.3.6.1.4.1.14519.5.2.1.6279.6001.332829333783605240302521201463,MI014_16091,52.06,6.31,6.06,6.19,0.8374,0.9604,0.5941,1.5465,0.066,0.1083,350.0,120.0,50.0,550.0,0.1,0.25,0.65,0.175,2.59,calcified,0
1.3.6.1.4.1.14519.5.2.1.6279.6001.332829333783605240302521201463,MI014_16088,153.12,8.55,8.07,8.31,0.8259,0.9437,0.7307,1.0945,0.2081,0.1359,350.0,120.0,50.0,550.0,0.1,0.25,0.65,0.175,3.71,calcified,0
1.3.6.1.4.1.14519.5.2.1.6279.6001.332829333783605240302521201463,0,108.41,7.34,6.86,7.1,0.7984,0.9347,0.8519,1.2703,0.1787,0.1416,350.0,120.0,50.0,550.0,0.1,0.25,0.65,0.175,3.31,calcified,0
1.3.6.1.4.1.14519.5.2.1.6279.6001.332829333783605240302521201463,1,79.62,6.49,6.02,6.26,0.7736,0.927,0.9626,1.4531,0.1924,0.1637,350.0,120.0,50.0,550.0,0.1,0.25,0.65,0.175,2.99,calcified,0
1.3.6.1.4.1.14519.5.2.1.6279.6001.332829333783605240302521201463,2,75.64,6.83,5.66,6.24,0.7753,0.8284,0.9152,1.4749,0.2301,0.1783,350.0,120.0,50.0,550.0,0.1,0.25,0.65,0.175,2.93,calcified,0
1.3.6.1.4.1.14519.5.2.1.6279.6001.332829333783605240302521201463,3,82.99,6.7,5.72,6.21,0.7655,0.8544,0.9328,1.4482,0.1773,0.1546,350.0,120.0,50.0,550.0,0.1,0.25,0.65,0.175,3.03,calcified,0
1.3.6.1.4.1.14519.5.2.1.6279.6001.332829333783605240302521201463,4,175.79,8.16,7.65,7.9,0.7885,0.937,1.0,1.0948,0.2484,0.1412,35.0,60.0,-60.0,110.0,0.12,0.88,0.0,0.616,5.91,solid,0
1.3.6.1.4.1.14519.5.2.1.6279.6001.272961322147784625028175033640,MI014_16494,65.54,5.84,4.88,5.36,0.8017,0.8344,1.0,1.4961,0.1623,0.1569,350.0,120.0,50.0,550.0,0.1,0.25,0.65,0.175,2.8,calcified,0
1.3.6.1.4.1.14519.5.2.1.6279.6001.272961322147784625028175033640,0,192.32,9.2,8.45,8.82,0.7932,0.9188,0.8154,1.0562,0.3368,0.1601,35.0,60.0,-60.0,110.0,0.12,0.88,0.0,0.616,6.09,solid,0
1.3.6.1.4.1.14519.5.2.1.6279.6001.138813197521718693188313387015,Nodule 001,2315.25,21.55,20.31,20.93,0.7628,0.9428,0.6962,0.4792,1.3373,0.1386,35.0,60.0,-60.0,110.0,0.12,0.88,0.0,0.616,13.97,solid,1
1.3.6.1.4.1.14519.5.2.1.6279.6001.138813197521718693188313387015,IL057_127378,2187.24,23.57,19.26,21.41,0.724,0.8173,0.6365,0.5145,2.9143,0.2016,35.0,60.0,-60.0,110.0,0.12,0.88,0.0,0.616,13.7,solid,1
1.3.6.1.4.1.14519.5.2.1.6279.6001.138813197521718693188313387015,MI014_16406,77.17,5.91,5.27,5.59,0.7924,0.8916,1.0,1.4335,0.283,0.1973,350.0,120.0,50.0,550.0,0.1,0.25,0.65,0.175,2.95,calcified,0
1.3.6.1.4.1.14519.5.2.1.6279.6001.138813197521718693188313387015,4,69.82,5.64,4.85,5.25,0.7505,0.8601,1.0,1.5649,0.2993,0.2064,350.0,120.0,50.0,550.0,0.1,0.25,0.65,0.175,2.86,calcified,0
1.3.6.1.4.1.14519.5.2.1.6279.6001.280125803152924778388346920341,Nodule 005,145.77,7.63,7.15,7.39,0.8159,0.9368,0.9833,1.1262,0.2339,0.1498,35.0,60.0,-60.0,110.0,0.12,0.88,0.0,0.616,5.56,solid,0
1.3.6.1.4.1.14519.5.2.1.6279.6001.280125803152924778388346920341,MI014_17907,106.57,8.16,7.19,7.67,0.8376,0.8818,0.613,1.2177,0.1161,0.1159,-220.0,140.0,-520.0,80.0,0.6,0.4,0.0,0.28,3.85,part_solid,1
1.3.6.1.4.1.14519.5.2.1.6279.6001.280125803152924778388346920341,MI014_17903,142.1,7.74,7.16,7.45,0.797,0.9248,0.969,1.1628,0.1564,0.1219,35.0,60.0,-60.0,110.0,0.12,0.88,0.0,0.616,5.51,solid,1
1.3.6.1.4.1.14519.5.2.1.6279.6001.280125803152924778388346920341,MI014_17897,174.56,8.72,7.71,8.21,0.812,0.8838,0.8601,1.0656,0.106,0.094,35.0,60.0,-60.0,110.0,0.12,0.88,0.0,0.616,5.9,solid,1
1.3.6.1.4.1.14519.5.2.1.6279.6001.280125803152924778388346920341,MI014_17918,53.9,8.96,8.29,8.62,0.7396,0.9252,0.2232,1.731,0.0808,0.0955,-220.0,140.0,-520.0,80.0,0.6,0.4,0.0,0.28,3.07,part_solid,0
1.3.6.1.4.1.14519.5.2.1.6279.6001.280125803152924778388346920341,MI014_17986,120.66,8.83,8.4,8.61,0.8317,0.9515,0.5663,1.1767,0.3342,0.1808,-220.0,140.0,-520.0,80.0,0.6,0.4,0.0,0.28,4.01,part_solid,0
1.3.6.1.4.1.14519.5.2.1.6279.6001.280125803152924778388346920341,0,116.38,7.41,7.0,7.21,0.8354,0.9452,1.0,1.1857,0.1602,0.1306,35.0,60.0,-60.0,110.0,0.12,0.88,0.0,0.616,5.15,solid,0
1.3.6.1.4.1.14519.5.2.1.6279.6001.280125803152924778388346920341,5,82.69,6.99,5.76,6.38,0.7498,0.824,1.0,1.4805,0.21,0.1615,35.0,60.0,-60.0,110.0,0.12,0.88,0.0,0.616,4.6,solid,0
1.3.6.1.4.1.14519.5.2.1.6279.6001.280125803152924778388346920341,15,154.35,9.73,8.68,9.21,0.8081,0.8922,0.5138,1.1156,0.2257,0.1385,35.0,60.0,-60.0,110.0,0.12,0.88,0.0,0.616,5.66,solid,1
1.3.6.1.4.1.14519.5.2.1.6279.6001.280125803152924778388346920341,22,120.66,8.48,7.67,8.08,0.8036,0.9048,0.5896,1.2178,0.0934,0.0993,35.0,60.0,-60.0,110.0,0.12,0.88,0.0,0.616,5.22,solid,0
1.3.6.1.4.1.14519.5.2.1.6279.6001.280125803152924778388346920341,33,65.54,6.37,6.0,6.19,0.8113,0.9432,0.7854,1.4784,0.0912,0.122,-580.0,75.0,-680.0,-450.0,0.95,0.05,0.0,0.035,1.64,pure_ggn,0
1.3.6.1.4.1.14519.5.2.1.6279.6001.503980049263254396021509831276,Nodule 001,233.36,10.93,8.68,9.81,0.8169,0.7942,0.6862,0.9616,0.4916,0.1809,35.0,60.0,-60.0,110.0,0.12,0.88,0.0,0.616,6.5,solid,0
1.3.6.1.4.1.14519.5.2.1.6279.6001.503980049263254396021509831276,Nodule 003,654.15,17.5,14.66,16.08,0.8096,0.8379,0.4286,0.6881,1.3508,0.1969,35.0,60.0,-60.0,110.0,0.12,0.88,0.0,0.616,9.16,solid,0
1.3.6.1.4.1.14519.5.2.1.6279.6001.503980049263254396021509831276,Nodule 002,1795.24,19.36,17.24,18.3,0.7547,0.8903,0.7746,0.5272,1.2057,0.145,35.0,60.0,-60.0,110.0,0.12,0.88,0.0,0.616,12.83,solid,1
1.3.6.1.4.1.14519.5.2.1.6279.6001.503980049263254396021509831276,IL057_159704,1614.55,18.98,17.16,18.07,0.7805,0.9039,0.7901,0.5282,0.9071,0.1285,35.0,60.0,-60.0,110.0,0.12,0.88,0.0,0.616,12.38,solid,1
1.3.6.1.4.1.14519.5.2.1.6279.6001.503980049263254396021509831276,MI014_19470,2434.69,20.51,20.08,20.3,0.8059,0.9791,0.8532,0.446,1.0446,0.1213,35.0,60.0,-60.0,110.0,0.12,0.88,0.0,0.616,14.2,solid,1
1.3.6.1.4.1.14519.5.2.1.6279.6001.503980049263254396021509831276,MI014_19474,1404.46,19.29,14.6,16.95,0.7142,0.757,0.9072,0.6047,2.7235,0.2222,35.0,60.0,-60.0,110.0,0.12,0.88,0.0,0.616,11.82,solid,1
1.3.6.1.4.1.14519.5.2.1.6279.6001.503980049263254396021509831276,MI014_19478,336.87,13.3,9.86,11.58,0.7968,0.7412,0.5639,0.8722,0.5254,0.1609,35.0,60.0,-60.0,110.0,0.12,0.88,0.0,0.616,7.35,solid,1
1.3.6.1.4.1.14519.5.2.1.6279.6001.503980049263254396021509831276,0,341.77,13.47,9.38,11.43,0.7793,0.6967,0.5569,0.8875,0.5613,0.1671,35.0,60.0,-60.0,110.0,0.12,0.88,0.0,0.616,7.38,solid,0
1.3.6.1.4.1.14519.5.2.1.6279.6001.503980049263254396021509831276,3,1637.21,22.54,16.33,19.43,0.767,0.7247,0.5547,0.5349,2.5737,0.2093,35.0,60.0,-60.0,110.0,0.12,0.88,0.0,0.616,12.44,solid,0
1.3.6.1.4.1.14519.5.2.1.6279.6001.511347030803753100045216493273,Nodule 002,9459.45,33.64,29.3,31.47,0.758,0.8711,0.8174,0.3016,4.3394,0.1573,35.0,60.0,-60.0,110.0,0.12,0.88,0.0,0.616,22.33,solid,1
1.3.6.1.4.1.14519.5.2.1.6279.6001.511347030803753100045216493273,Nodule 001,840.96,15.48,14.33,14.9,0.8251,0.9258,0.6461,0.6209,0.3791,0.1046,35.0,60.0,-60.0,110.0,0.12,0.88,0.0,0.616,9.96,solid,1
1.3.6.1.4.1.14519.5.2.1.6279.6001.511347030803753100045216493273,IL057_127424,8366.14,34.53,28.62,31.57,0.7392,0.8287,0.724,0.3222,5.0073,0.1716,35.0,60.0,-60.0,110.0,0.12,0.88,0.0,0.616,21.43,solid,1
1.3.6.1.4.1.14519.5.2.1.6279.6001.511347030803753100045216493273,IL057_128836,434.88,14.07,11.44,12.76,0.8446,0.8125,0.5329,0.7558,0.4197,0.1326,350.0,120.0,50.0,550.0,0.1,0.25,0.65,0.175,5.26,calcified,0
1.3.6.1.4.1.14519.5.2.1.6279.6001.511347030803753100045216493273,MI014_16455,501.64,12.94,9.99,11.47,0.8355,0.772,0.9658,0.7285,0.6925,0.164,350.0,120.0,50.0,550.0,0.1,0.25,0.65,0.175,5.51,calcified,0
1.3.6.1.4.1.14519.5.2.1.6279.6001.511347030803753100045216493273,1,614.95,13.82,10.93,12.37,0.8066,0.7909,0.9047,0.7051,0.7219,0.1591,350.0,120.0,50.0,550.0,0.1,0.25,0.65,0.175,5.9,calcified,0
1.3.6.1.4.1.14519.5.2.1.6279.6001.511347030803753100045216493273,2,746.02,14.02,12.06,13.04,0.8093,0.8604,0.8917,0.6588,0.3101,0.0991,35.0,60.0,-60.0,110.0,0.12,0.88,0.0,0.616,9.57,solid,0
1.3.6.1.4.1.14519.5.2.1.6279.6001.511347030803753100045216493273,5,526.75,11.86,8.72,10.29,0.7127,0.7356,1.0,0.8402,2.7009,0.294,-580.0,75.0,-680.0,-450.0,0.95,0.05,0.0,0.035,3.28,pure_ggn,0
1.3.6.1.4.1.14519.5.2.1.6279.6001.910435939545691201820711078950,Nodule 006,414.66,15.38,10.33,12.85,0.8088,0.6711,0.4875,0.8018,1.022,0.2064,35.0,60.0,-60.0,110.0,0.12,0.88,0.0,0.616,7.87,solid,1
1.3.6.1.4.1.14519.5.2.1.6279.6001.910435939545691201820711078950,Nodule 005,847.7,18.19,16.24,17.21,0.8164,0.8927,0.4123,0.6259,0.5486,0.1162,35.0,60.0,-60.0,110.0,0.12,0.88,0.0,0.616,9.99,solid,1
1.3.6.1.4.1.14519.5.2.1.6279.6001.910435939545691201820711078950,Nodule 018,173.95,9.08,8.59,8.84,0.8394,0.9455,0.8256,1.0321,0.2096,0.1291,-220.0,140.0,-520.0,80.0,0.6,0.4,0.0,0.28,4.53,part_solid,1
1.3.6.1.4.1.14519.5.2.1.6279.6001.910435939545691201820711078950,Nodule 001,2086.79,24.53,17.99,21.26,0.7831,0.7334,0.7135,0.4832,5.3957,0.2721,35.0,60.0,-60.0,110.0,0.12,0.88,0.0,0.616,13.49,solid,1
1.3.6.1.4.1.14519.5.2.1.6279.6001.910435939545691201820711078950,Nodule 003,355.86,10.36,9.18,9.77,0.7871,0.8859,1.0,0.8671,1.0785,0.2248,35.0,60.0,-60.0,110.0,0.12,0.88,0.0,0.616,7.48,solid,0
1.3.6.1.4.1.14519.5.2.1.6279.6001.910435939545691201820711078950,Nodule 002,563.5,13.46,11.55,12.51,0.8083,0.8584,0.743,0.7244,0.3399,0.1141,35.0,60.0,-60.0,110.0,0.12,0.88,0.0,0.616,8.72,solid,1
1.3.6.1.4.1.14519.5.2.1.6279.6001.910435939545691201820711078950,IL057_123012,1474.29,23.83,16.16,20.0,0.7789,0.6781,0.6294,0.5455,4.9247,0.282,35.0,60.0,-60.0,110.0,0.12,0.88,0.0,0.616,12.01,solid,1
1.3.6.1.4.1.14519.5.2.1.6279.6001.910435939545691201820711078950,IL057_123034,183.14,9.0,8.51,8.75,0.8362,0.9449,0.8332,1.0184,0.1337,0.1025,-220.0,140.0,-520.0,80.0,0.6,0.4,0.0,0.28,4.61,part_solid,1
1.3.6.1.4.1.14519.5.2.1.6279.6001.910435939545691201820711078950,IL057_123039,196.0,9.5,7.96,8.73,0.8545,0.8378,0.7894,0.9743,0.0718,0.0744,350.0,120.0,50.0,550.0,0.1,0.25,0.65,0.175,4.03,calcified,0
1.3.6.1.4.1.14519.5.2.1.6279.6001.910435939545691201820711078950,IL057_128062,660.27,16.36,15.29,15.82,0.7701,0.9342,0.4584,0.7212,1.1981,0.1875,35.0,60.0,-60.0,110.0,0.12,0.88,0.0,0.616,9.19,solid,1
1.3.6.1.4.1.14519.5.2.1.6279.6001.910435939545691201820711078950,MI014_17556,276.24,9.71,7.23,8.47,0.7438,0.7441,1.0,0.9983,1.0953,0.2433,35.0,60.0,-60.0,110.0,0.12,0.88,0.0,0.616,6.88,solid,1
1.3.6.1.4.1.14519.5.2.1.6279.6001.910435939545691201820711078950,MI014_17571,191.71,8.8,7.95,8.38,0.8197,0.9032,0.8519,1.0231,0.1556,0.1114,350.0,120.0,50.0,550.0,0.1,0.25,0.65,0.175,4.0,calcified,0
1.3.6.1.4.1.14519.5.2.1.6279.6001.910435939545691201820711078950,MI014_17551,495.51,14.59,12.06,13.32,0.8105,0.8263,0.514,0.754,0.3655,0.1188,35.0,60.0,-60.0,110.0,0.12,0.88,0.0,0.616,8.35,solid,1
1.3.6.1.4.1.14519.5.2.1.6279.6001.910435939545691201820711078950,MI014_17544,1748.69,23.02,16.53,19.78,0.7857,0.7179,0.7601,0.5109,4.0164,0.2471,35.0,60.0,-60.0,110.0,0.12,0.88,0.0,0.616,12.72,solid,1
1.3.6.1.4.1.14519.5.2.1.6279.6001.910435939545691201820711078950,MI014_17549,363.21,13.72,10.5,12.11,0.7189,0.7652,0.5468,0.9428,1.0683,0.223,35.0,60.0,-60.0,110.0,0.12,0.88,0.0,0.616,7.53,solid,1
1.3.6.1.4.1.14519.5.2.1.6279.6001.910435939545691201820711078950,MI014_17559,230.91,10.32,8.46,9.39,0.8144,0.8203,0.7268,0.9679,0.3469,0.1546,35.0,60.0,-60.0,110.0,0.12,0.88,0.0,0.616,6.48,solid,1
1.3.6.1.4.1.14519.5.2.1.6279.6001.910435939545691201820711078950,MI014_17597,1042.47,17.72,15.43,16.57,0.8386,0.8707,0.7055,0.5687,0.7569,0.1335,35.0,60.0,-60.0,110.0,0.12,0.88,0.0,0.616,10.7,solid,1
1.3.6.1.4.1.14519.5.2.1.6279.6001.910435939545691201820711078950,0,349.74,10.63,8.92,9.77,0.7505,0.8396,1.0,0.9146,0.9571,0.2142,35.0,60.0,-60.0,110.0,0.12,0.88,0.0,0.616,7.44,solid,0
1.3.6.1.4.1.14519.5.2.1.6279.6001.910435939545691201820711078950,21,235.81,9.76,8.58,9.17,0.8013,0.8795,0.7688,0.9769,0.145,0.1005,350.0,120.0,50.0,550.0,0.1,0.25,0.65,0.175,4.29,calcified,0
1.3.6.1.4.1.14519.5.2.1.6279.6001.910435939545691201820711078950,24,449.57,11.79,9.32,10.55,0.7526,0.791,1.0,0.8387,0.8748,0.1926,35.0,60.0,-60.0,110.0,0.12,0.88,0.0,0.616,8.09,solid,0
1.3.6.1.4.1.14519.5.2.1.6279.6001.910435939545691201820711078950,25,184.97,8.7,8.45,8.57,0.7781,0.971,0.8623,1.0908,0.1884,0.1224,-580.0,75.0,-680.0,-450.0,0.95,0.05,0.0,0.035,2.31,pure_ggn,0
1.3.6.1.4.1.14519.5.2.1.6279.6001.122914038048856168343065566972,Nodule 008,196.0,8.48,6.89,7.69,0.742,0.8124,1.0,1.122,1.0943,0.2647,35.0,60.0,-60.0,110.0,0.12,0.88,0.0,0.616,6.13,solid,0
1.3.6.1.4.1.14519.5.2.1.6279.6001.122914038048856168343065566972,Nodule 012,123.72,9.77,6.94,8.35,0.8276,0.7103,0.512,1.1727,0.3026,0.1735,350.0,120.0,50.0,550.0,0.1,0.25,0.65,0.175,3.46,calcified,0
1.3.6.1.4.1.14519.5.2.1.6279.6001.122914038048856168343065566972,MI014_17836,62.47,6.32,4.36,5.34,0.7193,0.6891,1.0,1.6944,0.429,0.2431,35.0,60.0,-60.0,110.0,0.12,0.88,0.0,0.616,4.19,solid,0
1.3.6.1.4.1.14519.5.2.1.6279.6001.122914038048856168343065566972,MI014_17838,44.71,5.74,4.33,5.03,0.8106,0.7537,0.8711,1.6809,0.0599,0.1138,-580.0,75.0,-680.0,-450.0,0.95,0.05,0.0,0.035,1.44,pure_ggn,0
1.3.6.1.4.1.14519.5.2.1.6279.6001.122914038048856168343065566972,MI014_17830,65.54,7.07,5.66,6.37,0.7765,0.8008,0.707,1.5447,0.2306,0.191,35.0,60.0,-60.0,110.0,0.12,0.88,0.0,0.616,4.26,solid,0
1.3.6.1.4.1.14519.5.2.1.6279.6001.122914038048856168343065566972,0,142.1,8.82,6.55,7.68,0.79,0.7426,0.8506,1.173,0.5355,0.2224,35.0,60.0,-60.0,110.0,0.12,0.88,0.0,0.616,5.51,solid,0
1.3.6.1.4.1.14519.5.2.1.6279.6001.122914038048856168343065566972,13,171.5,9.54,7.07,8.31,0.7749,0.7411,0.7858,1.1232,0.3409,0.1678,35.0,60.0,-60.0,110.0,0.12,0.88,0.0,0.616,5.87,solid,0
1.3.6.1.4.1.14519.5.2.1.6279.6001.122914038048856168343065566972,27,92.49,6.39,5.66,6.03,0.7623,0.8852,1.0,1.4027,0.1798,0.1491,35.0,60.0,-60.0,110.0,0.12,0.88,0.0,0.616,4.77,solid,0
1.3.6.1.4.1.14519.5.2.1.6279.6001.338114620394879648539943280992,Nodule 001,870.36,17.23,15.4,16.31,0.7338,0.8937,0.5805,0.6903,1.749,0.2125,35.0,60.0,-60.0,110.0,0.12,0.88,0.0,0.616,10.08,solid,1
1.3.6.1.4.1.14519.5.2.1.6279.6001.338114620394879648539943280992,IL057_127017,635.16,17.2,14.27,15.73,0.7807,0.8299,0.4362,0.7206,1.2257,0.1905,35.0,60.0,-60.0,110.0,0.12,0.88,0.0,0.616,9.07,solid,1
1.3.6.1.4.1.14519.5.2.1.6279.6001.338114620394879648539943280992,MI014_12034,799.31,16.65,14.01,15.33,0.7448,0.8417,0.6007,0.6996,1.1999,0.1831,35.0,60.0,-60.0,110.0,0.12,0.88,0.0,0.616,9.8,solid,1
1.3.6.1.4.1.14519.5.2.1.6279.6001.250863365157630276148828903732,Nodule 003,190.79,10.92,7.25,9.08,0.7888,0.6638,0.6869,1.065,0.9849,0.2652,35.0,60.0,-60.0,110.0,0.12,0.88,0.0,0.616,6.08,solid,0
1.3.6.1.4.1.14519.5.2.1.6279.6001.250863365157630276148828903732,Nodule 001,287.26,12.51,10.56,11.53,0.7778,0.8442,0.4997,0.9423,0.9554,0.2262,35.0,60.0,-60.0,110.0,0.12,0.88,0.0,0.616,6.97,solid,1
1.3.6.1.4.1.14519.5.2.1.6279.6001.250863365157630276148828903732,IL057_159589,341.47,15.26,13.04,14.15,0.776,0.8545,0.3277,0.8916,0.9865,0.1958,-220.0,140.0,-520.0,80.0,0.6,0.4,0.0,0.28,5.67,part_solid,1
1.3.6.1.4.1.14519.5.2.1.6279.6001.250863365157630276148828903732,0,310.23,12.36,8.71,10.54,0.7397,0.7045,0.7078,0.9658,1.2402,0.2582,-580.0,75.0,-680.0,-450.0,0.95,0.05,0.0,0.035,2.75,pure_ggn,0
1.3.6.1.4.1.14519.5.2.1.6279.6001.250863365157630276148828903732,5,538.69,16.32,11.53,13.93,0.6316,0.7063,0.5361,0.941,1.752,0.2473,-580.0,75.0,-680.0,-450.0,0.95,0.05,0.0,0.035,3.3,pure_ggn,0
1.3.6.1.4.1.14519.5.2.1.6279.6001.250863365157630276148828903732,17,94.02,9.02,7.58,8.3,0.7792,0.8405,0.4158,1.3649,0.24,0.16,-580.0,75.0,-680.0,-450.0,0.95,0.05,0.0,0.035,1.85,pure_ggn,0
1.3.6.1.4.1.14519.5.2.1.6279.6001.239358021703233250639913775427,Nodule 005,133.52,9.11,7.93,8.52,0.8317,0.8703,0.5486,1.1377,0.1399,0.1162,35.0,60.0,-60.0,110.0,0.12,0.88,0.0,0.616,5.4,solid,0
1.3.6.1.4.1.14519.5.2.1.6279.6001.239358021703233250639913775427,Nodule 018,170.27,11.01,9.06,10.04,0.8348,0.8236,0.4543,1.0451,0.5078,0.1941,35.0,60.0,-60.0,110.0,0.12,0.88,0.0,0.616,5.85,solid,0
1.3.6.1.4.1.14519.5.2.1.6279.6001.239358021703233250639913775427,Nodule 001,229.07,12.69,9.72,11.21,0.8033,0.7655,0.3939,0.9839,0.4275,0.1592,35.0,60.0,-60.0,110.0,0.12,0.88,0.0,0.616,6.46,solid,0
1.3.6.1.4.1.14519.5.2.1.6279.6001.239358021703233250639913775427,IL057_203351,190.49,13.58,9.61,11.6,0.7826,0.7074,0.3681,1.0739,1.8837,0.3358,35.0,60.0,-60.0,110.0,0.12,0.88,0.0,0.616,6.07,solid,1
1.3.6.1.4.1.14519.5.2.1.6279.6001.239358021703233250639913775427,IL057_205799,110.25,8.05,7.76,7.91,0.8326,0.9637,0.6208,1.2113,0.1951,0.1472,35.0,60.0,-60.0,110.0,0.12,0.88,0.0,0.616,5.06,solid,0
1.3.6.1.4.1.14519.5.2.1.6279.6001.239358021703233250639913775427,IL057_205801,73.5,7.42,5.9,6.66,0.8323,0.7958,0.6742,1.387,0.1612,0.1538,35.0,60.0,-60.0,110.0,0.12,0.88,0.0,0.616,4.42,solid,0
1.3.6.1.4.1.14519.5.2.1.6279.6001.239358021703233250639913775427,IL057_205802,181.3,10.78,8.89,9.84,0.8093,0.8242,0.4636,1.0558,0.1986,0.1219,35.0,60.0,-60.0,110.0,0.12,0.88,0.0,0.616,5.97,solid,0
1.3.6.1.4.1.14519.5.2.1.6279.6001.239358021703233250639913775427,IL057_205805,50.22,6.11,5.04,5.58,0.8159,0.8243,0.8179,1.6065,0.1325,0.1597,35.0,60.0,-60.0,110.0,0.12,0.88,0.0,0.616,3.89,solid,0
1.3.6.1.4.1.14519.5.2.1.6279.6001.239358021703233250639913775427,IL057_205806,104.74,8.48,6.97,7.72,0.7994,0.8225,0.5899,1.2834,0.1937,0.149,35.0,60.0,-60.0,110.0,0.12,0.88,0.0,0.616,4.98,solid,0
1.3.6.1.4.1.14519.5.2.1.6279.6001.239358021703233250639913775427,IL057_216822,167.21,10.46,7.06,8.76,0.8156,0.6744,0.7169,1.0762,1.1637,0.3012,35.0,60.0,-60.0,110.0,0.12,0.88,0.0,0.616,5.82,solid,0
1.3.6.1.4.1.14519.5.2.1.6279.6001.239358021703233250639913775427,MI014_21032,204.57,11.67,9.35,10.51,0.7926,0.8015,0.4285,1.0355,0.2442,0.1272,-220.0,140.0,-520.0,80.0,0.6,0.4,0.0,0.28,4.78,part_solid,0
1.3.6.1.4.1.14519.5.2.1.6279.6001.239358021703233250639913775427,MI014_21036,170.27,9.86,7.4,8.63,0.8199,0.7509,0.7607,1.0642,0.2982,0.1541,-220.0,140.0,-520.0,80.0,0.6,0.4,0.0,0.28,4.5,part_solid,0
1.3.6.1.4.1.14519.5.2.1.6279.6001.239358021703233250639913775427,MI014_21045,125.56,7.07,5.68,6.38,0.7695,0.8033,1.0,1.255,0.842,0.2746,-220.0,140.0,-520.0,80.0,0.6,0.4,0.0,0.28,4.06,part_solid,0
1.3.6.1.4.1.14519.5.2.1.6279.6001.239358021703233250639913775427,MI014_21049,83.91,7.07,6.61,6.84,0.8121,0.9343,0.7071,1.3602,0.083,0.1075,-580.0,75.0,-680.0,-450.0,0.95,0.05,0.0,0.035,1.78,pure_ggn,0
1.3.6.1.4.1.14519.5.2.1.6279.6001.239358021703233250639913775427,MI014_21028,262.76,18.28,7.11,12.69,0.7122,0.3888,0.6839,1.0601,5.6005,0.4297,-580.0,75.0,-680.0,-450.0,0.95,0.05,0.0,0.035,2.6,pure_ggn,0
1.3.6.1.4.1.14519.5.2.1.6279.6001.239358021703233250639913775427,MI014_21043,150.67,9.53,8.72,9.12,0.809,0.9152,0.5248,1.1234,0.214,0.1359,-580.0,75.0,-680.0,-450.0,0.95,0.05,0.0,0.035,2.16,pure_ggn,0
1.3.6.1.4.1.14519.5.2.1.6279.6001.239358021703233250639913775427,MI014_21034,159.86,9.92,8.54,9.23,0.812,0.8608,0.5038,1.0973,0.1383,0.1076,-220.0,140.0,-520.0,80.0,0.6,0.4,0.0,0.28,4.41,part_solid,0
1.3.6.1.4.1.14519.5.2.1.6279.6001.239358021703233250639913775427,MI014_21040,171.5,8.68,7.7,8.19,0.8131,0.8865,0.8638,1.0704,0.1531,0.1129,-220.0,140.0,-520.0,80.0,0.6,0.4,0.0,0.28,4.51,part_solid,0
1.3.6.1.4.1.14519.5.2.1.6279.6001.239358021703233250639913775427,MI014_21029,226.01,12.19,7.85,10.02,0.7841,0.6439,0.6152,1.0125,0.73,0.2153,-220.0,140.0,-520.0,80.0,0.6,0.4,0.0,0.28,4.94,part_solid,0
1.3.6.1.4.1.14519.5.2.1.6279.6001.239358021703233250639913775427,0,285.42,13.21,9.34,11.27,0.7645,0.7071,0.7572,0.9608,2.1557,0.3199,35.0,60.0,-60.0,110.0,0.12,0.88,0.0,0.616,6.95,solid,0
1.3.6.1.4.1.14519.5.2.1.6279.6001.239358021703233250639913775427,3,399.96,15.22,11.11,13.17,0.7479,0.7301,0.4928,0.8776,1.9146,0.2803,35.0,60.0,-60.0,110.0,0.12,0.88,0.0,0.616,7.78,solid,1
1.3.6.1.4.1.14519.5.2.1.6279.6001.239358021703233250639913775427,5,167.21,9.57,9.39,9.48,0.8136,0.9813,0.5226,1.0789,0.1895,0.1236,35.0,60.0,-60.0,110.0,0.12,0.88,0.0,0.616,5.82,solid,0
1.3.6.1.4.1.14519.5.2.1.6279.6001.239358021703233250639913775427,7,90.65,8.71,6.1,7.41,0.7483,0.7,0.5739,1.4386,0.263,0.1789,35.0,60.0,-60.0,110.0,0.12,0.88,0.0,0.616,4.74,solid,0
1.3.6.1.4.1.14519.5.2.1.6279.6001.239358021703233250639913775427,15,212.54,9.71,8.7,9.21,0.7901,0.8958,0.7723,1.0257,0.2382,0.1308,35.0,60.0,-60.0,110.0,0.12,0.88,0.0,0.616,6.3,solid,0
1.3.6.1.4.1.14519.5.2.1.6279.6001.239358021703233250639913775427,18,92.49,8.13,6.33,7.23,0.7774,0.7788,0.615,1.3755,0.1578,0.1413,35.0,60.0,-60.0,110.0,0.12,0.88,0.0,0.616,4.77,solid,0
1.3.6.1.4.1.14519.5.2.1.6279.6001.239358021703233250639913775427,24,216.21,10.53,7.68,9.11,0.8085,0.7297,0.7123,0.9966,0.2998,0.1457,35.0,60.0,-60.0,110.0,0.12,0.88,0.0,0.616,6.34,solid,0
1.3.6.1.4.1.14519.5.2.1.6279.6001.183982839679953938397312236359,Nodule 001,7191.36,31.05,30.43,30.74,0.7282,0.98,0.7246,0.3441,3.48,0.1529,35.0,60.0,-60.0,110.0,0.12,0.88,0.0,0.616,20.38,solid,1
1.3.6.1.4.1.14519.5.2.1.6279.6001.183982839679953938397312236359,IL057_127437,7723.01,37.68,33.03,35.36,0.6166,0.8764,0.5307,0.3968,8.0402,0.211,35.0,60.0,-60.0,110.0,0.12,0.88,0.0,0.616,20.87,solid,1
1.3.6.1.4.1.14519.5.2.1.6279.6001.779493719385047675154892222907,Nodule 001,791.35,13.27,13.18,13.22,0.8204,0.9929,0.942,0.6373,0.4507,0.1182,35.0,60.0,-60.0,110.0,0.12,0.88,0.0,0.616,9.76,solid,1
1.3.6.1.4.1.14519.5.2.1.6279.6001.779493719385047675154892222907,Nodule 004,840.96,13.44,11.67,12.56,0.79,0.8685,1.0,0.6485,1.0854,0.1765,35.0,60.0,-60.0,110.0,0.12,0.88,0.0,0.616,9.96,solid,1
1.3.6.1.4.1.14519.5.2.1.6279.6001.779493719385047675154892222907,IL057_126997,543.29,13.49,11.05,12.27,0.7999,0.8188,0.7412,0.7409,0.6085,0.1534,35.0,60.0,-60.0,110.0,0.12,0.88,0.0,0.616,8.61,solid,1
1.3.6.1.4.1.14519.5.2.1.6279.6001.779493719385047675154892222907,IL057_126993,649.86,12.73,11.72,12.23,0.8206,0.9205,0.9817,0.6804,0.4136,0.12,35.0,60.0,-60.0,110.0,0.12,0.88,0.0,0.616,9.14,solid,1
1.3.6.1.4.1.14519.5.2.1.6279.6001.779493719385047675154892222907,IL057_126998,74.72,7.04,6.08,6.56,0.8099,0.8638,0.7103,1.4177,0.1328,0.141,35.0,60.0,-60.0,110.0,0.12,0.88,0.0,0.616,4.45,solid,0
1.3.6.1.4.1.14519.5.2.1.6279.6001.779493719385047675154892222907,MI014_12233,724.59,12.82,12.69,12.75,0.8092,0.9893,0.9749,0.6653,0.3737,0.1105,35.0,60.0,-60.0,110.0,0.12,0.88,0.0,0.616,9.48,solid,1
1.3.6.1.4.1.14519.5.2.1.6279.6001.779493719385047675154892222907,0,866.69,13.43,12.51,12.97,0.7918,0.9315,1.0,0.6406,0.8661,0.1559,35.0,60.0,-60.0,110.0,0.12,0.88,0.0,0.616,10.07,solid,0
1.3.6.1.4.1.14519.5.2.1.6279.6001.779493719385047675154892222907,5,856.89,12.97,12.43,12.7,0.7666,0.9587,1.0,0.6642,1.3412,0.1952,35.0,60.0,-60.0,110.0,0.12,0.88,0.0,0.616,10.03,solid,0
1.3.6.1.4.1.14519.5.2.1.6279.6001.126631670596873065041988320084,Nodule 002,252.96,11.94,8.66,10.3,0.8013,0.7255,0.6282,0.9543,0.8285,0.2223,35.0,60.0,-60.0,110.0,0.12,0.88,0.0,0.616,6.68,solid,0
1.3.6.1.4.1.14519.5.2.1.6279.6001.126631670596873065041988320084,Nodule 001,1806.57,26.31,17.73,22.02,0.7567,0.6737,0.5225,0.5247,6.7876,0.3112,35.0,60.0,-60.0,110.0,0.12,0.88,0.0,0.616,12.86,solid,1
1.3.6.1.4.1.14519.5.2.1.6279.6001.126631670596873065041988320084,IL057_159650,263.37,11.66,8.59,10.13,0.7994,0.7362,0.7502,0.9438,0.7426,0.2073,35.0,60.0,-60.0,110.0,0.12,0.88,0.0,0.616,6.77,solid,0
1.3.6.1.4.1.14519.5.2.1.6279.6001.126631670596873065041988320084,IL057_159648,1332.8,22.71,20.04,21.38,0.7306,0.8823,0.4403,0.6015,4.766,0.2838,35.0,60.0,-60.0,110.0,0.12,0.88,0.0,0.616,11.62,solid,1
1.3.6.1.4.1.14519.5.2.1.6279.6001.126631670596873065041988320084,MI014_13717,12399.76,52.84,34.76,43.8,0.6027,0.6579,0.7333,0.3467,32.6888,0.3307,35.0,60.0,-60.0,110.0,0.12,0.88,0.0,0.616,24.43,solid,1
1.3.6.1.4.1.14519.5.2.1.6279.6001.126631670596873065041988320084,0,650.78,20.23,12.87,16.55,0.7728,0.6364,0.5562,0.7221,4.2853,0.3254,35.0,60.0,-60.0,110.0,0.12,0.88,0.0,0.616,9.15,solid,1
1.3.6.1.4.1.14519.5.2.1.6279.6001.126631670596873065041988320084,2,333.2,12.45,9.3,10.87,0.7335,0.7468,0.8033,0.951,0.9876,0.2166,35.0,60.0,-60.0,110.0,0.12,0.88,0.0,0.616,7.32,solid,0
1.3.6.1.4.1.14519.5.2.1.6279.6001.300136985030081433029390459071,Nodule 002,6471.06,30.45,26.9,28.68,0.822,0.8832,0.7388,0.3157,4.1574,0.1743,35.0,60.0,-60.0,110.0,0.12,0.88,0.0,0.616,19.67,solid,1
1.3.6.1.4.1.14519.5.2.1.6279.6001.300136985030081433029390459071,IL057_203333,415.89,13.55,11.61,12.58,0.8182,0.8566,0.5536,0.7919,0.3977,0.1314,35.0,60.0,-60.0,110.0,0.12,0.88,0.0,0.616,7.88,solid,1
1.3.6.1.4.1.14519.5.2.1.6279.6001.300136985030081433029390459071,IL057_203329,5630.1,28.58,26.92,27.75,0.8073,0.942,0.7872,0.3367,5.2553,0.2019,35.0,60.0,-60.0,110.0,0.12,0.88,0.0,0.616,18.78,solid,1
1.3.6.1.4.1.14519.5.2.1.6279.6001.300136985030081433029390459071,MI014_21007,527.97,13.44,11.01,12.22,0.8179,0.8188,0.7439,0.7315,0.2601,0.1016,35.0,60.0,-60.0,110.0,0.12,0.88,0.0,0.616,8.53,solid,1
1.3.6.1.4.1.14519.5.2.1.6279.6001.300136985030081433029390459071,MI014_20983,5849.99,28.61,26.02,27.32,0.8309,0.9095,0.7864,0.323,4.2519,0.1825,35.0,60.0,-60.0,110.0,0.12,0.88,0.0,0.616,19.02,solid,1
1.3.6.1.4.1.14519.5.2.1.6279.6001.300136985030081433029390459071,1,823.2,16.07,14.54,15.31,0.7643,0.9046,0.6222,0.6751,0.9677,0.1647,35.0,60.0,-60.0,110.0,0.12,0.88,0.0,0.616,9.89,solid,0
1.3.6.1.4.1.14519.5.2.1.6279.6001.174449669706458092793093760291,Nodule 001,2100.88,21.19,18.25,19.72,0.7753,0.861,0.7078,0.487,1.1175,0.1321,35.0,60.0,-60.0,110.0,0.12,0.88,0.0,0.616,13.52,solid,1
1.3.6.1.4.1.14519.5.2.1.6279.6001.174449669706458092793093760291,IL057_127325,1773.19,20.06,17.06,18.56,0.7867,0.8502,0.7476,0.5079,0.9602,0.1283,35.0,60.0,-60.0,110.0,0.12,0.88,0.0,0.616,12.78,solid,1
1.3.6.1.4.1.14519.5.2.1.6279.6001.174449669706458092793093760291,MI014_12069,1689.89,19.0,16.7,17.85,0.7927,0.8786,0.9209,0.5122,0.6391,0.1065,35.0,60.0,-60.0,110.0,0.12,0.88,0.0,0.616,12.57,solid,1
1.3.6.1.4.1.14519.5.2.1.6279.6001.174449669706458092793093760291,0,1890.17,19.41,17.02,18.21,0.796,0.8769,0.9017,0.4914,0.7258,0.1103,35.0,60.0,-60.0,110.0,0.12,0.88,0.0,0.616,13.05,solid,0
1.3.6.1.4.1.14519.5.2.1.6279.6001.214252223927572015414741039150,Nodule 003,203.35,11.52,9.95,10.73,0.8292,0.8635,0.4341,0.9918,0.4594,0.1732,35.0,60.0,-60.0,110.0,0.12,0.88,0.0,0.616,6.21,solid,0
1.3.6.1.4.1.14519.5.2.1.6279.6001.214252223927572015414741039150,Nodule 002,343.0,11.18,11.08,11.13,0.8256,0.9915,0.671,0.8368,0.1937,0.1008,35.0,60.0,-60.0,110.0,0.12,0.88,0.0,0.616,7.39,solid,1
1.3.6.1.4.1.14519.5.2.1.6279.6001.214252223927572015414741039150,Nodule 001,894.86,18.8,12.9,15.85,0.7968,0.686,0.532,0.6298,1.5285,0.2007,35.0,60.0,-60.0,110.0,0.12,0.88,0.0,0.616,10.17,solid,1
1.3.6.1.4.1.14519.5.2.1.6279.6001.214252223927572015414741039150,IL057_127726,863.62,18.36,13.19,15.78,0.7307,0.7183,0.5446,0.6949,1.7747,0.2169,-220.0,140.0,-520.0,80.0,0.6,0.4,0.0,0.28,7.73,part_solid,1
1.3.6.1.4.1.14519.5.2.1.6279.6001.214252223927572015414741039150,IL057_127732,248.06,9.66,9.16,9.41,0.8185,0.9486,0.7766,0.9404,0.1044,0.084,-220.0,140.0,-520.0,80.0,0.6,0.4,0.0,0.28,5.1,part_solid,1
1.3.6.1.4.1.14519.5.2.1.6279.6001.214252223927572015414741039150,IL057_127735,153.37,16.49,12.55,14.52,0.6094,0.7605,0.1213,1.4826,0.629,0.1567,35.0,60.0,-60.0,110.0,0.12,0.88,0.0,0.616,5.65,solid,1
1.3.6.1.4.1.14519.5.2.1.6279.6001.214252223927572015414741039150,MI014_18026,771.14,16.72,11.38,14.05,0.7376,0.6805,0.7476,0.715,1.3944,0.2026,35.0,60.0,-60.0,110.0,0.12,0.88,0.0,0.616,9.68,solid,1
1.3.6.1.4.1.14519.5.2.1.6279.6001.214252223927572015414741039150,MI014_18032,289.71,13.03,12.1,12.56,0.8134,0.9281,0.3837,0.8985,0.4136,0.1416,35.0,60.0,-60.0,110.0,0.12,0.88,0.0,0.616,6.99,solid,1
1.3.6.1.4.1.14519.5.2.1.6279.6001.214252223927572015414741039150,MI014_18037,175.17,9.35,8.66,9.01,0.8139,0.9258,0.8019,1.0619,0.2978,0.1514,35.0,60.0,-60.0,110.0,0.12,0.88,0.0,0.616,5.91,solid,1
1.3.6.1.4.1.14519.5.2.1.6279.6001.214252223927572015414741039150,MI014_18029,311.76,11.4,9.96,10.68,0.8223,0.8732,0.6578,0.8674,0.227,0.1128,35.0,60.0,-60.0,110.0,0.12,0.88,0.0,0.616,7.16,solid,1
1.3.6.1.4.1.14519.5.2.1.6279.6001.214252223927572015414741039150,0,1735.82,25.48,16.22,20.85,0.7375,0.6366,0.5887,0.5456,6.0664,0.3035,35.0,60.0,-60.0,110.0,0.12,0.88,0.0,0.616,12.69,solid,0
1.3.6.1.4.1.14519.5.2.1.6279.6001.214252223927572015414741039150,1,253.57,10.0,9.22,9.61,0.8147,0.9229,0.7503,0.9379,0.1583,0.1018,-580.0,75.0,-680.0,-450.0,0.95,0.05,0.0,0.035,2.57,pure_ggn,0
1.3.6.1.4.1.14519.5.2.1.6279.6001.161067514225109999586362698069,Nodule 004,457.54,13.24,9.67,11.45,0.7846,0.7307,0.7555,0.7999,0.801,0.1844,35.0,60.0,-60.0,110.0,0.12,0.88,0.0,0.616,8.13,solid,1
1.3.6.1.4.1.14519.5.2.1.6279.6001.161067514225109999586362698069,IL057_123928,37.97,6.0,5.68,5.84,0.8641,0.9468,0.6247,1.665,0.1431,0.1714,35.0,60.0,-60.0,110.0,0.12,0.88,0.0,0.616,3.55,solid,0
1.3.6.1.4.1.14519.5.2.1.6279.6001.161067514225109999586362698069,IL057_132685,30.93,6.49,5.45,5.97,0.811,0.8396,0.3853,1.8996,0.1093,0.1537,35.0,60.0,-60.0,110.0,0.12,0.88,0.0,0.616,3.31,solid,0
1.3.6.1.4.1.14519.5.2.1.6279.6001.161067514225109999586362698069,0,46.55,6.52,5.17,5.85,0.8005,0.7941,0.5755,1.6794,0.1442,0.1671,35.0,60.0,-60.0,110.0,0.12,0.88,0.0,0.616,3.8,solid,0
1.3.6.1.4.1.14519.5.2.1.6279.6001.161067514225109999586362698069,3,63.7,7.33,6.71,7.02,0.7934,0.9149,0.5116,1.5262,0.216,0.1771,35.0,60.0,-60.0,110.0,0.12,0.88,0.0,0.616,4.22,solid,0
1.3.6.1.4.1.14519.5.2.1.6279.6001.252634638822000832774167856951,Nodule 001,4027.8,28.74,22.38,25.56,0.6876,0.7784,0.9132,0.4421,11.3288,0.3027,35.0,60.0,-60.0,110.0,0.12,0.88,0.0,0.616,16.8,solid,1
1.3.6.1.4.1.14519.5.2.1.6279.6001.252634638822000832774167856951,IL057_122745,3656.01,28.79,21.56,25.17,0.7222,0.7489,0.9552,0.4347,12.8085,0.3244,35.0,60.0,-60.0,110.0,0.12,0.88,0.0,0.616,16.26,solid,1
1.3.6.1.4.1.14519.5.2.1.6279.6001.252634638822000832774167856951,MI014_17392,3621.41,27.52,21.32,24.42,0.7108,0.7749,0.9993,0.443,11.281,0.3106,35.0,60.0,-60.0,110.0,0.12,0.88,0.0,0.616,16.21,solid,1
1.3.6.1.4.1.14519.5.2.1.6279.6001.252634638822000832774167856951,0,5506.99,32.66,28.07,30.37,0.6154,0.8595,0.9185,0.445,14.9496,0.3044,35.0,60.0,-60.0,110.0,0.12,0.88,0.0,0.616,18.64,solid,1
1.3.6.1.4.1.14519.5.2.1.6279.6001.323408652979949774528873200770,Nodule 001,5990.86,41.06,26.35,33.71,0.6903,0.6417,0.3653,0.3857,7.9493,0.2251,35.0,60.0,-60.0,110.0,0.12,0.88,0.0,0.616,19.17,solid,1
1.3.6.1.4.1.14519.5.2.1.6279.6001.323408652979949774528873200770,Nodule 002,3716.04,33.08,18.5,25.79,0.6744,0.5593,0.6047,0.4629,9.8565,0.3037,35.0,60.0,-60.0,110.0,0.12,0.88,0.0,0.616,16.35,solid,1
1.3.6.1.4.1.14519.5.2.1.6279.6001.323408652979949774528873200770,IL057_159672,3820.16,35.78,19.45,27.61,0.69,0.5436,0.4892,0.4483,12.1059,0.3245,35.0,60.0,-60.0,110.0,0.12,0.88,0.0,0.616,16.5,solid,1
1.3.6.1.4.1.14519.5.2.1.6279.6001.323408652979949774528873200770,IL057_159667,6298.34,44.44,26.32,35.38,0.6068,0.5922,0.3938,0.4315,14.6249,0.2907,35.0,60.0,-60.0,110.0,0.12,0.88,0.0,0.616,19.5,solid,1
1.3.6.1.4.1.14519.5.2.1.6279.6001.323408652979949774528873200770,0,7598.06,37.3,21.67,29.48,0.6879,0.5811,0.8044,0.3576,12.7751,0.271,35.0,60.0,-60.0,110.0,0.12,0.88,0.0,0.616,20.75,solid,1
1.3.6.1.4.1.14519.5.2.1.6279.6001.323408652979949774528873200770,6,364.44,11.29,10.15,10.72,0.6585,0.8992,0.8858,1.0282,0.9621,0.2194,-580.0,75.0,-680.0,-450.0,0.95,0.05,0.0,0.035,2.9,pure_ggn,0
1.3.6.1.4.1.14519.5.2.1.6279.6001.128023902651233986592378348912,Nodule 002,774.2,15.79,14.54,15.17,0.7347,0.921,0.6333,0.7168,1.6203,0.2172,35.0,60.0,-60.0,110.0,0.12,0.88,0.0,0.616,9.69,solid,1
1.3.6.1.4.1.14519.5.2.1.6279.6001.128023902651233986592378348912,IL057_127306,664.56,16.43,13.38,14.9,0.7539,0.8143,0.6087,0.735,1.9761,0.2456,35.0,60.0,-60.0,110.0,0.12,0.88,0.0,0.616,9.21,solid,1
1.3.6.1.4.1.14519.5.2.1.6279.6001.128023902651233986592378348912,MI014_12049,615.56,15.54,12.66,14.1,0.761,0.8146,0.6434,0.747,1.5156,0.2225,35.0,60.0,-60.0,110.0,0.12,0.88,0.0,0.616,8.98,solid,1
1.3.6.1.4.1.14519.5.2.1.6279.6001.128023902651233986592378348912,0,583.1,15.33,12.5,13.91,0.7353,0.8154,0.6525,0.7873,1.4762,0.2216,35.0,60.0,-60.0,110.0,0.12,0.88,0.0,0.616,8.82,solid,1
1.3.6.1.4.1.14519.5.2.1.6279.6001.463214953282361219537913355115,Nodule 004,927.94,15.63,14.04,14.84,0.7735,0.8988,0.8,0.641,0.5655,0.1235,-220.0,140.0,-520.0,80.0,0.6,0.4,0.0,0.28,7.92,part_solid,1
1.3.6.1.4.1.14519.5.2.1.6279.6001.463214953282361219537913355115,Nodule 003,1462.04,22.67,18.2,20.44,0.7832,0.8029,0.4411,0.544,2.743,0.2188,35.0,60.0,-60.0,110.0,0.12,0.88,0.0,0.616,11.98,solid,1
1.3.6.1.4.1.14519.5.2.1.6279.6001.463214953282361219537913355115,Nodule 002,1966.12,19.83,19.29,19.56,0.7038,0.9727,1.0,0.5485,4.5856,0.2598,35.0,60.0,-60.0,110.0,0.12,0.88,0.0,0.616,13.23,solid,1
1.3.6.1.4.1.14519.5.2.1.6279.6001.463214953282361219537913355115,Nodule 001,4063.94,31.17,19.01,25.09,0.7117,0.6097,0.7218,0.4258,8.2562,0.2751,-220.0,140.0,-520.0,80.0,0.6,0.4,0.0,0.28,12.95,part_solid,1
1.3.6.1.4.1.14519.5.2.1.6279.6001.463214953282361219537913355115,IL057_130537,191.71,10.34,7.28,8.81,0.7642,0.7039,0.7252,1.0974,0.3444,0.1605,35.0,60.0,-60.0,110.0,0.12,0.88,0.0,0.616,6.09,solid,1
1.3.6.1.4.1.14519.5.2.1.6279.6001.463214953282361219537913355115,IL057_130535,816.46,16.84,14.6,15.72,0.7297,0.8671,0.5938,0.7091,1.3865,0.1947,35.0,60.0,-60.0,110.0,0.12,0.88,0.0,0.616,9.87,solid,1
1.3.6.1.4.1.14519.5.2.1.6279.6001.463214953282361219537913355115,IL057_130545,249.29,16.75,8.67,12.71,0.6786,0.5172,0.2984,1.1324,2.3723,0.3347,35.0,60.0,-60.0,110.0,0.12,0.88,0.0,0.616,6.64,solid,1
1.3.6.1.4.1.14519.5.2.1.6279.6001.463214953282361219537913355115,IL057_130532,924.26,21.9,16.55,19.22,0.7333,0.7554,0.3424,0.6771,2.5903,0.2324,35.0,60.0,-60.0,110.0,0.12,0.88,0.0,0.616,10.28,solid,1
1.3.6.1.4.1.14519.5.2.1.6279.6001.463214953282361219537913355115,IL057_130543,622.3,13.86,12.51,13.18,0.7748,0.9032,0.7217,0.7311,0.4953,0.1313,35.0,60.0,-60.0,110.0,0.12,0.88,0.0,0.616,9.01,solid,1
1.3.6.1.4.1.14519.5.2.1.6279.6001.463214953282361219537913355115,IL057_130527,3313.62,26.98,15.3,21.14,0.6091,0.5671,0.8341,0.5326,9.3978,0.3407,35.0,60.0,-60.0,110.0,0.12,0.88,0.0,0.616,15.74,solid,1
1.3.6.1.4.1.14519.5.2.1.6279.6001.463214953282361219537913355115,IL057_130548,168.44,13.92,7.76,10.84,0.747,0.5579,0.3593,1.1722,1.7902,0.3413,-220.0,140.0,-520.0,80.0,0.6,0.4,0.0,0.28,4.48,part_solid,1
1.3.6.1.4.1.14519.5.2.1.6279.6001.463214953282361219537913355115,0,1232.35,17.87,14.8,16.34,0.6206,0.8283,0.8393,0.7268,1.5494,0.1864,35.0,60.0,-60.0,110.0,0.12,0.88,0.0,0.616,11.32,solid,1
1.3.6.1.4.1.14519.5.2.1.6279.6001.287966244644280690737019247886,Nodule 003,2618.44,24.96,23.28,24.12,0.8342,0.9325,0.5008,0.4206,1.2587,0.1237,35.0,60.0,-60.0,110.0,0.12,0.88,0.0,0.616,14.55,solid,1
1.3.6.1.4.1.14519.5.2.1.6279.6001.287966244644280690737019247886,Nodule 001,304.41,12.51,8.79,10.65,0.8108,0.7026,0.5996,0.8866,0.6257,0.1867,35.0,60.0,-60.0,110.0,0.12,0.88,0.0,0.616,7.1,solid,0
1.3.6.1.4.1.14519.5.2.1.6279.6001.287966244644280690737019247886,IL057_127195,13348.21,36.79,32.88,34.84,0.8219,0.8938,0.8834,0.248,3.1129,0.1188,35.0,60.0,-60.0,110.0,0.12,0.88,0.0,0.616,25.04,solid,1
1.3.6.1.4.1.14519.5.2.1.6279.6001.287966244644280690737019247886,IL057_127205,2223.99,22.7,21.09,21.89,0.8237,0.9288,0.5506,0.4498,0.922,0.1143,35.0,60.0,-60.0,110.0,0.12,0.88,0.0,0.616,13.78,solid,1
1.3.6.1.4.1.14519.5.2.1.6279.6001.287966244644280690737019247886,MI014_17677,2540.04,23.57,22.33,22.95,0.8357,0.9474,0.6363,0.4241,1.5616,0.1406,35.0,60.0,-60.0,110.0,0.12,0.88,0.0,0.616,14.4,solid,1
1.3.6.1.4.1.14519.5.2.1.6279.6001.287966244644280690737019247886,MI014_17704,13976.02,36.0,31.2,33.6,0.7996,0.8666,1.0,0.2511,4.2334,0.1358,35.0,60.0,-60.0,110.0,0.12,0.88,0.0,0.616,25.43,solid,1
1.3.6.1.4.1.14519.5.2.1.6279.6001.287966244644280690737019247886,0,2615.99,23.91,22.19,23.05,0.8152,0.928,0.6273,0.4305,1.7761,0.1482,35.0,60.0,-60.0,110.0,0.12,0.88,0.0,0.616,14.55,solid,0
1.3.6.1.4.1.14519.5.2.1.6279.6001.287966244644280690737019247886,1,417.11,13.07,8.84,10.95,0.7695,0.6765,0.7653,0.8411,0.6738,0.1748,35.0,60.0,-60.0,110.0,0.12,0.88,0.0,0.616,7.89,solid,0
1.3.6.1.4.1.14519.5.2.1.6279.6001.287966244644280690737019247886,2,287.88,12.44,8.25,10.34,0.7893,0.6629,0.6028,0.9279,0.5299,0.1746,35.0,60.0,-60.0,110.0,0.12,0.88,0.0,0.616,6.97,solid,0
1.3.6.1.4.1.14519.5.2.1.6279.6001.287966244644280690737019247886,3,13628.74,35.49,31.5,33.5,0.8056,0.8877,1.0,0.2513,3.5199,0.1256,35.0,60.0,-60.0,110.0,0.12,0.88,0.0,0.616,25.22,solid,0
1.3.6.1.4.1.14519.5.2.1.6279.6001.287966244644280690737019247886,4,13269.81,28.88,24.54,26.71,0.7005,0.8497,1.0,0.2916,31.7454,0.336,35.0,60.0,-60.0,110.0,0.12,0.88,0.0,0.616,24.99,solid,0
1.3.6.1.4.1.14519.5.2.1.6279.6001.287966244644280690737019247886,5,63.09,7.75,5.05,6.4,0.7991,0.6514,0.6452,1.5202,0.2629,0.2033,35.0,60.0,-60.0,110.0,0.12,0.88,0.0,0.616,4.2,solid,0
1.3.6.1.4.1.14519.5.2.1.6279.6001.272190966764020277652079081128,Nodule 001,376.69,10.33,10.13,10.23,0.8212,0.9809,0.9685,0.8154,0.2451,0.1116,-220.0,140.0,-520.0,80.0,0.6,0.4,0.0,0.28,5.86,part_solid,1
1.3.6.1.4.1.14519.5.2.1.6279.6001.272190966764020277652079081128,Nodule 002,1000.21,15.55,12.92,14.24,0.6896,0.8313,0.9649,0.7012,2.5278,0.2468,35.0,60.0,-60.0,110.0,0.12,0.88,0.0,0.616,10.56,solid,1
1.3.6.1.4.1.14519.5.2.1.6279.6001.272190966764020277652079081128,IL057_127040,540.22,11.83,10.67,11.25,0.7198,0.9023,1.0,0.8249,2.0356,0.2623,35.0,60.0,-60.0,110.0,0.12,0.88,0.0,0.616,8.6,solid,1
1.3.6.1.4.1.14519.5.2.1.6279.6001.272190966764020277652079081128,MI014_16302,63.09,7.95,5.03,6.49,0.8113,0.6332,0.629,1.4973,0.4139,0.2517,350.0,120.0,50.0,550.0,0.1,0.25,0.65,0.175,2.76,calcified,0
1.3.6.1.4.1.14519.5.2.1.6279.6001.272190966764020277652079081128,3,186.2,8.67,8.13,8.4,0.7883,0.9376,0.8651,1.0744,0.1401,0.1063,35.0,60.0,-60.0,110.0,0.12,0.88,0.0,0.616,6.03,solid,0
1.3.6.1.4.1.14519.5.2.1.6279.6001.487268565754493433372433148666,Nodule 002,2439.59,21.57,15.48,18.52,0.6814,0.7176,1.0,0.5272,4.6831,0.2638,35.0,60.0,-60.0,110.0,0.12,0.88,0.0,0.616,14.21,solid,1
1.3.6.1.4.1.14519.5.2.1.6279.6001.487268565754493433372433148666,IL057_130629,2739.1,22.74,16.97,19.85,0.6801,0.7464,0.8796,0.5082,3.0133,0.1995,35.0,60.0,-60.0,110.0,0.12,0.88,0.0,0.616,14.77,solid,1
1.3.6.1.4.1.14519.5.2.1.6279.6001.487268565754493433372433148666,IL057_130626,8526.61,32.09,30.41,31.25,0.8397,0.9476,0.779,0.2819,0.4978,0.0554,35.0,60.0,-60.0,110.0,0.12,0.88,0.0,0.616,21.57,solid,1
1.3.6.1.4.1.14519.5.2.1.6279.6001.487268565754493433372433148666,0,8278.55,30.74,29.52,30.13,0.8148,0.9603,0.8132,0.2934,0.7355,0.0687,35.0,60.0,-60.0,110.0,0.12,0.88,0.0,0.616,21.36,solid,0
1.3.6.1.4.1.14519.5.2.1.6279.6001.430109407146633213496148200410,110373,1157.38,20.93,13.72,17.32,0.6628,0.6555,0.7406,0.6949,5.9232,0.3378,35.0,60.0,-60.0,110.0,0.12,0.88,0.0,0.616,11.08,solid,1
1.3.6.1.4.1.14519.5.2.1.6279.6001.430109407146633213496148200410,122655,1417.81,27.62,20.42,24.02,0.6248,0.7393,0.4163,0.689,12.4406,0.4149,35.0,60.0,-60.0,110.0,0.12,0.88,0.0,0.616,11.86,solid,1
1.3.6.1.4.1.14519.5.2.1.6279.6001.430109407146633213496148200410,122660,279.3,14.61,10.37,12.49,0.7373,0.7101,0.3765,1.0035,1.3196,0.2502,35.0,60.0,-60.0,110.0,0.12,0.88,0.0,0.616,6.9,solid,1
1.3.6.1.4.1.14519.5.2.1.6279.6001.430109407146633213496148200410,122663,74.36,11.73,9.62,10.67,0.6387,0.8199,0.1705,1.8005,0.8672,0.2514,35.0,60.0,-60.0,110.0,0.12,0.88,0.0,0.616,4.44,solid,1
1.3.6.1.4.1.14519.5.2.1.6279.6001.430109407146633213496148200410,11739,1279.27,21.59,16.15,18.87,0.5971,0.7481,0.718,0.746,5.5685,0.307,35.0,60.0,-60.0,110.0,0.12,0.88,0.0,0.616,11.46,solid,1
1.3.6.1.4.1.14519.5.2.1.6279.6001.430109407146633213496148200410,11744,317.03,14.5,10.77,12.64,0.7776,0.743,0.4482,0.912,1.1376,0.227,35.0,60.0,-60.0,110.0,0.12,0.88,0.0,0.616,7.2,solid,1
1.3.6.1.4.1.14519.5.2.1.6279.6001.430109407146633213496148200410,0,113.19,12.55,8.59,10.57,0.7291,0.6844,0.2788,1.3712,1.1449,0.2857,35.0,60.0,-60.0,110.0,0.12,0.88,0.0,0.616,5.11,solid,1
1.3.6.1.4.1.14519.5.2.1.6279.6001.430109407146633213496148200410,13,2513.21,25.15,22.08,23.62,0.6765,0.878,0.6958,0.5258,7.5421,0.2993,35.0,60.0,-60.0,110.0,0.12,0.88,0.0,0.616,14.35,solid,1
1.3.6.1.4.1.14519.5.2.1.6279.6001.228511122591230092662900221600,Nodule 001,395.37,11.9,9.68,10.79,0.83,0.8139,0.8404,0.7939,0.3695,0.1325,35.0,60.0,-60.0,110.0,0.12,0.88,0.0,0.616,7.75,solid,1
1.3.6.1.4.1.14519.5.2.1.6279.6001.228511122591230092662900221600,Nodule 007,148.22,8.91,7.67,8.29,0.834,0.8609,0.7015,1.0957,0.2473,0.1495,35.0,60.0,-60.0,110.0,0.12,0.88,0.0,0.616,5.59,solid,1
1.3.6.1.4.1.14519.5.2.1.6279.6001.228511122591230092662900221600,IL057_201450,115.15,7.92,7.58,7.75,0.8034,0.9572,0.7891,1.2373,0.1962,0.1419,35.0,60.0,-60.0,110.0,0.12,0.88,0.0,0.616,5.14,solid,0
1.3.6.1.4.1.14519.5.2.1.6279.6001.228511122591230092662900221600,IL057_201453,42.26,7.0,5.12,6.06,0.7933,0.732,0.5358,1.7501,0.2265,0.2078,35.0,60.0,-60.0,110.0,0.12,0.88,0.0,0.616,3.68,solid,0
1.3.6.1.4.1.14519.5.2.1.6279.6001.228511122591230092662900221600,IL057_201443,403.33,11.74,9.47,10.61,0.7983,0.8065,0.9579,0.8199,0.5488,0.1575,35.0,60.0,-60.0,110.0,0.12,0.88,0.0,0.616,7.8,solid,1
1.3.6.1.4.1.14519.5.2.1.6279.6001.228511122591230092662900221600,MI014_20590,71.05,8.06,6.83,7.45,0.812,0.8471,0.4651,1.438,0.2067,0.1646,35.0,60.0,-60.0,110.0,0.12,0.88,0.0,0.616,4.37,solid,0
1.3.6.1.4.1.14519.5.2.1.6279.6001.228511122591230092662900221600,MI014_20579,444.37,12.24,9.79,11.01,0.8267,0.7999,0.9194,0.7666,0.4572,0.1399,35.0,60.0,-60.0,110.0,0.12,0.88,0.0,0.616,8.06,solid,1
1.3.6.1.4.1.14519.5.2.1.6279.6001.228511122591230092662900221600,0,423.24,11.57,9.74,10.66,0.7758,0.8418,0.9721,0.8303,0.6368,0.1678,35.0,60.0,-60.0,110.0,0.12,0.88,0.0,0.616,7.93,solid,0
1.3.6.1.4.1.14519.5.2.1.6279.6001.228511122591230092662900221600,4,82.69,7.49,6.67,7.08,0.8055,0.8899,0.6671,1.3781,0.1506,0.1394,35.0,60.0,-60.0,110.0,0.12,0.88,0.0,0.616,4.6,solid,0
1.3.6.1.4.1.14519.5.2.1.6279.6001.228511122591230092662900221600,7,139.65,8.86,7.49,8.17,0.8041,0.8451,0.7054,1.1593,0.2419,0.1499,35.0,60.0,-60.0,110.0,0.12,0.88,0.0,0.616,5.48,solid,0
1.3.6.1.4.1.14519.5.2.1.6279.6001.187108608022306504546286626125,0,1036.96,15.86,15.09,15.47,0.775,0.9515,0.7882,0.6165,0.3877,0.0986,35.0,60.0,-60.0,110.0,0.12,0.88,0.0,0.616,10.69,solid,0
1.3.6.1.4.1.14519.5.2.1.6279.6001.187108608022306504546286626125,2,633.94,15.57,11.03,13.3,0.7596,0.7088,0.7226,0.7411,0.9671,0.1778,35.0,60.0,-60.0,110.0,0.12,0.88,0.0,0.616,9.07,solid,0
1.3.6.1.4.1.14519.5.2.1.6279.6001.187108608022306504546286626125,4,386.18,11.8,10.56,11.18,0.7972,0.8955,0.7417,0.833,0.2832,0.1171,35.0,60.0,-60.0,110.0,0.12,0.88,0.0,0.616,7.69,solid,0
1.3.6.1.4.1.14519.5.2.1.6279.6001.187108608022306504546286626125,5,226.62,10.72,8.81,9.76,0.7658,0.8215,0.6996,1.0358,0.5602,0.1925,35.0,60.0,-60.0,110.0,0.12,0.88,0.0,0.616,6.44,solid,0
1.3.6.1.4.1.14519.5.2.1.6279.6001.187108608022306504546286626125,6,116.99,7.82,6.92,7.37,0.7781,0.885,0.7997,1.2707,0.2023,0.1479,35.0,60.0,-60.0,110.0,0.12,0.88,0.0,0.616,5.16,solid,0
1.3.6.1.4.1.14519.5.2.1.6279.6001.187108608022306504546286626125,114086,865.16,16.2,14.85,15.52,0.8295,0.9171,0.6174,0.6118,0.3682,0.0999,35.0,60.0,-60.0,110.0,0.12,0.88,0.0,0.616,10.06,solid,1
1.3.6.1.4.1.14519.5.2.1.6279.6001.187108608022306504546286626125,114094,271.64,11.18,9.46,10.32,0.8432,0.8464,0.671,0.8855,0.3014,0.1341,35.0,60.0,-60.0,110.0,0.12,0.88,0.0,0.616,6.84,solid,1
1.3.6.1.4.1.14519.5.2.1.6279.6001.187108608022306504546286626125,114089,456.92,14.83,10.44,12.64,0.8005,0.7038,0.5898,0.7844,0.8711,0.1866,35.0,60.0,-60.0,110.0,0.12,0.88,0.0,0.616,8.13,solid,1
1.3.6.1.4.1.14519.5.2.1.6279.6001.187108608022306504546286626125,134903,817.07,15.68,14.77,15.23,0.8171,0.9422,0.6377,0.6331,0.417,0.1083,35.0,60.0,-60.0,110.0,0.12,0.88,0.0,0.616,9.87,solid,1
1.3.6.1.4.1.14519.5.2.1.6279.6001.187108608022306504546286626125,134920,37.67,5.95,5.28,5.61,0.8319,0.886,0.6299,1.7342,0.1137,0.1565,35.0,60.0,-60.0,110.0,0.12,0.88,0.0,0.616,3.54,solid,0
1.3.6.1.4.1.14519.5.2.1.6279.6001.187108608022306504546286626125,134911,220.81,10.57,9.27,9.92,0.8306,0.8773,0.7097,0.9632,0.3743,0.1574,35.0,60.0,-60.0,110.0,0.12,0.88,0.0,0.616,6.38,solid,1
1.3.6.1.4.1.14519.5.2.1.6279.6001.187108608022306504546286626125,134907,390.16,13.99,9.52,11.76,0.7732,0.6805,0.6254,0.856,0.9268,0.2032,35.0,60.0,-60.0,110.0,0.12,0.88,0.0,0.616,7.71,solid,1
1.3.6.1.4.1.14519.5.2.1.6279.6001.187108608022306504546286626125,Nodule 001,136.28,7.62,7.08,7.35,0.8036,0.9289,0.9843,1.1695,0.2967,0.1684,35.0,60.0,-60.0,110.0,0.12,0.88,0.0,0.616,5.43,solid,1
1.3.6.1.4.1.14519.5.2.1.6279.6001.187108608022306504546286626125,Nodule 005,914.16,16.56,14.99,15.77,0.8211,0.9049,0.6038,0.6069,0.4029,0.1028,35.0,60.0,-60.0,110.0,0.12,0.88,0.0,0.616,10.25,solid,1
1.3.6.1.4.1.14519.5.2.1.6279.6001.178391668569567816549737454720,IL057_167650,102.29,8.44,7.31,7.88,0.8405,0.8654,0.5921,1.2302,0.3023,0.1849,35.0,60.0,-60.0,110.0,0.12,0.88,0.0,0.616,4.94,solid,0
1.3.6.1.4.1.14519.5.2.1.6279.6001.178391668569567816549737454720,IL057_168525,45.32,5.78,4.99,5.38,0.8333,0.8637,0.8652,1.6278,0.0707,0.1204,35.0,60.0,-60.0,110.0,0.12,0.88,0.0,0.616,3.76,solid,0
1.3.6.1.4.1.14519.5.2.1.6279.6001.178391668569567816549737454720,IL057_168526,24.99,6.44,5.39,5.91,0.7997,0.8356,0.3103,2.0684,0.0568,0.1176,35.0,60.0,-60.0,110.0,0.12,0.88,0.0,0.616,3.09,solid,0
1.3.6.1.4.1.14519.5.2.1.6279.6001.178391668569567816549737454720,MI014_17933,25.97,6.55,5.49,6.02,0.8052,0.8385,0.3055,2.0281,0.0425,0.0998,35.0,60.0,-60.0,110.0,0.12,0.88,0.0,0.616,3.13,solid,0
1.3.6.1.4.1.14519.5.2.1.6279.6001.153985109349433321657655488650,101448,7304.67,33.45,24.97,29.21,0.6519,0.7465,0.7474,0.3823,8.8701,0.2511,-220.0,140.0,-520.0,80.0,0.6,0.4,0.0,0.28,15.75,part_solid,1
1.3.6.1.4.1.14519.5.2.1.6279.6001.153985109349433321657655488650,123231,8951.07,37.27,28.89,33.08,0.6662,0.7751,0.7043,0.3496,8.7798,0.2229,35.0,60.0,-60.0,110.0,0.12,0.88,0.0,0.616,21.92,solid,1
1.3.6.1.4.1.14519.5.2.1.6279.6001.153985109349433321657655488650,Nodule 002,10131.67,42.29,28.48,35.39,0.6389,0.6733,0.6502,0.3498,12.4446,0.2499,35.0,60.0,-60.0,110.0,0.12,0.88,0.0,0.616,22.84,solid,1
1.3.6.1.4.1.14519.5.2.1.6279.6001.279300249795483097365868125932,Nodule 002,192.32,12.16,10.01,11.09,0.7888,0.8235,0.4111,1.0621,0.7898,0.2229,35.0,60.0,-60.0,110.0,0.12,0.88,0.0,0.616,6.09,solid,1
1.3.6.1.4.1.14519.5.2.1.6279.6001.279300249795483097365868125932,Nodule 001,1733.37,25.1,18.55,21.82,0.7914,0.739,0.4981,0.5087,4.9535,0.27,35.0,60.0,-60.0,110.0,0.12,0.88,0.0,0.616,12.68,solid,1
1.3.6.1.4.1.14519.5.2.1.6279.6001.279300249795483097365868125932,IL057_160194,1910.39,24.88,21.57,23.22,0.7638,0.8669,0.5024,0.5103,4.296,0.2414,35.0,60.0,-60.0,110.0,0.12,0.88,0.0,0.616,13.1,solid,1
1.3.6.1.4.1.14519.5.2.1.6279.6001.279300249795483097365868125932,MI014_20101,188.65,11.04,9.9,10.47,0.8159,0.8967,0.4531,1.0334,0.4595,0.1777,-220.0,140.0,-520.0,80.0,0.6,0.4,0.0,0.28,4.66,part_solid,0
1.3.6.1.4.1.14519.5.2.1.6279.6001.279300249795483097365868125932,MI014_20096,1974.7,24.46,19.12,21.79,0.8061,0.7814,0.6131,0.4782,4.2344,0.244,35.0,60.0,-60.0,110.0,0.12,0.88,0.0,0.616,13.24,solid,1
1.3.6.1.4.1.14519.5.2.1.6279.6001.279300249795483097365868125932,MI014_20099,630.26,19.68,13.27,16.48,0.7515,0.6743,0.381,0.7505,3.4067,0.309,-220.0,140.0,-520.0,80.0,0.6,0.4,0.0,0.28,6.96,part_solid,0
1.3.6.1.4.1.14519.5.2.1.6279.6001.279300249795483097365868125932,0,2478.79,27.75,24.02,25.89,0.7137,0.8655,0.4504,0.5007,7.2342,0.2871,35.0,60.0,-60.0,110.0,0.12,0.88,0.0,0.616,14.29,solid,0
1.3.6.1.4.1.14519.5.2.1.6279.6001.339546614783708685476232944897,Nodule 001,2769.72,28.14,21.1,24.62,0.7228,0.7497,0.533,0.4764,5.0212,0.2384,35.0,60.0,-60.0,110.0,0.12,0.88,0.0,0.616,14.83,solid,1
1.3.6.1.4.1.14519.5.2.1.6279.6001.339546614783708685476232944897,IL057_201385,2884.87,28.0,20.89,24.44,0.7102,0.7462,0.6251,0.4783,5.6991,0.2501,35.0,60.0,-60.0,110.0,0.12,0.88,0.0,0.616,15.03,solid,1
1.3.6.1.4.1.14519.5.2.1.6279.6001.339546614783708685476232944897,0,2261.35,25.21,19.99,22.6,0.745,0.793,0.5951,0.4945,3.6705,0.2183,35.0,60.0,-60.0,110.0,0.12,0.88,0.0,0.616,13.86,solid,0
1.3.6.1.4.1.14519.5.2.1.6279.6001.177086402277715068525592995222,206665,6004.64,32.82,23.44,28.13,0.7636,0.7142,0.7617,0.3485,6.0,0.2099,35.0,60.0,-60.0,110.0,0.12,0.88,0.0,0.616,19.19,solid,1
1.3.6.1.4.1.14519.5.2.1.6279.6001.177086402277715068525592995222,Nodule 001,5060.17,29.59,22.48,26.03,0.6917,0.7596,0.8027,0.4072,5.9536,0.2226,35.0,60.0,-60.0,110.0,0.12,0.88,0.0,0.616,18.12,solid,1
1.3.6.1.4.1.14519.5.2.1.6279.6001.177086402277715068525592995222,3,5794.56,35.48,22.48,28.98,0.6903,0.6335,0.7399,0.39,9.5488,0.2606,35.0,60.0,-60.0,110.0,0.12,0.88,0.0,0.616,18.96,solid,1
1.3.6.1.4.1.14519.5.2.1.6279.6001.479402560265137632920333093071,Nodule 001,223.56,9.66,9.28,9.47,0.8194,0.9607,0.7765,0.9724,0.2406,0.1279,35.0,60.0,-60.0,110.0,0.12,0.88,0.0,0.616,6.41,solid,1
1.3.6.1.4.1.14519.5.2.1.6279.6001.479402560265137632920333093071,Nodule 003,138.12,8.28,6.66,7.47,0.8083,0.8049,0.9059,1.1575,0.2329,0.1485,-220.0,140.0,-520.0,80.0,0.6,0.4,0.0,0.28,4.2,part_solid,1
1.3.6.1.4.1.14519.5.2.1.6279.6001.479402560265137632920333093071,0,248.06,10.16,9.15,9.66,0.7654,0.9004,0.738,1.0056,0.2757,0.1332,35.0,60.0,-60.0,110.0,0.12,0.88,0.0,0.616,6.63,solid,0
1.3.6.1.4.1.14519.5.2.1.6279.6001.479402560265137632920333093071,2,119.74,8.31,6.52,7.41,0.7964,0.7846,0.7526,1.232,0.2571,0.1651,-580.0,75.0,-680.0,-450.0,0.95,0.05,0.0,0.035,2.0,pure_ggn,0
1.3.6.1.4.1.14519.5.2.1.6279.6001.669435869708883155232318480131,Nodule 001,6227.29,28.29,25.07,26.68,0.8319,0.8863,0.8838,0.316,1.091,0.0918,35.0,60.0,-60.0,110.0,0.12,0.88,0.0,0.616,19.42,solid,1
1.3.6.1.4.1.14519.5.2.1.6279.6001.669435869708883155232318480131,IL057_201403,5323.85,26.42,23.92,25.17,0.7922,0.9053,0.9463,0.3496,1.1455,0.0987,35.0,60.0,-60.0,110.0,0.12,0.88,0.0,0.616,18.43,solid,1
1.3.6.1.4.1.14519.5.2.1.6279.6001.669435869708883155232318480131,MI014_20539,6207.69,28.09,24.63,26.36,0.8232,0.8766,0.8899,0.3196,1.2155,0.0972,35.0,60.0,-60.0,110.0,0.12,0.88,0.0,0.616,19.4,solid,1
1.3.6.1.4.1.14519.5.2.1.6279.6001.669435869708883155232318480131,0,5770.97,26.9,23.88,25.39,0.8125,0.8877,0.9295,0.3318,1.3396,0.1045,35.0,60.0,-60.0,110.0,0.12,0.88,0.0,0.616,18.94,solid,0
1.3.6.1.4.1.14519.5.2.1.6279.6001.613212850444255764524630781782,Nodule 004,5197.67,30.12,26.75,28.44,0.7392,0.888,0.664,0.3777,3.3834,0.165,35.0,60.0,-60.0,110.0,0.12,0.88,0.0,0.616,18.29,solid,1
1.3.6.1.4.1.14519.5.2.1.6279.6001.613212850444255764524630781782,IL057_201470,4029.64,27.1,23.74,25.42,0.757,0.8761,0.738,0.4015,3.0269,0.1699,35.0,60.0,-60.0,110.0,0.12,0.88,0.0,0.616,16.8,solid,1
1.3.6.1.4.1.14519.5.2.1.6279.6001.613212850444255764524630781782,IL057_203646,2491.04,30.05,21.67,25.86,0.792,0.7211,0.4159,0.4505,4.9728,0.2328,35.0,60.0,-60.0,110.0,0.12,0.88,0.0,0.616,14.31,solid,1
1.3.6.1.4.1.14519.5.2.1.6279.6001.613212850444255764524630781782,MI014_20609,3753.4,32.56,25.34,28.95,0.7715,0.7782,0.4606,0.4033,5.6013,0.2184,35.0,60.0,-60.0,110.0,0.12,0.88,0.0,0.616,16.41,solid,1
1.3.6.1.4.1.14519.5.2.1.6279.6001.613212850444255764524630781782,MI014_20607,5042.1,30.57,26.43,28.5,0.7225,0.8646,0.6542,0.3903,4.0399,0.1801,35.0,60.0,-60.0,110.0,0.12,0.88,0.0,0.616,18.1,solid,1
1.3.6.1.4.1.14519.5.2.1.6279.6001.613212850444255764524630781782,0,6886.95,38.56,33.26,35.91,0.6299,0.8626,0.5835,0.4035,11.7317,0.2561,35.0,60.0,-60.0,110.0,0.12,0.88,0.0,0.616,20.08,solid,1
1.3.6.1.4.1.14519.5.2.1.6279.6001.613212850444255764524630781782,3,2776.16,29.38,21.62,25.5,0.7893,0.7357,0.4679,0.4359,4.4835,0.2197,35.0,60.0,-60.0,110.0,0.12,0.88,0.0,0.616,14.84,solid,0
1.3.6.1.4.1.14519.5.2.1.6279.6001.172243743899615313644757844726,Nodule 002,396.9,12.72,11.13,11.92,0.8259,0.8744,0.5895,0.7968,0.3365,0.1254,35.0,60.0,-60.0,110.0,0.12,0.88,0.0,0.616,7.76,solid,1
1.3.6.1.4.1.14519.5.2.1.6279.6001.172243743899615313644757844726,Nodule 001,2331.79,21.09,14.15,17.62,0.6761,0.671,1.0,0.5394,4.4006,0.2459,35.0,60.0,-60.0,110.0,0.12,0.88,0.0,0.616,14.0,solid,1
1.3.6.1.4.1.14519.5.2.1.6279.6001.172243743899615313644757844726,IL057_167494,2263.8,21.05,14.85,17.95,0.6919,0.7052,1.0,0.5323,3.5899,0.2218,350.0,120.0,50.0,550.0,0.1,0.25,0.65,0.175,9.11,calcified,0
1.3.6.1.4.1.14519.5.2.1.6279.6001.172243743899615313644757844726,IL057_167497,406.09,12.28,10.73,11.5,0.8044,0.8738,0.8144,0.8119,0.6764,0.1728,35.0,60.0,-60.0,110.0,0.12,0.88,0.0,0.616,7.82,solid,1
1.3.6.1.4.1.14519.5.2.1.6279.6001.172243743899615313644757844726,MI014_19585,462.44,14.29,9.6,11.95,0.7558,0.6719,0.6998,0.8274,0.8192,0.1825,35.0,60.0,-60.0,110.0,0.12,0.88,0.0,0.616,8.16,solid,1
1.3.6.1.4.1.14519.5.2.1.6279.6001.172243743899615313644757844726,MI014_19581,3009.21,22.8,16.35,19.58,0.7032,0.7171,1.0,0.4763,4.0773,0.2153,350.0,120.0,50.0,550.0,0.1,0.25,0.65,0.175,10.02,calcified,1
1.3.6.1.4.1.14519.5.2.1.6279.6001.172243743899615313644757844726,0,501.02,14.19,10.23,12.21,0.7819,0.7206,0.7045,0.7787,0.9056,0.1886,35.0,60.0,-60.0,110.0,0.12,0.88,0.0,0.616,8.38,solid,0
1.3.6.1.4.1.14519.5.2.1.6279.6001.652347820272212119124022644822,Nodule 001,3093.74,25.3,21.85,23.58,0.7475,0.8637,0.6423,0.444,2.2118,0.1604,35.0,60.0,-60.0,110.0,0.12,0.88,0.0,0.616,15.38,solid,1
1.3.6.1.4.1.14519.5.2.1.6279.6001.652347820272212119124022644822,IL057_196991,2977.97,27.03,21.31,24.17,0.7522,0.7884,0.6475,0.4469,3.9666,0.2098,35.0,60.0,-60.0,110.0,0.12,0.88,0.0,0.616,15.19,solid,1
1.3.6.1.4.1.14519.5.2.1.6279.6001.652347820272212119124022644822,0,3580.67,26.83,21.59,24.21,0.7918,0.8046,0.6989,0.3992,2.5865,0.1651,35.0,60.0,-60.0,110.0,0.12,0.88,0.0,0.616,16.15,solid,1
1.3.6.1.4.1.14519.5.2.1.6279.6001.204287915902811325371247860532,0,81.77,7.38,6.38,6.88,0.8088,0.8646,0.6778,1.3776,0.153,0.1432,35.0,60.0,-60.0,110.0,0.12,0.88,0.0,0.616,4.58,solid,0
1.3.6.1.4.1.14519.5.2.1.6279.6001.204287915902811325371247860532,4,60.64,7.15,6.15,6.65,0.817,0.8607,0.5246,1.5067,0.1229,0.1384,35.0,60.0,-60.0,110.0,0.12,0.88,0.0,0.616,4.15,solid,0
1.3.6.1.4.1.14519.5.2.1.6279.6001.288701997968615460794642979503,12477,104.86,9.48,5.94,7.71,0.775,0.6265,0.6332,1.3232,0.4293,0.2117,35.0,60.0,-60.0,110.0,0.12,0.88,0.0,0.616,4.98,solid,0
1.3.6.1.4.1.14519.5.2.1.6279.6001.288701997968615460794642979503,12486,87.71,10.38,6.13,8.26,0.7396,0.5908,0.3852,1.4716,0.6494,0.2646,35.0,60.0,-60.0,110.0,0.12,0.88,0.0,0.616,4.69,solid,0
1.3.6.1.4.1.14519.5.2.1.6279.6001.288701997968615460794642979503,12492,37.24,6.67,4.29,5.48,0.798,0.6427,0.5996,1.8147,0.2502,0.2344,35.0,60.0,-60.0,110.0,0.12,0.88,0.0,0.616,3.53,solid,0
1.3.6.1.4.1.14519.5.2.1.6279.6001.288701997968615460794642979503,12483,43.61,7.38,3.75,5.56,0.6729,0.5086,0.8133,2.0416,0.4261,0.2668,35.0,60.0,-60.0,110.0,0.12,0.88,0.0,0.616,3.72,solid,0
1.3.6.1.4.1.14519.5.2.1.6279.6001.288701997968615460794642979503,2882,185.22,12.73,10.29,11.51,0.742,0.8085,0.3143,1.1433,0.7473,0.2111,35.0,60.0,-60.0,110.0,0.12,0.88,0.0,0.616,6.02,solid,0
1.3.6.1.4.1.14519.5.2.1.6279.6001.288701997968615460794642979503,2896,188.65,11.61,7.58,9.6,0.7967,0.6529,0.5167,1.0584,0.6402,0.2158,35.0,60.0,-60.0,110.0,0.12,0.88,0.0,0.616,6.05,solid,0
1.3.6.1.4.1.14519.5.2.1.6279.6001.288701997968615460794642979503,2902,108.29,8.77,6.49,7.63,0.8148,0.7401,0.6839,1.2451,0.3948,0.2047,35.0,60.0,-60.0,110.0,0.12,0.88,0.0,0.616,5.03,solid,0
1.3.6.1.4.1.14519.5.2.1.6279.6001.156990013635454707781600846659,206701,47.47,7.7,7.08,7.39,0.7853,0.919,0.3246,1.7008,0.1733,0.1585,-220.0,140.0,-520.0,80.0,0.6,0.4,0.0,0.28,2.94,part_solid,0
1.3.6.1.4.1.14519.5.2.1.6279.6001.156990013635454707781600846659,Nodule 002,39.51,7.54,5.95,6.75,0.7725,0.7882,0.3314,1.8381,0.2014,0.1861,35.0,60.0,-60.0,110.0,0.12,0.88,0.0,0.616,3.6,solid,0
1.3.6.1.4.1.14519.5.2.1.6279.6001.156990013635454707781600846659,0,52.67,8.4,7.07,7.73,0.7732,0.8413,0.2976,1.6685,0.2511,0.1829,35.0,60.0,-60.0,110.0,0.12,0.88,0.0,0.616,3.96,solid,0
1.3.6.1.4.1.14519.5.2.1.6279.6001.156990013635454707781600846659,4,48.69,6.17,5.87,6.02,0.8108,0.9514,0.6081,1.6333,0.0837,0.1247,35.0,60.0,-60.0,110.0,0.12,0.88,0.0,0.616,3.85,solid,0
1.3.6.1.4.1.14519.5.2.1.6279.6001.145580766024236783540879444879,123649,97.02,6.63,5.96,6.3,0.8215,0.8985,1.0,1.2812,0.1502,0.1344,35.0,60.0,-60.0,110.0,0.12,0.88,0.0,0.616,4.85,solid,0
1.3.6.1.4.1.14519.5.2.1.6279.6001.194632613233275988184244485809,Nodule 002,5445.74,34.28,28.8,31.54,0.6505,0.84,0.5835,0.4226,8.0488,0.2378,35.0,60.0,-60.0,110.0,0.12,0.88,0.0,0.616,18.57,solid,1
1.3.6.1.4.1.14519.5.2.1.6279.6001.194632613233275988184244485809,IL057_168328,4284.44,29.73,26.56,28.14,0.5577,0.8933,0.7568,0.5339,8.3263,0.2634,35.0,60.0,-60.0,110.0,0.12,0.88,0.0,0.616,17.15,solid,1
1.3.6.1.4.1.14519.5.2.1.6279.6001.194632613233275988184244485809,IL057_168331,51.45,6.21,4.63,5.42,0.79,0.7451,0.8055,1.6458,0.0727,0.1192,350.0,120.0,50.0,550.0,0.1,0.25,0.65,0.175,2.58,calcified,0
1.3.6.1.4.1.14519.5.2.1.6279.6001.194632613233275988184244485809,0,4018.0,29.12,24.86,26.99,0.7285,0.8536,0.6868,0.4175,6.7028,0.2444,35.0,60.0,-60.0,110.0,0.12,0.88,0.0,0.616,16.78,solid,1
1.3.6.1.4.1.14519.5.2.1.6279.6001.113679818447732724990336702075,163072,151.9,10.58,9.71,10.14,0.8153,0.9175,0.4727,1.1116,0.9447,0.2632,350.0,120.0,50.0,550.0,0.1,0.25,0.65,0.175,3.7,calcified,0
1.3.6.1.4.1.14519.5.2.1.6279.6001.113679818447732724990336702075,4,181.61,12.69,9.95,11.32,0.8124,0.7843,0.394,1.0512,1.0556,0.2514,-580.0,75.0,-680.0,-450.0,0.95,0.05,0.0,0.035,2.3,pure_ggn,0
1.3.6.1.4.1.14519.5.2.1.6279.6001.113679818447732724990336702075,Nodule 003,101.67,9.38,8.49,8.93,0.8224,0.9047,0.3997,1.2599,0.374,0.1896,-220.0,140.0,-520.0,80.0,0.6,0.4,0.0,0.28,3.79,part_solid,1
1.3.6.1.4.1.14519.5.2.1.6279.6001.113679818447732724990336702075,Nodule 001,128.62,9.96,8.44,9.2,0.8195,0.8478,0.502,1.1691,0.5573,0.2186,35.0,60.0,-60.0,110.0,0.12,0.88,0.0,0.616,5.33,solid,0
1.3.6.1.4.1.14519.5.2.1.6279.6001.113679818447732724990336702075,Nodule 002,39.2,7.2,6.53,6.86,0.7766,0.9073,0.3474,1.8331,0.3833,0.2579,35.0,60.0,-60.0,110.0,0.12,0.88,0.0,0.616,3.59,solid,0
1.3.6.1.4.1.14519.5.2.1.6279.6001.113679818447732724990336702075,167714,64.31,8.22,6.97,7.59,0.8493,0.8486,0.4564,1.4212,0.3414,0.2109,-220.0,140.0,-520.0,80.0,0.6,0.4,0.0,0.28,3.25,part_solid,0
1.3.6.1.4.1.14519.5.2.1.6279.6001.113679818447732724990336702075,178025,136.59,11.27,8.77,10.02,0.8236,0.7781,0.4435,1.1402,0.7938,0.2424,350.0,120.0,50.0,550.0,0.1,0.25,0.65,0.175,3.57,calcified,0
1.3.6.1.4.1.14519.5.2.1.6279.6001.146987333806092287055399155268,Nodule 001,6365.71,29.84,23.9,26.87,0.7647,0.801,0.8379,0.3412,3.0208,0.1501,35.0,60.0,-60.0,110.0,0.12,0.88,0.0,0.616,19.56,solid,1
1.3.6.1.4.1.14519.5.2.1.6279.6001.146987333806092287055399155268,IL057_201436,5441.45,27.67,22.15,24.91,0.76,0.8004,0.9034,0.3618,2.3644,0.1398,35.0,60.0,-60.0,110.0,0.12,0.88,0.0,0.616,18.57,solid,1
1.3.6.1.4.1.14519.5.2.1.6279.6001.146987333806092287055399155268,MI014_20571,7154.0,31.1,24.4,27.75,0.7956,0.7845,0.8842,0.3155,3.4577,0.1539,35.0,60.0,-60.0,110.0,0.12,0.88,0.0,0.616,20.34,solid,1
1.3.6.1.4.1.14519.5.2.1.6279.6001.733642690503782454656013446707,0,202.74,14.37,7.2,10.79,0.6682,0.5009,0.5217,1.2321,1.4244,0.2848,35.0,60.0,-60.0,110.0,0.12,0.88,0.0,0.616,6.2,solid,0
1.3.6.1.4.1.14519.5.2.1.6279.6001.733642690503782454656013446707,126932,134.14,8.63,7.04,7.83,0.828,0.8152,0.8691,1.1409,0.2761,0.1615,35.0,60.0,-60.0,110.0,0.12,0.88,0.0,0.616,5.4,solid,0
1.3.6.1.4.1.14519.5.2.1.6279.6001.733642690503782454656013446707,Nodule 002,101.67,7.99,6.25,7.12,0.8291,0.7816,0.9386,1.2497,0.2838,0.1771,35.0,60.0,-60.0,110.0,0.12,0.88,0.0,0.616,4.93,solid,1
1.3.6.1.4.1.14519.5.2.1.6279.6001.134996872583497382954024478441,4,313.6,10.67,9.4,10.04,0.5799,0.8811,1.0,1.2275,1.3548,0.2576,35.0,60.0,-60.0,110.0,0.12,0.88,0.0,0.616,7.17,solid,1
1.3.6.1.4.1.14519.5.2.1.6279.6001.134996872583497382954024478441,5,418.03,10.62,8.41,9.51,0.6676,0.7914,1.0,0.9687,1.6172,0.2547,35.0,60.0,-60.0,110.0,0.12,0.88,0.0,0.616,7.89,solid,0
1.3.6.1.4.1.14519.5.2.1.6279.6001.134996872583497382954024478441,6,227.85,10.2,7.33,8.76,0.6419,0.7181,0.8578,1.2335,0.8475,0.2379,35.0,60.0,-60.0,110.0,0.12,0.88,0.0,0.616,6.45,solid,0
1.3.6.1.4.1.14519.5.2.1.6279.6001.134996872583497382954024478441,114176,252.66,9.38,8.09,8.74,0.8136,0.8628,1.0,0.9402,0.3867,0.1563,35.0,60.0,-60.0,110.0,0.12,0.88,0.0,0.616,6.67,solid,0
1.3.6.1.4.1.14519.5.2.1.6279.6001.134996872583497382954024478441,126834,136.89,8.78,6.94,7.86,0.8254,0.7911,0.7119,1.1368,0.1526,0.121,35.0,60.0,-60.0,110.0,0.12,0.88,0.0,0.616,5.44,solid,1
1.3.6.1.4.1.14519.5.2.1.6279.6001.134996872583497382954024478441,126822,288.79,10.74,9.0,9.87,0.8016,0.8373,0.8145,0.9127,0.3733,0.1474,35.0,60.0,-60.0,110.0,0.12,0.88,0.0,0.616,6.98,solid,1
1.3.6.1.4.1.14519.5.2.1.6279.6001.134996872583497382954024478441,Nodule 003,137.81,9.4,6.99,8.19,0.8303,0.7435,0.6651,1.1276,0.3271,0.1734,35.0,60.0,-60.0,110.0,0.12,0.88,0.0,0.616,5.45,solid,0
1.3.6.1.4.1.14519.5.2.1.6279.6001.134996872583497382954024478441,Nodule 002,164.46,9.07,6.96,8.02,0.7998,0.7674,0.8267,1.1036,0.4501,0.1951,35.0,60.0,-60.0,110.0,0.12,0.88,0.0,0.616,5.78,solid,0
1.3.6.1.4.1.14519.5.2.1.6279.6001.134996872583497382954024478441,Nodule 001,410.37,11.5,9.79,10.65,0.8231,0.8515,0.978,0.7906,0.4674,0.1461,-220.0,140.0,-520.0,80.0,0.6,0.4,0.0,0.28,6.03,part_solid,1
1.3.6.1.4.1.14519.5.2.1.6279.6001.286217539434358186648717203667,Nodule 007,84.22,8.19,5.95,7.07,0.8193,0.727,0.7634,1.3466,0.6147,0.2697,350.0,120.0,50.0,550.0,0.1,0.25,0.65,0.175,3.04,calcified,0
1.3.6.1.4.1.14519.5.2.1.6279.6001.286217539434358186648717203667,Nodule 002,153.43,10.62,6.88,8.75,0.801,0.6478,0.5883,1.1278,0.5364,0.2116,35.0,60.0,-60.0,110.0,0.12,0.88,0.0,0.616,5.65,solid,0
1.3.6.1.4.1.14519.5.2.1.6279.6001.286217539434358186648717203667,Nodule 003,91.57,9.21,5.96,7.58,0.7825,0.647,0.543,1.3712,0.4729,0.2337,35.0,60.0,-60.0,110.0,0.12,0.88,0.0,0.616,4.76,solid,0
1.3.6.1.4.1.14519.5.2.1.6279.6001.286217539434358186648717203667,Nodule 006,34.91,5.91,4.6,5.25,0.8346,0.7778,0.6346,1.7728,0.1216,0.1689,350.0,120.0,50.0,550.0,0.1,0.25,0.65,0.175,2.27,calcified,0
1.3.6.1.4.1.14519.5.2.1.6279.6001.286217539434358186648717203667,IL057_197141,35.52,6.26,4.7,5.48,0.854,0.7511,0.5995,1.7226,0.108,0.1546,350.0,120.0,50.0,550.0,0.1,0.25,0.65,0.175,2.28,calcified,0
1.3.6.1.4.1.14519.5.2.1.6279.6001.286217539434358186648717203667,IL057_197136,154.96,10.71,6.8,8.76,0.774,0.6351,0.5835,1.1632,0.5752,0.2166,350.0,120.0,50.0,550.0,0.1,0.25,0.65,0.175,3.73,calcified,0
1.3.6.1.4.1.14519.5.2.1.6279.6001.286217539434358186648717203667,IL057_197134,107.8,8.15,7.05,7.6,0.8385,0.8656,0.7669,1.2119,0.4035,0.2048,350.0,120.0,50.0,550.0,0.1,0.25,0.65,0.175,3.3,calcified,0
1.3.6.1.4.1.14519.5.2.1.6279.6001.286217539434358186648717203667,MI014_20358,165.37,8.53,7.26,7.9,0.806,0.851,1.0,1.0931,0.574,0.2134,350.0,120.0,50.0,550.0,0.1,0.25,0.65,0.175,3.81,calcified,0
1.3.6.1.4.1.14519.5.2.1.6279.6001.286217539434358186648717203667,MI014_20365,58.8,7.0,5.01,6.01,0.8329,0.7163,0.7142,1.4931,0.144,0.1541,350.0,120.0,50.0,550.0,0.1,0.25,0.65,0.175,2.7,calcified,0
1.3.6.1.4.1.14519.5.2.1.6279.6001.286217539434358186648717203667,0,290.32,12.08,9.59,10.84,0.7382,0.7935,0.8275,0.9893,1.3098,0.2542,35.0,60.0,-60.0,110.0,0.12,0.88,0.0,0.616,6.99,solid,0
1.3.6.1.4.1.14519.5.2.1.6279.6001.227707494413800460340110762069,Nodule 003,342.39,11.5,10.67,11.08,0.8366,0.9279,0.6523,0.8263,0.1816,0.0978,35.0,60.0,-60.0,110.0,0.12,0.88,0.0,0.616,7.39,solid,1
1.3.6.1.4.1.14519.5.2.1.6279.6001.227707494413800460340110762069,MI014_19836,409.76,12.6,11.38,11.99,0.8326,0.9029,0.5951,0.782,0.1351,0.0788,35.0,60.0,-60.0,110.0,0.12,0.88,0.0,0.616,7.84,solid,1
1.3.6.1.4.1.14519.5.2.1.6279.6001.227707494413800460340110762069,MI014_19838,82.69,7.51,5.0,6.26,0.7679,0.6652,0.9982,1.4455,0.2118,0.1614,-220.0,140.0,-520.0,80.0,0.6,0.4,0.0,0.28,3.54,part_solid,0
1.3.6.1.4.1.14519.5.2.1.6279.6001.227707494413800460340110762069,2,330.75,11.17,10.44,10.81,0.8218,0.9341,0.6712,0.8509,0.1919,0.1022,35.0,60.0,-60.0,110.0,0.12,0.88,0.0,0.616,7.3,solid,0
1.3.6.1.4.1.14519.5.2.1.6279.6001.143622857676008763729469324839,122708,4272.8,44.01,20.81,32.41,0.7226,0.4729,0.4544,0.4124,21.8148,0.3758,350.0,120.0,50.0,550.0,0.1,0.25,0.65,0.175,11.26,calcified,1
1.3.6.1.4.1.14519.5.2.1.6279.6001.143622857676008763729469324839,11825,3346.94,37.19,18.55,27.87,0.7034,0.4987,0.5647,0.4596,15.8108,0.3594,35.0,60.0,-60.0,110.0,0.12,0.88,0.0,0.616,15.79,solid,1
1.3.6.1.4.1.14519.5.2.1.6279.6001.143622857676008763729469324839,0,3499.09,42.52,17.41,29.97,0.6991,0.4094,0.5879,0.4557,21.6252,0.3839,35.0,60.0,-60.0,110.0,0.12,0.88,0.0,0.616,16.03,solid,1
1.3.6.1.4.1.14519.5.2.1.6279.6001.137773550852881583165286615668,112097,4464.14,32.9,25.18,29.04,0.7556,0.7655,0.5167,0.3887,5.6921,0.2158,35.0,60.0,-60.0,110.0,0.12,0.88,0.0,0.616,17.38,solid,1
1.3.6.1.4.1.14519.5.2.1.6279.6001.137773550852881583165286615668,123694,3515.99,30.73,23.1,26.92,0.8062,0.7517,0.4881,0.3945,4.7676,0.214,35.0,60.0,-60.0,110.0,0.12,0.88,0.0,0.616,16.05,solid,1
1.3.6.1.4.1.14519.5.2.1.6279.6001.137773550852881583165286615668,131284,998.37,27.09,15.36,21.23,0.7876,0.567,0.2953,0.6143,7.7698,0.3676,35.0,60.0,-60.0,110.0,0.12,0.88,0.0,0.616,10.55,solid,1
1.3.6.1.4.1.14519.5.2.1.6279.6001.137773550852881583165286615668,11788,4365.65,31.9,25.55,28.72,0.7695,0.801,0.5329,0.3845,5.3428,0.2117,35.0,60.0,-60.0,110.0,0.12,0.88,0.0,0.616,17.25,solid,1
1.3.6.1.4.1.14519.5.2.1.6279.6001.137773550852881583165286615668,11812,730.34,24.6,12.48,18.54,0.7236,0.5071,0.3251,0.7421,5.5148,0.3452,35.0,60.0,-60.0,110.0,0.12,0.88,0.0,0.616,9.51,solid,1
1.3.6.1.4.1.14519.5.2.1.6279.6001.137773550852881583165286615668,0,5494.12,35.1,29.23,32.16,0.7929,0.8328,0.4843,0.3456,7.0881,0.2222,35.0,60.0,-60.0,110.0,0.12,0.88,0.0,0.616,18.63,solid,0
1.3.6.1.4.1.14519.5.2.1.6279.6001.137773550852881583165286615668,6,707.07,20.19,11.14,15.67,0.7636,0.5517,0.4952,0.7109,2.7916,0.2761,35.0,60.0,-60.0,110.0,0.12,0.88,0.0,0.616,9.4,solid,1
1.3.6.1.4.1.14519.5.2.1.6279.6001.310548927038333190233889983845,IL057_196949,273.79,14.87,10.62,12.74,0.7403,0.7144,0.3363,1.006,0.9994,0.2174,35.0,60.0,-60.0,110.0,0.12,0.88,0.0,0.616,6.85,solid,1
1.3.6.1.4.1.14519.5.2.1.6279.6001.310548927038333190233889983845,MI014_14657,322.79,14.6,10.21,12.41,0.7606,0.6996,0.5137,0.9269,1.0383,0.2172,35.0,60.0,-60.0,110.0,0.12,0.88,0.0,0.616,7.24,solid,1
1.3.6.1.4.1.14519.5.2.1.6279.6001.310548927038333190233889983845,0,638.22,17.5,13.26,15.38,0.765,0.7574,0.4285,0.7342,1.0197,0.1762,35.0,60.0,-60.0,110.0,0.12,0.88,0.0,0.616,9.09,solid,0
1.3.6.1.4.1.14519.5.2.1.6279.6001.461155505515403114280165935891,Nodule 001,230.91,13.5,8.6,11.05,0.808,0.6372,0.463,0.9755,1.171,0.259,35.0,60.0,-60.0,110.0,0.12,0.88,0.0,0.616,6.48,solid,0
1.3.6.1.4.1.14519.5.2.1.6279.6001.286524966129599998397777745271,104174,736.47,17.53,14.02,15.78,0.6685,0.7995,0.5133,0.8011,1.6849,0.2174,35.0,60.0,-60.0,110.0,0.12,0.88,0.0,0.616,9.53,solid,0
1.3.6.1.4.1.14519.5.2.1.6279.6001.286524966129599998397777745271,3192,831.28,17.49,14.47,15.98,0.7471,0.8271,0.5144,0.6885,1.5772,0.2082,35.0,60.0,-60.0,110.0,0.12,0.88,0.0,0.616,9.93,solid,1
1.3.6.1.4.1.14519.5.2.1.6279.6001.286524966129599998397777745271,1239,1009.15,19.1,15.2,17.15,0.7513,0.7958,0.7853,0.6417,1.5757,0.1861,35.0,60.0,-60.0,110.0,0.12,0.88,0.0,0.616,10.59,solid,1
1.3.6.1.4.1.14519.5.2.1.6279.6001.931383239747372227838946053237,Nodule 004,128.62,9.37,7.16,8.26,0.8105,0.7641,0.6671,1.182,0.6481,0.2443,35.0,60.0,-60.0,110.0,0.12,0.88,0.0,0.616,5.33,solid,0
1.3.6.1.4.1.14519.5.2.1.6279.6001.931383239747372227838946053237,Nodule 002,246.84,9.76,8.58,9.17,0.8066,0.8798,0.8967,0.9558,0.7682,0.2207,35.0,60.0,-60.0,110.0,0.12,0.88,0.0,0.616,6.62,solid,1
1.3.6.1.4.1.14519.5.2.1.6279.6001.931383239747372227838946053237,4,74.11,7.91,5.64,6.77,0.7691,0.7132,0.6323,1.497,0.2257,0.1747,35.0,60.0,-60.0,110.0,0.12,0.88,0.0,0.616,4.43,solid,0
1.3.6.1.4.1.14519.5.2.1.6279.6001.931383239747372227838946053237,7,92.49,8.95,5.74,7.34,0.7678,0.6417,0.6987,1.3928,0.6808,0.2725,35.0,60.0,-60.0,110.0,0.12,0.88,0.0,0.616,4.77,solid,0
1.3.6.1.4.1.14519.5.2.1.6279.6001.234400932423244218697302970157,IL057_167693,82.07,7.73,6.14,6.94,0.8189,0.7945,0.6466,1.3589,0.1493,0.1427,35.0,60.0,-60.0,110.0,0.12,0.88,0.0,0.616,4.59,solid,0
1.3.6.1.4.1.14519.5.2.1.6279.6001.266485463235825902797310439568,0,130.09,7.74,7.68,7.71,0.8005,0.9924,0.7756,1.1923,0.0821,0.0933,35.0,60.0,-60.0,110.0,0.12,0.88,0.0,0.616,5.35,solid,0
1.3.6.1.4.1.14519.5.2.1.6279.6001.266485463235825902797310439568,3,28.91,7.47,5.5,6.49,0.7647,0.7365,0.2677,2.0605,0.1603,0.18,35.0,60.0,-60.0,110.0,0.12,0.88,0.0,0.616,3.24,solid,0
1.3.6.1.4.1.14519.5.2.1.6279.6001.130794651720796841292503408531,134862,1930.11,22.06,19.46,20.76,0.8256,0.8822,0.544,0.4705,0.5409,0.0922,35.0,60.0,-60.0,110.0,0.12,0.88,0.0,0.616,13.14,solid,1
1.3.6.1.4.1.14519.5.2.1.6279.6001.130794651720796841292503408531,17350,2120.47,21.35,19.12,20.23,0.841,0.8955,0.7026,0.4476,0.4833,0.086,35.0,60.0,-60.0,110.0,0.12,0.88,0.0,0.616,13.56,solid,1
1.3.6.1.4.1.14519.5.2.1.6279.6001.130794651720796841292503408531,0,2204.26,21.46,19.02,20.24,0.8166,0.8863,0.699,0.455,0.6683,0.1004,35.0,60.0,-60.0,110.0,0.12,0.88,0.0,0.616,13.74,solid,0
1.3.6.1.4.1.14519.5.2.1.6279.6001.745109871503276594185453478952,IL057_196762,70.44,6.71,5.83,6.27,0.8395,0.8697,0.7453,1.3948,0.0486,0.0878,35.0,60.0,-60.0,110.0,0.12,0.88,0.0,0.616,4.36,solid,0
1.3.6.1.4.1.14519.5.2.1.6279.6001.712472578497712558367294720243,21282,269.5,11.75,10.8,11.28,0.7837,0.919,0.5106,0.9554,0.4256,0.1544,35.0,60.0,-60.0,110.0,0.12,0.88,0.0,0.616,6.82,solid,1
1.3.6.1.4.1.14519.5.2.1.6279.6001.712472578497712558367294720243,7375,324.38,12.97,10.34,11.66,0.7113,0.7974,0.6168,0.9895,1.0035,0.2221,-220.0,140.0,-520.0,80.0,0.6,0.4,0.0,0.28,5.58,part_solid,1
1.3.6.1.4.1.14519.5.2.1.6279.6001.712472578497712558367294720243,1210,96.53,10.49,6.21,8.35,0.7787,0.5924,0.3814,1.3538,0.5604,0.2422,35.0,60.0,-60.0,110.0,0.12,0.88,0.0,0.616,4.84,solid,0
1.3.6.1.4.1.14519.5.2.1.6279.6001.712472578497712558367294720243,1193,77.42,7.59,7.25,7.42,0.8138,0.9555,0.527,1.3943,0.1641,0.1473,35.0,60.0,-60.0,110.0,0.12,0.88,0.0,0.616,4.5,solid,0
1.3.6.1.4.1.14519.5.2.1.6279.6001.712472578497712558367294720243,1183,42.63,5.9,5.24,5.57,0.7986,0.8882,0.6783,1.7334,0.1004,0.1466,-220.0,140.0,-520.0,80.0,0.6,0.4,0.0,0.28,2.84,part_solid,0
1.3.6.1.4.1.14519.5.2.1.6279.6001.712472578497712558367294720243,45,260.19,11.19,9.19,10.19,0.7802,0.8218,0.7151,0.9709,0.4576,0.1651,-220.0,140.0,-520.0,80.0,0.6,0.4,0.0,0.28,5.18,part_solid,1
1.3.6.1.4.1.14519.5.2.1.6279.6001.696727502904070993160975844791,128807,281.26,14.32,12.91,13.61,0.7513,0.9018,0.2794,0.9824,0.2006,0.0919,35.0,60.0,-60.0,110.0,0.12,0.88,0.0,0.616,6.92,solid,1
1.3.6.1.4.1.14519.5.2.1.6279.6001.696727502904070993160975844791,0,390.04,14.45,11.03,12.74,0.7829,0.7636,0.5537,0.8454,1.0496,0.2104,35.0,60.0,-60.0,110.0,0.12,0.88,0.0,0.616,7.71,solid,0
1.3.6.1.4.1.14519.5.2.1.6279.6001.696727502904070993160975844791,2,88.69,7.46,7.08,7.27,0.7705,0.949,0.8046,1.4074,0.3513,0.205,-580.0,75.0,-680.0,-450.0,0.95,0.05,0.0,0.035,1.81,pure_ggn,0
1.3.6.1.4.1.14519.5.2.1.6279.6001.696727502904070993160975844791,3,145.53,10.09,7.35,8.72,0.7887,0.728,0.5946,1.1657,0.546,0.2197,-580.0,75.0,-680.0,-450.0,0.95,0.05,0.0,0.035,2.13,pure_ggn,0
1.3.6.1.4.1.14519.5.2.1.6279.6001.251215764736737018371915284679,Nodule 001,1776.86,23.19,16.32,19.76,0.7149,0.7041,0.7548,0.5585,3.619,0.2394,35.0,60.0,-60.0,110.0,0.12,0.88,0.0,0.616,12.79,solid,1
1.3.6.1.4.1.14519.5.2.1.6279.6001.251215764736737018371915284679,Nodule 003,231.52,9.79,8.16,8.98,0.7756,0.834,1.0,1.0154,0.6375,0.2029,35.0,60.0,-60.0,110.0,0.12,0.88,0.0,0.616,6.48,solid,1
1.3.6.1.4.1.14519.5.2.1.6279.6001.251215764736737018371915284679,IL057_160213,1963.67,23.0,18.26,20.63,0.7132,0.7941,0.6523,0.5415,2.7698,0.2044,35.0,60.0,-60.0,110.0,0.12,0.88,0.0,0.616,13.22,solid,1
1.3.6.1.4.1.14519.5.2.1.6279.6001.251215764736737018371915284679,MI014_20119,140.26,10.81,7.12,8.97,0.7957,0.659,0.4625,1.1698,0.4252,0.193,-220.0,140.0,-520.0,80.0,0.6,0.4,0.0,0.28,4.22,part_solid,0
1.3.6.1.4.1.14519.5.2.1.6279.6001.251215764736737018371915284679,MI014_20115,2148.65,24.26,17.71,20.98,0.7678,0.7299,0.7214,0.4881,2.8508,0.2009,35.0,60.0,-60.0,110.0,0.12,0.88,0.0,0.616,13.62,solid,1
1.3.6.1.4.1.14519.5.2.1.6279.6001.251215764736737018371915284679,0,2239.91,27.22,16.47,21.84,0.6785,0.605,0.643,0.5448,5.5112,0.2669,35.0,60.0,-60.0,110.0,0.12,0.88,0.0,0.616,13.81,solid,1
1.3.6.1.4.1.14519.5.2.1.6279.6001.276710697414087561012670296643,MI014_20067,680.49,14.14,12.57,13.36,0.8459,0.8885,0.7953,0.65,0.2551,0.0918,35.0,60.0,-60.0,110.0,0.12,0.88,0.0,0.616,9.29,solid,1
1.3.6.1.4.1.14519.5.2.1.6279.6001.276710697414087561012670296643,0,673.44,14.21,12.22,13.21,0.8204,0.8601,0.7919,0.6725,0.4982,0.1287,35.0,60.0,-60.0,110.0,0.12,0.88,0.0,0.616,9.25,solid,0
1.3.6.1.4.1.14519.5.2.1.6279.6001.257383535269991165447822992959,Nodule 002,3459.4,25.95,24.55,25.25,0.7219,0.946,0.6743,0.4429,2.4603,0.161,35.0,60.0,-60.0,110.0,0.12,0.88,0.0,0.616,15.97,solid,1
1.3.6.1.4.1.14519.5.2.1.6279.6001.257383535269991165447822992959,Nodule 001,1443.66,20.55,18.96,19.76,0.7321,0.9226,0.4866,0.5845,1.5197,0.1667,35.0,60.0,-60.0,110.0,0.12,0.88,0.0,0.616,11.93,solid,1
1.3.6.1.4.1.14519.5.2.1.6279.6001.257383535269991165447822992959,Nodule 004,414.66,12.41,12.03,12.22,0.8358,0.9691,0.6042,0.7759,0.2307,0.1018,-580.0,75.0,-680.0,-450.0,0.95,0.05,0.0,0.035,3.03,pure_ggn,1
1.3.6.1.4.1.14519.5.2.1.6279.6001.257383535269991165447822992959,IL057_197080,233.97,8.81,7.3,8.05,0.7052,0.8284,1.0,1.1129,2.077,0.3375,-580.0,75.0,-680.0,-450.0,0.95,0.05,0.0,0.035,2.5,pure_ggn,0
1.3.6.1.4.1.14519.5.2.1.6279.6001.257383535269991165447822992959,IL057_197075,1416.1,18.95,18.59,18.77,0.756,0.9807,0.6595,0.5697,1.6607,0.1768,35.0,60.0,-60.0,110.0,0.12,0.88,0.0,0.616,11.85,solid,1
1.3.6.1.4.1.14519.5.2.1.6279.6001.257383535269991165447822992959,IL057_197071,2850.57,23.14,21.44,22.29,0.7496,0.9268,0.7564,0.455,1.7317,0.1471,35.0,60.0,-60.0,110.0,0.12,0.88,0.0,0.616,14.97,solid,1
1.3.6.1.4.1.14519.5.2.1.6279.6001.257383535269991165447822992959,MI014_14833,1669.06,20.85,18.22,19.54,0.77,0.8738,0.7193,0.5295,2.038,0.1847,35.0,60.0,-60.0,110.0,0.12,0.88,0.0,0.616,12.52,solid,1
1.3.6.1.4.1.14519.5.2.1.6279.6001.257383535269991165447822992959,0,4311.39,28.12,25.15,26.64,0.6876,0.8941,0.7111,0.4321,3.8392,0.1857,35.0,60.0,-60.0,110.0,0.12,0.88,0.0,0.616,17.18,solid,1
1.3.6.1.4.1.14519.5.2.1.6279.6001.257383535269991165447822992959,9,80.24,6.2,5.69,5.94,0.7403,0.9166,1.0,1.5145,0.1948,0.1587,35.0,60.0,-60.0,110.0,0.12,0.88,0.0,0.616,4.55,solid,0
1.3.6.1.4.1.14519.5.2.1.6279.6001.257383535269991165447822992959,10,2162.12,26.66,19.59,23.13,0.6745,0.7348,0.6564,0.5545,7.2819,0.2962,35.0,60.0,-60.0,110.0,0.12,0.88,0.0,0.616,13.65,solid,1
1.3.6.1.4.1.14519.5.2.1.6279.6001.257383535269991165447822992959,11,513.27,13.97,11.7,12.84,0.8119,0.8375,0.7156,0.7439,0.8955,0.184,-580.0,75.0,-680.0,-450.0,0.95,0.05,0.0,0.035,3.25,pure_ggn,0
1.3.6.1.4.1.14519.5.2.1.6279.6001.313334055029671473836954456733,Nodule 001,1345.05,19.91,17.66,18.79,0.8046,0.887,0.5022,0.5445,0.5577,0.1044,35.0,60.0,-60.0,110.0,0.12,0.88,0.0,0.616,11.65,solid,1
1.3.6.1.4.1.14519.5.2.1.6279.6001.313334055029671473836954456733,IL057_168355,866.69,19.37,17.02,18.19,0.7866,0.8789,0.3873,0.6449,1.2128,0.1659,35.0,60.0,-60.0,110.0,0.12,0.88,0.0,0.616,10.07,solid,1
1.3.6.1.4.1.14519.5.2.1.6279.6001.313334055029671473836954456733,0,1481.64,20.86,18.56,19.71,0.789,0.8897,0.4794,0.5376,0.5447,0.0991,35.0,60.0,-60.0,110.0,0.12,0.88,0.0,0.616,12.03,solid,0
1.3.6.1.4.1.14519.5.2.1.6279.6001.336225579776978874775723463327,Nodule 002,135.97,9.92,7.46,8.69,0.8102,0.7519,0.5041,1.1608,0.3159,0.1719,35.0,60.0,-60.0,110.0,0.12,0.88,0.0,0.616,5.43,solid,1
1.3.6.1.4.1.14519.5.2.1.6279.6001.336225579776978874775723463327,1,140.26,8.33,6.49,7.41,0.7779,0.7797,0.9004,1.1965,0.2694,0.1603,35.0,60.0,-60.0,110.0,0.12,0.88,0.0,0.616,5.48,solid,0
1.3.6.1.4.1.14519.5.2.1.6279.6001.105495028985881418176186711228,Nodule 001,340.86,11.91,10.3,11.11,0.8283,0.8655,0.6299,0.8358,0.2589,0.1155,35.0,60.0,-60.0,110.0,0.12,0.88,0.0,0.616,7.37,solid,1
1.3.6.1.4.1.14519.5.2.1.6279.6001.202811684116768680758082619196,Nodule 001,52.43,9.41,7.64,8.52,0.7444,0.8125,0.2126,1.7358,0.107,0.1109,35.0,60.0,-60.0,110.0,0.12,0.88,0.0,0.616,3.95,solid,0
1.3.6.1.4.1.14519.5.2.1.6279.6001.202811684116768680758082619196,Nodule 002,1930.6,19.94,16.23,18.09,0.7766,0.814,0.8774,0.5001,1.4472,0.154,35.0,60.0,-60.0,110.0,0.12,0.88,0.0,0.616,13.14,solid,1
1.3.6.1.4.1.14519.5.2.1.6279.6001.202811684116768680758082619196,IL057_160231,2037.17,22.78,18.32,20.55,0.7176,0.8044,0.7683,0.5316,3.4147,0.2224,35.0,60.0,-60.0,110.0,0.12,0.88,0.0,0.616,13.38,solid,1
1.3.6.1.4.1.14519.5.2.1.6279.6001.202811684116768680758082619196,MI014_20132,2187.85,20.75,17.68,19.22,0.792,0.852,0.8433,0.4704,1.3396,0.1422,35.0,60.0,-60.0,110.0,0.12,0.88,0.0,0.616,13.7,solid,1
1.3.6.1.4.1.14519.5.2.1.6279.6001.202811684116768680758082619196,1,2086.79,20.12,17.76,18.94,0.757,0.8828,0.8699,0.4999,1.9844,0.1748,35.0,60.0,-60.0,110.0,0.12,0.88,0.0,0.616,13.49,solid,1
1.3.6.1.4.1.14519.5.2.1.6279.6001.295958572786158575287945391206,4613,485.1,12.67,9.68,11.18,0.7594,0.7642,0.947,0.8104,0.9991,0.2003,35.0,60.0,-60.0,110.0,0.12,0.88,0.0,0.616,8.29,solid,0
1.3.6.1.4.1.14519.5.2.1.6279.6001.295958572786158575287945391206,3179,566.68,13.59,10.64,12.12,0.7751,0.7831,0.883,0.7539,1.3646,0.2223,35.0,60.0,-60.0,110.0,0.12,0.88,0.0,0.616,8.74,solid,1
1.3.6.1.4.1.14519.5.2.1.6279.6001.295958572786158575287945391206,0,274.15,11.21,8.14,9.68,0.6774,0.7264,1.0,1.0989,1.0733,0.235,35.0,60.0,-60.0,110.0,0.12,0.88,0.0,0.616,6.86,solid,0
1.3.6.1.4.1.14519.5.2.1.6279.6001.129982010889624423230394257528,11,49.61,5.61,5.1,5.35,0.7898,0.9101,0.8919,1.6663,0.0745,0.1194,350.0,120.0,50.0,550.0,0.1,0.25,0.65,0.175,2.55,calcified,0
1.3.6.1.4.1.14519.5.2.1.6279.6001.129982010889624423230394257528,13,56.66,6.04,5.45,5.74,0.8025,0.9011,0.8274,1.5691,0.1437,0.1566,350.0,120.0,50.0,550.0,0.1,0.25,0.65,0.175,2.67,calcified,0
1.3.6.1.4.1.14519.5.2.1.6279.6001.129982010889624423230394257528,15,106.57,7.6,5.8,6.7,0.7588,0.7642,0.9874,1.3443,0.3106,0.1841,350.0,120.0,50.0,550.0,0.1,0.25,0.65,0.175,3.29,calcified,0
1.3.6.1.4.1.14519.5.2.1.6279.6001.129982010889624423230394257528,124206,64.01,5.65,5.51,5.58,0.8272,0.9748,1.0,1.4615,0.1694,0.1634,350.0,120.0,50.0,550.0,0.1,0.25,0.65,0.175,2.78,calcified,0
1.3.6.1.4.1.14519.5.2.1.6279.6001.129982010889624423230394257528,124197,66.46,6.3,4.92,5.61,0.8171,0.7817,0.9928,1.4611,0.1547,0.1547,350.0,120.0,50.0,550.0,0.1,0.25,0.65,0.175,2.81,calcified,0
1.3.6.1.4.1.14519.5.2.1.6279.6001.129982010889624423230394257528,124204,40.73,5.64,5.24,5.44,0.8421,0.9293,0.6645,1.6691,0.0655,0.1192,350.0,120.0,50.0,550.0,0.1,0.25,0.65,0.175,2.39,calcified,0
1.3.6.1.4.1.14519.5.2.1.6279.6001.129982010889624423230394257528,124208,57.88,6.18,5.51,5.84,0.8139,0.8918,0.8095,1.5361,0.1151,0.14,350.0,120.0,50.0,550.0,0.1,0.25,0.65,0.175,2.68,calcified,0
1.3.6.1.4.1.14519.5.2.1.6279.6001.129982010889624423230394257528,124209,35.22,4.89,4.48,4.68,0.8176,0.915,1.0,1.8044,0.0759,0.1331,350.0,120.0,50.0,550.0,0.1,0.25,0.65,0.175,2.27,calcified,0
1.3.6.1.4.1.14519.5.2.1.6279.6001.129982010889624423230394257528,124202,41.04,5.85,5.45,5.65,0.8417,0.9308,0.641,1.6658,0.0695,0.1205,350.0,120.0,50.0,550.0,0.1,0.25,0.65,0.175,2.39,calcified,0
1.3.6.1.4.1.14519.5.2.1.6279.6001.129982010889624423230394257528,Nodule 002,72.27,6.67,6.21,6.44,0.8212,0.9322,0.75,1.4138,0.1268,0.1369,35.0,60.0,-60.0,110.0,0.12,0.88,0.0,0.616,4.4,solid,0
1.3.6.1.4.1.14519.5.2.1.6279.6001.129982010889624423230394257528,Nodule 001,70.13,6.69,5.76,6.23,0.8192,0.8616,0.7476,1.4314,0.2016,0.1757,35.0,60.0,-60.0,110.0,0.12,0.88,0.0,0.616,4.35,solid,0
1.3.6.1.4.1.14519.5.2.1.6279.6001.129982010889624423230394257528,134744,50.22,5.72,5.53,5.62,0.8233,0.9656,0.8737,1.5921,0.1347,0.1571,350.0,120.0,50.0,550.0,0.1,0.25,0.65,0.175,2.56,calcified,0
1.3.6.1.4.1.14519.5.2.1.6279.6001.129982010889624423230394257528,134749,63.39,7.48,6.17,6.83,0.8344,0.8256,0.5015,1.4535,0.0788,0.1085,350.0,120.0,50.0,550.0,0.1,0.25,0.65,0.175,2.77,calcified,0
1.3.6.1.4.1.14519.5.2.1.6279.6001.129982010889624423230394257528,145185,70.74,6.6,6.27,6.44,0.8417,0.9499,0.7571,1.3893,0.0943,0.1182,350.0,120.0,50.0,550.0,0.1,0.25,0.65,0.175,2.87,calcified,0
1.3.6.1.4.1.14519.5.2.1.6279.6001.129982010889624423230394257528,145186,68.91,6.58,5.85,6.22,0.8293,0.8891,0.9498,1.4224,0.1545,0.1502,350.0,120.0,50.0,550.0,0.1,0.25,0.65,0.175,2.85,calcified,0
1.3.6.1.4.1.14519.5.2.1.6279.6001.129982010889624423230394257528,145187,78.4,7.55,6.51,7.03,0.8432,0.8617,0.6623,1.34,0.1443,0.1383,350.0,120.0,50.0,550.0,0.1,0.25,0.65,0.175,2.97,calcified,0
1.3.6.1.4.1.14519.5.2.1.6279.6001.185154482385982570363528682299,124130,1369.3,19.84,16.29,18.07,0.8357,0.8212,0.6048,0.5211,0.6689,0.1156,350.0,120.0,50.0,550.0,0.1,0.25,0.65,0.175,7.71,calcified,0
1.3.6.1.4.1.14519.5.2.1.6279.6001.185154482385982570363528682299,124241,203.35,9.4,8.89,9.14,0.8335,0.9465,0.7451,0.9867,0.121,0.0939,350.0,120.0,50.0,550.0,0.1,0.25,0.65,0.175,4.08,calcified,0
1.3.6.1.4.1.14519.5.2.1.6279.6001.185154482385982570363528682299,134876,1184.33,20.06,15.51,17.78,0.8264,0.7732,0.5983,0.5531,1.0691,0.15,350.0,120.0,50.0,550.0,0.1,0.25,0.65,0.175,7.34,calcified,0
1.3.6.1.4.1.14519.5.2.1.6279.6001.185154482385982570363528682299,135726,175.66,9.4,8.72,9.06,0.8406,0.9274,0.6383,1.0272,0.1349,0.1033,350.0,120.0,50.0,550.0,0.1,0.25,0.65,0.175,3.89,calcified,0
1.3.6.1.4.1.14519.5.2.1.6279.6001.185154482385982570363528682299,17365,1323.0,19.38,16.45,17.92,0.8309,0.8487,0.6191,0.5302,0.7264,0.1216,350.0,120.0,50.0,550.0,0.1,0.25,0.65,0.175,7.62,calcified,0
1.3.6.1.4.1.14519.5.2.1.6279.6001.185154482385982570363528682299,17367,252.59,10.78,9.48,10.13,0.8159,0.8801,0.6495,0.9376,0.2058,0.1131,350.0,120.0,50.0,550.0,0.1,0.25,0.65,0.175,4.39,calcified,0
1.3.6.1.4.1.14519.5.2.1.6279.6001.185154482385982570363528682299,0,1413.4,19.63,15.97,17.8,0.8266,0.8137,0.6622,0.5213,0.636,0.1123,350.0,120.0,50.0,550.0,0.1,0.25,0.65,0.175,7.79,calcified,0
1.3.6.1.4.1.14519.5.2.1.6279.6001.185154482385982570363528682299,1,307.72,10.93,9.22,10.07,0.751,0.8432,1.0,0.9537,0.9349,0.2167,350.0,120.0,50.0,550.0,0.1,0.25,0.65,0.175,4.69,calcified,0
1.3.6.1.4.1.14519.5.2.1.6279.6001.254254303842550572473665729969,12523,539.98,13.73,10.74,12.23,0.7339,0.7822,0.8741,0.8092,1.3696,0.2202,35.0,60.0,-60.0,110.0,0.12,0.88,0.0,0.616,8.6,solid,1
1.3.6.1.4.1.14519.5.2.1.6279.6001.254254303842550572473665729969,12530,1745.38,22.34,15.74,19.04,0.7229,0.7043,0.8057,0.5556,4.296,0.258,-580.0,75.0,-680.0,-450.0,0.95,0.05,0.0,0.035,4.89,pure_ggn,1
1.3.6.1.4.1.14519.5.2.1.6279.6001.254254303842550572473665729969,16515,638.47,14.17,11.82,13.0,0.7756,0.8343,0.8468,0.7241,1.1877,0.1977,35.0,60.0,-60.0,110.0,0.12,0.88,0.0,0.616,9.09,solid,1
1.3.6.1.4.1.14519.5.2.1.6279.6001.254254303842550572473665729969,2935,898.17,15.82,13.07,14.44,0.7785,0.8263,0.8852,0.6438,1.5573,0.2012,35.0,60.0,-60.0,110.0,0.12,0.88,0.0,0.616,10.19,solid,1
1.3.6.1.4.1.14519.5.2.1.6279.6001.225515255547637437801620523312,Nodule 001,1148.74,17.88,13.26,15.57,0.7987,0.7415,0.8392,0.5781,1.6475,0.1926,35.0,60.0,-60.0,110.0,0.12,0.88,0.0,0.616,11.06,solid,1
1.3.6.1.4.1.14519.5.2.1.6279.6001.225515255547637437801620523312,IL057_197155,1059.32,17.68,12.7,15.19,0.7733,0.7182,0.8486,0.6135,1.4925,0.1864,35.0,60.0,-60.0,110.0,0.12,0.88,0.0,0.616,10.76,solid,1
1.3.6.1.4.1.14519.5.2.1.6279.6001.225515255547637437801620523312,MI014_20381,162.92,8.24,7.6,7.92,0.8367,0.9215,0.9097,1.0583,0.2274,0.1405,35.0,60.0,-60.0,110.0,0.12,0.88,0.0,0.616,5.77,solid,1
1.3.6.1.4.1.14519.5.2.1.6279.6001.225515255547637437801620523312,MI014_20377,1225.31,18.89,13.12,16.0,0.7779,0.6948,0.7943,0.5809,1.6387,0.1868,35.0,60.0,-60.0,110.0,0.12,0.88,0.0,0.616,11.3,solid,1
1.3.6.1.4.1.14519.5.2.1.6279.6001.225515255547637437801620523312,0,1079.53,18.41,12.45,15.43,0.7719,0.6765,0.8148,0.6107,1.6976,0.1965,35.0,60.0,-60.0,110.0,0.12,0.88,0.0,0.616,10.83,solid,0
1.3.6.1.4.1.14519.5.2.1.6279.6001.225515255547637437801620523312,2,110.25,7.08,6.36,6.72,0.7876,0.899,1.0,1.2805,0.3345,0.1912,35.0,60.0,-60.0,110.0,0.12,0.88,0.0,0.616,5.06,solid,0
1.3.6.1.4.1.14519.5.2.1.6279.6001.108197895896446896160048741492,0,95.55,6.55,6.07,6.31,0.7281,0.9256,1.0,1.4529,0.3884,0.213,35.0,60.0,-60.0,110.0,0.12,0.88,0.0,0.616,4.83,solid,0
1.3.6.1.4.1.14519.5.2.1.6279.6001.103115201714075993579787468219,1,97.69,7.46,6.2,6.83,0.7401,0.831,0.8381,1.4187,0.3465,0.2004,35.0,60.0,-60.0,110.0,0.12,0.88,0.0,0.616,4.86,solid,0
1.3.6.1.4.1.14519.5.2.1.6279.6001.112767175295249119452142211437,3,40.42,4.83,4.69,4.76,0.7649,0.9717,1.0,1.8422,0.0462,0.1041,-580.0,75.0,-680.0,-450.0,0.95,0.05,0.0,0.035,1.39,pure_ggn,0
1.3.6.1.4.1.14519.5.2.1.6279.6001.112767175295249119452142211437,6,163.54,9.47,8.99,9.23,0.6871,0.9492,0.7921,1.2871,0.5758,0.2075,35.0,60.0,-60.0,110.0,0.12,0.88,0.0,0.616,5.77,solid,0
1.3.6.1.4.1.14519.5.2.1.6279.6001.112767175295249119452142211437,11,96.77,8.24,6.44,7.34,0.7969,0.7821,0.6069,1.3217,0.1664,0.1434,35.0,60.0,-60.0,110.0,0.12,0.88,0.0,0.616,4.85,solid,0
1.3.6.1.4.1.14519.5.2.1.6279.6001.112767175295249119452142211437,14,55.12,6.31,5.12,5.72,0.8075,0.8116,0.7918,1.5737,0.1267,0.1525,35.0,60.0,-60.0,110.0,0.12,0.88,0.0,0.616,4.02,solid,0
1.3.6.1.4.1.14519.5.2.1.6279.6001.112767175295249119452142211437,19,181.3,7.38,7.22,7.3,0.7642,0.9793,1.0,1.1181,0.3859,0.173,35.0,60.0,-60.0,110.0,0.12,0.88,0.0,0.616,5.97,solid,0
1.3.6.1.4.1.14519.5.2.1.6279.6001.112767175295249119452142211437,21,59.41,5.75,4.36,5.06,0.7282,0.7573,1.0,1.702,0.4178,0.2502,35.0,60.0,-60.0,110.0,0.12,0.88,0.0,0.616,4.12,solid,0
1.3.6.1.4.1.14519.5.2.1.6279.6001.112767175295249119452142211437,24,116.99,8.34,7.69,8.02,0.8066,0.9215,0.5993,1.2259,0.1061,0.1066,35.0,60.0,-60.0,110.0,0.12,0.88,0.0,0.616,5.16,solid,0
1.3.6.1.4.1.14519.5.2.1.6279.6001.112767175295249119452142211437,25,123.11,7.46,6.54,7.0,0.7701,0.8774,1.0,1.2623,0.2621,0.1646,35.0,60.0,-60.0,110.0,0.12,0.88,0.0,0.616,5.25,solid,0
1.3.6.1.4.1.14519.5.2.1.6279.6001.112767175295249119452142211437,26,71.66,5.53,4.96,5.24,0.7572,0.8967,1.0,1.5375,0.2566,0.1929,35.0,60.0,-60.0,110.0,0.12,0.88,0.0,0.616,4.38,solid,0
1.3.6.1.4.1.14519.5.2.1.6279.6001.112767175295249119452142211437,29,63.7,5.45,5.02,5.24,0.7206,0.9208,1.0,1.6803,0.2233,0.1804,35.0,60.0,-60.0,110.0,0.12,0.88,0.0,0.616,4.22,solid,0
1.3.6.1.4.1.14519.5.2.1.6279.6001.112767175295249119452142211437,30,392.61,12.38,10.22,11.3,0.7901,0.8255,0.808,0.8359,0.3451,0.1266,35.0,60.0,-60.0,110.0,0.12,0.88,0.0,0.616,7.73,solid,0
1.3.6.1.4.1.14519.5.2.1.6279.6001.112767175295249119452142211437,115293,49.0,5.95,4.96,5.46,0.8377,0.8334,0.8398,1.5775,0.0942,0.1368,35.0,60.0,-60.0,110.0,0.12,0.88,0.0,0.616,3.86,solid,0
1.3.6.1.4.1.14519.5.2.1.6279.6001.112767175295249119452142211437,135000,303.19,11.57,9.81,10.69,0.824,0.8484,0.6484,0.8736,0.2697,0.1237,35.0,60.0,-60.0,110.0,0.12,0.88,0.0,0.616,7.09,solid,1
1.3.6.1.4.1.14519.5.2.1.6279.6001.112767175295249119452142211437,135031,49.0,5.95,4.96,5.46,0.8377,0.8334,0.8398,1.5775,0.0942,0.1368,35.0,60.0,-60.0,110.0,0.12,0.88,0.0,0.616,3.86,solid,0
1.3.6.1.4.1.14519.5.2.1.6279.6001.112767175295249119452142211437,135033,60.02,6.18,5.48,5.83,0.8223,0.8867,0.809,1.502,0.0692,0.1109,35.0,60.0,-60.0,110.0,0.12,0.88,0.0,0.616,4.13,solid,0
1.3.6.1.4.1.14519.5.2.1.6279.6001.112767175295249119452142211437,135040,20.58,6.01,5.08,5.54,0.7899,0.8452,0.333,2.2342,0.0612,0.1314,35.0,60.0,-60.0,110.0,0.12,0.88,0.0,0.616,2.89,solid,0
1.3.6.1.4.1.14519.5.2.1.6279.6001.112767175295249119452142211437,135009,116.99,8.24,7.7,7.97,0.8427,0.9345,0.6067,1.1734,0.0664,0.0847,35.0,60.0,-60.0,110.0,0.12,0.88,0.0,0.616,5.16,solid,1
1.3.6.1.4.1.14519.5.2.1.6279.6001.112767175295249119452142211437,Nodule 002,431.2,13.32,11.75,12.54,0.8239,0.8816,0.5629,0.777,0.23,0.0997,35.0,60.0,-60.0,110.0,0.12,0.88,0.0,0.616,7.98,solid,0
1.3.6.1.4.1.14519.5.2.1.6279.6001.112767175295249119452142211437,Nodule 004,120.66,9.1,7.13,8.11,0.8352,0.784,0.5497,1.1718,0.1553,0.1273,35.0,60.0,-60.0,110.0,0.12,0.88,0.0,0.616,5.22,solid,0
1.3.6.1.4.1.14519.5.2.1.6279.6001.112767175295249119452142211437,Nodule 025,153.74,8.01,7.42,7.72,0.8295,0.9261,0.9362,1.0883,0.3338,0.1746,35.0,60.0,-60.0,110.0,0.12,0.88,0.0,0.616,5.66,solid,0
1.3.6.1.4.1.14519.5.2.1.6279.6001.316393351033132458296975008261,Nodule 004,56.04,8.68,7.15,7.92,0.79,0.8242,0.2881,1.5996,0.2259,0.1691,35.0,60.0,-60.0,110.0,0.12,0.88,0.0,0.616,4.04,solid,0
1.3.6.1.4.1.14519.5.2.1.6279.6001.316393351033132458296975008261,Nodule 001,60.94,6.73,5.07,5.9,0.8188,0.7533,0.7435,1.5008,0.2059,0.1841,35.0,60.0,-60.0,110.0,0.12,0.88,0.0,0.616,4.15,solid,0
1.3.6.1.4.1.14519.5.2.1.6279.6001.316393351033132458296975008261,Nodule 002,56.04,8.2,5.11,6.66,0.7909,0.6239,0.4574,1.5979,0.3153,0.2213,35.0,60.0,-60.0,110.0,0.12,0.88,0.0,0.616,4.04,solid,0
1.3.6.1.4.1.14519.5.2.1.6279.6001.316393351033132458296975008261,5,32.16,6.45,3.95,5.2,0.7801,0.6117,0.581,1.9494,0.1699,0.1973,35.0,60.0,-60.0,110.0,0.12,0.88,0.0,0.616,3.36,solid,0
1.3.6.1.4.1.14519.5.2.1.6279.6001.454273545863197752384437758130,Nodule 001,99.84,8.92,6.06,7.49,0.807,0.6788,0.5603,1.2917,0.2208,0.1617,35.0,60.0,-60.0,110.0,0.12,0.88,0.0,0.616,4.9,solid,0
1.3.6.1.4.1.14519.5.2.1.6279.6001.454273545863197752384437758130,Nodule 002,156.8,8.87,7.25,8.06,0.8313,0.8172,0.8455,1.0788,0.3095,0.1639,35.0,60.0,-60.0,110.0,0.12,0.88,0.0,0.616,5.69,solid,0
1.3.6.1.4.1.14519.5.2.1.6279.6001.454273545863197752384437758130,IL057_168318,42.63,9.36,6.28,7.82,0.7267,0.6706,0.2136,1.905,0.3342,0.2143,35.0,60.0,-60.0,110.0,0.12,0.88,0.0,0.616,3.69,solid,0
1.3.6.1.4.1.14519.5.2.1.6279.6001.454273545863197752384437758130,0,98.0,7.72,5.22,6.47,0.7573,0.6765,0.9715,1.385,0.3206,0.1927,-220.0,140.0,-520.0,80.0,0.6,0.4,0.0,0.28,3.74,part_solid,0
1.3.6.1.4.1.14519.5.2.1.6279.6001.454273545863197752384437758130,1,106.57,6.73,6.5,6.62,0.7876,0.9657,1.0,1.295,0.3599,0.2016,35.0,60.0,-60.0,110.0,0.12,0.88,0.0,0.616,5.01,solid,0
1.3.6.1.4.1.14519.5.2.1.6279.6001.241717018262666382493757419144,Nodule 001,322.79,13.27,10.96,12.12,0.8148,0.826,0.471,0.8652,0.5567,0.1639,35.0,60.0,-60.0,110.0,0.12,0.88,0.0,0.616,7.24,solid,1
1.3.6.1.4.1.14519.5.2.1.6279.6001.241717018262666382493757419144,IL057_201527,462.13,14.4,13.49,13.95,0.7805,0.9366,0.5207,0.8014,1.3401,0.2228,-580.0,75.0,-680.0,-450.0,0.95,0.05,0.0,0.035,3.14,pure_ggn,1
1.3.6.1.4.1.14519.5.2.1.6279.6001.241717018262666382493757419144,0,544.21,14.76,11.05,12.91,0.7837,0.749,0.6776,0.7558,0.9535,0.1861,-580.0,75.0,-680.0,-450.0,0.95,0.05,0.0,0.035,3.31,pure_ggn,0
1.3.6.1.4.1.14519.5.2.1.6279.6001.241717018262666382493757419144,11,30.32,5.3,4.44,4.87,0.818,0.8369,0.7072,1.8959,0.127,0.1815,-580.0,75.0,-680.0,-450.0,0.95,0.05,0.0,0.035,1.27,pure_ggn,0
1.3.6.1.4.1.14519.5.2.1.6279.6001.176030616406569931557298712518,1,68.91,6.64,5.89,6.27,0.7893,0.8874,0.7528,1.4944,0.1642,0.1588,35.0,60.0,-60.0,110.0,0.12,0.88,0.0,0.616,4.33,solid,0
1.3.6.1.4.1.14519.5.2.1.6279.6001.176030616406569931557298712518,3,205.19,9.15,8.44,8.79,0.7791,0.9217,0.9561,1.0524,0.3329,0.1546,35.0,60.0,-60.0,110.0,0.12,0.88,0.0,0.616,6.23,solid,0
1.3.6.1.4.1.14519.5.2.1.6279.6001.176030616406569931557298712518,6,152.21,7.96,7.45,7.71,0.7691,0.9369,0.9426,1.1777,0.3358,0.1727,35.0,60.0,-60.0,110.0,0.12,0.88,0.0,0.616,5.64,solid,0
1.3.6.1.4.1.14519.5.2.1.6279.6001.176030616406569931557298712518,19,207.33,9.25,8.76,9.01,0.8118,0.9472,0.8106,1.0065,0.1719,0.1123,35.0,60.0,-60.0,110.0,0.12,0.88,0.0,0.616,6.25,solid,0
1.3.6.1.4.1.14519.5.2.1.6279.6001.176030616406569931557298712518,20,285.73,10.69,10.19,10.44,0.803,0.9534,0.7017,0.9144,0.3998,0.1522,35.0,60.0,-60.0,110.0,0.12,0.88,0.0,0.616,6.95,solid,0
1.3.6.1.4.1.14519.5.2.1.6279.6001.176030616406569931557298712518,21,59.72,6.36,5.52,5.94,0.7806,0.8678,0.7857,1.5849,0.1558,0.1612,35.0,60.0,-60.0,110.0,0.12,0.88,0.0,0.616,4.13,solid,0
1.3.6.1.4.1.14519.5.2.1.6279.6001.176030616406569931557298712518,22,82.07,7.71,6.41,7.06,0.7841,0.8323,0.6487,1.4192,0.2839,0.1916,35.0,60.0,-60.0,110.0,0.12,0.88,0.0,0.616,4.59,solid,0
1.3.6.1.4.1.14519.5.2.1.6279.6001.176030616406569931557298712518,23,176.71,8.56,7.5,8.03,0.8083,0.8759,1.0,1.0662,0.2308,0.1355,35.0,60.0,-60.0,110.0,0.12,0.88,0.0,0.616,5.92,solid,0
1.3.6.1.4.1.14519.5.2.1.6279.6001.176030616406569931557298712518,24,730.1,13.72,12.38,13.05,0.8007,0.9022,0.9108,0.6708,0.305,0.0989,35.0,60.0,-60.0,110.0,0.12,0.88,0.0,0.616,9.51,solid,0
1.3.6.1.4.1.14519.5.2.1.6279.6001.176030616406569931557298712518,114215,679.88,13.5,12.75,13.13,0.8477,0.9448,0.8334,0.6488,0.1389,0.0683,35.0,60.0,-60.0,110.0,0.12,0.88,0.0,0.616,9.28,solid,1
1.3.6.1.4.1.14519.5.2.1.6279.6001.176030616406569931557298712518,114212,966.52,16.73,14.58,15.65,0.8249,0.8719,0.6726,0.5929,0.3503,0.0949,35.0,60.0,-60.0,110.0,0.12,0.88,0.0,0.616,10.44,solid,1
1.3.6.1.4.1.14519.5.2.1.6279.6001.176030616406569931557298712518,126858,946.01,17.03,14.24,15.64,0.8165,0.8361,0.6605,0.6034,0.5406,0.1181,35.0,60.0,-60.0,110.0,0.12,0.88,0.0,0.616,10.36,solid,1
1.3.6.1.4.1.14519.5.2.1.6279.6001.176030616406569931557298712518,126860,791.96,16.52,12.69,14.6,0.8012,0.7684,0.6811,0.6524,1.108,0.1776,35.0,60.0,-60.0,110.0,0.12,0.88,0.0,0.616,9.77,solid,1
1.3.6.1.4.1.14519.5.2.1.6279.6001.176030616406569931557298712518,126878,129.24,8.69,7.41,8.05,0.8775,0.8526,0.7193,1.0901,0.0779,0.087,35.0,60.0,-60.0,110.0,0.12,0.88,0.0,0.616,5.34,solid,1
1.3.6.1.4.1.14519.5.2.1.6279.6001.176030616406569931557298712518,126896,41.04,9.25,7.01,8.13,0.739,0.7578,0.2704,1.8971,0.8156,0.3248,35.0,60.0,-60.0,110.0,0.12,0.88,0.0,0.616,3.64,solid,1
1.3.6.1.4.1.14519.5.2.1.6279.6001.176030616406569931557298712518,126871,222.34,10.88,9.68,10.28,0.8131,0.89,0.5744,0.9818,0.3929,0.1593,35.0,60.0,-60.0,110.0,0.12,0.88,0.0,0.616,6.4,solid,1
1.3.6.1.4.1.14519.5.2.1.6279.6001.176030616406569931557298712518,126893,52.37,7.11,5.98,6.55,0.8221,0.8404,0.5271,1.5723,0.1843,0.1743,35.0,60.0,-60.0,110.0,0.12,0.88,0.0,0.616,3.95,solid,0
1.3.6.1.4.1.14519.5.2.1.6279.6001.176030616406569931557298712518,126869,184.97,9.72,9.12,9.42,0.8204,0.9382,0.6429,1.0345,0.2214,0.1281,35.0,60.0,-60.0,110.0,0.12,0.88,0.0,0.616,6.01,solid,1
1.3.6.1.4.1.14519.5.2.1.6279.6001.176030616406569931557298712518,126865,258.17,10.86,9.27,10.07,0.8285,0.8537,0.6906,0.9167,0.2826,0.1322,35.0,60.0,-60.0,110.0,0.12,0.88,0.0,0.616,6.72,solid,1
1.3.6.1.4.1.14519.5.2.1.6279.6001.176030616406569931557298712518,126882,148.22,8.3,7.01,7.66,0.8358,0.8446,0.9032,1.0933,0.1287,0.1086,35.0,60.0,-60.0,110.0,0.12,0.88,0.0,0.616,5.59,solid,1
1.3.6.1.4.1.14519.5.2.1.6279.6001.176030616406569931557298712518,131505,84.52,6.72,5.72,6.22,0.7375,0.8511,1.0,1.4941,0.4885,0.2427,35.0,60.0,-60.0,110.0,0.12,0.88,0.0,0.616,4.63,solid,0
1.3.6.1.4.1.14519.5.2.1.6279.6001.176030616406569931557298712518,131506,55.74,7.06,6.0,6.53,0.8265,0.8507,0.5313,1.5317,0.1188,0.1391,35.0,60.0,-60.0,110.0,0.12,0.88,0.0,0.616,4.03,solid,0
1.3.6.1.4.1.14519.5.2.1.6279.6001.176030616406569931557298712518,131507,31.24,5.41,4.79,5.1,0.8455,0.8865,0.6935,1.8162,0.0598,0.1216,35.0,60.0,-60.0,110.0,0.12,0.88,0.0,0.616,3.32,solid,0
1.3.6.1.4.1.14519.5.2.1.6279.6001.176030616406569931557298712518,Nodule 008,184.06,9.17,7.87,8.52,0.8408,0.8586,0.8179,1.0112,0.1617,0.113,35.0,60.0,-60.0,110.0,0.12,0.88,0.0,0.616,6.0,solid,0
1.3.6.1.4.1.14519.5.2.1.6279.6001.176030616406569931557298712518,Nodule 017,105.04,9.94,8.69,9.32,0.8165,0.8738,0.3771,1.2553,0.6802,0.2482,35.0,60.0,-60.0,110.0,0.12,0.88,0.0,0.616,4.98,solid,0
1.3.6.1.4.1.14519.5.2.1.6279.6001.176030616406569931557298712518,Nodule 005,183.44,9.55,7.83,8.69,0.8476,0.8196,0.7855,1.0041,0.2073,0.1272,35.0,60.0,-60.0,110.0,0.12,0.88,0.0,0.616,6.0,solid,0
1.3.6.1.4.1.14519.5.2.1.6279.6001.176030616406569931557298712518,Nodule 016,56.66,7.25,6.17,6.71,0.8358,0.8511,0.5171,1.5065,0.1866,0.1721,35.0,60.0,-60.0,110.0,0.12,0.88,0.0,0.616,4.05,solid,0
1.3.6.1.4.1.14519.5.2.1.6279.6001.176030616406569931557298712518,Nodule 014,264.6,10.99,8.98,9.99,0.8325,0.8173,0.6823,0.9049,0.4597,0.1681,35.0,60.0,-60.0,110.0,0.12,0.88,0.0,0.616,6.78,solid,0
1.3.6.1.4.1.14519.5.2.1.6279.6001.176030616406569931557298712518,Nodule 002,233.36,10.26,10.11,10.19,0.8469,0.9851,0.6089,0.9275,0.1993,0.1134,35.0,60.0,-60.0,110.0,0.12,0.88,0.0,0.616,6.5,solid,0
1.3.6.1.4.1.14519.5.2.1.6279.6001.176030616406569931557298712518,Nodule 001,219.89,10.61,9.48,10.05,0.8391,0.8936,0.589,0.9549,0.2883,0.1388,35.0,60.0,-60.0,110.0,0.12,0.88,0.0,0.616,6.37,solid,1
1.3.6.1.4.1.14519.5.2.1.6279.6001.176030616406569931557298712518,Nodule 013,55.74,7.74,6.44,7.09,0.8663,0.8322,0.4843,1.4613,0.2889,0.2062,35.0,60.0,-60.0,110.0,0.12,0.88,0.0,0.616,4.03,solid,0
1.3.6.1.4.1.14519.5.2.1.6279.6001.257515388956260258681136624817,110362,105.35,6.23,5.89,6.06,0.8026,0.9461,1.0,1.2757,0.3546,0.1997,350.0,120.0,50.0,550.0,0.1,0.25,0.65,0.175,3.28,calcified,0
1.3.6.1.4.1.14519.5.2.1.6279.6001.257515388956260258681136624817,122705,1126.51,20.32,15.39,17.85,0.7866,0.7574,0.6399,0.5908,3.829,0.2848,35.0,60.0,-60.0,110.0,0.12,0.88,0.0,0.616,10.98,solid,1
1.3.6.1.4.1.14519.5.2.1.6279.6001.257515388956260258681136624817,122707,95.79,8.23,7.84,8.03,0.8366,0.9528,0.4863,1.2634,0.0624,0.0828,350.0,120.0,50.0,550.0,0.1,0.25,0.65,0.175,3.18,calcified,0
1.3.6.1.4.1.14519.5.2.1.6279.6001.257515388956260258681136624817,11735,95.79,8.23,7.84,8.03,0.8366,0.9528,0.4863,1.2634,0.0624,0.0828,35.0,60.0,-60.0,110.0,0.12,0.88,0.0,0.616,4.83,solid,1
1.3.6.1.4.1.14519.5.2.1.6279.6001.257515388956260258681136624817,14213,846.96,18.97,13.67,16.32,0.7555,0.7205,0.6851,0.6766,4.0845,0.3177,35.0,60.0,-60.0,110.0,0.12,0.88,0.0,0.616,9.99,solid,1
1.3.6.1.4.1.14519.5.2.1.6279.6001.257515388956260258681136624817,0,1307.07,16.41,14.68,15.54,0.7924,0.8942,0.9139,0.5582,0.5437,0.1092,35.0,60.0,-60.0,110.0,0.12,0.88,0.0,0.616,11.54,solid,0
1.3.6.1.4.1.14519.5.2.1.6279.6001.257515388956260258681136624817,1,136.46,7.89,6.06,6.98,0.7644,0.7679,1.0,1.2288,0.3285,0.1783,350.0,120.0,50.0,550.0,0.1,0.25,0.65,0.175,3.57,calcified,0
1.3.6.1.4.1.14519.5.2.1.6279.6001.975426625618184773401026809852,Nodule 001,265.82,15.42,12.57,14.0,0.7518,0.8153,0.2431,1.0004,0.779,0.1774,-220.0,140.0,-520.0,80.0,0.6,0.4,0.0,0.28,5.22,part_solid,1
1.3.6.1.4.1.14519.5.2.1.6279.6001.975426625618184773401026809852,IL057_196960,338.1,17.31,13.99,15.65,0.7151,0.8081,0.2167,0.9707,0.8902,0.1699,-580.0,75.0,-680.0,-450.0,0.95,0.05,0.0,0.035,2.83,pure_ggn,1
1.3.6.1.4.1.14519.5.2.1.6279.6001.975426625618184773401026809852,4,423.54,17.09,13.51,15.3,0.7589,0.7904,0.2926,0.8485,1.0008,0.1817,-580.0,75.0,-680.0,-450.0,0.95,0.05,0.0,0.035,3.05,pure_ggn,0
1.3.6.1.4.1.14519.5.2.1.6279.6001.254176853278710432756285662989,87200,7954.17,37.4,29.52,33.46,0.7781,0.7894,0.722,0.3113,7.9837,0.2122,-220.0,140.0,-520.0,80.0,0.6,0.4,0.0,0.28,16.2,part_solid,0
1.3.6.1.4.1.14519.5.2.1.6279.6001.254176853278710432756285662989,87202,59.29,9.47,8.61,9.04,0.7304,0.9088,0.2112,1.6979,0.0949,0.0987,35.0,60.0,-60.0,110.0,0.12,0.88,0.0,0.616,4.12,solid,0
1.3.6.1.4.1.14519.5.2.1.6279.6001.254176853278710432756285662989,50602,6795.07,34.9,26.48,30.69,0.7991,0.7588,0.6017,0.3195,8.1988,0.2418,35.0,60.0,-60.0,110.0,0.12,0.88,0.0,0.616,20.0,solid,1
1.3.6.1.4.1.14519.5.2.1.6279.6001.254176853278710432756285662989,50606,1619.94,21.17,18.46,19.81,0.8445,0.8719,0.5669,0.4876,0.8404,0.1211,35.0,60.0,-60.0,110.0,0.12,0.88,0.0,0.616,12.4,solid,1
1.3.6.1.4.1.14519.5.2.1.6279.6001.254176853278710432756285662989,13112,8409.13,40.1,29.2,34.65,0.8005,0.7281,0.5985,0.2971,7.2947,0.2001,35.0,60.0,-60.0,110.0,0.12,0.88,0.0,0.616,21.47,solid,1
1.3.6.1.4.1.14519.5.2.1.6279.6001.254176853278710432756285662989,13117,1361.95,18.58,16.47,17.52,0.7923,0.886,0.6457,0.5507,0.5301,0.1045,35.0,60.0,-60.0,110.0,0.12,0.88,0.0,0.616,11.7,solid,1
1.3.6.1.4.1.14519.5.2.1.6279.6001.254176853278710432756285662989,13120,343.98,12.73,8.43,10.58,0.7593,0.6624,0.9426,0.909,1.8388,0.2855,-220.0,140.0,-520.0,80.0,0.6,0.4,0.0,0.28,5.69,part_solid,1
1.3.6.1.4.1.14519.5.2.1.6279.6001.254176853278710432756285662989,13121,292.53,13.6,10.08,11.84,0.7893,0.7415,0.4412,0.923,0.6961,0.1902,35.0,60.0,-60.0,110.0,0.12,0.88,0.0,0.616,7.01,solid,1
1.3.6.1.4.1.14519.5.2.1.6279.6001.254176853278710432756285662989,13123,277.09,13.26,9.39,11.32,0.8066,0.7084,0.4526,0.9196,0.4754,0.1625,35.0,60.0,-60.0,110.0,0.12,0.88,0.0,0.616,6.88,solid,1
1.3.6.1.4.1.14519.5.2.1.6279.6001.133378195429627807109985347209,MI014_20050,1474.29,18.2,14.76,16.48,0.8129,0.8108,0.8926,0.5227,1.0257,0.1426,35.0,60.0,-60.0,110.0,0.12,0.88,0.0,0.616,12.01,solid,1
1.3.6.1.4.1.14519.5.2.1.6279.6001.133378195429627807109985347209,1,1493.58,18.14,14.52,16.33,0.7943,0.8003,0.896,0.5326,1.1222,0.148,35.0,60.0,-60.0,110.0,0.12,0.88,0.0,0.616,12.07,solid,0
1.3.6.1.4.1.14519.5.2.1.6279.6001.102962801900681595502684962582,70338,826.14,14.16,13.95,14.05,0.8239,0.9852,0.8475,0.6255,0.2928,0.093,35.0,60.0,-60.0,110.0,0.12,0.88,0.0,0.616,9.91,solid,1
1.3.6.1.4.1.14519.5.2.1.6279.6001.102962801900681595502684962582,70340,413.07,11.45,11.05,11.25,0.8261,0.965,0.7862,0.7861,0.243,0.1073,35.0,60.0,-60.0,110.0,0.12,0.88,0.0,0.616,7.86,solid,1
1.3.6.1.4.1.14519.5.2.1.6279.6001.102962801900681595502684962582,0,443.94,10.86,9.81,10.33,0.7854,0.9033,1.0,0.8071,0.3553,0.1256,35.0,60.0,-60.0,110.0,0.12,0.88,0.0,0.616,8.05,solid,0
1.3.6.1.4.1.14519.5.2.1.6279.6001.102962801900681595502684962582,4,45.57,5.18,4.23,4.7,0.7397,0.8164,1.0,1.8304,0.0464,0.0976,350.0,120.0,50.0,550.0,0.1,0.25,0.65,0.175,2.48,calcified,0
1.3.6.1.4.1.14519.5.2.1.6279.6001.294120933998772507043263238704,0,120.05,7.37,6.22,6.79,0.7843,0.8446,1.0,1.25,0.4143,0.2104,35.0,60.0,-60.0,110.0,0.12,0.88,0.0,0.616,5.21,solid,0
1.3.6.1.4.1.14519.5.2.1.6279.6001.294120933998772507043263238704,4,69.21,6.69,5.69,6.19,0.754,0.8504,0.7473,1.5622,0.0945,0.1237,35.0,60.0,-60.0,110.0,0.12,0.88,0.0,0.616,4.33,solid,0
1.3.6.1.4.1.14519.5.2.1.6279.6001.294120933998772507043263238704,5,104.12,6.51,5.2,5.85,0.7411,0.7975,1.0,1.387,0.5331,0.2344,35.0,60.0,-60.0,110.0,0.12,0.88,0.0,0.616,4.97,solid,0
1.3.6.1.4.1.14519.5.2.1.6279.6001.294120933998772507043263238704,98687,44.1,5.7,4.54,5.12,0.8077,0.7964,0.8767,1.6947,0.0981,0.1451,35.0,60.0,-60.0,110.0,0.12,0.88,0.0,0.616,3.73,solid,0
1.3.6.1.4.1.14519.5.2.1.6279.6001.294120933998772507043263238704,98683,69.21,5.36,5.27,5.31,0.7998,0.9841,1.0,1.4727,0.1852,0.1629,35.0,60.0,-60.0,110.0,0.12,0.88,0.0,0.616,4.33,solid,0
1.3.6.1.4.1.14519.5.2.1.6279.6001.294120933998772507043263238704,98680,47.16,5.49,4.86,5.17,0.7987,0.8862,0.9114,1.6759,0.0808,0.1307,35.0,60.0,-60.0,110.0,0.12,0.88,0.0,0.616,3.81,solid,0
1.3.6.1.4.1.14519.5.2.1.6279.6001.294120933998772507043263238704,Nodule 002,380.97,12.61,10.81,11.71,0.8238,0.8571,0.5947,0.8097,0.3656,0.1326,35.0,60.0,-60.0,110.0,0.12,0.88,0.0,0.616,7.65,solid,1
1.3.6.1.4.1.14519.5.2.1.6279.6001.294120933998772507043263238704,Nodule 001,158.64,8.46,6.87,7.66,0.8165,0.8121,0.8866,1.0942,0.27,0.1559,35.0,60.0,-60.0,110.0,0.12,0.88,0.0,0.616,5.71,solid,0
1.3.6.1.4.1.14519.5.2.1.6279.6001.294120933998772507043263238704,Nodule 003,76.56,7.35,6.0,6.67,0.8207,0.8158,0.6802,1.3877,0.1676,0.1562,35.0,60.0,-60.0,110.0,0.12,0.88,0.0,0.616,4.48,solid,0
1.3.6.1.4.1.14519.5.2.1.6279.6001.294120933998772507043263238704,106251,62.47,5.49,5.08,5.28,0.7964,0.925,1.0,1.5303,0.1544,0.1511,35.0,60.0,-60.0,110.0,0.12,0.88,0.0,0.616,4.19,solid,0
1.3.6.1.4.1.14519.5.2.1.6279.6001.970428941353693253759289796610,0,2459.19,30.85,19.66,25.25,0.7763,0.6371,0.4051,0.4615,6.3278,0.2682,35.0,60.0,-60.0,110.0,0.12,0.88,0.0,0.616,14.25,solid,1
1.3.6.1.4.1.14519.5.2.1.6279.6001.970428941353693253759289796610,114127,717.85,24.95,9.59,17.27,0.7289,0.3845,0.4008,0.741,6.1753,0.3718,35.0,60.0,-60.0,110.0,0.12,0.88,0.0,0.616,9.45,solid,0
1.3.6.1.4.1.14519.5.2.1.6279.6001.970428941353693253759289796610,115939,49.61,5.65,4.95,5.3,0.8375,0.8767,0.8852,1.5715,0.0315,0.0799,350.0,120.0,50.0,550.0,0.1,0.25,0.65,0.175,2.55,calcified,0
1.3.6.1.4.1.14519.5.2.1.6279.6001.970428941353693253759289796610,126768,4155.81,37.57,21.51,29.54,0.7055,0.5726,0.732,0.4264,16.2244,0.3217,35.0,60.0,-60.0,110.0,0.12,0.88,0.0,0.616,16.97,solid,1
1.3.6.1.4.1.14519.5.2.1.6279.6001.970428941353693253759289796610,126779,45.32,5.84,4.73,5.28,0.8172,0.8094,0.856,1.6597,0.0594,0.1108,350.0,120.0,50.0,550.0,0.1,0.25,0.65,0.175,2.47,calcified,0
1.3.6.1.4.1.14519.5.2.1.6279.6001.970428941353693253759289796610,126773,936.51,27.48,11.66,19.57,0.7461,0.4241,0.3639,0.6625,6.7105,0.3488,35.0,60.0,-60.0,110.0,0.12,0.88,0.0,0.616,10.33,solid,1
1.3.6.1.4.1.14519.5.2.1.6279.6001.970428941353693253759289796610,Nodule 002,452.02,13.77,11.84,12.81,0.8278,0.8594,0.5445,0.7612,0.3202,0.1152,35.0,60.0,-60.0,110.0,0.12,0.88,0.0,0.616,8.1,solid,1
1.3.6.1.4.1.14519.5.2.1.6279.6001.970428941353693253759289796610,Nodule 003,622.91,14.77,12.13,13.45,0.8239,0.8211,0.677,0.6873,0.7838,0.1641,35.0,60.0,-60.0,110.0,0.12,0.88,0.0,0.616,9.02,solid,1
1.3.6.1.4.1.14519.5.2.1.6279.6001.104780906131535625872840889059,98644,3173.06,23.83,17.18,20.5,0.6869,0.721,1.0,0.4791,14.5087,0.3551,35.0,60.0,-60.0,110.0,0.12,0.88,0.0,0.616,15.51,solid,0
1.3.6.1.4.1.14519.5.2.1.6279.6001.481278873893653517789960724156,Nodule 002,10116.66,33.52,30.09,31.8,0.7224,0.8977,1.0,0.3095,9.6625,0.2202,35.0,60.0,-60.0,110.0,0.12,0.88,0.0,0.616,22.83,solid,1
1.3.6.1.4.1.14519.5.2.1.6279.6001.481278873893653517789960724156,Nodule 003,11557.88,40.56,34.32,37.44,0.8007,0.8462,0.6163,0.2671,4.6491,0.1482,35.0,60.0,-60.0,110.0,0.12,0.88,0.0,0.616,23.87,solid,1
1.3.6.1.4.1.14519.5.2.1.6279.6001.481278873893653517789960724156,Nodule 001,2698.67,23.43,17.73,20.58,0.7865,0.7569,0.8537,0.4416,2.9833,0.1964,35.0,60.0,-60.0,110.0,0.12,0.88,0.0,0.616,14.7,solid,1
1.3.6.1.4.1.14519.5.2.1.6279.6001.481278873893653517789960724156,IL057_196922,2807.7,25.26,18.82,22.04,0.7865,0.745,0.6928,0.4358,2.4363,0.1742,35.0,60.0,-60.0,110.0,0.12,0.88,0.0,0.616,14.89,solid,1
1.3.6.1.4.1.14519.5.2.1.6279.6001.481278873893653517789960724156,IL057_196919,9275.09,32.31,28.94,30.62,0.7251,0.8956,1.0,0.3174,7.0024,0.1937,35.0,60.0,-60.0,110.0,0.12,0.88,0.0,0.616,22.18,solid,1
1.3.6.1.4.1.14519.5.2.1.6279.6001.481278873893653517789960724156,IL057_196914,10578.49,41.15,35.19,38.17,0.7676,0.8554,0.5468,0.287,6.9426,0.181,35.0,60.0,-60.0,110.0,0.12,0.88,0.0,0.616,23.17,solid,1
1.3.6.1.4.1.14519.5.2.1.6279.6001.481278873893653517789960724156,4,2938.77,23.98,17.4,20.69,0.753,0.7255,0.834,0.4484,2.6262,0.1798,35.0,60.0,-60.0,110.0,0.12,0.88,0.0,0.616,15.12,solid,0
1.3.6.1.4.1.14519.5.2.1.6279.6001.139258777898746693365877042411,115165,693.1,16.15,14.41,15.28,0.8481,0.892,0.5262,0.6444,0.3576,0.1031,35.0,60.0,-60.0,110.0,0.12,0.88,0.0,0.616,9.34,solid,0
1.3.6.1.4.1.14519.5.2.1.6279.6001.267957701183569638795986183786,206725,76.68,7.16,6.06,6.61,0.837,0.846,0.6982,1.3599,0.1354,0.1381,35.0,60.0,-60.0,110.0,0.12,0.88,0.0,0.616,4.49,solid,0
1.3.6.1.4.1.14519.5.2.1.6279.6001.267957701183569638795986183786,206717,404.74,16.83,10.04,13.43,0.7818,0.5965,0.416,0.8363,1.6092,0.2495,350.0,120.0,50.0,550.0,0.1,0.25,0.65,0.175,5.13,calcified,0
1.3.6.1.4.1.14519.5.2.1.6279.6001.267957701183569638795986183786,206722,69.33,8.45,5.8,7.12,0.8125,0.6867,0.4737,1.4488,0.2473,0.1827,35.0,60.0,-60.0,110.0,0.12,0.88,0.0,0.616,4.34,solid,0
1.3.6.1.4.1.14519.5.2.1.6279.6001.267957701183569638795986183786,206714,9366.1,39.54,26.51,33.02,0.7895,0.6703,0.7081,0.2906,7.895,0.2051,350.0,120.0,50.0,550.0,0.1,0.25,0.65,0.175,14.63,calcified,0
1.3.6.1.4.1.14519.5.2.1.6279.6001.267957701183569638795986183786,202777,53.9,7.72,5.37,6.55,0.8371,0.6959,0.518,1.5293,0.2152,0.1846,-220.0,140.0,-520.0,80.0,0.6,0.4,0.0,0.28,3.07,part_solid,0
1.3.6.1.4.1.14519.5.2.1.6279.6001.267957701183569638795986183786,202767,10063.86,49.91,25.12,37.52,0.6818,0.5033,0.8415,0.3285,34.2322,0.3525,350.0,120.0,50.0,550.0,0.1,0.25,0.65,0.175,14.98,calcified,0
1.3.6.1.4.1.14519.5.2.1.6279.6001.267957701183569638795986183786,20960,429.73,16.25,9.96,13.11,0.7853,0.6125,0.4922,0.816,2.253,0.305,350.0,120.0,50.0,550.0,0.1,0.25,0.65,0.175,5.24,calcified,1
1.3.6.1.4.1.14519.5.2.1.6279.6001.267957701183569638795986183786,20955,8244.49,36.15,25.59,30.87,0.7821,0.7077,0.7468,0.3061,5.0159,0.1734,350.0,120.0,50.0,550.0,0.1,0.25,0.65,0.175,14.02,calcified,1
1.3.6.1.4.1.14519.5.2.1.6279.6001.267957701183569638795986183786,0,92.61,8.28,6.46,7.37,0.7989,0.7802,0.6039,1.3379,0.2291,0.165,35.0,60.0,-60.0,110.0,0.12,0.88,0.0,0.616,4.78,solid,0
1.3.6.1.4.1.14519.5.2.1.6279.6001.267957701183569638795986183786,3,474.81,16.87,10.35,13.61,0.7602,0.6133,0.5336,0.8155,1.8798,0.2625,35.0,60.0,-60.0,110.0,0.12,0.88,0.0,0.616,8.24,solid,1
1.3.6.1.4.1.14519.5.2.1.6279.6001.267957701183569638795986183786,4,12377.89,47.63,28.4,38.02,0.686,0.5964,0.6719,0.3048,19.314,0.2799,35.0,60.0,-60.0,110.0,0.12,0.88,0.0,0.616,24.42,solid,1
1.3.6.1.4.1.14519.5.2.1.6279.6001.233433352108264931671753343044,101464,98.49,7.34,6.41,6.88,0.8334,0.8734,0.8173,1.2564,0.1287,0.1252,350.0,120.0,50.0,550.0,0.1,0.25,0.65,0.175,3.2,calcified,0
1.3.6.1.4.1.14519.5.2.1.6279.6001.233433352108264931671753343044,122716,303.8,11.4,11.32,11.36,0.7964,0.9926,0.6141,0.9033,0.5178,0.1644,35.0,60.0,-60.0,110.0,0.12,0.88,0.0,0.616,7.1,solid,1
1.3.6.1.4.1.14519.5.2.1.6279.6001.233433352108264931671753343044,122722,47.53,7.1,6.59,6.85,0.7711,0.9277,0.4223,1.7312,0.2794,0.2125,35.0,60.0,-60.0,110.0,0.12,0.88,0.0,0.616,3.82,solid,0
1.3.6.1.4.1.14519.5.2.1.6279.6001.233433352108264931671753343044,122719,108.04,8.15,7.3,7.72,0.8373,0.8949,0.6134,1.2127,0.0888,0.0987,350.0,120.0,50.0,550.0,0.1,0.25,0.65,0.175,3.31,calcified,0
1.3.6.1.4.1.14519.5.2.1.6279.6001.233433352108264931671753343044,17068,353.78,11.58,11.34,11.46,0.805,0.9798,0.6911,0.8494,0.3332,0.1276,35.0,60.0,-60.0,110.0,0.12,0.88,0.0,0.616,7.47,solid,1
1.3.6.1.4.1.14519.5.2.1.6279.6001.233433352108264931671753343044,17070,88.2,7.63,6.78,7.21,0.791,0.8877,0.7859,1.3734,0.2531,0.1722,35.0,60.0,-60.0,110.0,0.12,0.88,0.0,0.616,4.7,solid,0
1.3.6.1.4.1.14519.5.2.1.6279.6001.233433352108264931671753343044,17072,109.76,7.17,6.55,6.86,0.8106,0.9129,0.9757,1.246,0.1598,0.1335,350.0,120.0,50.0,550.0,0.1,0.25,0.65,0.175,3.32,calcified,0
1.3.6.1.4.1.14519.5.2.1.6279.6001.233433352108264931671753343044,0,333.2,12.26,10.92,11.59,0.7754,0.8905,0.7343,0.8996,0.7294,0.1873,350.0,120.0,50.0,550.0,0.1,0.25,0.65,0.175,4.81,calcified,0
1.3.6.1.4.1.14519.5.2.1.6279.6001.233433352108264931671753343044,6,148.71,8.82,7.54,8.18,0.7753,0.8552,0.7939,1.1774,0.5515,0.2199,35.0,60.0,-60.0,110.0,0.12,0.88,0.0,0.616,5.59,solid,0
1.3.6.1.4.1.14519.5.2.1.6279.6001.233433352108264931671753343044,7,128.13,7.61,6.42,7.02,0.7717,0.8431,1.0,1.2431,0.3615,0.1883,350.0,120.0,50.0,550.0,0.1,0.25,0.65,0.175,3.5,calcified,0
1.3.6.1.4.1.14519.5.2.1.6279.6001.233433352108264931671753343044,8,69.09,6.3,5.96,6.13,0.6952,0.9461,0.9526,1.6953,0.3285,0.2184,35.0,60.0,-60.0,110.0,0.12,0.88,0.0,0.616,4.33,solid,0
1.3.6.1.4.1.14519.5.2.1.6279.6001.249404938669582150398726875826,Nodule 005,191.1,11.54,8.83,10.19,0.8214,0.7647,0.4331,1.0222,0.2658,0.1365,35.0,60.0,-60.0,110.0,0.12,0.88,0.0,0.616,6.08,solid,0
1.3.6.1.4.1.14519.5.2.1.6279.6001.249404938669582150398726875826,Nodule 003,99.84,7.74,7.3,7.52,0.8336,0.9435,0.646,1.2506,0.1046,0.112,350.0,120.0,50.0,550.0,0.1,0.25,0.65,0.175,3.22,calcified,0
1.3.6.1.4.1.14519.5.2.1.6279.6001.249404938669582150398726875826,Nodule 002,325.24,12.03,10.68,11.35,0.827,0.8878,0.6237,0.8503,0.5075,0.1623,35.0,60.0,-60.0,110.0,0.12,0.88,0.0,0.616,7.26,solid,0
1.3.6.1.4.1.14519.5.2.1.6279.6001.249404938669582150398726875826,Nodule 001,754.6,15.18,13.32,14.25,0.8316,0.8772,0.6586,0.6388,0.3783,0.1083,35.0,60.0,-60.0,110.0,0.12,0.88,0.0,0.616,9.61,solid,1
1.3.6.1.4.1.14519.5.2.1.6279.6001.249404938669582150398726875826,IL057_197039,812.17,15.49,14.4,14.94,0.8388,0.9299,0.6457,0.6179,0.2761,0.0895,35.0,60.0,-60.0,110.0,0.12,0.88,0.0,0.616,9.85,solid,1
1.3.6.1.4.1.14519.5.2.1.6279.6001.249404938669582150398726875826,IL057_197044,360.76,12.43,10.83,11.63,0.8282,0.8712,0.6033,0.8203,0.3838,0.1374,350.0,120.0,50.0,550.0,0.1,0.25,0.65,0.175,4.94,calcified,0
1.3.6.1.4.1.14519.5.2.1.6279.6001.249404938669582150398726875826,IL057_197051,176.4,11.33,8.46,9.9,0.8298,0.7469,0.4414,1.0392,0.3139,0.1524,350.0,120.0,50.0,550.0,0.1,0.25,0.65,0.175,3.89,calcified,0
1.3.6.1.4.1.14519.5.2.1.6279.6001.249404938669582150398726875826,IL057_197049,267.05,11.11,8.86,9.99,0.8349,0.7979,0.6752,0.8995,0.2954,0.1362,350.0,120.0,50.0,550.0,0.1,0.25,0.65,0.175,4.47,calcified,0
1.3.6.1.4.1.14519.5.2.1.6279.6001.249404938669582150398726875826,MI014_14778,814.62,15.45,14.11,14.78,0.805,0.9129,0.6471,0.6432,0.2845,0.0914,35.0,60.0,-60.0,110.0,0.12,0.88,0.0,0.616,9.86,solid,1
1.3.6.1.4.1.14519.5.2.1.6279.6001.249404938669582150398726875826,0,475.91,11.58,10.56,11.07,0.7641,0.912,1.0,0.8107,0.7104,0.1696,350.0,120.0,50.0,550.0,0.1,0.25,0.65,0.175,5.42,calcified,0
1.3.6.1.4.1.14519.5.2.1.6279.6001.249404938669582150398726875826,6,168.44,9.75,7.1,8.42,0.7815,0.7282,0.7692,1.1205,0.2402,0.1392,35.0,60.0,-60.0,110.0,0.12,0.88,0.0,0.616,5.83,solid,0
1.3.6.1.4.1.14519.5.2.1.6279.6001.249404938669582150398726875826,8,421.4,11.99,10.3,11.14,0.7937,0.8588,0.8341,0.8127,0.4791,0.1478,350.0,120.0,50.0,550.0,0.1,0.25,0.65,0.175,5.2,calcified,0
1.3.6.1.4.1.14519.5.2.1.6279.6001.249404938669582150398726875826,9,800.54,15.76,13.57,14.66,0.8065,0.8616,0.6347,0.6458,0.4356,0.1135,35.0,60.0,-60.0,110.0,0.12,0.88,0.0,0.616,9.8,solid,0
1.3.6.1.4.1.14519.5.2.1.6279.6001.333145094436144085379032922488,IL057_167661,320.34,9.81,9.1,9.45,0.7775,0.9276,1.0,0.909,0.4805,0.1633,35.0,60.0,-60.0,110.0,0.12,0.88,0.0,0.616,7.22,solid,1
1.3.6.1.4.1.14519.5.2.1.6279.6001.333145094436144085379032922488,IL057_167664,45.32,5.9,4.49,5.2,0.7955,0.7615,0.8474,1.705,0.0983,0.1437,35.0,60.0,-60.0,110.0,0.12,0.88,0.0,0.616,3.76,solid,0
1.3.6.1.4.1.14519.5.2.1.6279.6001.333145094436144085379032922488,0,402.41,10.7,10.11,10.4,0.7659,0.9447,0.9348,0.8552,0.5614,0.1657,35.0,60.0,-60.0,110.0,0.12,0.88,0.0,0.616,7.79,solid,1
1.3.6.1.4.1.14519.5.2.1.6279.6001.410251741986998833890312367579,Nodule 001,899.76,13.17,12.06,12.61,0.7671,0.9158,1.0,0.653,3.3612,0.2854,35.0,60.0,-60.0,110.0,0.12,0.88,0.0,0.616,10.19,solid,1
1.3.6.1.4.1.14519.5.2.1.6279.6001.410251741986998833890312367579,IL057_168415,894.56,14.52,11.53,13.02,0.7481,0.7943,1.0,0.6709,3.4545,0.2861,35.0,60.0,-60.0,110.0,0.12,0.88,0.0,0.616,10.17,solid,1
1.3.6.1.4.1.14519.5.2.1.6279.6001.410251741986998833890312367579,0,1091.78,15.44,12.37,13.91,0.7408,0.8012,1.0,0.6339,3.2157,0.2625,35.0,60.0,-60.0,110.0,0.12,0.88,0.0,0.616,10.87,solid,0
1.3.6.1.4.1.14519.5.2.1.6279.6001.188059920088313909273628445208,12821,109.76,7.74,7.57,7.65,0.8387,0.9783,0.7755,1.2043,0.1375,0.1219,35.0,60.0,-60.0,110.0,0.12,0.88,0.0,0.616,5.05,solid,0
1.3.6.1.4.1.14519.5.2.1.6279.6001.188059920088313909273628445208,12829,113.19,8.5,6.05,7.27,0.7377,0.7116,0.9417,1.3552,0.7047,0.2634,35.0,60.0,-60.0,110.0,0.12,0.88,0.0,0.616,5.11,solid,0
1.3.6.1.4.1.14519.5.2.1.6279.6001.188059920088313909273628445208,2983,129.85,7.85,7.67,7.76,0.84,0.9773,0.7644,1.1369,0.1373,0.1181,35.0,60.0,-60.0,110.0,0.12,0.88,0.0,0.616,5.35,solid,1
1.3.6.1.4.1.14519.5.2.1.6279.6001.188059920088313909273628445208,2992,160.72,9.15,8.86,9.0,0.8494,0.9676,0.6556,1.0471,0.1304,0.1039,35.0,60.0,-60.0,110.0,0.12,0.88,0.0,0.616,5.74,solid,1
1.3.6.1.4.1.14519.5.2.1.6279.6001.188059920088313909273628445208,3000,181.3,10.4,9.73,10.07,0.8649,0.9361,0.577,0.9879,0.3843,0.1638,35.0,60.0,-60.0,110.0,0.12,0.88,0.0,0.616,5.97,solid,1
1.3.6.1.4.1.14519.5.2.1.6279.6001.128881800399702510818644205032,1,1128.84,21.89,11.19,16.54,0.7317,0.5112,0.6853,0.6348,3.0629,0.2514,35.0,60.0,-60.0,110.0,0.12,0.88,0.0,0.616,10.99,solid,1
1.3.6.1.4.1.14519.5.2.1.6279.6001.128881800399702510818644205032,114149,986.12,14.48,13.42,13.95,0.7828,0.9267,1.0,0.6206,1.6464,0.2045,35.0,60.0,-60.0,110.0,0.12,0.88,0.0,0.616,10.51,solid,1
1.3.6.1.4.1.14519.5.2.1.6279.6001.128881800399702510818644205032,114147,851.37,21.63,10.2,15.92,0.728,0.4718,0.5779,0.7009,2.9824,0.2639,35.0,60.0,-60.0,110.0,0.12,0.88,0.0,0.616,10.01,solid,1
1.3.6.1.4.1.14519.5.2.1.6279.6001.128881800399702510818644205032,126792,1229.29,21.45,13.62,17.54,0.6981,0.6351,0.5827,0.6467,2.8551,0.2414,35.0,60.0,-60.0,110.0,0.12,0.88,0.0,0.616,11.31,solid,1
1.3.6.1.4.1.14519.5.2.1.6279.6001.128881800399702510818644205032,126798,776.65,13.81,13.44,13.63,0.7956,0.9732,0.9049,0.6613,0.8912,0.1643,35.0,60.0,-60.0,110.0,0.12,0.88,0.0,0.616,9.7,solid,1
1.3.6.1.4.1.14519.5.2.1.6279.6001.128881800399702510818644205032,126799,21.56,6.01,5.16,5.59,0.8179,0.8591,0.3327,2.1243,0.0325,0.0946,35.0,60.0,-60.0,110.0,0.12,0.88,0.0,0.616,2.94,solid,0
1.3.6.1.4.1.14519.5.2.1.6279.6001.128881800399702510818644205032,Nodule 001,1011.24,16.04,14.46,15.25,0.8084,0.9016,0.7795,0.596,1.5192,0.1963,35.0,60.0,-60.0,110.0,0.12,0.88,0.0,0.616,10.6,solid,1
1.3.6.1.4.1.14519.5.2.1.6279.6001.128881800399702510818644205032,Nodule 002,1304.62,23.01,12.02,17.52,0.7507,0.5225,0.6519,0.5896,2.9118,0.2326,35.0,60.0,-60.0,110.0,0.12,0.88,0.0,0.616,11.54,solid,1
1.3.6.1.4.1.14519.5.2.1.6279.6001.225154811831720426832024114593,1,121.89,7.8,6.5,7.15,0.8141,0.8331,0.9612,1.198,0.1426,0.1221,35.0,60.0,-60.0,110.0,0.12,0.88,0.0,0.616,5.23,solid,0
1.3.6.1.4.1.14519.5.2.1.6279.6001.225154811831720426832024114593,9,238.26,11.71,7.46,9.58,0.6886,0.6367,0.854,1.1329,1.2086,0.266,350.0,120.0,50.0,550.0,0.1,0.25,0.65,0.175,4.3,calcified,0
1.3.6.1.4.1.14519.5.2.1.6279.6001.225154811831720426832024114593,18,137.81,7.36,6.77,7.06,0.8129,0.9192,1.0,1.1517,0.2012,0.1423,350.0,120.0,50.0,550.0,0.1,0.25,0.65,0.175,3.58,calcified,0
1.3.6.1.4.1.14519.5.2.1.6279.6001.225154811831720426832024114593,134942,132.3,7.66,6.88,7.27,0.8176,0.8987,0.979,1.1608,0.0756,0.087,35.0,60.0,-60.0,110.0,0.12,0.88,0.0,0.616,5.38,solid,0
1.3.6.1.4.1.14519.5.2.1.6279.6001.225154811831720426832024114593,134947,64.31,7.01,5.91,6.46,0.828,0.8425,0.713,1.4577,0.1437,0.1498,35.0,60.0,-60.0,110.0,0.12,0.88,0.0,0.616,4.23,solid,0
1.3.6.1.4.1.14519.5.2.1.6279.6001.225154811831720426832024114593,134953,28.42,6.65,6.04,6.34,0.7954,0.9077,0.3007,1.9922,0.0444,0.0972,35.0,60.0,-60.0,110.0,0.12,0.88,0.0,0.616,3.22,solid,0
1.3.6.1.4.1.14519.5.2.1.6279.6001.225154811831720426832024114593,134957,18.62,5.48,4.83,5.16,0.8147,0.881,0.3648,2.2395,0.0373,0.11,35.0,60.0,-60.0,110.0,0.12,0.88,0.0,0.616,2.8,solid,0
1.3.6.1.4.1.14519.5.2.1.6279.6001.225154811831720426832024114593,135717,49.0,9.6,7.05,8.32,0.6924,0.7345,0.2084,1.9085,0.3389,0.2033,35.0,60.0,-60.0,110.0,0.12,0.88,0.0,0.616,3.86,solid,0
1.3.6.1.4.1.14519.5.2.1.6279.6001.225154811831720426832024114593,Nodule 001,77.17,7.02,6.04,6.53,0.8199,0.8607,0.7125,1.3854,0.0641,0.0977,35.0,60.0,-60.0,110.0,0.12,0.88,0.0,0.616,4.49,solid,0
1.3.6.1.4.1.14519.5.2.1.6279.6001.768856069922657732839929586657,69900,1056.93,19.15,15.76,17.45,0.7659,0.8233,0.6268,0.6199,1.7789,0.1981,35.0,60.0,-60.0,110.0,0.12,0.88,0.0,0.616,10.75,solid,1
1.3.6.1.4.1.14519.5.2.1.6279.6001.768856069922657732839929586657,52510,882.73,18.28,13.76,16.02,0.8008,0.7525,0.6563,0.6295,1.4374,0.1896,35.0,60.0,-60.0,110.0,0.12,0.88,0.0,0.616,10.13,solid,1
1.3.6.1.4.1.14519.5.2.1.6279.6001.724562063158320418413995627171,Nodule 001,391.39,11.93,10.05,10.99,0.8229,0.8425,0.8381,0.8034,0.5647,0.1631,35.0,60.0,-60.0,110.0,0.12,0.88,0.0,0.616,7.72,solid,0
1.3.6.1.4.1.14519.5.2.1.6279.6001.724562063158320418413995627171,MI014_20076,355.25,10.53,10.15,10.34,0.8459,0.9637,0.9499,0.8072,0.3142,0.1267,35.0,60.0,-60.0,110.0,0.12,0.88,0.0,0.616,7.48,solid,1
1.3.6.1.4.1.14519.5.2.1.6279.6001.724562063158320418413995627171,0,386.49,11.0,10.21,10.6,0.8071,0.9276,0.9089,0.8226,0.3959,0.1394,35.0,60.0,-60.0,110.0,0.12,0.88,0.0,0.616,7.69,solid,0
1.3.6.1.4.1.14519.5.2.1.6279.6001.183924380327950237519832859527,Nodule 001,993.47,19.23,11.23,15.23,0.7617,0.584,0.7801,0.6363,3.2146,0.2694,35.0,60.0,-60.0,110.0,0.12,0.88,0.0,0.616,10.53,solid,1
1.3.6.1.4.1.14519.5.2.1.6279.6001.183924380327950237519832859527,IL057_167684,1740.72,21.03,16.08,18.56,0.7726,0.7645,0.7131,0.5203,1.5667,0.1642,35.0,60.0,-60.0,110.0,0.12,0.88,0.0,0.616,12.7,solid,1
1.3.6.1.4.1.14519.5.2.1.6279.6001.183924380327950237519832859527,IL057_167687,1086.57,19.03,11.19,15.11,0.723,0.5879,0.9198,0.6506,3.0178,0.2507,35.0,60.0,-60.0,110.0,0.12,0.88,0.0,0.616,10.85,solid,1
1.3.6.1.4.1.14519.5.2.1.6279.6001.168042389372367513325505818854,124090,898.17,15.64,13.02,14.33,0.7893,0.8325,0.7675,0.635,0.8182,0.1516,35.0,60.0,-60.0,110.0,0.12,0.88,0.0,0.616,10.19,solid,1
1.3.6.1.4.1.14519.5.2.1.6279.6001.168042389372367513325505818854,134855,665.17,13.78,11.54,12.66,0.7514,0.8379,0.8711,0.7373,0.671,0.15,35.0,60.0,-60.0,110.0,0.12,0.88,0.0,0.616,9.22,solid,1
1.3.6.1.4.1.14519.5.2.1.6279.6001.168042389372367513325505818854,18168,829.08,15.37,12.51,13.94,0.7723,0.814,0.7807,0.6665,0.7585,0.1488,35.0,60.0,-60.0,110.0,0.12,0.88,0.0,0.616,9.92,solid,1
1.3.6.1.4.1.14519.5.2.1.6279.6001.436403998650924660479049012235,MI014_20092,110.25,7.87,6.91,7.39,0.8386,0.8777,0.9531,1.2027,0.1044,0.1041,-220.0,140.0,-520.0,80.0,0.6,0.4,0.0,0.28,3.89,part_solid,0
1.3.6.1.4.1.14519.5.2.1.6279.6001.244204120220889433826451158706,IL057_209744,208.56,12.6,8.37,10.49,0.8028,0.6646,0.5953,1.0158,1.1615,0.2643,35.0,60.0,-60.0,110.0,0.12,0.88,0.0,0.616,6.26,solid,0
1.3.6.1.4.1.14519.5.2.1.6279.6001.244204120220889433826451158706,3,201.82,8.75,7.62,8.18,0.7891,0.8709,1.0,1.0448,0.266,0.1412,350.0,120.0,50.0,550.0,0.1,0.25,0.65,0.175,4.07,calcified,0
1.3.6.1.4.1.14519.5.2.1.6279.6001.244204120220889433826451158706,5,143.94,7.38,5.36,6.37,0.6912,0.726,1.0,1.335,1.2856,0.3094,35.0,60.0,-60.0,110.0,0.12,0.88,0.0,0.616,5.53,solid,0
1.3.6.1.4.1.14519.5.2.1.6279.6001.255999614855292116767517149228,0,1181.51,15.97,14.28,15.13,0.8004,0.8943,0.9393,0.5716,0.5014,0.1084,35.0,60.0,-60.0,110.0,0.12,0.88,0.0,0.616,11.16,solid,0
1.3.6.1.4.1.14519.5.2.1.6279.6001.255999614855292116767517149228,1,77.17,6.27,5.48,5.87,0.778,0.8739,1.0,1.46,0.1527,0.143,350.0,120.0,50.0,550.0,0.1,0.25,0.65,0.175,2.95,calcified,0
1.3.6.1.4.1.14519.5.2.1.6279.6001.255999614855292116767517149228,115547,958.56,15.19,12.48,13.84,0.8215,0.8213,0.9873,0.5971,0.5918,0.1251,35.0,60.0,-60.0,110.0,0.12,0.88,0.0,0.616,10.41,solid,1
1.3.6.1.4.1.14519.5.2.1.6279.6001.255999614855292116767517149228,115550,58.19,5.77,5.57,5.67,0.8352,0.9669,0.8673,1.4943,0.0329,0.0779,350.0,120.0,50.0,550.0,0.1,0.25,0.65,0.175,2.69,calcified,0
1.3.6.1.4.1.14519.5.2.1.6279.6001.255999614855292116767517149228,128753,831.16,15.04,12.74,13.89,0.8177,0.8471,0.8311,0.629,0.4564,0.1157,35.0,60.0,-60.0,110.0,0.12,0.88,0.0,0.616,9.93,solid,1
1.3.6.1.4.1.14519.5.2.1.6279.6001.603126300703296693942875967838,0,565.95,11.81,10.71,11.26,0.7794,0.9069,1.0,0.7501,0.7697,0.1706,35.0,60.0,-60.0,110.0,0.12,0.88,0.0,0.616,8.73,solid,0
1.3.6.1.4.1.14519.5.2.1.6279.6001.603126300703296693942875967838,1,354.02,10.36,7.86,9.11,0.7365,0.7585,1.0,0.9282,0.9608,0.2179,35.0,60.0,-60.0,110.0,0.12,0.88,0.0,0.616,7.47,solid,0
1.3.6.1.4.1.14519.5.2.1.6279.6001.603126300703296693942875967838,4,215.6,7.91,6.13,7.02,0.6675,0.7746,1.0,1.2082,2.2771,0.3495,350.0,120.0,50.0,550.0,0.1,0.25,0.65,0.175,4.16,calcified,0
1.3.6.1.4.1.14519.5.2.1.6279.6001.603126300703296693942875967838,124264,447.12,10.87,9.5,10.19,0.7873,0.8741,1.0,0.8033,1.0098,0.2082,35.0,60.0,-60.0,110.0,0.12,0.88,0.0,0.616,8.07,solid,1
1.3.6.1.4.1.14519.5.2.1.6279.6001.603126300703296693942875967838,124270,170.27,8.34,6.51,7.43,0.7578,0.7809,1.0,1.1514,0.4816,0.1929,350.0,120.0,50.0,550.0,0.1,0.25,0.65,0.175,3.85,calcified,0
1.3.6.1.4.1.14519.5.2.1.6279.6001.603126300703296693942875967838,Nodule 003,584.32,11.93,11.26,11.59,0.8141,0.9435,1.0,0.7105,0.65,0.1539,35.0,60.0,-60.0,110.0,0.12,0.88,0.0,0.616,8.83,solid,1
1.3.6.1.4.1.14519.5.2.1.6279.6001.603126300703296693942875967838,Nodule 001,103.51,7.5,5.41,6.46,0.7815,0.7213,0.9994,1.318,0.2881,0.1807,350.0,120.0,50.0,550.0,0.1,0.25,0.65,0.175,3.26,calcified,0
1.3.6.1.4.1.14519.5.2.1.6279.6001.603126300703296693942875967838,134831,502.25,13.87,12.74,13.3,0.8325,0.9182,0.5407,0.7308,0.1648,0.0799,35.0,60.0,-60.0,110.0,0.12,0.88,0.0,0.616,8.39,solid,1
1.3.6.1.4.1.14519.5.2.1.6279.6001.603126300703296693942875967838,134835,363.82,12.54,10.47,11.5,0.8158,0.8348,0.5981,0.8304,0.3018,0.1222,35.0,60.0,-60.0,110.0,0.12,0.88,0.0,0.616,7.54,solid,1
1.3.6.1.4.1.14519.5.2.1.6279.6001.603126300703296693942875967838,134839,119.44,7.8,6.55,7.17,0.8087,0.8395,0.9619,1.2142,0.1433,0.1219,35.0,60.0,-60.0,110.0,0.12,0.88,0.0,0.616,5.2,solid,1
1.3.6.1.4.1.14519.5.2.1.6279.6001.603126300703296693942875967838,134844,240.71,9.34,8.0,8.67,0.8052,0.8568,1.0,0.9655,0.2466,0.1278,350.0,120.0,50.0,550.0,0.1,0.25,0.65,0.175,4.32,calcified,0
1.3.6.1.4.1.14519.5.2.1.6279.6001.189483585244687808087477024767,0,253.27,10.79,9.48,10.14,0.758,0.8785,0.6949,1.0083,0.5298,0.1805,35.0,60.0,-60.0,110.0,0.12,0.88,0.0,0.616,6.68,solid,0
1.3.6.1.4.1.14519.5.2.1.6279.6001.189483585244687808087477024767,8,77.17,8.13,7.05,7.59,0.7703,0.8663,0.6146,1.4745,0.7253,0.2956,35.0,60.0,-60.0,110.0,0.12,0.88,0.0,0.616,4.49,solid,0
1.3.6.1.4.1.14519.5.2.1.6279.6001.189483585244687808087477024767,36,337.18,10.5,9.6,10.05,0.7118,0.9145,1.0,0.9762,1.0713,0.2272,-580.0,75.0,-680.0,-450.0,0.95,0.05,0.0,0.035,2.82,pure_ggn,0
1.3.6.1.4.1.14519.5.2.1.6279.6001.189483585244687808087477024767,Nodule 004,192.32,9.84,8.78,9.31,0.822,0.8921,0.6349,1.0192,0.4421,0.1814,35.0,60.0,-60.0,110.0,0.12,0.88,0.0,0.616,6.09,solid,1
1.3.6.1.4.1.14519.5.2.1.6279.6001.837810280808122125183730411210,2,624.75,15.86,10.94,13.4,0.7176,0.6895,0.6304,0.7883,1.0287,0.1862,-580.0,75.0,-680.0,-450.0,0.95,0.05,0.0,0.035,3.47,pure_ggn,0
1.3.6.1.4.1.14519.5.2.1.6279.6001.837810280808122125183730411210,160412,318.5,16.74,10.29,13.52,0.7739,0.6148,0.2987,0.9151,1.0381,0.2065,35.0,60.0,-60.0,110.0,0.12,0.88,0.0,0.616,7.21,solid,1
1.3.6.1.4.1.14519.5.2.1.6279.6001.837810280808122125183730411210,Nodule 001,58.19,6.95,5.52,6.24,0.8137,0.7948,0.7194,1.5338,0.1761,0.1703,35.0,60.0,-60.0,110.0,0.12,0.88,0.0,0.616,4.09,solid,0
1.3.6.1.4.1.14519.5.2.1.6279.6001.837810280808122125183730411210,Nodule 005,401.8,12.83,8.66,10.74,0.8062,0.6751,0.7796,0.8129,0.4777,0.1495,35.0,60.0,-60.0,110.0,0.12,0.88,0.0,0.616,7.79,solid,0
1.3.6.1.4.1.14519.5.2.1.6279.6001.271307051432838466826189754230,154675,4727.89,25.87,24.98,25.42,0.7847,0.9656,0.8698,0.3672,4.2303,0.1918,35.0,60.0,-60.0,110.0,0.12,0.88,0.0,0.616,17.72,solid,1
1.3.6.1.4.1.14519.5.2.1.6279.6001.271307051432838466826189754230,0,4889.59,27.4,24.67,26.04,0.7872,0.9001,0.821,0.3619,4.7771,0.2007,35.0,60.0,-60.0,110.0,0.12,0.88,0.0,0.616,17.92,solid,1
1.3.6.1.4.1.14519.5.2.1.6279.6001.271307051432838466826189754230,Nodule 001,4241.56,24.61,23.69,24.15,0.7935,0.9626,0.9141,0.3765,3.3595,0.1783,35.0,60.0,-60.0,110.0,0.12,0.88,0.0,0.616,17.09,solid,1
1.3.6.1.4.1.14519.5.2.1.6279.6001.271307051432838466826189754230,201271,5380.2,29.79,25.18,27.49,0.7337,0.8454,0.8393,0.3762,5.9969,0.213,35.0,60.0,-60.0,110.0,0.12,0.88,0.0,0.616,18.5,solid,1
1.3.6.1.4.1.14519.5.2.1.6279.6001.219428004988664846407984058588,0,838.82,14.04,12.35,13.2,0.7706,0.8792,1.0,0.6654,0.7505,0.1461,35.0,60.0,-60.0,110.0,0.12,0.88,0.0,0.616,9.96,solid,0
1.3.6.1.4.1.14519.5.2.1.6279.6001.219428004988664846407984058588,2,46.55,6.29,4.89,5.59,0.742,0.7778,0.7949,1.8119,0.2482,0.2146,35.0,60.0,-60.0,110.0,0.12,0.88,0.0,0.616,3.8,solid,0
1.3.6.1.4.1.14519.5.2.1.6279.6001.219428004988664846407984058588,8,254.49,9.53,8.19,8.86,0.7717,0.8592,1.0,0.9889,0.3876,0.1559,35.0,60.0,-60.0,110.0,0.12,0.88,0.0,0.616,6.69,solid,0
1.3.6.1.4.1.14519.5.2.1.6279.6001.219428004988664846407984058588,9,137.2,7.69,6.91,7.3,0.7938,0.8995,0.9759,1.1812,0.1986,0.1394,35.0,60.0,-60.0,110.0,0.12,0.88,0.0,0.616,5.44,solid,0
1.3.6.1.4.1.14519.5.2.1.6279.6001.219428004988664846407984058588,11,97.08,6.47,6.09,6.28,0.7937,0.9404,1.0,1.3257,0.2969,0.1867,35.0,60.0,-60.0,110.0,0.12,0.88,0.0,0.616,4.85,solid,0
1.3.6.1.4.1.14519.5.2.1.6279.6001.219428004988664846407984058588,12,123.72,7.76,7.38,7.57,0.7248,0.952,0.8058,1.339,0.2668,0.1645,35.0,60.0,-60.0,110.0,0.12,0.88,0.0,0.616,5.26,solid,0
1.3.6.1.4.1.14519.5.2.1.6279.6001.219428004988664846407984058588,13,255.11,8.97,8.32,8.65,0.7571,0.9277,1.0,1.0071,0.4497,0.1655,35.0,60.0,-60.0,110.0,0.12,0.88,0.0,0.616,6.7,solid,0
1.3.6.1.4.1.14519.5.2.1.6279.6001.219428004988664846407984058588,14,275.01,10.86,8.35,9.61,0.7633,0.769,0.8057,0.9743,0.411,0.1565,35.0,60.0,-60.0,110.0,0.12,0.88,0.0,0.616,6.87,solid,0
1.3.6.1.4.1.14519.5.2.1.6279.6001.219428004988664846407984058588,135111,379.75,11.62,10.29,10.96,0.8008,0.8862,0.7533,0.834,0.3685,0.1343,35.0,60.0,-60.0,110.0,0.12,0.88,0.0,0.616,7.64,solid,1
1.3.6.1.4.1.14519.5.2.1.6279.6001.219428004988664846407984058588,135116,187.73,10.24,8.15,9.2,0.8202,0.7957,0.6101,1.0297,0.2657,0.1413,35.0,60.0,-60.0,110.0,0.12,0.88,0.0,0.616,6.04,solid,1
1.3.6.1.4.1.14519.5.2.1.6279.6001.219428004988664846407984058588,135119,200.29,9.09,8.42,8.76,0.8314,0.9269,0.8253,0.9941,0.1213,0.0958,35.0,60.0,-60.0,110.0,0.12,0.88,0.0,0.616,6.18,solid,1
1.3.6.1.4.1.14519.5.2.1.6279.6001.219428004988664846407984058588,135122,251.74,11.93,8.61,10.27,0.8026,0.7219,0.6288,0.9543,0.7696,0.2145,35.0,60.0,-60.0,110.0,0.12,0.88,0.0,0.616,6.67,solid,1
1.3.6.1.4.1.14519.5.2.1.6279.6001.219428004988664846407984058588,135108,722.44,13.83,13.36,13.6,0.8292,0.9661,0.8133,0.65,0.3415,0.1044,35.0,60.0,-60.0,110.0,0.12,0.88,0.0,0.616,9.47,solid,1
1.3.6.1.4.1.14519.5.2.1.6279.6001.219428004988664846407984058588,Nodule 005,224.79,9.33,8.98,9.16,0.8217,0.9627,0.8036,0.968,0.1843,0.1136,35.0,60.0,-60.0,110.0,0.12,0.88,0.0,0.616,6.42,solid,1
1.3.6.1.4.1.14519.5.2.1.6279.6001.219428004988664846407984058588,Nodule 004,792.57,14.35,13.11,13.73,0.8253,0.9137,0.8711,0.6332,0.3327,0.1001,35.0,60.0,-60.0,110.0,0.12,0.88,0.0,0.616,9.77,solid,1
1.3.6.1.4.1.14519.5.2.1.6279.6001.219428004988664846407984058588,Nodule 001,112.09,7.15,6.71,6.93,0.8208,0.939,1.0,1.2219,0.1905,0.1438,35.0,60.0,-60.0,110.0,0.12,0.88,0.0,0.616,5.09,solid,0
1.3.6.1.4.1.14519.5.2.1.6279.6001.219428004988664846407984058588,Nodule 002,109.02,7.49,6.99,7.24,0.8403,0.9335,0.8341,1.2046,0.2122,0.1536,35.0,60.0,-60.0,110.0,0.12,0.88,0.0,0.616,5.04,solid,0
1.3.6.1.4.1.14519.5.2.1.6279.6001.219428004988664846407984058588,Nodule 006,351.88,12.15,9.43,10.79,0.8104,0.776,0.7199,0.8453,0.4879,0.1576,35.0,60.0,-60.0,110.0,0.12,0.88,0.0,0.616,7.45,solid,1
1.3.6.1.4.1.14519.5.2.1.6279.6001.120842785645314664964010792308,3,15168.56,37.05,33.41,35.23,0.8169,0.9017,1.0,0.2392,3.0709,0.1137,35.0,60.0,-60.0,110.0,0.12,0.88,0.0,0.616,26.13,solid,0
1.3.6.1.4.1.14519.5.2.1.6279.6001.336198008634390022174744544656,Nodule 002,86.36,8.29,5.89,7.09,0.8165,0.7106,0.6028,1.3399,0.2571,0.1836,35.0,60.0,-60.0,110.0,0.12,0.88,0.0,0.616,4.67,solid,0
1.3.6.1.4.1.14519.5.2.1.6279.6001.336198008634390022174744544656,196721,90.65,8.47,6.5,7.49,0.8081,0.7669,0.5901,1.3321,0.2926,0.1893,35.0,60.0,-60.0,110.0,0.12,0.88,0.0,0.616,4.74,solid,0
1.3.6.1.4.1.14519.5.2.1.6279.6001.336198008634390022174744544656,196724,86.36,7.48,6.29,6.89,0.8357,0.8409,0.6682,1.3092,0.0564,0.0877,350.0,120.0,50.0,550.0,0.1,0.25,0.65,0.175,3.07,calcified,0
1.3.6.1.4.1.14519.5.2.1.6279.6001.336198008634390022174744544656,184699,129.85,8.87,7.89,8.38,0.8391,0.8901,0.5639,1.1381,0.0563,0.0746,350.0,120.0,50.0,550.0,0.1,0.25,0.65,0.175,3.51,calcified,0
1.3.6.1.4.1.14519.5.2.1.6279.6001.295298571102631191572192562523,0,127.71,8.37,6.93,7.65,0.7976,0.8285,0.7471,1.2039,0.1379,0.1185,350.0,120.0,50.0,550.0,0.1,0.25,0.65,0.175,3.49,calcified,0
1.3.6.1.4.1.14519.5.2.1.6279.6001.295298571102631191572192562523,160474,113.62,8.96,7.27,8.12,0.8461,0.8108,0.5578,1.1801,0.1319,0.1163,350.0,120.0,50.0,550.0,0.1,0.25,0.65,0.175,3.36,calcified,0
1.3.6.1.4.1.14519.5.2.1.6279.6001.295298571102631191572192562523,162936,142.1,10.06,7.7,8.88,0.8438,0.7656,0.4971,1.0983,0.1736,0.1225,350.0,120.0,50.0,550.0,0.1,0.25,0.65,0.175,3.62,calcified,0
1.3.6.1.4.1.14519.5.2.1.6279.6001.295298571102631191572192562523,Nodule 002,105.66,9.01,6.74,7.87,0.833,0.7473,0.5548,1.228,0.1986,0.1463,35.0,60.0,-60.0,110.0,0.12,0.88,0.0,0.616,4.99,solid,0
1.3.6.1.4.1.14519.5.2.1.6279.6001.935683764293840351008008793409,2,224.48,9.43,9.24,9.34,0.8159,0.9798,0.795,0.9752,0.3147,0.1469,35.0,60.0,-60.0,110.0,0.12,0.88,0.0,0.616,6.42,solid,0
1.3.6.1.4.1.14519.5.2.1.6279.6001.935683764293840351008008793409,209783,441.61,13.11,12.28,12.69,0.8057,0.9369,0.5722,0.7882,0.391,0.1274,35.0,60.0,-60.0,110.0,0.12,0.88,0.0,0.616,8.04,solid,1
1.3.6.1.4.1.14519.5.2.1.6279.6001.935683764293840351008008793409,212463,447.74,12.61,12.0,12.31,0.8336,0.9513,0.6937,0.7583,0.4325,0.1348,35.0,60.0,-60.0,110.0,0.12,0.88,0.0,0.616,8.08,solid,1
1.3.6.1.4.1.14519.5.2.1.6279.6001.935683764293840351008008793409,Nodule 001,418.95,12.84,11.96,12.4,0.8095,0.9318,0.5842,0.7984,0.455,0.1409,35.0,60.0,-60.0,110.0,0.12,0.88,0.0,0.616,7.9,solid,1
1.3.6.1.4.1.14519.5.2.1.6279.6001.935683764293840351008008793409,Nodule 002,173.34,8.98,8.63,8.81,0.8384,0.9619,0.6962,1.0345,0.2095,0.1308,35.0,60.0,-60.0,110.0,0.12,0.88,0.0,0.616,5.89,solid,0
1.3.6.1.4.1.14519.5.2.1.6279.6001.948414623428298219623354433437,0,2226.74,23.03,14.61,18.82,0.7309,0.6344,0.9228,0.5067,4.7661,0.2553,35.0,60.0,-60.0,110.0,0.12,0.88,0.0,0.616,13.79,solid,1
1.3.6.1.4.1.14519.5.2.1.6279.6001.948414623428298219623354433437,160632,2450.0,25.56,18.76,22.16,0.7524,0.7339,0.5868,0.4768,3.2033,0.2054,-580.0,75.0,-680.0,-450.0,0.95,0.05,0.0,0.035,5.47,pure_ggn,1
1.3.6.1.4.1.14519.5.2.1.6279.6001.948414623428298219623354433437,160627,3077.2,25.33,19.56,22.45,0.7458,0.7724,0.839,0.4458,7.1357,0.2773,35.0,60.0,-60.0,110.0,0.12,0.88,0.0,0.616,15.35,solid,1
1.3.6.1.4.1.14519.5.2.1.6279.6001.948414623428298219623354433437,Nodule 002,2228.58,23.14,15.18,19.16,0.7551,0.6559,0.8642,0.4903,4.3944,0.2489,35.0,60.0,-60.0,110.0,0.12,0.88,0.0,0.616,13.79,solid,1
1.3.6.1.4.1.14519.5.2.1.6279.6001.948414623428298219623354433437,Nodule 001,2862.52,26.16,20.34,23.25,0.7713,0.7773,0.6688,0.4416,3.8316,0.2138,35.0,60.0,-60.0,110.0,0.12,0.88,0.0,0.616,14.99,solid,1
1.3.6.1.4.1.14519.5.2.1.6279.6001.283569726884265181140892667131,3,153.74,7.89,6.47,7.18,0.7534,0.8201,1.0,1.1983,0.5836,0.2216,35.0,60.0,-60.0,110.0,0.12,0.88,0.0,0.616,5.66,solid,0
1.3.6.1.4.1.14519.5.2.1.6279.6001.283569726884265181140892667131,4,140.88,7.97,6.68,7.33,0.7854,0.8386,0.9412,1.1834,0.1632,0.1259,35.0,60.0,-60.0,110.0,0.12,0.88,0.0,0.616,5.49,solid,0
1.3.6.1.4.1.14519.5.2.1.6279.6001.283569726884265181140892667131,5,182.52,8.43,7.9,8.16,0.8076,0.9372,0.8899,1.0556,0.209,0.1319,35.0,60.0,-60.0,110.0,0.12,0.88,0.0,0.616,5.99,solid,0
1.3.6.1.4.1.14519.5.2.1.6279.6001.283569726884265181140892667131,6,1866.29,17.8,16.1,16.95,0.7051,0.9047,1.0,0.557,3.1245,0.2215,35.0,60.0,-60.0,110.0,0.12,0.88,0.0,0.616,13.0,solid,0
1.3.6.1.4.1.14519.5.2.1.6279.6001.283569726884265181140892667131,115451,1368.32,17.03,14.4,15.71,0.8027,0.8457,0.881,0.5427,0.8912,0.1374,35.0,60.0,-60.0,110.0,0.12,0.88,0.0,0.616,11.72,solid,1
1.3.6.1.4.1.14519.5.2.1.6279.6001.283569726884265181140892667131,135202,40.18,8.44,6.62,7.53,0.7455,0.7844,0.2371,1.894,0.1281,0.1376,35.0,60.0,-60.0,110.0,0.12,0.88,0.0,0.616,3.62,solid,0
1.3.6.1.4.1.14519.5.2.1.6279.6001.283569726884265181140892667131,135205,23.52,6.9,4.8,5.85,0.7852,0.6952,0.2897,2.1496,0.1445,0.1898,35.0,60.0,-60.0,110.0,0.12,0.88,0.0,0.616,3.02,solid,0
1.3.6.1.4.1.14519.5.2.1.6279.6001.283569726884265181140892667131,135189,1341.99,19.13,13.93,16.53,0.7521,0.7281,0.7842,0.5829,1.7903,0.1902,35.0,60.0,-60.0,110.0,0.12,0.88,0.0,0.616,11.64,solid,1
1.3.6.1.4.1.14519.5.2.1.6279.6001.283569726884265181140892667131,135194,154.96,8.45,7.33,7.89,0.8352,0.8676,0.888,1.078,0.1206,0.1043,35.0,60.0,-60.0,110.0,0.12,0.88,0.0,0.616,5.67,solid,0
1.3.6.1.4.1.14519.5.2.1.6279.6001.283569726884265181140892667131,135199,103.51,8.04,7.16,7.6,0.8305,0.8899,0.6215,1.2402,0.1045,0.1108,35.0,60.0,-60.0,110.0,0.12,0.88,0.0,0.616,4.96,solid,0
1.3.6.1.4.1.14519.5.2.1.6279.6001.283569726884265181140892667131,Nodule 006,1610.26,18.32,15.69,17.01,0.8055,0.8565,0.8186,0.5122,0.649,0.1116,35.0,60.0,-60.0,110.0,0.12,0.88,0.0,0.616,12.37,solid,1
1.3.6.1.4.1.14519.5.2.1.6279.6001.283569726884265181140892667131,Nodule 007,91.26,7.56,6.79,7.17,0.8229,0.8989,0.6617,1.3053,0.1608,0.1446,35.0,60.0,-60.0,110.0,0.12,0.88,0.0,0.616,4.75,solid,0
1.3.6.1.4.1.14519.5.2.1.6279.6001.283569726884265181140892667131,Nodule 004,109.64,6.85,6.14,6.49,0.7746,0.8958,1.0,1.3044,0.3216,0.1892,35.0,60.0,-60.0,110.0,0.12,0.88,0.0,0.616,5.05,solid,0
1.3.6.1.4.1.14519.5.2.1.6279.6001.752756872840730509471096155114,0,4365.9,25.61,23.09,24.35,0.796,0.9015,0.7809,0.3717,1.2344,0.11,35.0,60.0,-60.0,110.0,0.12,0.88,0.0,0.616,17.25,solid,0
1.3.6.1.4.1.14519.5.2.1.6279.6001.752756872840730509471096155114,Nodule 001,3959.81,23.9,22.3,23.1,0.8229,0.933,0.8369,0.3715,0.998,0.1023,35.0,60.0,-60.0,110.0,0.12,0.88,0.0,0.616,16.7,solid,1
1.3.6.1.4.1.14519.5.2.1.6279.6001.752756872840730509471096155114,196678,4301.59,25.39,23.5,24.44,0.8311,0.9256,0.7878,0.3578,0.782,0.0876,35.0,60.0,-60.0,110.0,0.12,0.88,0.0,0.616,17.17,solid,1
1.3.6.1.4.1.14519.5.2.1.6279.6001.752756872840730509471096155114,184654,4549.65,25.7,24.18,24.94,0.8381,0.9408,0.7781,0.3482,0.9177,0.0932,35.0,60.0,-60.0,110.0,0.12,0.88,0.0,0.616,17.49,solid,1
1.3.6.1.4.1.14519.5.2.1.6279.6001.279953669991076107785464313394,Nodule 001,135.36,7.8,7.05,7.42,0.8022,0.9033,0.9617,1.174,0.3488,0.1834,35.0,60.0,-60.0,110.0,0.12,0.88,0.0,0.616,5.42,solid,0
1.3.6.1.4.1.14519.5.2.1.6279.6001.339142594937666268384335506819,0,592.29,13.77,12.17,12.97,0.8167,0.8841,0.7263,0.7051,0.3163,0.1072,35.0,60.0,-60.0,110.0,0.12,0.88,0.0,0.616,8.87,solid,0
1.3.6.1.4.1.14519.5.2.1.6279.6001.339142594937666268384335506819,128761,423.85,13.35,11.45,12.4,0.8399,0.8576,0.5616,0.7665,0.2405,0.1027,35.0,60.0,-60.0,110.0,0.12,0.88,0.0,0.616,7.93,solid,1
1.3.6.1.4.1.14519.5.2.1.6279.6001.397202838387416555106806022938,Nodule 001,38.28,8.01,5.26,6.64,0.786,0.6568,0.312,1.8256,0.2877,0.2247,35.0,60.0,-60.0,110.0,0.12,0.88,0.0,0.616,3.56,solid,0
1.3.6.1.4.1.14519.5.2.1.6279.6001.397202838387416555106806022938,Nodule 002,44.41,7.76,6.17,6.96,0.7999,0.7955,0.3224,1.7072,0.1515,0.156,35.0,60.0,-60.0,110.0,0.12,0.88,0.0,0.616,3.74,solid,0
1.3.6.1.4.1.14519.5.2.1.6279.6001.397202838387416555106806022938,5,284.51,15.88,12.2,14.04,0.6608,0.7679,0.3148,1.1127,2.3822,0.3115,35.0,60.0,-60.0,110.0,0.12,0.88,0.0,0.616,6.94,solid,1
1.3.6.1.4.1.14519.5.2.1.6279.6001.367204840301639918160517361062,Nodule 001,284.81,11.31,9.34,10.33,0.799,0.8257,0.663,0.92,0.4325,0.1599,35.0,60.0,-60.0,110.0,0.12,0.88,0.0,0.616,6.95,solid,1
1.3.6.1.4.1.14519.5.2.1.6279.6001.367204840301639918160517361062,134807,196.61,10.37,7.85,9.11,0.8059,0.7573,0.7232,1.032,0.3519,0.1605,35.0,60.0,-60.0,110.0,0.12,0.88,0.0,0.616,6.14,solid,0
1.3.6.1.4.1.14519.5.2.1.6279.6001.140527383975300992150799777603,Nodule 002,61.25,7.17,5.02,6.09,0.8159,0.6993,0.6971,1.5036,0.2138,0.1889,35.0,60.0,-60.0,110.0,0.12,0.88,0.0,0.616,4.16,solid,0
1.3.6.1.4.1.14519.5.2.1.6279.6001.202283133206014258077705539227,0,2345.88,21.01,19.8,20.4,0.8036,0.9424,0.714,0.4529,0.8838,0.1135,-580.0,75.0,-680.0,-450.0,0.95,0.05,0.0,0.035,5.39,pure_ggn,0
1.3.6.1.4.1.14519.5.2.1.6279.6001.202283133206014258077705539227,1,380.97,14.12,9.83,11.98,0.7952,0.6964,0.5312,0.8389,0.5544,0.1602,-580.0,75.0,-680.0,-450.0,0.95,0.05,0.0,0.035,2.94,pure_ggn,0
1.3.6.1.4.1.14519.5.2.1.6279.6001.202283133206014258077705539227,3,216.82,11.21,8.11,9.66,0.8244,0.7232,0.6691,0.9764,0.4088,0.1656,-580.0,75.0,-680.0,-450.0,0.95,0.05,0.0,0.035,2.44,pure_ggn,0
1.3.6.1.4.1.14519.5.2.1.6279.6001.202283133206014258077705539227,14,232.14,11.41,7.97,9.69,0.7835,0.698,0.657,1.0043,0.599,0.198,-580.0,75.0,-680.0,-450.0,0.95,0.05,0.0,0.035,2.49,pure_ggn,0
1.3.6.1.4.1.14519.5.2.1.6279.6001.202283133206014258077705539227,15,360.15,12.25,11.14,11.7,0.8159,0.9088,0.612,0.8331,0.2846,0.1182,-580.0,75.0,-680.0,-450.0,0.95,0.05,0.0,0.035,2.89,pure_ggn,0
1.3.6.1.4.1.14519.5.2.1.6279.6001.202283133206014258077705539227,160570,1906.1,21.31,19.27,20.29,0.8011,0.9044,0.5867,0.4869,0.5457,0.0936,-580.0,75.0,-680.0,-450.0,0.95,0.05,0.0,0.035,5.03,pure_ggn,1
1.3.6.1.4.1.14519.5.2.1.6279.6001.202283133206014258077705539227,163033,2208.06,20.54,19.54,20.04,0.8352,0.9511,0.7302,0.4446,0.681,0.1017,-580.0,75.0,-680.0,-450.0,0.95,0.05,0.0,0.035,5.28,pure_ggn,1
1.3.6.1.4.1.14519.5.2.1.6279.6001.202283133206014258077705539227,Nodule 001,1991.24,20.85,20.31,20.58,0.837,0.9742,0.5995,0.4592,0.3786,0.0771,-220.0,140.0,-520.0,80.0,0.6,0.4,0.0,0.28,10.21,part_solid,1
1.3.6.1.4.1.14519.5.2.1.6279.6001.243094273518213382155770295147,128183,995.92,16.43,11.39,13.91,0.7932,0.6929,0.9128,0.6105,1.0293,0.1611,35.0,60.0,-60.0,110.0,0.12,0.88,0.0,0.616,10.54,solid,0
1.3.6.1.4.1.14519.5.2.1.6279.6001.243094273518213382155770295147,128191,483.87,12.59,9.2,10.89,0.7944,0.7307,0.9932,0.7754,0.9175,0.1931,35.0,60.0,-60.0,110.0,0.12,0.88,0.0,0.616,8.29,solid,0
1.3.6.1.4.1.14519.5.2.1.6279.6001.243094273518213382155770295147,0,1878.54,18.27,15.48,16.87,0.783,0.8477,1.0,0.5005,1.14,0.138,35.0,60.0,-60.0,110.0,0.12,0.88,0.0,0.616,13.03,solid,0
1.3.6.1.4.1.14519.5.2.1.6279.6001.243094273518213382155770295147,5,555.54,11.02,10.85,10.94,0.7882,0.9843,1.0,0.7463,0.5284,0.1435,350.0,120.0,50.0,550.0,0.1,0.25,0.65,0.175,5.7,calcified,0
1.3.6.1.4.1.14519.5.2.1.6279.6001.243094273518213382155770295147,6,385.26,10.81,10.06,10.43,0.7951,0.931,0.9253,0.8359,0.2605,0.1136,35.0,60.0,-60.0,110.0,0.12,0.88,0.0,0.616,7.68,solid,0
1.3.6.1.4.1.14519.5.2.1.6279.6001.243094273518213382155770295147,8,1019.81,14.81,13.53,14.17,0.7722,0.9133,1.0,0.6222,1.1129,0.1679,35.0,60.0,-60.0,110.0,0.12,0.88,0.0,0.616,10.63,solid,0
1.3.6.1.4.1.14519.5.2.1.6279.6001.243094273518213382155770295147,9,839.74,16.11,10.26,13.18,0.723,0.637,0.9312,0.7089,1.4429,0.2028,35.0,60.0,-60.0,110.0,0.12,0.88,0.0,0.616,9.96,solid,0
1.3.6.1.4.1.14519.5.2.1.6279.6001.243094273518213382155770295147,11,406.09,12.68,9.4,11.04,0.7638,0.7409,0.7885,0.855,0.6664,0.1763,35.0,60.0,-60.0,110.0,0.12,0.88,0.0,0.616,7.82,solid,0
1.3.6.1.4.1.14519.5.2.1.6279.6001.243094273518213382155770295147,Nodule 003,836.67,17.29,11.14,14.21,0.7942,0.6447,0.7231,0.6462,1.058,0.172,35.0,60.0,-60.0,110.0,0.12,0.88,0.0,0.616,9.95,solid,1
1.3.6.1.4.1.14519.5.2.1.6279.6001.243094273518213382155770295147,Nodule 001,1680.09,18.91,16.52,17.71,0.8214,0.8736,0.7932,0.4953,0.8055,0.1218,35.0,60.0,-60.0,110.0,0.12,0.88,0.0,0.616,12.55,solid,1
1.3.6.1.4.1.14519.5.2.1.6279.6001.243094273518213382155770295147,Nodule 004,361.99,10.54,9.93,10.23,0.8168,0.9424,0.9489,0.8307,0.3675,0.1377,35.0,60.0,-60.0,110.0,0.12,0.88,0.0,0.616,7.52,solid,1
1.3.6.1.4.1.14519.5.2.1.6279.6001.243094273518213382155770295147,Nodule 006,254.8,12.5,8.3,10.4,0.7979,0.6642,0.7999,0.9561,1.799,0.3096,350.0,120.0,50.0,550.0,0.1,0.25,0.65,0.175,4.4,calcified,0
1.3.6.1.4.1.14519.5.2.1.6279.6001.243094273518213382155770295147,Nodule 005,1071.87,15.52,14.5,15.01,0.806,0.9342,0.9666,0.5863,0.7245,0.134,35.0,60.0,-60.0,110.0,0.12,0.88,0.0,0.616,10.8,solid,1
1.3.6.1.4.1.14519.5.2.1.6279.6001.243094273518213382155770295147,134769,1528.8,17.91,16.4,17.15,0.8161,0.9156,0.8377,0.5144,0.8577,0.1292,35.0,60.0,-60.0,110.0,0.12,0.88,0.0,0.616,12.16,solid,1
1.3.6.1.4.1.14519.5.2.1.6279.6001.243094273518213382155770295147,134773,371.79,10.51,10.1,10.3,0.8215,0.9608,0.9517,0.8187,0.2308,0.1078,35.0,60.0,-60.0,110.0,0.12,0.88,0.0,0.616,7.59,solid,1
1.3.6.1.4.1.14519.5.2.1.6279.6001.243094273518213382155770295147,134777,234.59,10.11,9.55,9.83,0.8472,0.9439,0.7416,0.9256,0.1815,0.1093,35.0,60.0,-60.0,110.0,0.12,0.88,0.0,0.616,6.51,solid,1
1.3.6.1.4.1.14519.5.2.1.6279.6001.243094273518213382155770295147,134783,1142.31,16.66,15.21,15.93,0.7621,0.9126,0.7502,0.607,0.7004,0.1288,35.0,60.0,-60.0,110.0,0.12,0.88,0.0,0.616,11.04,solid,1
1.3.6.1.4.1.14519.5.2.1.6279.6001.243094273518213382155770295147,134787,562.89,17.15,11.5,14.32,0.793,0.6709,0.4374,0.7386,0.7233,0.1559,35.0,60.0,-60.0,110.0,0.12,0.88,0.0,0.616,8.72,solid,1
1.3.6.1.4.1.14519.5.2.1.6279.6001.100953483028192176989979435275,162753,584.94,13.04,12.87,12.96,0.8257,0.9869,0.7668,0.7003,0.3774,0.1179,35.0,60.0,-60.0,110.0,0.12,0.88,0.0,0.616,8.83,solid,0
1.3.6.1.4.1.14519.5.2.1.6279.6001.100953483028192176989979435275,160395,184.36,11.15,8.97,10.06,0.8114,0.8043,0.4486,1.0472,0.2922,0.1454,35.0,60.0,-60.0,110.0,0.12,0.88,0.0,0.616,6.01,solid,0
1.3.6.1.4.1.14519.5.2.1.6279.6001.100953483028192176989979435275,Nodule 001,124.34,9.21,7.3,8.25,0.8469,0.7922,0.5429,1.1441,0.1317,0.1155,35.0,60.0,-60.0,110.0,0.12,0.88,0.0,0.616,5.27,solid,0
1.3.6.1.4.1.14519.5.2.1.6279.6001.100953483028192176989979435275,Nodule 004,137.2,9.27,8.36,8.81,0.8232,0.9017,0.5394,1.139,0.2524,0.1526,35.0,60.0,-60.0,110.0,0.12,0.88,0.0,0.616,5.44,solid,0
1.3.6.1.4.1.14519.5.2.1.6279.6001.100953483028192176989979435275,Nodule 002,540.22,13.48,12.23,12.86,0.8391,0.9071,0.7417,0.7076,0.4244,0.1266,35.0,60.0,-60.0,110.0,0.12,0.88,0.0,0.616,8.6,solid,0
1.3.6.1.4.1.14519.5.2.1.6279.6001.153732973534937692357111055819,0,191.1,7.58,6.63,7.11,0.6995,0.8756,1.0,1.2003,1.1603,0.276,35.0,60.0,-60.0,110.0,0.12,0.88,0.0,0.616,6.08,solid,0
1.3.6.1.4.1.14519.5.2.1.6279.6001.153732973534937692357111055819,115532,2250.94,28.49,14.45,21.47,0.6876,0.5073,0.8774,0.5367,11.2812,0.3501,35.0,60.0,-60.0,110.0,0.12,0.88,0.0,0.616,13.84,solid,1
1.3.6.1.4.1.14519.5.2.1.6279.6001.153732973534937692357111055819,128738,2120.47,30.12,17.86,23.99,0.6164,0.5929,0.747,0.6107,14.0527,0.3752,35.0,60.0,-60.0,110.0,0.12,0.88,0.0,0.616,13.56,solid,1
1.3.6.1.4.1.14519.5.2.1.6279.6001.153732973534937692357111055819,Nodule 001,2293.2,27.77,14.86,21.31,0.6704,0.535,0.8102,0.547,10.8015,0.3526,35.0,60.0,-60.0,110.0,0.12,0.88,0.0,0.616,13.92,solid,1
1.3.6.1.4.1.14519.5.2.1.6279.6001.106630482085576298661469304872,1,255.41,9.23,7.74,8.49,0.7399,0.8394,1.0,1.0301,0.43,0.1658,350.0,120.0,50.0,550.0,0.1,0.25,0.65,0.175,4.4,calcified,0
1.3.6.1.4.1.14519.5.2.1.6279.6001.106630482085576298661469304872,Nodule 002,184.36,9.35,7.39,8.37,0.8168,0.7904,0.8021,1.0403,0.1954,0.126,350.0,120.0,50.0,550.0,0.1,0.25,0.65,0.175,3.95,calcified,0
1.3.6.1.4.1.14519.5.2.1.6279.6001.197063290812663596858124411210,9,113.31,8.84,6.86,7.85,0.8095,0.7757,0.5658,1.2346,0.1783,0.1405,35.0,60.0,-60.0,110.0,0.12,0.88,0.0,0.616,5.11,solid,0
1.3.6.1.4.1.14519.5.2.1.6279.6001.197063290812663596858124411210,11,99.22,7.05,6.5,6.78,0.7459,0.9221,1.0,1.4004,0.5723,0.2522,35.0,60.0,-60.0,110.0,0.12,0.88,0.0,0.616,4.89,solid,0
1.3.6.1.4.1.14519.5.2.1.6279.6001.197063290812663596858124411210,12,376.07,9.88,9.69,9.78,0.6502,0.9801,1.0,1.0304,1.1356,0.229,35.0,60.0,-60.0,110.0,0.12,0.88,0.0,0.616,7.62,solid,0
1.3.6.1.4.1.14519.5.2.1.6279.6001.197063290812663596858124411210,13,544.51,12.21,10.43,11.32,0.769,0.8546,1.0,0.7701,0.8732,0.1819,350.0,120.0,50.0,550.0,0.1,0.25,0.65,0.175,5.67,calcified,0
1.3.6.1.4.1.14519.5.2.1.6279.6001.197063290812663596858124411210,15,91.87,6.33,5.5,5.92,0.766,0.8689,1.0,1.3992,0.3194,0.1991,35.0,60.0,-60.0,110.0,0.12,0.88,0.0,0.616,4.76,solid,0
1.3.6.1.4.1.14519.5.2.1.6279.6001.197063290812663596858124411210,16,161.09,9.51,9.19,9.35,0.8045,0.9665,0.5258,1.1047,0.1389,0.1068,35.0,60.0,-60.0,110.0,0.12,0.88,0.0,0.616,5.74,solid,0
1.3.6.1.4.1.14519.5.2.1.6279.6001.197063290812663596858124411210,115502,69.21,6.66,6.27,6.46,0.8465,0.9402,0.7503,1.3915,0.1244,0.1388,350.0,120.0,50.0,550.0,0.1,0.25,0.65,0.175,2.85,calcified,0
1.3.6.1.4.1.14519.5.2.1.6279.6001.197063290812663596858124411210,115491,385.87,10.57,10.07,10.32,0.8402,0.9523,0.9457,0.7906,0.3343,0.1293,350.0,120.0,50.0,550.0,0.1,0.25,0.65,0.175,5.05,calcified,0
1.3.6.1.4.1.14519.5.2.1.6279.6001.197063290812663596858124411210,115904,67.37,5.71,5.0,5.36,0.7472,0.8755,1.0,1.5906,0.4503,0.2531,35.0,60.0,-60.0,110.0,0.12,0.88,0.0,0.616,4.3,solid,0
1.3.6.1.4.1.14519.5.2.1.6279.6001.197063290812663596858124411210,128697,302.57,9.83,9.44,9.63,0.8343,0.9599,1.0,0.8635,0.3276,0.1365,350.0,120.0,50.0,550.0,0.1,0.25,0.65,0.175,4.66,calcified,0
1.3.6.1.4.1.14519.5.2.1.6279.6001.197063290812663596858124411210,128708,55.74,6.41,5.51,5.96,0.8266,0.86,0.7797,1.5316,0.0959,0.1301,350.0,120.0,50.0,550.0,0.1,0.25,0.65,0.175,2.65,calcified,0
1.3.6.1.4.1.14519.5.2.1.6279.6001.197063290812663596858124411210,Nodule 003,126.79,9.07,7.61,8.34,0.8318,0.8387,0.5514,1.1574,0.1526,0.1236,35.0,60.0,-60.0,110.0,0.12,0.88,0.0,0.616,5.3,solid,0
1.3.6.1.4.1.14519.5.2.1.6279.6001.197063290812663596858124411210,Nodule 002,434.26,12.07,9.89,10.98,0.8199,0.8187,0.8283,0.7788,0.4617,0.1455,350.0,120.0,50.0,550.0,0.1,0.25,0.65,0.175,5.26,calcified,0
1.3.6.1.4.1.14519.5.2.1.6279.6001.204566802718283633558802774757,0,2968.79,26.35,23.45,24.9,0.5391,0.8897,0.5692,0.6241,6.1631,0.2637,35.0,60.0,-60.0,110.0,0.12,0.88,0.0,0.616,15.17,solid,1
1.3.6.1.4.1.14519.5.2.1.6279.6001.204566802718283633558802774757,8,649.25,14.51,12.88,13.69,0.7565,0.8875,0.6892,0.7382,1.1575,0.1953,-580.0,75.0,-680.0,-450.0,0.95,0.05,0.0,0.035,3.51,pure_ggn,0
1.3.6.1.4.1.14519.5.2.1.6279.6001.204566802718283633558802774757,115424,930.39,17.34,14.56,15.95,0.767,0.8397,0.5766,0.6459,0.8973,0.1516,35.0,60.0,-60.0,110.0,0.12,0.88,0.0,0.616,10.31,solid,1
1.3.6.1.4.1.14519.5.2.1.6279.6001.204566802718283633558802774757,115429,118.82,8.82,7.25,8.04,0.8285,0.8223,0.5668,1.1873,0.1182,0.112,350.0,120.0,50.0,550.0,0.1,0.25,0.65,0.175,3.41,calcified,0
1.3.6.1.4.1.14519.5.2.1.6279.6001.204566802718283633558802774757,135160,1187.02,19.58,17.48,18.53,0.7389,0.8929,0.5107,0.6181,1.5331,0.1774,35.0,60.0,-60.0,110.0,0.12,0.88,0.0,0.616,11.18,solid,1
1.3.6.1.4.1.14519.5.2.1.6279.6001.204566802718283633558802774757,135724,86.97,7.73,6.14,6.94,0.8303,0.7945,0.6468,1.3146,0.0993,0.1158,350.0,120.0,50.0,550.0,0.1,0.25,0.65,0.175,3.07,calcified,0
1.3.6.1.4.1.14519.5.2.1.6279.6001.204566802718283633558802774757,Nodule 001,1437.54,20.19,19.06,19.63,0.7716,0.944,0.4952,0.5553,1.2986,0.1542,35.0,60.0,-60.0,110.0,0.12,0.88,0.0,0.616,11.91,solid,1
1.3.6.1.4.1.14519.5.2.1.6279.6001.102681962408431413578140925249,0,3866.71,25.29,21.25,23.27,0.6846,0.8403,0.7909,0.45,2.1077,0.1478,35.0,60.0,-60.0,110.0,0.12,0.88,0.0,0.616,16.57,solid,0
1.3.6.1.4.1.14519.5.2.1.6279.6001.102681962408431413578140925249,12,189.26,12.38,8.34,10.36,0.7658,0.6737,0.4038,1.0999,0.788,0.2332,-580.0,75.0,-680.0,-450.0,0.95,0.05,0.0,0.035,2.33,pure_ggn,0
1.3.6.1.4.1.14519.5.2.1.6279.6001.102681962408431413578140925249,160495,3624.16,24.51,21.48,22.99,0.7451,0.8764,0.8161,0.4226,2.0998,0.1497,35.0,60.0,-60.0,110.0,0.12,0.88,0.0,0.616,16.22,solid,1
1.3.6.1.4.1.14519.5.2.1.6279.6001.102681962408431413578140925249,Nodule 001,60.64,6.0,5.82,5.91,0.8164,0.97,0.834,1.5078,0.0688,0.1099,35.0,60.0,-60.0,110.0,0.12,0.88,0.0,0.616,4.15,solid,0
1.3.6.1.4.1.14519.5.2.1.6279.6001.102681962408431413578140925249,Nodule 003,3321.59,22.84,21.09,21.96,0.7555,0.9233,0.8757,0.429,2.0916,0.1539,35.0,60.0,-60.0,110.0,0.12,0.88,0.0,0.616,15.75,solid,1
1.3.6.1.4.1.14519.5.2.1.6279.6001.102681962408431413578140925249,162958,3017.17,22.26,20.07,21.17,0.7635,0.9018,0.8984,0.4383,1.5964,0.1386,35.0,60.0,-60.0,110.0,0.12,0.88,0.0,0.616,15.25,solid,1
1.3.6.1.4.1.14519.5.2.1.6279.6001.616033753016904899083676284739,1,5745.86,25.97,23.52,24.74,0.7959,0.9059,1.0,0.3392,2.3037,0.1357,35.0,60.0,-60.0,110.0,0.12,0.88,0.0,0.616,18.91,solid,0
1.3.6.1.4.1.14519.5.2.1.6279.6001.616033753016904899083676284739,6,186.2,9.25,7.56,8.4,0.7849,0.8171,0.8111,1.0789,0.3315,0.1632,35.0,60.0,-60.0,110.0,0.12,0.88,0.0,0.616,6.03,solid,0
1.3.6.1.4.1.14519.5.2.1.6279.6001.616033753016904899083676284739,11,224.17,9.74,8.97,9.36,0.8056,0.9207,0.7698,0.9882,0.2297,0.1266,35.0,60.0,-60.0,110.0,0.12,0.88,0.0,0.616,6.41,solid,0
1.3.6.1.4.1.14519.5.2.1.6279.6001.616033753016904899083676284739,12,423.24,13.58,11.51,12.55,0.8065,0.8473,0.5521,0.7987,0.465,0.1424,35.0,60.0,-60.0,110.0,0.12,0.88,0.0,0.616,7.93,solid,0
1.3.6.1.4.1.14519.5.2.1.6279.6001.616033753016904899083676284739,184614,4448.59,24.95,22.59,23.77,0.815,0.9054,0.9017,0.3608,0.88,0.0921,35.0,60.0,-60.0,110.0,0.12,0.88,0.0,0.616,17.36,solid,1
1.3.6.1.4.1.14519.5.2.1.6279.6001.616033753016904899083676284739,Nodule 001,5270.56,27.11,24.17,25.64,0.8161,0.8913,0.8299,0.3405,1.115,0.098,35.0,60.0,-60.0,110.0,0.12,0.88,0.0,0.616,18.37,solid,1
1.3.6.1.4.1.14519.5.2.1.6279.6001.616033753016904899083676284739,Nodule 011,100.45,7.32,5.64,6.48,0.7936,0.771,1.0,1.3109,0.219,0.1594,35.0,60.0,-60.0,110.0,0.12,0.88,0.0,0.616,4.91,solid,0
1.3.6.1.4.1.14519.5.2.1.6279.6001.616033753016904899083676284739,Nodule 012,227.24,11.55,10.47,11.01,0.8159,0.907,0.433,0.9713,0.163,0.0999,35.0,60.0,-60.0,110.0,0.12,0.88,0.0,0.616,6.44,solid,0
1.3.6.1.4.1.14519.5.2.1.6279.6001.616033753016904899083676284739,Nodule 004,231.52,11.34,10.79,11.07,0.816,0.9518,0.4409,0.9652,0.1219,0.0859,35.0,60.0,-60.0,110.0,0.12,0.88,0.0,0.616,6.48,solid,0
1.3.6.1.4.1.14519.5.2.1.6279.6001.616033753016904899083676284739,Nodule 008,165.99,12.22,7.17,9.69,0.7467,0.5867,0.4093,1.1785,0.9695,0.2738,35.0,60.0,-60.0,110.0,0.12,0.88,0.0,0.616,5.8,solid,1
1.3.6.1.4.1.14519.5.2.1.6279.6001.616033753016904899083676284739,Nodule 007,96.16,9.35,5.89,7.62,0.8187,0.6297,0.5347,1.2894,0.29,0.1827,35.0,60.0,-60.0,110.0,0.12,0.88,0.0,0.616,4.84,solid,0
1.3.6.1.4.1.14519.5.2.1.6279.6001.616033753016904899083676284739,196641,4118.45,24.25,22.25,23.25,0.8083,0.9172,0.9277,0.3732,0.9117,0.0955,35.0,60.0,-60.0,110.0,0.12,0.88,0.0,0.616,16.92,solid,1
1.3.6.1.4.1.14519.5.2.1.6279.6001.616033753016904899083676284739,196644,279.3,11.49,9.65,10.57,0.825,0.8392,0.6525,0.8968,0.2446,0.1193,35.0,60.0,-60.0,110.0,0.12,0.88,0.0,0.616,6.9,solid,1
1.3.6.1.4.1.14519.5.2.1.6279.6001.616033753016904899083676284739,196664,74.72,7.11,6.02,6.56,0.7989,0.8461,0.7032,1.4371,0.1199,0.1337,35.0,60.0,-60.0,110.0,0.12,0.88,0.0,0.616,4.45,solid,0
1.3.6.1.4.1.14519.5.2.1.6279.6001.616033753016904899083676284739,203499,63.7,6.55,6.1,6.33,0.8234,0.9319,0.7636,1.4706,0.1088,0.1325,35.0,60.0,-60.0,110.0,0.12,0.88,0.0,0.616,4.22,solid,0
1.3.6.1.4.1.14519.5.2.1.6279.6001.616033753016904899083676284739,203500,38.22,7.26,7.17,7.22,0.7744,0.9874,0.2753,1.854,0.0364,0.0769,35.0,60.0,-60.0,110.0,0.12,0.88,0.0,0.616,3.56,solid,0
1.3.6.1.4.1.14519.5.2.1.6279.6001.616033753016904899083676284739,203501,40.42,5.26,4.58,4.92,0.8095,0.8713,0.9511,1.7407,0.0541,0.1109,35.0,60.0,-60.0,110.0,0.12,0.88,0.0,0.616,3.62,solid,0
1.3.6.1.4.1.14519.5.2.1.6279.6001.306948744223170422945185006551,162901,2088.62,27.4,14.2,20.8,0.7482,0.5183,0.5474,0.5057,4.9234,0.2623,35.0,60.0,-60.0,110.0,0.12,0.88,0.0,0.616,13.49,solid,1
1.3.6.1.4.1.14519.5.2.1.6279.6001.306948744223170422945185006551,162895,5546.8,32.2,20.99,26.6,0.7825,0.6519,0.7763,0.3491,6.0303,0.2163,35.0,60.0,-60.0,110.0,0.12,0.88,0.0,0.616,18.69,solid,1
1.3.6.1.4.1.14519.5.2.1.6279.6001.306948744223170422945185006551,167775,5071.5,31.71,20.29,26.0,0.7703,0.6399,0.7885,0.3654,6.4243,0.2273,35.0,60.0,-60.0,110.0,0.12,0.88,0.0,0.616,18.14,solid,1
1.3.6.1.4.1.14519.5.2.1.6279.6001.306948744223170422945185006551,167779,2052.49,30.12,15.49,22.81,0.7379,0.5145,0.4151,0.5157,6.1714,0.2833,35.0,60.0,-60.0,110.0,0.12,0.88,0.0,0.616,13.42,solid,1
1.3.6.1.4.1.14519.5.2.1.6279.6001.306948744223170422945185006551,Nodule 001,6347.34,32.97,21.94,27.46,0.7715,0.6654,0.8341,0.3385,5.5962,0.1995,35.0,60.0,-60.0,110.0,0.12,0.88,0.0,0.616,19.55,solid,1
1.3.6.1.4.1.14519.5.2.1.6279.6001.306948744223170422945185006551,Nodule 002,2603.74,27.13,15.65,21.39,0.766,0.5768,0.6452,0.4589,4.2546,0.2325,35.0,60.0,-60.0,110.0,0.12,0.88,0.0,0.616,14.52,solid,1
1.3.6.1.4.1.14519.5.2.1.6279.6001.194766721609772924944646251928,Nodule 001,3987.99,30.18,22.12,26.15,0.7526,0.7329,0.5798,0.4052,4.6439,0.2097,35.0,60.0,-60.0,110.0,0.12,0.88,0.0,0.616,16.74,solid,1
1.3.6.1.4.1.14519.5.2.1.6279.6001.194766721609772924944646251928,163111,5073.34,31.7,24.13,27.91,0.7207,0.7613,0.8676,0.3905,8.7129,0.2501,35.0,60.0,-60.0,110.0,0.12,0.88,0.0,0.616,18.14,solid,1
1.3.6.1.4.1.14519.5.2.1.6279.6001.194766721609772924944646251928,160640,6625.41,39.61,34.63,37.12,0.6047,0.8742,0.6312,0.4258,23.301,0.3501,35.0,60.0,-60.0,110.0,0.12,0.88,0.0,0.616,19.83,solid,1
1.3.6.1.4.1.14519.5.2.1.6279.6001.194766721609772924944646251928,0,4831.4,32.66,24.9,28.78,0.7472,0.7624,0.6125,0.3828,7.4044,0.2412,35.0,60.0,-60.0,110.0,0.12,0.88,0.0,0.616,17.85,solid,1
1.3.6.1.4.1.14519.5.2.1.6279.6001.868211851413924881662621747734,2,323.09,15.58,10.96,13.27,0.7908,0.7034,0.4813,0.8912,3.3858,0.3755,35.0,60.0,-60.0,110.0,0.12,0.88,0.0,0.616,7.24,solid,0
1.3.6.1.4.1.14519.5.2.1.6279.6001.868211851413924881662621747734,167792,39.51,6.45,4.99,5.72,0.8156,0.7728,0.5812,1.741,0.1636,0.1835,35.0,60.0,-60.0,110.0,0.12,0.88,0.0,0.616,3.6,solid,0
1.3.6.1.4.1.14519.5.2.1.6279.6001.868211851413924881662621747734,167794,27.56,4.83,4.4,4.61,0.8256,0.9116,0.7768,1.9392,0.0656,0.1363,35.0,60.0,-60.0,110.0,0.12,0.88,0.0,0.616,3.19,solid,0
1.3.6.1.4.1.14519.5.2.1.6279.6001.868211851413924881662621747734,178028,107.49,8.85,7.0,7.93,0.8215,0.7907,0.5648,1.238,0.188,0.1415,35.0,60.0,-60.0,110.0,0.12,0.88,0.0,0.616,5.02,solid,1
1.3.6.1.4.1.14519.5.2.1.6279.6001.287560874054243719452635194040,1,311.76,14.42,8.94,11.68,0.7379,0.62,0.5202,0.9665,1.259,0.248,35.0,60.0,-60.0,110.0,0.12,0.88,0.0,0.616,7.16,solid,0
1.3.6.1.4.1.14519.5.2.1.6279.6001.287560874054243719452635194040,162862,278.69,13.52,8.2,10.86,0.8124,0.6066,0.5545,0.9114,1.0186,0.2364,35.0,60.0,-60.0,110.0,0.12,0.88,0.0,0.616,6.9,solid,0
1.3.6.1.4.1.14519.5.2.1.6279.6001.287560874054243719452635194040,167743,184.97,12.91,7.65,10.28,0.8111,0.5927,0.5809,1.0465,0.8956,0.236,35.0,60.0,-60.0,110.0,0.12,0.88,0.0,0.616,6.01,solid,0
1.3.6.1.4.1.14519.5.2.1.6279.6001.198698492013538481395497694975,0,1289.92,19.78,13.17,16.48,0.622,0.6659,0.7583,0.7142,1.9813,0.2027,35.0,60.0,-60.0,110.0,0.12,0.88,0.0,0.616,11.49,solid,1
1.3.6.1.4.1.14519.5.2.1.6279.6001.198698492013538481395497694975,1,5461.05,33.55,28.76,31.16,0.4591,0.8573,0.5961,0.5982,11.6672,0.2876,35.0,60.0,-60.0,110.0,0.12,0.88,0.0,0.616,18.59,solid,1
1.3.6.1.4.1.14519.5.2.1.6279.6001.198698492013538481395497694975,2,4202.36,33.89,26.27,30.08,0.772,0.7752,0.5163,0.3882,7.9875,0.2544,-220.0,140.0,-520.0,80.0,0.6,0.4,0.0,0.28,13.1,part_solid,1
1.3.6.1.4.1.14519.5.2.1.6279.6001.198698492013538481395497694975,162737,980.61,18.53,13.36,15.95,0.8074,0.7212,0.6747,0.6028,1.1177,0.1658,35.0,60.0,-60.0,110.0,0.12,0.88,0.0,0.616,10.49,solid,1
1.3.6.1.4.1.14519.5.2.1.6279.6001.198698492013538481395497694975,162729,2020.64,22.92,20.16,21.54,0.7786,0.8798,0.5454,0.4913,2.0574,0.1747,35.0,60.0,-60.0,110.0,0.12,0.88,0.0,0.616,13.35,solid,1
1.3.6.1.4.1.14519.5.2.1.6279.6001.198698492013538481395497694975,160379,867.3,21.65,14.84,18.24,0.7529,0.6855,0.3464,0.6735,2.2111,0.2224,35.0,60.0,-60.0,110.0,0.12,0.88,0.0,0.616,10.07,solid,1
1.3.6.1.4.1.14519.5.2.1.6279.6001.198698492013538481395497694975,160371,1937.34,23.14,19.5,21.32,0.7531,0.8429,0.5402,0.5151,2.5182,0.1954,35.0,60.0,-60.0,110.0,0.12,0.88,0.0,0.616,13.16,solid,1
1.3.6.1.4.1.14519.5.2.1.6279.6001.198698492013538481395497694975,Nodule 001,2291.36,24.44,23.36,23.9,0.6997,0.9559,0.5115,0.5243,4.4035,0.2378,35.0,60.0,-60.0,110.0,0.12,0.88,0.0,0.616,13.92,solid,1
1.3.6.1.4.1.14519.5.2.1.6279.6001.198698492013538481395497694975,Nodule 002,1027.77,18.9,13.64,16.27,0.7762,0.7217,0.6615,0.6173,1.0444,0.1577,35.0,60.0,-60.0,110.0,0.12,0.88,0.0,0.616,10.65,solid,1
1.3.6.1.4.1.14519.5.2.1.6279.6001.826829446346820089862659555750,IL057_123395,365.66,11.15,10.18,10.67,0.798,0.9134,0.8969,0.8475,0.3131,0.1245,35.0,60.0,-60.0,110.0,0.12,0.88,0.0,0.616,7.55,solid,1
1.3.6.1.4.1.14519.5.2.1.6279.6001.826829446346820089862659555750,IL057_123385,1113.52,19.38,15.34,17.36,0.6551,0.7919,0.7741,0.7122,3.1478,0.2588,35.0,60.0,-60.0,110.0,0.12,0.88,0.0,0.616,10.94,solid,1
1.3.6.1.4.1.14519.5.2.1.6279.6001.826829446346820089862659555750,IL057_123373,3390.19,24.74,21.92,23.33,0.78,0.886,0.7074,0.4127,1.4221,0.1266,35.0,60.0,-60.0,110.0,0.12,0.88,0.0,0.616,15.86,solid,1
1.3.6.1.4.1.14519.5.2.1.6279.6001.826829446346820089862659555750,IL057_123389,603.92,16.23,11.35,13.79,0.8069,0.6991,0.616,0.7091,0.8389,0.1681,35.0,60.0,-60.0,110.0,0.12,0.88,0.0,0.616,8.92,solid,1
1.3.6.1.4.1.14519.5.2.1.6279.6001.826829446346820089862659555750,IL057_123382,872.2,17.67,14.52,16.1,0.8004,0.8221,0.566,0.6323,1.5702,0.2026,35.0,60.0,-60.0,110.0,0.12,0.88,0.0,0.616,10.09,solid,1
1.3.6.1.4.1.14519.5.2.1.6279.6001.826829446346820089862659555750,IL057_123392,211.19,22.44,12.96,17.7,0.553,0.5775,0.0891,1.4685,2.84,0.2719,35.0,60.0,-60.0,110.0,0.12,0.88,0.0,0.616,6.29,solid,1
1.3.6.1.4.1.14519.5.2.1.6279.6001.826829446346820089862659555750,Nodule 005,1493.89,19.44,14.84,17.14,0.7748,0.763,0.7714,0.546,1.3982,0.1643,35.0,60.0,-60.0,110.0,0.12,0.88,0.0,0.616,12.07,solid,1
1.3.6.1.4.1.14519.5.2.1.6279.6001.826829446346820089862659555750,Nodule 003,3694.6,25.73,22.39,24.06,0.7953,0.8702,0.6802,0.3933,1.2498,0.1159,35.0,60.0,-60.0,110.0,0.12,0.88,0.0,0.616,16.32,solid,1
1.3.6.1.4.1.14519.5.2.1.6279.6001.826829446346820089862659555750,Nodule 002,1422.84,19.66,16.49,18.08,0.7444,0.8388,0.7629,0.5776,3.1887,0.2494,35.0,60.0,-60.0,110.0,0.12,0.88,0.0,0.616,11.87,solid,1
1.3.6.1.4.1.14519.5.2.1.6279.6001.826829446346820089862659555750,1597,2116.19,27.04,15.86,21.45,0.6961,0.5867,0.7396,0.5411,6.3289,0.285,35.0,60.0,-60.0,110.0,0.12,0.88,0.0,0.616,13.55,solid,1
1.3.6.1.4.1.14519.5.2.1.6279.6001.826829446346820089862659555750,1595,3377.32,25.16,21.32,23.24,0.7827,0.8473,0.6955,0.4118,1.3034,0.1214,35.0,60.0,-60.0,110.0,0.12,0.88,0.0,0.616,15.84,solid,1
1.3.6.1.4.1.14519.5.2.1.6279.6001.826829446346820089862659555750,1602,1292.99,18.29,13.96,16.12,0.8016,0.7633,0.8203,0.5538,1.1506,0.1561,35.0,60.0,-60.0,110.0,0.12,0.88,0.0,0.616,11.5,solid,1
1.3.6.1.4.1.14519.5.2.1.6279.6001.826829446346820089862659555750,1612,510.82,16.22,10.54,13.38,0.7409,0.6494,0.6164,0.8165,2.1442,0.2753,35.0,60.0,-60.0,110.0,0.12,0.88,0.0,0.616,8.44,solid,1
1.3.6.1.4.1.14519.5.2.1.6279.6001.826829446346820089862659555750,1607,1111.69,18.66,15.81,17.24,0.7505,0.8469,0.8037,0.622,2.826,0.2446,35.0,60.0,-60.0,110.0,0.12,0.88,0.0,0.616,10.94,solid,1
1.3.6.1.4.1.14519.5.2.1.6279.6001.826829446346820089862659555750,1617,415.27,11.44,10.72,11.08,0.8053,0.937,0.8743,0.8049,0.305,0.1187,35.0,60.0,-60.0,110.0,0.12,0.88,0.0,0.616,7.88,solid,1
1.3.6.1.4.1.14519.5.2.1.6279.6001.826829446346820089862659555750,1645,606.99,15.84,11.58,13.71,0.7636,0.7314,0.6314,0.748,0.8354,0.1683,35.0,60.0,-60.0,110.0,0.12,0.88,0.0,0.616,8.94,solid,1
1.3.6.1.4.1.14519.5.2.1.6279.6001.826829446346820089862659555750,10004,1176.61,18.58,15.79,17.19,0.7171,0.85,0.8072,0.6388,2.9617,0.2498,350.0,120.0,50.0,550.0,0.1,0.25,0.65,0.175,7.33,calcified,0
1.3.6.1.4.1.14519.5.2.1.6279.6001.826829446346820089862659555750,09992,3513.91,24.67,21.19,22.93,0.7884,0.8591,0.8107,0.4035,1.3398,0.122,35.0,60.0,-60.0,110.0,0.12,0.88,0.0,0.616,16.05,solid,1
1.3.6.1.4.1.14519.5.2.1.6279.6001.826829446346820089862659555750,11424,1875.47,23.16,15.02,19.09,0.7452,0.6489,0.8637,0.5262,4.0397,0.2447,35.0,60.0,-60.0,110.0,0.12,0.88,0.0,0.616,13.02,solid,0
1.3.6.1.4.1.14519.5.2.1.6279.6001.160586340600816116143631200450,1561,527.36,13.77,11.39,12.58,0.5946,0.8275,0.9078,1.0067,1.6942,0.2432,35.0,60.0,-60.0,110.0,0.12,0.88,0.0,0.616,8.53,solid,1
1.3.6.1.4.1.14519.5.2.1.6279.6001.160586340600816116143631200450,Nodule 001,614.34,14.12,12.05,13.08,0.7445,0.8532,0.8853,0.7641,1.679,0.2367,35.0,60.0,-60.0,110.0,0.12,0.88,0.0,0.616,8.97,solid,1
1.3.6.1.4.1.14519.5.2.1.6279.6001.160586340600816116143631200450,IL057_123344,437.94,13.72,8.7,11.21,0.6342,0.6345,0.9113,1.0042,1.3218,0.2333,35.0,60.0,-60.0,110.0,0.12,0.88,0.0,0.616,8.02,solid,1
1.3.6.1.4.1.14519.5.2.1.6279.6001.465032801496479029639448332481,3,87.59,9.88,5.0,7.44,0.7477,0.5058,0.5061,1.4563,0.5021,0.2423,35.0,60.0,-60.0,110.0,0.12,0.88,0.0,0.616,4.69,solid,0
1.3.6.1.4.1.14519.5.2.1.6279.6001.302557165094691896097534021075,30,1165.28,17.29,12.04,14.67,0.7571,0.6962,0.9396,0.607,1.79,0.1996,35.0,60.0,-60.0,110.0,0.12,0.88,0.0,0.616,11.11,solid,0
1.3.6.1.4.1.14519.5.2.1.6279.6001.302557165094691896097534021075,Nodule 002,45.94,6.21,5.93,6.07,0.8249,0.9548,0.6036,1.637,0.1477,0.1666,35.0,60.0,-60.0,110.0,0.12,0.88,0.0,0.616,3.78,solid,0
1.3.6.1.4.1.14519.5.2.1.6279.6001.302557165094691896097534021075,172685,1276.45,17.85,14.57,16.21,0.7809,0.8164,0.7704,0.5709,1.1139,0.1553,35.0,60.0,-60.0,110.0,0.12,0.88,0.0,0.616,11.45,solid,1
1.3.6.1.4.1.14519.5.2.1.6279.6001.302557165094691896097534021075,172689,90.96,7.55,5.58,6.57,0.7946,0.739,0.993,1.3533,0.3709,0.2086,350.0,120.0,50.0,550.0,0.1,0.25,0.65,0.175,3.12,calcified,0
1.3.6.1.4.1.14519.5.2.1.6279.6001.302557165094691896097534021075,172696,35.83,7.21,5.53,6.37,0.8158,0.7677,0.3468,1.798,0.0862,0.1273,35.0,60.0,-60.0,110.0,0.12,0.88,0.0,0.616,3.48,solid,0
1.3.6.1.4.1.14519.5.2.1.6279.6001.302557165094691896097534021075,186421,31.24,5.43,5.02,5.23,0.8287,0.9248,0.6904,1.853,0.1285,0.1759,350.0,120.0,50.0,550.0,0.1,0.25,0.65,0.175,2.19,calcified,0
1.3.6.1.4.1.14519.5.2.1.6279.6001.195913706607582347421429908613,0,54.51,5.74,4.33,5.04,0.7376,0.7549,1.0,1.7291,0.2291,0.1903,35.0,60.0,-60.0,110.0,0.12,0.88,0.0,0.616,4.0,solid,0
1.3.6.1.4.1.14519.5.2.1.6279.6001.195913706607582347421429908613,172579,81.46,7.96,5.74,6.85,0.8179,0.7214,0.6279,1.3639,0.1959,0.1648,35.0,60.0,-60.0,110.0,0.12,0.88,0.0,0.616,4.58,solid,0
1.3.6.1.4.1.14519.5.2.1.6279.6001.236698827306171960683086245994,9700,129.24,10.17,6.8,8.48,0.7959,0.6686,0.4919,1.2018,0.3896,0.194,-220.0,140.0,-520.0,80.0,0.6,0.4,0.0,0.28,4.1,part_solid,0
1.3.6.1.4.1.14519.5.2.1.6279.6001.236698827306171960683086245994,9714,70.44,6.14,5.25,5.7,0.7467,0.855,1.0,1.5682,0.274,0.1948,-220.0,140.0,-520.0,80.0,0.6,0.4,0.0,0.28,3.35,part_solid,0
1.3.6.1.4.1.14519.5.2.1.6279.6001.236698827306171960683086245994,9709,91.87,8.76,5.82,7.29,0.8081,0.6641,0.5707,1.3262,0.2223,0.1657,-220.0,140.0,-520.0,80.0,0.6,0.4,0.0,0.28,3.66,part_solid,0
1.3.6.1.4.1.14519.5.2.1.6279.6001.236698827306171960683086245994,9703,123.72,7.61,6.1,6.85,0.8092,0.8021,0.9861,1.1994,0.1466,0.1244,350.0,120.0,50.0,550.0,0.1,0.25,0.65,0.175,3.46,calcified,0
1.3.6.1.4.1.14519.5.2.1.6279.6001.236698827306171960683086245994,Nodule 004,3250.54,27.78,20.04,23.91,0.6121,0.7213,0.6299,0.5334,5.5428,0.2468,35.0,60.0,-60.0,110.0,0.12,0.88,0.0,0.616,15.64,solid,1
1.3.6.1.4.1.14519.5.2.1.6279.6001.236698827306171960683086245994,IL057_157685,4513.51,28.39,21.11,24.75,0.5934,0.7435,0.9687,0.4931,9.2085,0.2746,35.0,60.0,-60.0,110.0,0.12,0.88,0.0,0.616,17.45,solid,1
1.3.6.1.4.1.14519.5.2.1.6279.6001.236698827306171960683086245994,62634,94.94,7.71,6.79,7.25,0.8246,0.8803,0.6483,1.2856,0.1267,0.1268,35.0,60.0,-60.0,110.0,0.12,0.88,0.0,0.616,4.82,solid,0
1.3.6.1.4.1.14519.5.2.1.6279.6001.236698827306171960683086245994,62635,87.59,8.5,5.76,7.13,0.8293,0.6774,0.588,1.3131,0.2541,0.1813,35.0,60.0,-60.0,110.0,0.12,0.88,0.0,0.616,4.69,solid,0
1.3.6.1.4.1.14519.5.2.1.6279.6001.329404588567903628160652715124,174462,185.59,8.98,7.48,8.23,0.8253,0.8323,0.8348,1.0273,0.1928,0.1255,350.0,120.0,50.0,550.0,0.1,0.25,0.65,0.175,3.96,calcified,0
1.3.6.1.4.1.14519.5.2.1.6279.6001.329404588567903628160652715124,174452,8477.61,34.13,29.25,31.69,0.6241,0.8571,1.0,0.38,20.3405,0.3139,-220.0,140.0,-520.0,80.0,0.6,0.4,0.0,0.28,16.55,part_solid,1
1.3.6.1.4.1.14519.5.2.1.6279.6001.329404588567903628160652715124,5,173.34,9.07,7.08,8.08,0.7768,0.78,0.8266,1.1166,0.3846,0.1787,350.0,120.0,50.0,550.0,0.1,0.25,0.65,0.175,3.87,calcified,0
1.3.6.1.4.1.14519.5.2.1.6279.6001.329404588567903628160652715124,Nodule 004,188.65,9.43,7.27,8.35,0.8176,0.771,0.7955,1.0313,0.2541,0.1431,350.0,120.0,50.0,550.0,0.1,0.25,0.65,0.175,3.98,calcified,0
1.3.6.1.4.1.14519.5.2.1.6279.6001.329404588567903628160652715124,Nodule 002,2680.91,28.41,16.95,22.68,0.6905,0.5966,0.8801,0.5041,10.6753,0.3374,-220.0,140.0,-520.0,80.0,0.6,0.4,0.0,0.28,11.28,part_solid,1
1.3.6.1.4.1.14519.5.2.1.6279.6001.329404588567903628160652715124,172639,161.7,8.44,7.49,7.97,0.7985,0.8879,0.8888,1.1117,0.2176,0.1374,350.0,120.0,50.0,550.0,0.1,0.25,0.65,0.175,3.78,calcified,0
1.3.6.1.4.1.14519.5.2.1.6279.6001.329404588567903628160652715124,172630,2470.21,28.84,16.68,22.76,0.6928,0.5783,0.8668,0.5163,11.6438,0.3451,35.0,60.0,-60.0,110.0,0.12,0.88,0.0,0.616,14.27,solid,1
1.3.6.1.4.1.14519.5.2.1.6279.6001.149041668385192796520281592139,71329,3792.6,23.45,18.09,20.77,0.6359,0.7713,1.0,0.4877,12.3072,0.3278,35.0,60.0,-60.0,110.0,0.12,0.88,0.0,0.616,16.46,solid,1
1.3.6.1.4.1.14519.5.2.1.6279.6001.149041668385192796520281592139,3697,3017.17,22.01,16.36,19.18,0.6046,0.7434,1.0,0.5535,15.526,0.362,35.0,60.0,-60.0,110.0,0.12,0.88,0.0,0.616,15.25,solid,1
1.3.6.1.4.1.14519.5.2.1.6279.6001.149041668385192796520281592139,Nodule 002,1097.6,17.34,14.53,15.94,0.746,0.8376,0.8649,0.6284,3.6277,0.2788,35.0,60.0,-60.0,110.0,0.12,0.88,0.0,0.616,10.89,solid,1
1.3.6.1.4.1.14519.5.2.1.6279.6001.149041668385192796520281592139,Nodule 001,375.46,12.43,11.01,11.72,0.8139,0.886,0.6034,0.8236,0.3325,0.1271,35.0,60.0,-60.0,110.0,0.12,0.88,0.0,0.616,7.62,solid,1
1.3.6.1.4.1.14519.5.2.1.6279.6001.149041668385192796520281592139,Nodule 003,1290.54,18.71,15.95,17.33,0.8334,0.8526,0.668,0.533,0.761,0.1268,35.0,60.0,-60.0,110.0,0.12,0.88,0.0,0.616,11.49,solid,1
1.3.6.1.4.1.14519.5.2.1.6279.6001.324567010179873305471925391582,09876,458.15,12.51,10.93,11.72,0.7912,0.8742,0.7995,0.7929,1.3157,0.2443,35.0,60.0,-60.0,110.0,0.12,0.88,0.0,0.616,8.14,solid,1
1.3.6.1.4.1.14519.5.2.1.6279.6001.324567010179873305471925391582,09879,78.09,7.14,5.97,6.56,0.8365,0.8356,0.7001,1.3525,0.1479,0.1446,35.0,60.0,-60.0,110.0,0.12,0.88,0.0,0.616,4.51,solid,0
1.3.6.1.4.1.14519.5.2.1.6279.6001.324567010179873305471925391582,IL057_123250,68.6,6.8,6.04,6.42,0.8189,0.8892,0.7357,1.4426,0.1692,0.1587,35.0,60.0,-60.0,110.0,0.12,0.88,0.0,0.616,4.32,solid,0
1.3.6.1.4.1.14519.5.2.1.6279.6001.324567010179873305471925391582,IL057_123244,557.68,14.77,12.75,13.76,0.7769,0.8633,0.5924,0.7562,0.85,0.1721,35.0,60.0,-60.0,110.0,0.12,0.88,0.0,0.616,8.69,solid,1
1.3.6.1.4.1.14519.5.2.1.6279.6001.324567010179873305471925391582,IL057_123247,85.14,7.55,6.08,6.82,0.8238,0.8059,0.6624,1.3343,0.1643,0.1476,35.0,60.0,-60.0,110.0,0.12,0.88,0.0,0.616,4.64,solid,0
1.3.6.1.4.1.14519.5.2.1.6279.6001.324567010179873305471925391582,Nodule 002,89.12,7.71,6.63,7.17,0.8339,0.8604,0.6486,1.2984,0.2902,0.1912,35.0,60.0,-60.0,110.0,0.12,0.88,0.0,0.616,4.72,solid,0
1.3.6.1.4.1.14519.5.2.1.6279.6001.324567010179873305471925391582,Nodule 001,882.31,16.62,14.33,15.47,0.7759,0.862,0.6769,0.6499,1.5743,0.2027,-220.0,140.0,-520.0,80.0,0.6,0.4,0.0,0.28,7.79,part_solid,1
1.3.6.1.4.1.14519.5.2.1.6279.6001.324567010179873305471925391582,8066,528.28,14.12,12.7,13.41,0.821,0.8992,0.7083,0.7287,0.6601,0.1539,35.0,60.0,-60.0,110.0,0.12,0.88,0.0,0.616,8.53,solid,1
1.3.6.1.4.1.14519.5.2.1.6279.6001.324567010179873305471925391582,8072,71.05,6.2,5.25,5.73,0.7776,0.8469,1.0,1.5015,0.2106,0.1772,35.0,60.0,-60.0,110.0,0.12,0.88,0.0,0.616,4.37,solid,0
1.3.6.1.4.1.14519.5.2.1.6279.6001.324567010179873305471925391582,8163,22.97,5.38,5.02,5.2,0.8186,0.9324,0.4648,2.0783,0.0842,0.1535,35.0,60.0,-60.0,110.0,0.12,0.88,0.0,0.616,3.0,solid,0
1.3.6.1.4.1.14519.5.2.1.6279.6001.122621219961396951727742490470,179793,1155.48,28.99,19.14,24.07,0.7401,0.6601,0.2156,0.6227,5.6792,0.2807,35.0,60.0,-60.0,110.0,0.12,0.88,0.0,0.616,11.08,solid,1
1.3.6.1.4.1.14519.5.2.1.6279.6001.122621219961396951727742490470,Nodule 002,1350.26,31.34,19.94,25.64,0.7315,0.6361,0.1994,0.5982,6.7995,0.2881,35.0,60.0,-60.0,110.0,0.12,0.88,0.0,0.616,11.67,solid,0
1.3.6.1.4.1.14519.5.2.1.6279.6001.122621219961396951727742490470,Nodule 003,80.24,10.05,5.87,7.96,0.778,0.5838,0.3731,1.4412,0.6269,0.268,35.0,60.0,-60.0,110.0,0.12,0.88,0.0,0.616,4.55,solid,0
1.3.6.1.4.1.14519.5.2.1.6279.6001.310395752124284049604069960014,Nodule 002,559.82,15.67,12.91,14.29,0.7794,0.824,0.4787,0.7529,1.3175,0.2157,35.0,60.0,-60.0,110.0,0.12,0.88,0.0,0.616,8.7,solid,1
1.3.6.1.4.1.14519.5.2.1.6279.6001.310395752124284049604069960014,Nodule 001,147.61,8.04,7.33,7.69,0.8403,0.9124,0.9332,1.0889,0.1011,0.0972,35.0,60.0,-60.0,110.0,0.12,0.88,0.0,0.616,5.58,solid,0
1.3.6.1.4.1.14519.5.2.1.6279.6001.310395752124284049604069960014,IL057_123507,300.12,11.49,10.62,11.06,0.8197,0.9248,0.6529,0.8812,0.3939,0.1467,35.0,60.0,-60.0,110.0,0.12,0.88,0.0,0.616,7.07,solid,1
1.3.6.1.4.1.14519.5.2.1.6279.6001.805925269324902055566754756843,IL057_123540,1937.95,18.63,16.6,17.61,0.7659,0.8911,0.9396,0.5064,0.6922,0.1074,35.0,60.0,-60.0,110.0,0.12,0.88,0.0,0.616,13.16,solid,1
1.3.6.1.4.1.14519.5.2.1.6279.6001.805925269324902055566754756843,Nodule 003,2759.31,20.83,18.97,19.9,0.811,0.9105,0.9601,0.4251,0.9888,0.1144,35.0,60.0,-60.0,110.0,0.12,0.88,0.0,0.616,14.81,solid,1
1.3.6.1.4.1.14519.5.2.1.6279.6001.193808128386712859512130599234,Nodule 001,232.14,10.01,8.19,9.1,0.7856,0.8177,0.7491,1.0017,0.3121,0.1481,35.0,60.0,-60.0,110.0,0.12,0.88,0.0,0.616,6.49,solid,1
1.3.6.1.4.1.14519.5.2.1.6279.6001.173931884906244951746140865701,171504,87.59,8.85,6.04,7.44,0.8008,0.6832,0.5653,1.3599,0.391,0.2158,35.0,60.0,-60.0,110.0,0.12,0.88,0.0,0.616,4.69,solid,0
1.3.6.1.4.1.14519.5.2.1.6279.6001.173931884906244951746140865701,171500,4513.51,28.2,22.85,25.52,0.7084,0.8101,0.9309,0.4131,6.9537,0.2406,35.0,60.0,-60.0,110.0,0.12,0.88,0.0,0.616,17.45,solid,1
1.3.6.1.4.1.14519.5.2.1.6279.6001.173931884906244951746140865701,168147,2686.12,21.31,19.08,20.19,0.7357,0.8956,0.9973,0.4729,3.5574,0.211,35.0,60.0,-60.0,110.0,0.12,0.88,0.0,0.616,14.67,solid,1
1.3.6.1.4.1.14519.5.2.1.6279.6001.173931884906244951746140865701,Nodule 001,3924.9,25.85,22.64,24.24,0.7253,0.8759,0.9189,0.4227,6.1737,0.2397,35.0,60.0,-60.0,110.0,0.12,0.88,0.0,0.616,16.65,solid,1
1.3.6.1.4.1.14519.5.2.1.6279.6001.261700367741314729940340271960,171431,43.49,5.29,4.95,5.12,0.8304,0.9343,0.9445,1.6561,0.0457,0.0995,350.0,120.0,50.0,550.0,0.1,0.25,0.65,0.175,2.44,calcified,0
1.3.6.1.4.1.14519.5.2.1.6279.6001.261700367741314729940340271960,0,42.88,5.71,4.35,5.03,0.7852,0.7614,0.8758,1.7597,0.0698,0.1231,35.0,60.0,-60.0,110.0,0.12,0.88,0.0,0.616,3.69,solid,0
1.3.6.1.4.1.14519.5.2.1.6279.6001.261700367741314729940340271960,168257,56.96,6.24,5.7,5.97,0.8121,0.9125,0.8007,1.5476,0.1053,0.1356,350.0,120.0,50.0,550.0,0.1,0.25,0.65,0.175,2.67,calcified,0
1.3.6.1.4.1.14519.5.2.1.6279.6001.200841000324240313648595016964,0,306.86,9.51,7.49,8.5,0.755,0.7875,1.0,0.9497,0.9399,0.2242,350.0,120.0,50.0,550.0,0.1,0.25,0.65,0.175,4.68,calcified,0
1.3.6.1.4.1.14519.5.2.1.6279.6001.200841000324240313648595016964,163209,373.62,10.95,9.74,10.35,0.8306,0.8891,0.9129,0.8083,0.1406,0.0842,350.0,120.0,50.0,550.0,0.1,0.25,0.65,0.175,5.0,calcified,0
1.3.6.1.4.1.14519.5.2.1.6279.6001.200841000324240313648595016964,160722,330.75,10.6,9.84,10.22,0.8482,0.9284,0.9438,0.8245,0.094,0.071,350.0,120.0,50.0,550.0,0.1,0.25,0.65,0.175,4.8,calcified,0
1.3.6.1.4.1.14519.5.2.1.6279.6001.200841000324240313648595016964,Nodule 002,426.91,12.03,9.97,11.0,0.8278,0.8286,0.8314,0.7758,0.3368,0.1247,35.0,60.0,-60.0,110.0,0.12,0.88,0.0,0.616,7.95,solid,0
1.3.6.1.4.1.14519.5.2.1.6279.6001.312704771348460502013249647868,0176,55.74,6.19,5.65,5.92,0.8632,0.9125,0.8072,1.4666,0.0756,0.1145,350.0,120.0,50.0,550.0,0.1,0.25,0.65,0.175,2.65,calcified,0
1.3.6.1.4.1.14519.5.2.1.6279.6001.312704771348460502013249647868,0174,67.07,8.02,6.78,7.4,0.8189,0.8458,0.4679,1.4534,0.2878,0.1962,-220.0,140.0,-520.0,80.0,0.6,0.4,0.0,0.28,3.3,part_solid,0
1.3.6.1.4.1.14519.5.2.1.6279.6001.312704771348460502013249647868,Nodule 003,39.51,7.8,6.24,7.02,0.8202,0.8007,0.3206,1.7312,0.3956,0.2559,35.0,60.0,-60.0,110.0,0.12,0.88,0.0,0.616,3.6,solid,0
1.3.6.1.4.1.14519.5.2.1.6279.6001.312704771348460502013249647868,Nodule 002,52.37,7.9,7.36,7.63,0.7968,0.9326,0.3166,1.6223,0.1351,0.1354,35.0,60.0,-60.0,110.0,0.12,0.88,0.0,0.616,3.95,solid,0
1.3.6.1.4.1.14519.5.2.1.6279.6001.312704771348460502013249647868,Nodule 001,47.16,6.64,5.43,6.04,0.8403,0.8182,0.5648,1.5929,0.0967,0.1344,350.0,120.0,50.0,550.0,0.1,0.25,0.65,0.175,2.51,calcified,0
1.3.6.1.4.1.14519.5.2.1.6279.6001.312704771348460502013249647868,74631,44.71,5.29,4.91,5.1,0.8218,0.9283,0.946,1.658,0.1307,0.1642,350.0,120.0,50.0,550.0,0.1,0.25,0.65,0.175,2.46,calcified,0
1.3.6.1.4.1.14519.5.2.1.6279.6001.312704771348460502013249647868,IL057_184225,37.97,5.2,4.63,4.92,0.8202,0.8917,0.9622,1.7541,0.1077,0.1542,350.0,120.0,50.0,550.0,0.1,0.25,0.65,0.175,2.33,calcified,0
1.3.6.1.4.1.14519.5.2.1.6279.6001.566816709786169715745131047975,IL057_123354,163.54,8.51,7.6,8.06,0.8202,0.8931,0.8808,1.0782,0.1216,0.1026,35.0,60.0,-60.0,110.0,0.12,0.88,0.0,0.616,5.77,solid,0
1.3.6.1.4.1.14519.5.2.1.6279.6001.566816709786169715745131047975,IL057_123357,42.63,8.49,6.87,7.68,0.7417,0.8094,0.2355,1.8665,0.1061,0.123,35.0,60.0,-60.0,110.0,0.12,0.88,0.0,0.616,3.69,solid,0
1.3.6.1.4.1.14519.5.2.1.6279.6001.566816709786169715745131047975,09973,187.42,8.63,8.06,8.35,0.8304,0.9334,0.8688,1.0176,0.2188,0.1328,350.0,120.0,50.0,550.0,0.1,0.25,0.65,0.175,3.97,calcified,0
1.3.6.1.4.1.14519.5.2.1.6279.6001.566816709786169715745131047975,09976,77.79,6.71,6.47,6.59,0.8418,0.9637,0.7446,1.3458,0.0855,0.1125,-220.0,140.0,-520.0,80.0,0.6,0.4,0.0,0.28,3.46,part_solid,0
1.3.6.1.4.1.14519.5.2.1.6279.6001.566816709786169715745131047975,Nodule 001,221.11,9.68,8.37,9.03,0.8258,0.8642,0.7746,0.9684,0.3681,0.1635,35.0,60.0,-60.0,110.0,0.12,0.88,0.0,0.616,6.38,solid,1
1.3.6.1.4.1.14519.5.2.1.6279.6001.313283554967554803238484128406,174336,603.92,12.86,12.03,12.45,0.8163,0.9353,0.9719,0.7009,0.3017,0.104,35.0,60.0,-60.0,110.0,0.12,0.88,0.0,0.616,8.92,solid,1
1.3.6.1.4.1.14519.5.2.1.6279.6001.313283554967554803238484128406,174342,550.02,13.49,11.04,12.27,0.828,0.8183,0.7412,0.7129,0.2786,0.1044,35.0,60.0,-60.0,110.0,0.12,0.88,0.0,0.616,8.65,solid,1
1.3.6.1.4.1.14519.5.2.1.6279.6001.313283554967554803238484128406,174335,1730.31,20.48,17.84,19.16,0.8148,0.871,0.6102,0.4944,0.6136,0.1034,35.0,60.0,-60.0,110.0,0.12,0.88,0.0,0.616,12.67,solid,1
1.3.6.1.4.1.14519.5.2.1.6279.6001.313283554967554803238484128406,0,500.41,11.99,10.72,11.35,0.7875,0.8937,1.0,0.7735,0.3831,0.1248,35.0,60.0,-60.0,110.0,0.12,0.88,0.0,0.616,8.38,solid,0
1.3.6.1.4.1.14519.5.2.1.6279.6001.313283554967554803238484128406,4,582.49,14.1,11.11,12.61,0.7974,0.7879,0.7092,0.7262,0.4218,0.1253,35.0,60.0,-60.0,110.0,0.12,0.88,0.0,0.616,8.82,solid,0
1.3.6.1.4.1.14519.5.2.1.6279.6001.313283554967554803238484128406,5,1934.89,19.69,16.86,18.27,0.8122,0.8564,0.8889,0.4778,0.6816,0.1066,35.0,60.0,-60.0,110.0,0.12,0.88,0.0,0.616,13.15,solid,0
1.3.6.1.4.1.14519.5.2.1.6279.6001.313283554967554803238484128406,Nodule 001,1821.57,20.65,16.9,18.78,0.8048,0.8184,0.7262,0.492,0.9116,0.1252,35.0,60.0,-60.0,110.0,0.12,0.88,0.0,0.616,12.89,solid,1
1.3.6.1.4.1.14519.5.2.1.6279.6001.313283554967554803238484128406,Nodule 003,583.1,14.1,11.06,12.58,0.8014,0.7848,0.7094,0.7223,0.4882,0.1354,35.0,60.0,-60.0,110.0,0.12,0.88,0.0,0.616,8.82,solid,1
1.3.6.1.4.1.14519.5.2.1.6279.6001.313283554967554803238484128406,Nodule 004,449.57,10.77,10.14,10.46,0.7919,0.9415,1.0,0.7971,0.5356,0.1527,35.0,60.0,-60.0,110.0,0.12,0.88,0.0,0.616,8.09,solid,1
1.3.6.1.4.1.14519.5.2.1.6279.6001.313283554967554803238484128406,172522,543.9,12.64,11.27,11.96,0.7824,0.8917,0.9889,0.7572,0.2974,0.1067,35.0,60.0,-60.0,110.0,0.12,0.88,0.0,0.616,8.62,solid,1
1.3.6.1.4.1.14519.5.2.1.6279.6001.313283554967554803238484128406,172527,525.52,13.25,10.86,12.06,0.8195,0.8192,0.7545,0.7313,0.2663,0.1033,35.0,60.0,-60.0,110.0,0.12,0.88,0.0,0.616,8.52,solid,1
1.3.6.1.4.1.14519.5.2.1.6279.6001.313283554967554803238484128406,172517,1892.62,20.87,19.3,20.08,0.7721,0.9249,0.599,0.5064,0.65,0.1024,35.0,60.0,-60.0,110.0,0.12,0.88,0.0,0.616,13.06,solid,1
1.3.6.1.4.1.14519.5.2.1.6279.6001.309901913847714156367981722205,Nodule 001,885.67,16.88,13.93,15.41,0.8368,0.8256,0.5925,0.6018,0.3154,0.0927,35.0,60.0,-60.0,110.0,0.12,0.88,0.0,0.616,10.14,solid,1
1.3.6.1.4.1.14519.5.2.1.6279.6001.309901913847714156367981722205,IL057_123483,753.99,14.94,13.72,14.33,0.7971,0.9189,0.6696,0.6666,0.3304,0.1005,35.0,60.0,-60.0,110.0,0.12,0.88,0.0,0.616,9.61,solid,1
1.3.6.1.4.1.14519.5.2.1.6279.6001.208737629504245244513001631764,174290,1623.74,22.37,19.51,20.94,0.8066,0.8723,0.5029,0.5101,2.3161,0.1945,-220.0,140.0,-520.0,80.0,0.6,0.4,0.0,0.28,9.54,part_solid,1
1.3.6.1.4.1.14519.5.2.1.6279.6001.208737629504245244513001631764,5,874.34,19.07,15.34,17.21,0.7402,0.8043,0.4587,0.6832,2.1583,0.2295,-580.0,75.0,-680.0,-450.0,0.95,0.05,0.0,0.035,3.88,pure_ggn,0
1.3.6.1.4.1.14519.5.2.1.6279.6001.208737629504245244513001631764,6,414.36,14.43,11.28,12.85,0.7992,0.7816,0.5197,0.8116,1.029,0.2079,35.0,60.0,-60.0,110.0,0.12,0.88,0.0,0.616,7.87,solid,0
1.3.6.1.4.1.14519.5.2.1.6279.6001.208737629504245244513001631764,7,1748.69,21.74,16.14,18.94,0.7833,0.7423,0.6324,0.5124,1.8687,0.1784,35.0,60.0,-60.0,110.0,0.12,0.88,0.0,0.616,12.72,solid,0
1.3.6.1.4.1.14519.5.2.1.6279.6001.208737629504245244513001631764,Nodule 001,604.84,18.59,11.85,15.22,0.8028,0.6376,0.4707,0.7123,2.6242,0.2834,35.0,60.0,-60.0,110.0,0.12,0.88,0.0,0.616,8.93,solid,1
1.3.6.1.4.1.14519.5.2.1.6279.6001.208737629504245244513001631764,Nodule 002,1202.64,18.5,15.03,16.77,0.785,0.8121,0.6755,0.5793,1.2766,0.1677,35.0,60.0,-60.0,110.0,0.12,0.88,0.0,0.616,11.23,solid,1
1.3.6.1.4.1.14519.5.2.1.6279.6001.208737629504245244513001631764,172481,448.04,13.43,12.14,12.78,0.7867,0.9041,0.6516,0.8033,0.734,0.1729,35.0,60.0,-60.0,110.0,0.12,0.88,0.0,0.616,8.08,solid,1
1.3.6.1.4.1.14519.5.2.1.6279.6001.208737629504245244513001631764,172475,760.11,17.6,16.03,16.82,0.7486,0.9106,0.497,0.7078,2.4961,0.2533,-580.0,75.0,-680.0,-450.0,0.95,0.05,0.0,0.035,3.7,pure_ggn,1
1.3.6.1.4.1.14519.5.2.1.6279.6001.208737629504245244513001631764,172472,1376.29,21.58,15.27,18.42,0.7838,0.7073,0.5792,0.5547,1.7403,0.1821,35.0,60.0,-60.0,110.0,0.12,0.88,0.0,0.616,11.74,solid,1
1.3.6.1.4.1.14519.5.2.1.6279.6001.272344603176687884771013620823,0,4993.71,30.98,22.45,26.72,0.7068,0.7248,0.7263,0.4003,5.1929,0.2087,35.0,60.0,-60.0,110.0,0.12,0.88,0.0,0.616,18.04,solid,1
1.3.6.1.4.1.14519.5.2.1.6279.6001.272344603176687884771013620823,163563,5282.81,31.64,24.06,27.85,0.76,0.7605,0.6321,0.3654,3.9067,0.1787,35.0,60.0,-60.0,110.0,0.12,0.88,0.0,0.616,18.39,solid,1
1.3.6.1.4.1.14519.5.2.1.6279.6001.272344603176687884771013620823,168003,4473.09,29.92,21.98,25.95,0.7259,0.7346,0.6684,0.4043,4.0311,0.1914,35.0,60.0,-60.0,110.0,0.12,0.88,0.0,0.616,17.39,solid,1
1.3.6.1.4.1.14519.5.2.1.6279.6001.272344603176687884771013620823,Nodule 001,4465.74,30.5,21.6,26.05,0.7247,0.7084,0.6558,0.4052,4.4074,0.1989,35.0,60.0,-60.0,110.0,0.12,0.88,0.0,0.616,17.38,solid,1
1.3.6.1.4.1.14519.5.2.1.6279.6001.233652865358649579816568545171,174375,169.66,8.53,7.68,8.1,0.8261,0.9006,0.8795,1.0575,0.1612,0.1168,350.0,120.0,50.0,550.0,0.1,0.25,0.65,0.175,3.84,calcified,0
1.3.6.1.4.1.14519.5.2.1.6279.6001.233652865358649579816568545171,0,142.71,8.23,6.43,7.33,0.8005,0.781,0.9115,1.156,0.2556,0.1566,350.0,120.0,50.0,550.0,0.1,0.25,0.65,0.175,3.63,calcified,0
1.3.6.1.4.1.14519.5.2.1.6279.6001.233652865358649579816568545171,172555,251.74,10.63,9.25,9.94,0.8399,0.8698,0.7053,0.9119,0.2018,0.1134,350.0,120.0,50.0,550.0,0.1,0.25,0.65,0.175,4.38,calcified,0
1.3.6.1.4.1.14519.5.2.1.6279.6001.249314567767437206995861966896,174255,2451.53,24.77,15.0,19.89,0.7408,0.6057,0.8075,0.4841,4.4512,0.2409,-220.0,140.0,-520.0,80.0,0.6,0.4,0.0,0.28,10.94,part_solid,1
1.3.6.1.4.1.14519.5.2.1.6279.6001.249314567767437206995861966896,174259,1223.77,19.77,16.13,17.95,0.7396,0.8158,0.7586,0.6113,2.65,0.2282,35.0,60.0,-60.0,110.0,0.12,0.88,0.0,0.616,11.29,solid,1
1.3.6.1.4.1.14519.5.2.1.6279.6001.249314567767437206995861966896,Nodule 001,851.37,18.25,13.41,15.83,0.723,0.7346,0.7535,0.7058,2.8435,0.266,35.0,60.0,-60.0,110.0,0.12,0.88,0.0,0.616,10.01,solid,1
1.3.6.1.4.1.14519.5.2.1.6279.6001.249314567767437206995861966896,172440,2164.88,24.44,13.25,18.84,0.7217,0.5421,0.8183,0.518,4.3084,0.2436,-220.0,140.0,-520.0,80.0,0.6,0.4,0.0,0.28,10.5,part_solid,1
1.3.6.1.4.1.14519.5.2.1.6279.6001.518487185634324801733841260431,Nodule 001,307.47,10.03,8.5,9.27,0.806,0.8476,0.997,0.889,0.6312,0.1891,35.0,60.0,-60.0,110.0,0.12,0.88,0.0,0.616,7.13,solid,1
1.3.6.1.4.1.14519.5.2.1.6279.6001.337845202462615014431060697507,9756,680.49,13.59,11.09,12.34,0.7949,0.816,0.9199,0.6917,0.4498,0.1232,35.0,60.0,-60.0,110.0,0.12,0.88,0.0,0.616,9.29,solid,1
1.3.6.1.4.1.14519.5.2.1.6279.6001.337845202462615014431060697507,Nodule 002,693.96,13.94,11.08,12.51,0.8091,0.7949,0.8968,0.6751,0.5691,0.1382,35.0,60.0,-60.0,110.0,0.12,0.88,0.0,0.616,9.35,solid,1
1.3.6.1.4.1.14519.5.2.1.6279.6001.173106154739244262091404659845,IL057_123721,1543.5,17.26,16.47,16.86,0.7935,0.9539,0.869,0.5273,0.4958,0.0983,35.0,60.0,-60.0,110.0,0.12,0.88,0.0,0.616,12.2,solid,1
1.3.6.1.4.1.14519.5.2.1.6279.6001.173106154739244262091404659845,IL057_123726,630.26,14.77,12.07,13.42,0.8264,0.8173,0.6771,0.6825,0.2873,0.0996,35.0,60.0,-60.0,110.0,0.12,0.88,0.0,0.616,9.05,solid,1
1.3.6.1.4.1.14519.5.2.1.6279.6001.173106154739244262091404659845,IL057_123717,2426.72,24.45,16.2,20.32,0.7747,0.6626,0.8181,0.4646,2.6293,0.1878,35.0,60.0,-60.0,110.0,0.12,0.88,0.0,0.616,14.19,solid,1
1.3.6.1.4.1.14519.5.2.1.6279.6001.173106154739244262091404659845,IL057_123729,302.57,12.48,9.86,11.17,0.7967,0.7905,0.6011,0.9042,0.8018,0.207,35.0,60.0,-60.0,110.0,0.12,0.88,0.0,0.616,7.09,solid,1
1.3.6.1.4.1.14519.5.2.1.6279.6001.173106154739244262091404659845,1653,1661.1,16.62,16.11,16.36,0.8167,0.9693,1.0,0.5,1.0116,0.135,-220.0,140.0,-520.0,80.0,0.6,0.4,0.0,0.28,9.61,part_solid,1
1.3.6.1.4.1.14519.5.2.1.6279.6001.173106154739244262091404659845,1661,332.59,12.2,10.58,11.39,0.8114,0.8676,0.615,0.8603,0.5667,0.1704,350.0,120.0,50.0,550.0,0.1,0.25,0.65,0.175,4.81,calcified,1
1.3.6.1.4.1.14519.5.2.1.6279.6001.173106154739244262091404659845,1655,672.52,14.73,12.66,13.7,0.8295,0.8593,0.6787,0.6654,0.3158,0.1028,35.0,60.0,-60.0,110.0,0.12,0.88,0.0,0.616,9.25,solid,1
1.3.6.1.4.1.14519.5.2.1.6279.6001.173106154739244262091404659845,1649,2668.05,25.43,17.04,21.23,0.7952,0.6701,0.7865,0.4385,2.6943,0.1854,35.0,60.0,-60.0,110.0,0.12,0.88,0.0,0.616,14.64,solid,1
1.3.6.1.4.1.14519.5.2.1.6279.6001.173106154739244262091404659845,Nodule 001,3068.01,27.18,17.85,22.51,0.7829,0.6566,0.7358,0.4251,3.2841,0.1953,35.0,60.0,-60.0,110.0,0.12,0.88,0.0,0.616,15.34,solid,1
1.3.6.1.4.1.14519.5.2.1.6279.6001.173106154739244262091404659845,Nodule 011,39.2,7.76,7.05,7.41,0.7645,0.9091,0.2578,1.8622,0.0591,0.0955,350.0,120.0,50.0,550.0,0.1,0.25,0.65,0.175,2.36,calcified,0
1.3.6.1.4.1.14519.5.2.1.6279.6001.173106154739244262091404659845,Nodule 002,756.44,15.25,13.51,14.38,0.8391,0.8861,0.6559,0.6325,0.2952,0.0953,35.0,60.0,-60.0,110.0,0.12,0.88,0.0,0.616,9.62,solid,1
1.3.6.1.4.1.14519.5.2.1.6279.6001.173106154739244262091404659845,Nodule 003,516.95,17.23,10.29,13.76,0.7631,0.5973,0.5804,0.7896,2.3328,0.2824,35.0,60.0,-60.0,110.0,0.12,0.88,0.0,0.616,8.47,solid,1
1.3.6.1.4.1.14519.5.2.1.6279.6001.173106154739244262091404659845,Nodule 005,1884.05,19.02,17.55,18.29,0.8187,0.9226,0.7885,0.4783,0.7033,0.1106,35.0,60.0,-60.0,110.0,0.12,0.88,0.0,0.616,13.04,solid,1
1.3.6.1.4.1.14519.5.2.1.6279.6001.328944769569002417592093467626,174641,368.72,10.93,9.75,10.34,0.844,0.8923,0.915,0.7991,0.1223,0.0787,350.0,120.0,50.0,550.0,0.1,0.25,0.65,0.175,4.98,calcified,0
1.3.6.1.4.1.14519.5.2.1.6279.6001.246589849815292078281051154201,174488,74.72,6.83,6.1,6.47,0.8496,0.8924,0.7318,1.3515,0.0597,0.0953,350.0,120.0,50.0,550.0,0.1,0.25,0.65,0.175,2.92,calcified,0
1.3.6.1.4.1.14519.5.2.1.6279.6001.246589849815292078281051154201,186420,33.81,7.55,6.51,7.03,0.7761,0.863,0.2649,1.9269,0.0844,0.1208,350.0,120.0,50.0,550.0,0.1,0.25,0.65,0.175,2.24,calcified,0
1.3.6.1.4.1.14519.5.2.1.6279.6001.177985905159808659201278495182,171412,92.49,7.85,6.67,7.26,0.8072,0.8504,0.6372,1.3247,0.1374,0.1319,350.0,120.0,50.0,550.0,0.1,0.25,0.65,0.175,3.14,calcified,0
1.3.6.1.4.1.14519.5.2.1.6279.6001.188209889686363159853715266493,Nodule 003,82.69,7.13,6.49,6.81,0.8444,0.9108,0.7017,1.3146,0.1099,0.1246,35.0,60.0,-60.0,110.0,0.12,0.88,0.0,0.616,4.6,solid,0
1.3.6.1.4.1.14519.5.2.1.6279.6001.178680586845223339579041794709,2,365.66,12.64,11.02,11.83,0.8213,0.8717,0.5935,0.8234,0.4663,0.1498,35.0,60.0,-60.0,110.0,0.12,0.88,0.0,0.616,7.55,solid,0
1.3.6.1.4.1.14519.5.2.1.6279.6001.178680586845223339579041794709,Nodule 001,355.25,12.82,10.97,11.89,0.8527,0.8555,0.5851,0.8008,0.66,0.1786,35.0,60.0,-60.0,110.0,0.12,0.88,0.0,0.616,7.48,solid,1
1.3.6.1.4.1.14519.5.2.1.6279.6001.162718361851587451505896742103,6,545.74,13.06,11.55,12.3,0.7799,0.884,0.7656,0.7588,0.4929,0.1382,350.0,120.0,50.0,550.0,0.1,0.25,0.65,0.175,5.67,calcified,0
1.3.6.1.4.1.14519.5.2.1.6279.6001.162718361851587451505896742103,163228,112.09,8.69,7.6,8.14,0.8437,0.8748,0.5757,1.1889,0.2676,0.1689,35.0,60.0,-60.0,110.0,0.12,0.88,0.0,0.616,5.09,solid,0
1.3.6.1.4.1.14519.5.2.1.6279.6001.162718361851587451505896742103,Nodule 007,120.05,7.5,6.56,7.03,0.8096,0.8753,1.0,1.2108,0.2768,0.1697,35.0,60.0,-60.0,110.0,0.12,0.88,0.0,0.616,5.21,solid,0
1.3.6.1.4.1.14519.5.2.1.6279.6001.162718361851587451505896742103,Nodule 003,655.38,14.85,12.62,13.73,0.8148,0.8495,0.6733,0.6833,0.6848,0.1507,35.0,60.0,-60.0,110.0,0.12,0.88,0.0,0.616,9.17,solid,0
1.3.6.1.4.1.14519.5.2.1.6279.6001.162718361851587451505896742103,Nodule 002,174.56,8.84,7.44,8.14,0.8046,0.8423,0.8487,1.0754,0.1273,0.1039,35.0,60.0,-60.0,110.0,0.12,0.88,0.0,0.616,5.9,solid,0
1.3.6.1.4.1.14519.5.2.1.6279.6001.106164978370116976238911317774,0,328.3,10.95,8.67,9.81,0.8055,0.792,0.9136,0.8703,0.5875,0.1786,35.0,60.0,-60.0,110.0,0.12,0.88,0.0,0.616,7.28,solid,0
1.3.6.1.4.1.14519.5.2.1.6279.6001.106164978370116976238911317774,184217,261.54,13.02,8.05,10.54,0.7903,0.6179,0.5758,0.9569,1.1436,0.2561,35.0,60.0,-60.0,110.0,0.12,0.88,0.0,0.616,6.75,solid,1
1.3.6.1.4.1.14519.5.2.1.6279.6001.106164978370116976238911317774,Nodule 001,269.5,11.31,8.96,10.13,0.8257,0.7924,0.6633,0.9067,0.3737,0.1509,35.0,60.0,-60.0,110.0,0.12,0.88,0.0,0.616,6.82,solid,0
1.3.6.1.4.1.14519.5.2.1.6279.6001.438308540025607517017949816111,3,238.87,9.95,8.69,9.32,0.8111,0.8732,0.7534,0.9609,0.1625,0.1054,35.0,60.0,-60.0,110.0,0.12,0.88,0.0,0.616,6.55,solid,0
1.3.6.1.4.1.14519.5.2.1.6279.6001.438308540025607517017949816111,168014,365.05,12.94,11.48,12.21,0.831,0.8868,0.5795,0.8142,0.5827,0.1646,35.0,60.0,-60.0,110.0,0.12,0.88,0.0,0.616,7.54,solid,1
1.3.6.1.4.1.14519.5.2.1.6279.6001.438308540025607517017949816111,Nodule 001,231.52,9.72,8.63,9.18,0.8344,0.8878,0.7714,0.9439,0.2876,0.1424,35.0,60.0,-60.0,110.0,0.12,0.88,0.0,0.616,6.48,solid,0
1.3.6.1.4.1.14519.5.2.1.6279.6001.438308540025607517017949816111,Nodule 004,559.21,13.34,12.05,12.7,0.8191,0.9029,0.7494,0.7166,0.4838,0.1356,35.0,60.0,-60.0,110.0,0.12,0.88,0.0,0.616,8.7,solid,1
1.3.6.1.4.1.14519.5.2.1.6279.6001.187451715205085403623595258748,Nodule 002,1417.32,20.23,18.49,19.36,0.8013,0.914,0.4944,0.5372,0.9912,0.1362,-220.0,140.0,-520.0,80.0,0.6,0.4,0.0,0.28,9.12,part_solid,1
1.3.6.1.4.1.14519.5.2.1.6279.6001.187451715205085403623595258748,Nodule 001,3546.37,28.72,27.23,27.97,0.7228,0.9481,0.5223,0.4387,6.7643,0.2519,35.0,60.0,-60.0,110.0,0.12,0.88,0.0,0.616,16.1,solid,1
1.3.6.1.4.1.14519.5.2.1.6279.6001.187451715205085403623595258748,10082,3267.69,26.87,25.32,26.1,0.7143,0.9425,0.6513,0.4562,5.4293,0.2359,35.0,60.0,-60.0,110.0,0.12,0.88,0.0,0.616,15.67,solid,1
1.3.6.1.4.1.14519.5.2.1.6279.6001.187451715205085403623595258748,IL057_123465,2522.89,26.43,24.09,25.26,0.6776,0.9116,0.473,0.5243,4.5471,0.2298,35.0,60.0,-60.0,110.0,0.12,0.88,0.0,0.616,14.37,solid,1
1.3.6.1.4.1.14519.5.2.1.6279.6001.187451715205085403623595258748,IL057_131657,869.14,18.83,13.74,16.28,0.7154,0.7299,0.5312,0.7084,1.1491,0.1706,-580.0,75.0,-680.0,-450.0,0.95,0.05,0.0,0.035,3.87,pure_ggn,0
1.3.6.1.4.1.14519.5.2.1.6279.6001.187451715205085403623595258748,IL057_131658,109.02,9.89,7.91,8.9,0.7866,0.7995,0.5057,1.2869,0.6265,0.2447,-580.0,75.0,-680.0,-450.0,0.95,0.05,0.0,0.035,1.94,pure_ggn,0
1.3.6.1.4.1.14519.5.2.1.6279.6001.154703816225841204080664115280,Nodule 010,79.32,11.39,7.38,9.39,0.7276,0.6478,0.2194,1.5468,0.7568,0.2628,35.0,60.0,-60.0,110.0,0.12,0.88,0.0,0.616,4.54,solid,0
1.3.6.1.4.1.14519.5.2.1.6279.6001.154703816225841204080664115280,Nodule 005,69.21,10.39,7.07,8.73,0.7643,0.6806,0.2407,1.5412,0.4682,0.2208,35.0,60.0,-60.0,110.0,0.12,0.88,0.0,0.616,4.33,solid,0
1.3.6.1.4.1.14519.5.2.1.6279.6001.154703816225841204080664115280,IL057_123289,50.22,8.87,6.15,7.51,0.7793,0.6933,0.2819,1.682,0.3566,0.2233,35.0,60.0,-60.0,110.0,0.12,0.88,0.0,0.616,3.89,solid,0
1.3.6.1.4.1.14519.5.2.1.6279.6001.154703816225841204080664115280,IL057_123293,27.87,6.0,5.32,5.66,0.8258,0.8877,0.4168,1.9316,0.0913,0.1476,35.0,60.0,-60.0,110.0,0.12,0.88,0.0,0.616,3.2,solid,0
1.3.6.1.4.1.14519.5.2.1.6279.6001.154703816225841204080664115280,IL057_123283,51.45,7.85,5.84,6.85,0.7925,0.744,0.4774,1.6407,0.3824,0.243,35.0,60.0,-60.0,110.0,0.12,0.88,0.0,0.616,3.93,solid,0
1.3.6.1.4.1.14519.5.2.1.6279.6001.154703816225841204080664115280,IL057_123281,73.5,11.56,6.97,9.27,0.7284,0.6031,0.2163,1.585,0.919,0.2936,35.0,60.0,-60.0,110.0,0.12,0.88,0.0,0.616,4.42,solid,0
1.3.6.1.4.1.14519.5.2.1.6279.6001.154703816225841204080664115280,IL057_123290,39.51,6.08,5.76,5.92,0.8593,0.9479,0.6172,1.6524,0.1019,0.1431,35.0,60.0,-60.0,110.0,0.12,0.88,0.0,0.616,3.6,solid,0
1.3.6.1.4.1.14519.5.2.1.6279.6001.905371958588660410240398317235,0,5145.0,29.43,25.05,27.24,0.7722,0.8514,0.7646,0.3628,2.7961,0.1513,35.0,60.0,-60.0,110.0,0.12,0.88,0.0,0.616,18.22,solid,1
1.3.6.1.4.1.14519.5.2.1.6279.6001.905371958588660410240398317235,163300,4023.51,27.66,23.79,25.73,0.8002,0.8599,0.723,0.38,2.2395,0.1458,35.0,60.0,-60.0,110.0,0.12,0.88,0.0,0.616,16.79,solid,1
1.3.6.1.4.1.14519.5.2.1.6279.6001.905371958588660410240398317235,161388,3608.85,27.14,23.22,25.18,0.7623,0.8556,0.6449,0.4136,2.308,0.1534,35.0,60.0,-60.0,110.0,0.12,0.88,0.0,0.616,16.19,solid,1
1.3.6.1.4.1.14519.5.2.1.6279.6001.905371958588660410240398317235,Nodule 001,4791.59,30.14,26.52,28.33,0.7573,0.8802,0.5807,0.3788,2.8378,0.1544,35.0,60.0,-60.0,110.0,0.12,0.88,0.0,0.616,17.8,solid,1
1.3.6.1.4.1.14519.5.2.1.6279.6001.939216568327879462530496768794,0,52.06,5.92,4.28,5.1,0.6841,0.7228,1.0,1.893,0.4575,0.2659,35.0,60.0,-60.0,110.0,0.12,0.88,0.0,0.616,3.94,solid,0
1.3.6.1.4.1.14519.5.2.1.6279.6001.939216568327879462530496768794,1,699.47,18.18,15.13,16.66,0.761,0.8321,0.4125,0.7159,1.7803,0.2194,35.0,60.0,-60.0,110.0,0.12,0.88,0.0,0.616,9.37,solid,0
1.3.6.1.4.1.14519.5.2.1.6279.6001.270390050141765094612147226290,174322,1472.45,19.27,17.22,18.24,0.8174,0.8936,0.7785,0.52,1.7607,0.1812,350.0,120.0,50.0,550.0,0.1,0.25,0.65,0.175,7.9,calcified,1
1.3.6.1.4.1.14519.5.2.1.6279.6001.270390050141765094612147226290,174855,71.66,7.28,5.56,6.42,0.8328,0.764,0.6869,1.398,0.0982,0.1225,350.0,120.0,50.0,550.0,0.1,0.25,0.65,0.175,2.88,calcified,0
1.3.6.1.4.1.14519.5.2.1.6279.6001.270390050141765094612147226290,1,253.57,11.57,8.71,10.14,0.7738,0.7526,0.6482,0.9873,0.5523,0.1837,35.0,60.0,-60.0,110.0,0.12,0.88,0.0,0.616,6.68,solid,0
1.3.6.1.4.1.14519.5.2.1.6279.6001.270390050141765094612147226290,2,46.55,6.21,4.19,5.2,0.7782,0.6751,0.8052,1.7276,0.092,0.1374,350.0,120.0,50.0,550.0,0.1,0.25,0.65,0.175,2.5,calcified,0
1.3.6.1.4.1.14519.5.2.1.6279.6001.270390050141765094612147226290,Nodule 002,317.27,12.1,9.55,10.82,0.8089,0.7894,0.62,0.8765,0.3439,0.1369,35.0,60.0,-60.0,110.0,0.12,0.88,0.0,0.616,7.2,solid,1
1.3.6.1.4.1.14519.5.2.1.6279.6001.270390050141765094612147226290,Nodule 001,71.66,7.02,5.83,6.43,0.8278,0.8305,0.7121,1.4064,0.1,0.1241,35.0,60.0,-60.0,110.0,0.12,0.88,0.0,0.616,4.38,solid,0
1.3.6.1.4.1.14519.5.2.1.6279.6001.270390050141765094612147226290,172507,1372.0,19.34,16.97,18.15,0.8264,0.8776,0.6465,0.5266,1.1475,0.1507,35.0,60.0,-60.0,110.0,0.12,0.88,0.0,0.616,11.73,solid,1
1.3.6.1.4.1.14519.5.2.1.6279.6001.270390050141765094612147226290,172511,323.4,11.62,10.6,11.11,0.823,0.9124,0.6456,0.856,0.3676,0.1394,350.0,120.0,50.0,550.0,0.1,0.25,0.65,0.175,4.76,calcified,0
1.3.6.1.4.1.14519.5.2.1.6279.6001.270390050141765094612147226290,172514,64.31,6.18,4.43,5.3,0.7875,0.7172,1.0,1.5327,0.2088,0.1751,350.0,120.0,50.0,550.0,0.1,0.25,0.65,0.175,2.78,calcified,0
1.3.6.1.4.1.14519.5.2.1.6279.6001.320111824803959660037459294083,Nodule 001,79.62,7.1,6.53,6.81,0.8408,0.9195,0.7043,1.3369,0.144,0.1428,35.0,60.0,-60.0,110.0,0.12,0.88,0.0,0.616,4.54,solid,0
1.3.6.1.4.1.14519.5.2.1.6279.6001.944888107209008719031293531091,1,254.19,9.85,9.27,9.56,0.7982,0.9407,0.7612,0.9564,0.2271,0.1221,35.0,60.0,-60.0,110.0,0.12,0.88,0.0,0.616,6.69,solid,0
1.3.6.1.4.1.14519.5.2.1.6279.6001.944888107209008719031293531091,172317,312.99,10.76,10.43,10.6,0.8122,0.9691,0.6968,0.877,0.1544,0.093,350.0,120.0,50.0,550.0,0.1,0.25,0.65,0.175,4.71,calcified,0
1.3.6.1.4.1.14519.5.2.1.6279.6001.944888107209008719031293531091,Nodule 001,265.21,10.28,9.75,10.02,0.8222,0.9485,0.7294,0.9155,0.1616,0.1006,35.0,60.0,-60.0,110.0,0.12,0.88,0.0,0.616,6.78,solid,1
1.3.6.1.4.1.14519.5.2.1.6279.6001.174168737938619557573021395302,163189,66.76,6.85,5.86,6.36,0.7984,0.8557,0.7298,1.493,0.1164,0.1357,350.0,120.0,50.0,550.0,0.1,0.25,0.65,0.175,2.82,calcified,0
1.3.6.1.4.1.14519.5.2.1.6279.6001.174168737938619557573021395302,161965,69.82,7.1,6.07,6.58,0.8584,0.8558,0.7046,1.3681,0.1632,0.1572,350.0,120.0,50.0,550.0,0.1,0.25,0.65,0.175,2.86,calcified,0
1.3.6.1.4.1.14519.5.2.1.6279.6001.174168737938619557573021395302,Nodule 001,84.52,7.26,6.42,6.84,0.8217,0.8848,0.689,1.3411,0.0973,0.1164,35.0,60.0,-60.0,110.0,0.12,0.88,0.0,0.616,4.63,solid,0
1.3.6.1.4.1.14519.5.2.1.6279.6001.321935195060268166151738328001,1,421.09,12.97,11.77,12.37,0.8198,0.9069,0.5781,0.787,0.3179,0.1173,35.0,60.0,-60.0,110.0,0.12,0.88,0.0,0.616,7.91,solid,0
1.3.6.1.4.1.14519.5.2.1.6279.6001.321935195060268166151738328001,171510,1693.56,30.95,17.6,24.28,0.7147,0.5688,0.6866,0.5677,14.6994,0.3991,35.0,60.0,-60.0,110.0,0.12,0.88,0.0,0.616,12.58,solid,1
1.3.6.1.4.1.14519.5.2.1.6279.6001.321935195060268166151738328001,168159,508.99,14.38,13.06,13.72,0.8359,0.9079,0.5215,0.7246,0.3568,0.1146,35.0,60.0,-60.0,110.0,0.12,0.88,0.0,0.616,8.43,solid,1
1.3.6.1.4.1.14519.5.2.1.6279.6001.321935195060268166151738328001,Nodule 003,486.32,13.51,11.57,12.54,0.8391,0.8562,0.6475,0.7329,0.3824,0.1242,35.0,60.0,-60.0,110.0,0.12,0.88,0.0,0.616,8.3,solid,1
1.3.6.1.4.1.14519.5.2.1.6279.6001.321935195060268166151738328001,Nodule 002,506.54,17.38,13.3,15.34,0.7985,0.765,0.5753,0.7598,3.8849,0.3396,35.0,60.0,-60.0,110.0,0.12,0.88,0.0,0.616,8.42,solid,1
1.3.6.1.4.1.14519.5.2.1.6279.6001.321935195060268166151738328001,Nodule 001,650.47,20.41,14.21,17.31,0.7276,0.6963,0.3062,0.7671,2.1033,0.2314,35.0,60.0,-60.0,110.0,0.12,0.88,0.0,0.616,9.15,solid,1
1.3.6.1.4.1.14519.5.2.1.6279.6001.230491296081537726468075344411,2,932.84,14.45,12.93,13.69,0.79,0.8949,1.0,0.6265,0.5743,0.1241,35.0,60.0,-60.0,110.0,0.12,0.88,0.0,0.616,10.31,solid,0
1.3.6.1.4.1.14519.5.2.1.6279.6001.230491296081537726468075344411,3,942.64,16.97,12.8,14.88,0.7937,0.7546,0.7368,0.6214,0.8744,0.1526,35.0,60.0,-60.0,110.0,0.12,0.88,0.0,0.616,10.35,solid,0
1.3.6.1.4.1.14519.5.2.1.6279.6001.230491296081537726468075344411,163602,672.52,14.22,12.61,13.41,0.8356,0.8867,0.7034,0.6606,0.1805,0.0783,35.0,60.0,-60.0,110.0,0.12,0.88,0.0,0.616,9.25,solid,1
1.3.6.1.4.1.14519.5.2.1.6279.6001.230491296081537726468075344411,163607,670.07,14.16,11.23,12.69,0.7983,0.7928,0.8828,0.6923,1.2852,0.2067,35.0,60.0,-60.0,110.0,0.12,0.88,0.0,0.616,9.24,solid,1
1.3.6.1.4.1.14519.5.2.1.6279.6001.230491296081537726468075344411,163608,37.97,5.88,3.95,4.92,0.7874,0.6714,0.8502,1.8272,0.1195,0.1641,350.0,120.0,50.0,550.0,0.1,0.25,0.65,0.175,2.33,calcified,0
1.3.6.1.4.1.14519.5.2.1.6279.6001.230491296081537726468075344411,168041,640.67,14.25,12.41,13.33,0.809,0.8707,0.7015,0.6934,0.3376,0.1076,35.0,60.0,-60.0,110.0,0.12,0.88,0.0,0.616,9.1,solid,1
1.3.6.1.4.1.14519.5.2.1.6279.6001.230491296081537726468075344411,168044,543.9,13.18,10.26,11.72,0.7172,0.7783,0.9483,0.826,0.8235,0.1751,35.0,60.0,-60.0,110.0,0.12,0.88,0.0,0.616,8.62,solid,1
1.3.6.1.4.1.14519.5.2.1.6279.6001.230491296081537726468075344411,168047,36.14,6.43,4.4,5.41,0.8243,0.684,0.778,1.7746,0.1893,0.2005,350.0,120.0,50.0,550.0,0.1,0.25,0.65,0.175,2.29,calcified,0
1.3.6.1.4.1.14519.5.2.1.6279.6001.230491296081537726468075344411,Nodule 001,709.89,12.98,12.13,12.56,0.7873,0.9346,0.963,0.6886,0.7204,0.155,35.0,60.0,-60.0,110.0,0.12,0.88,0.0,0.616,9.42,solid,1
1.3.6.1.4.1.14519.5.2.1.6279.6001.230491296081537726468075344411,Nodule 002,708.66,14.9,12.83,13.86,0.8292,0.8607,0.6711,0.6542,0.3613,0.1082,35.0,60.0,-60.0,110.0,0.12,0.88,0.0,0.616,9.41,solid,1
1.3.6.1.4.1.14519.5.2.1.6279.6001.307835307280028057486413359377,0,217.44,10.97,7.58,9.27,0.7707,0.6907,0.6837,1.0435,0.6395,0.211,35.0,60.0,-60.0,110.0,0.12,0.88,0.0,0.616,6.35,solid,0
1.3.6.1.4.1.14519.5.2.1.6279.6001.307835307280028057486413359377,Nodule 001,124.95,8.89,7.69,8.29,0.8303,0.8652,0.5627,1.1651,0.1799,0.1352,-220.0,140.0,-520.0,80.0,0.6,0.4,0.0,0.28,4.06,part_solid,1
1.3.6.1.4.1.14519.5.2.1.6279.6001.330544495001617450666819906758,174001,2584.14,35.66,16.04,25.85,0.6873,0.4498,0.4908,0.5127,12.7859,0.3569,35.0,60.0,-60.0,110.0,0.12,0.88,0.0,0.616,14.49,solid,1
1.3.6.1.4.1.14519.5.2.1.6279.6001.330544495001617450666819906758,172251,1558.2,34.74,14.13,24.44,0.7312,0.4069,0.4318,0.5705,11.8119,0.3657,35.0,60.0,-60.0,110.0,0.12,0.88,0.0,0.616,12.24,solid,1
1.3.6.1.4.1.14519.5.2.1.6279.6001.330544495001617450666819906758,Nodule 001,1149.66,18.95,14.64,16.79,0.7735,0.7723,0.7915,0.5968,2.7013,0.2377,35.0,60.0,-60.0,110.0,0.12,0.88,0.0,0.616,11.06,solid,1
1.3.6.1.4.1.14519.5.2.1.6279.6001.330544495001617450666819906758,Nodule 002,537.77,12.15,11.75,11.95,0.7598,0.9669,1.0,0.7826,1.0124,0.1964,35.0,60.0,-60.0,110.0,0.12,0.88,0.0,0.616,8.58,solid,1
1.3.6.1.4.1.14519.5.2.1.6279.6001.866845763956586959109892274084,6,316.05,12.19,9.53,10.86,0.8145,0.7818,0.6155,0.8716,0.3315,0.135,350.0,120.0,50.0,550.0,0.1,0.25,0.65,0.175,4.73,calcified,0
1.3.6.1.4.1.14519.5.2.1.6279.6001.866845763956586959109892274084,Nodule 001,83.91,8.0,6.48,7.24,0.8378,0.8103,0.6251,1.3185,0.2353,0.1748,35.0,60.0,-60.0,110.0,0.12,0.88,0.0,0.616,4.62,solid,0
1.3.6.1.4.1.14519.5.2.1.6279.6001.866845763956586959109892274084,Nodule 003,386.49,13.4,10.3,11.85,0.8235,0.7685,0.5596,0.8062,0.4851,0.1515,35.0,60.0,-60.0,110.0,0.12,0.88,0.0,0.616,7.69,solid,0
1.3.6.1.4.1.14519.5.2.1.6279.6001.240969450540588211676803094518,0,209.47,9.45,7.92,8.69,0.8132,0.8379,0.7935,1.0013,0.2108,0.1261,35.0,60.0,-60.0,110.0,0.12,0.88,0.0,0.616,6.27,solid,0
1.3.6.1.4.1.14519.5.2.1.6279.6001.240969450540588211676803094518,1,143.94,9.26,8.3,8.78,0.8196,0.8972,0.5402,1.1258,0.1184,0.1041,35.0,60.0,-60.0,110.0,0.12,0.88,0.0,0.616,5.53,solid,0
1.3.6.1.4.1.14519.5.2.1.6279.6001.240969450540588211676803094518,Nodule 004,131.07,8.49,8.4,8.44,0.8222,0.9894,0.5891,1.1579,0.0962,0.0972,35.0,60.0,-60.0,110.0,0.12,0.88,0.0,0.616,5.36,solid,0
1.3.6.1.4.1.14519.5.2.1.6279.6001.240969450540588211676803094518,Nodule 002,115.15,8.45,7.5,7.97,0.8199,0.8869,0.5917,1.2124,0.1193,0.1136,35.0,60.0,-60.0,110.0,0.12,0.88,0.0,0.616,5.14,solid,0
1.3.6.1.4.1.14519.5.2.1.6279.6001.822128649427327893802314908658,164430,178.24,10.21,6.47,8.34,0.7735,0.634,0.7344,1.1109,0.5134,0.2028,35.0,60.0,-60.0,110.0,0.12,0.88,0.0,0.616,5.94,solid,0
1.3.6.1.4.1.14519.5.2.1.6279.6001.822128649427327893802314908658,167838,58.19,6.08,5.51,5.8,0.8271,0.9065,0.8222,1.5089,0.0505,0.0952,35.0,60.0,-60.0,110.0,0.12,0.88,0.0,0.616,4.09,solid,0
1.3.6.1.4.1.14519.5.2.1.6279.6001.822128649427327893802314908658,178029,174.56,10.08,6.39,8.24,0.7588,0.6341,0.7438,1.1404,0.516,0.2046,350.0,120.0,50.0,550.0,0.1,0.25,0.65,0.175,3.88,calcified,0
1.3.6.1.4.1.14519.5.2.1.6279.6001.822128649427327893802314908658,Nodule 002,175.79,9.62,7.07,8.35,0.7983,0.7346,0.7794,1.0814,0.3963,0.1802,35.0,60.0,-60.0,110.0,0.12,0.88,0.0,0.616,5.91,solid,0
1.3.6.1.4.1.14519.5.2.1.6279.6001.614147706162329660656328811671,161356,776.65,16.79,12.11,14.45,0.776,0.7213,0.8931,0.678,1.6607,0.2137,35.0,60.0,-60.0,110.0,0.12,0.88,0.0,0.616,9.7,solid,1
1.3.6.1.4.1.14519.5.2.1.6279.6001.614147706162329660656328811671,Nodule 001,866.07,16.16,13.55,14.85,0.7879,0.838,0.7733,0.6439,1.3085,0.1885,35.0,60.0,-60.0,110.0,0.12,0.88,0.0,0.616,10.06,solid,1
1.3.6.1.4.1.14519.5.2.1.6279.6001.221017801605543296514746423389,Nodule 003,301.35,11.23,9.43,10.33,0.819,0.8401,0.6678,0.8807,0.1832,0.1032,35.0,60.0,-60.0,110.0,0.12,0.88,0.0,0.616,7.08,solid,0
1.3.6.1.4.1.14519.5.2.1.6279.6001.242761658169703141430370511586,10076,657.82,14.74,9.09,11.92,0.7594,0.6163,1.0,0.7323,1.5278,0.2183,35.0,60.0,-60.0,110.0,0.12,0.88,0.0,0.616,9.18,solid,0
1.3.6.1.4.1.14519.5.2.1.6279.6001.242761658169703141430370511586,1687,556.76,13.65,8.45,11.05,0.7264,0.619,1.0,0.8092,1.4356,0.2237,35.0,60.0,-60.0,110.0,0.12,0.88,0.0,0.616,8.68,solid,1
1.3.6.1.4.1.14519.5.2.1.6279.6001.242761658169703141430370511586,Nodule 001,814.62,16.5,9.67,13.08,0.7564,0.586,0.9091,0.6846,1.7301,0.2183,35.0,60.0,-60.0,110.0,0.12,0.88,0.0,0.616,9.86,solid,1
1.3.6.1.4.1.14519.5.2.1.6279.6001.121993590721161347818774929286,163436,80.24,7.19,5.25,6.22,0.7718,0.7308,1.0,1.4528,0.2313,0.1685,35.0,60.0,-60.0,110.0,0.12,0.88,0.0,0.616,4.55,solid,0
1.3.6.1.4.1.14519.5.2.1.6279.6001.121993590721161347818774929286,167867,1815.45,21.13,18.25,19.69,0.8,0.8637,0.5915,0.4955,0.9213,0.1249,35.0,60.0,-60.0,110.0,0.12,0.88,0.0,0.616,12.88,solid,1
1.3.6.1.4.1.14519.5.2.1.6279.6001.121993590721161347818774929286,167869,1016.75,20.34,14.59,17.47,0.7825,0.7174,0.4916,0.6146,1.861,0.2034,35.0,60.0,-60.0,110.0,0.12,0.88,0.0,0.616,10.62,solid,1
1.3.6.1.4.1.14519.5.2.1.6279.6001.121993590721161347818774929286,167864,1522.67,20.08,17.19,18.63,0.8289,0.856,0.6225,0.5071,0.5684,0.1033,35.0,60.0,-60.0,110.0,0.12,0.88,0.0,0.616,12.14,solid,1
1.3.6.1.4.1.14519.5.2.1.6279.6001.121993590721161347818774929286,178030,79.01,8.23,5.81,7.02,0.8042,0.7054,0.6073,1.4014,0.3162,0.2068,35.0,60.0,-60.0,110.0,0.12,0.88,0.0,0.616,4.53,solid,0
1.3.6.1.4.1.14519.5.2.1.6279.6001.121993590721161347818774929286,Nodule 001,1885.27,20.97,17.95,19.46,0.8317,0.8556,0.7152,0.4707,0.7045,0.1078,35.0,60.0,-60.0,110.0,0.12,0.88,0.0,0.616,13.04,solid,1
1.3.6.1.4.1.14519.5.2.1.6279.6001.121993590721161347818774929286,Nodule 003,992.86,19.42,14.47,16.95,0.7857,0.745,0.5148,0.6169,1.4561,0.1856,35.0,60.0,-60.0,110.0,0.12,0.88,0.0,0.616,10.53,solid,1
1.3.6.1.4.1.14519.5.2.1.6279.6001.121993590721161347818774929286,Nodule 002,2030.44,21.54,20.1,20.82,0.8663,0.9331,0.5803,0.4408,0.8144,0.1122,35.0,60.0,-60.0,110.0,0.12,0.88,0.0,0.616,13.37,solid,1
1.3.6.1.4.1.14519.5.2.1.6279.6001.127965161564033605177803085629,9827,616.17,15.49,12.83,14.16,0.8049,0.8285,0.6458,0.7061,1.4386,0.2152,35.0,60.0,-60.0,110.0,0.12,0.88,0.0,0.616,8.98,solid,1
1.3.6.1.4.1.14519.5.2.1.6279.6001.127965161564033605177803085629,Nodule 001,432.42,14.6,13.56,14.08,0.806,0.929,0.4281,0.7934,0.9152,0.1849,35.0,60.0,-60.0,110.0,0.12,0.88,0.0,0.616,7.98,solid,1
1.3.6.1.4.1.14519.5.2.1.6279.6001.127965161564033605177803085629,IL057_157625,332.89,13.45,11.36,12.4,0.7128,0.8445,0.5577,0.9789,1.34,0.2466,35.0,60.0,-60.0,110.0,0.12,0.88,0.0,0.616,7.32,solid,1
1.3.6.1.4.1.14519.5.2.1.6279.6001.200513183558872708878454294671,7760,108.41,7.91,7.66,7.78,0.8056,0.9682,0.6321,1.259,0.1885,0.1465,350.0,120.0,50.0,550.0,0.1,0.25,0.65,0.175,3.31,calcified,0
1.3.6.1.4.1.14519.5.2.1.6279.6001.200513183558872708878454294671,10186,91.26,7.57,6.97,7.27,0.817,0.9199,0.6603,1.3146,0.1641,0.1446,350.0,120.0,50.0,550.0,0.1,0.25,0.65,0.175,3.12,calcified,0
1.3.6.1.4.1.14519.5.2.1.6279.6001.200513183558872708878454294671,IL057_123565,106.57,8.11,7.32,7.71,0.8141,0.9033,0.6168,1.2529,0.1428,0.1281,350.0,120.0,50.0,550.0,0.1,0.25,0.65,0.175,3.29,calcified,0
1.3.6.1.4.1.14519.5.2.1.6279.6001.200513183558872708878454294671,Nodule 001,120.05,8.42,7.85,8.14,0.8229,0.9324,0.5938,1.1913,0.1671,0.1326,35.0,60.0,-60.0,110.0,0.12,0.88,0.0,0.616,5.21,solid,1
1.3.6.1.4.1.14519.5.2.1.6279.6001.262873069163227096134627700599,6,365.97,12.43,8.62,10.52,0.7768,0.6935,0.8046,0.8703,0.722,0.1872,350.0,120.0,50.0,550.0,0.1,0.25,0.65,0.175,4.96,calcified,0
1.3.6.1.4.1.14519.5.2.1.6279.6001.262873069163227096134627700599,7,1932.44,19.81,16.46,18.14,0.8222,0.831,0.8834,0.4722,0.6386,0.1031,350.0,120.0,50.0,550.0,0.1,0.25,0.65,0.175,8.64,calcified,0
1.3.6.1.4.1.14519.5.2.1.6279.6001.262873069163227096134627700599,167905,1524.51,18.76,15.98,17.37,0.8008,0.8521,0.7998,0.5247,0.5509,0.103,35.0,60.0,-60.0,110.0,0.12,0.88,0.0,0.616,12.15,solid,1
1.3.6.1.4.1.14519.5.2.1.6279.6001.262873069163227096134627700599,167908,265.82,10.4,9.16,9.78,0.8366,0.8803,0.8412,0.899,0.1948,0.1088,35.0,60.0,-60.0,110.0,0.12,0.88,0.0,0.616,6.79,solid,1
1.3.6.1.4.1.14519.5.2.1.6279.6001.262873069163227096134627700599,Nodule 004,319.72,10.56,9.9,10.23,0.8359,0.9374,0.8288,0.846,0.2257,0.1116,35.0,60.0,-60.0,110.0,0.12,0.88,0.0,0.616,7.22,solid,0
1.3.6.1.4.1.14519.5.2.1.6279.6001.262873069163227096134627700599,Nodule 005,2088.32,21.37,18.03,19.7,0.8379,0.8438,0.702,0.4515,0.5378,0.0916,35.0,60.0,-60.0,110.0,0.12,0.88,0.0,0.616,13.49,solid,1
1.3.6.1.4.1.14519.5.2.1.6279.6001.217955041973656886482758642958,163417,5421.85,29.31,25.47,27.39,0.5917,0.8688,1.0,0.4653,20.7173,0.3482,35.0,60.0,-60.0,110.0,0.12,0.88,0.0,0.616,18.55,solid,1
1.3.6.1.4.1.14519.5.2.1.6279.6001.217955041973656886482758642958,167857,3235.22,30.52,20.58,25.55,0.6473,0.6744,0.9011,0.5052,13.2633,0.3327,35.0,60.0,-60.0,110.0,0.12,0.88,0.0,0.616,15.61,solid,1
1.3.6.1.4.1.14519.5.2.1.6279.6001.217955041973656886482758642958,Nodule 001,4401.42,34.36,23.46,28.91,0.7132,0.683,0.6549,0.4137,12.5582,0.3128,35.0,60.0,-60.0,110.0,0.12,0.88,0.0,0.616,17.3,solid,1
1.3.6.1.4.1.14519.5.2.1.6279.6001.341557859428950960906150406596,167937,9119.82,42.11,32.88,37.5,0.7975,0.7807,0.6827,0.2903,12.4673,0.2429,35.0,60.0,-60.0,110.0,0.12,0.88,0.0,0.616,22.06,solid,1
1.3.6.1.4.1.14519.5.2.1.6279.6001.245181799370098278918756923992,171666,115.76,7.01,6.15,6.58,0.8104,0.8773,1.0,1.2244,0.209,0.1521,350.0,120.0,50.0,550.0,0.1,0.25,0.65,0.175,3.38,calcified,0
1.3.6.1.4.1.14519.5.2.1.6279.6001.245181799370098278918756923992,171661,13847.4,35.54,26.27,30.9,0.6704,0.739,1.0,0.3004,60.0719,0.4112,35.0,60.0,-60.0,110.0,0.12,0.88,0.0,0.616,25.35,solid,1
1.3.6.1.4.1.14519.5.2.1.6279.6001.245181799370098278918756923992,168267,92.49,6.69,6.07,6.38,0.7964,0.9065,1.0,1.3427,0.2335,0.1658,350.0,120.0,50.0,550.0,0.1,0.25,0.65,0.175,3.14,calcified,0
1.3.6.1.4.1.14519.5.2.1.6279.6001.245181799370098278918756923992,168262,11260.81,33.57,23.75,28.66,0.6876,0.7076,1.0,0.3138,50.9109,0.4042,35.0,60.0,-60.0,110.0,0.12,0.88,0.0,0.616,23.66,solid,1
1.3.6.1.4.1.14519.5.2.1.6279.6001.245181799370098278918756923992,Nodule 001,11054.4,33.24,28.3,30.77,0.724,0.8515,1.0,0.2998,8.9253,0.2088,35.0,60.0,-60.0,110.0,0.12,0.88,0.0,0.616,23.52,solid,1
1.3.6.1.4.1.14519.5.2.1.6279.6001.203425588524695836343069893813,1,34.91,4.78,4.39,4.59,0.7466,0.9185,1.0,1.9818,0.0463,0.1069,35.0,60.0,-60.0,110.0,0.12,0.88,0.0,0.616,3.45,solid,0
1.3.6.1.4.1.14519.5.2.1.6279.6001.277452631455527999380186898011,0,85.14,8.21,6.02,7.11,0.756,0.7337,0.6094,1.454,0.2289,0.1729,35.0,60.0,-60.0,110.0,0.12,0.88,0.0,0.616,4.64,solid,0
1.3.6.1.4.1.14519.5.2.1.6279.6001.277452631455527999380186898011,Nodule 001,131.07,9.8,7.24,8.52,0.8005,0.739,0.5103,1.1892,0.2461,0.1537,35.0,60.0,-60.0,110.0,0.12,0.88,0.0,0.616,5.36,solid,0
1.3.6.1.4.1.14519.5.2.1.6279.6001.248357157975955379661896491341,0,183.14,10.59,9.02,9.81,0.7905,0.8511,0.472,1.0772,0.2266,0.1308,350.0,120.0,50.0,550.0,0.1,0.25,0.65,0.175,3.94,calcified,0
1.3.6.1.4.1.14519.5.2.1.6279.6001.248357157975955379661896491341,163541,143.32,9.5,8.11,8.8,0.8238,0.8536,0.5265,1.1218,0.125,0.1066,35.0,60.0,-60.0,110.0,0.12,0.88,0.0,0.616,5.52,solid,0
1.3.6.1.4.1.14519.5.2.1.6279.6001.176869045992276345870480098568,174360,101.06,8.08,6.89,7.49,0.8197,0.8535,0.619,1.2665,0.133,0.1264,35.0,60.0,-60.0,110.0,0.12,0.88,0.0,0.616,4.92,solid,0
1.3.6.1.4.1.14519.5.2.1.6279.6001.176869045992276345870480098568,1,77.79,7.99,5.34,6.66,0.7748,0.6681,0.626,1.4622,0.1889,0.1642,35.0,60.0,-60.0,110.0,0.12,0.88,0.0,0.616,4.51,solid,0
1.3.6.1.4.1.14519.5.2.1.6279.6001.176869045992276345870480098568,Nodule 004,83.3,7.51,6.11,6.81,0.8172,0.813,0.6655,1.355,0.114,0.1262,35.0,60.0,-60.0,110.0,0.12,0.88,0.0,0.616,4.61,solid,0
1.3.6.1.4.1.14519.5.2.1.6279.6001.268992195564407418480563388746,0,88.81,6.48,5.72,6.1,0.7387,0.8839,1.0,1.4673,0.2281,0.167,35.0,60.0,-60.0,110.0,0.12,0.88,0.0,0.616,4.71,solid,0
1.3.6.1.4.1.14519.5.2.1.6279.6001.268992195564407418480563388746,Nodule 001,102.9,7.65,5.37,6.51,0.7818,0.7017,0.9805,1.3201,0.3392,0.1969,35.0,60.0,-60.0,110.0,0.12,0.88,0.0,0.616,4.95,solid,0
1.3.6.1.4.1.14519.5.2.1.6279.6001.621916089407825046337959219998,174047,661.5,12.74,11.17,11.96,0.8128,0.8772,0.9813,0.6828,0.6222,0.1474,35.0,60.0,-60.0,110.0,0.12,0.88,0.0,0.616,9.2,solid,0
1.3.6.1.4.1.14519.5.2.1.6279.6001.621916089407825046337959219998,0,543.29,11.61,10.17,10.89,0.7706,0.876,1.0,0.7691,0.6634,0.1616,35.0,60.0,-60.0,110.0,0.12,0.88,0.0,0.616,8.61,solid,0
1.3.6.1.4.1.14519.5.2.1.6279.6001.621916089407825046337959219998,172298,612.5,12.68,10.8,11.74,0.8011,0.8522,0.9859,0.7108,0.4438,0.1271,35.0,60.0,-60.0,110.0,0.12,0.88,0.0,0.616,8.97,solid,1
1.3.6.1.4.1.14519.5.2.1.6279.6001.621916089407825046337959219998,Nodule 001,627.81,12.13,10.07,11.1,0.7903,0.8302,1.0,0.7147,0.9023,0.1754,35.0,60.0,-60.0,110.0,0.12,0.88,0.0,0.616,9.04,solid,1
1.3.6.1.4.1.14519.5.2.1.6279.6001.315918264676377418120578391325,168130,46.55,5.75,4.78,5.26,0.7985,0.8312,0.87,1.6835,0.1065,0.1485,35.0,60.0,-60.0,110.0,0.12,0.88,0.0,0.616,3.8,solid,0
1.3.6.1.4.1.14519.5.2.1.6279.6001.212346425055214308006918165305,1,437.94,16.01,10.85,13.43,0.7463,0.6774,0.4684,0.8533,1.3294,0.2274,35.0,60.0,-60.0,110.0,0.12,0.88,0.0,0.616,8.02,solid,1
1.3.6.1.4.1.14519.5.2.1.6279.6001.212346425055214308006918165305,168084,374.85,14.1,10.1,12.1,0.7311,0.7162,0.5318,0.9174,0.8037,0.1915,35.0,60.0,-60.0,110.0,0.12,0.88,0.0,0.616,7.61,solid,1
1.3.6.1.4.1.14519.5.2.1.6279.6001.212346425055214308006918165305,Nodule 001,486.32,14.9,12.18,13.54,0.8157,0.8176,0.5035,0.7539,0.6041,0.1514,35.0,60.0,-60.0,110.0,0.12,0.88,0.0,0.616,8.3,solid,1
1.3.6.1.4.1.14519.5.2.1.6279.6001.141149610914910880857802344415,0,882.61,15.07,13.84,14.46,0.8347,0.9184,0.8293,0.604,0.3425,0.0978,350.0,120.0,50.0,550.0,0.1,0.25,0.65,0.175,6.66,calcified,0
1.3.6.1.4.1.14519.5.2.1.6279.6001.141149610914910880857802344415,161370,974.49,16.4,16.18,16.29,0.8221,0.9868,0.6099,0.5933,0.3059,0.0878,35.0,60.0,-60.0,110.0,0.12,0.88,0.0,0.616,10.47,solid,1
1.3.6.1.4.1.14519.5.2.1.6279.6001.141149610914910880857802344415,Nodule 001,875.87,16.02,14.61,15.31,0.8415,0.9119,0.6242,0.6006,0.2288,0.0796,35.0,60.0,-60.0,110.0,0.12,0.88,0.0,0.616,10.1,solid,1
1.3.6.1.4.1.14519.5.2.1.6279.6001.106379658920626694402549886949,1,148.53,10.83,7.74,9.29,0.8093,0.7146,0.4616,1.1284,0.3705,0.1731,35.0,60.0,-60.0,110.0,0.12,0.88,0.0,0.616,5.59,solid,0
1.3.6.1.4.1.14519.5.2.1.6279.6001.106379658920626694402549886949,168097,149.14,11.4,8.49,9.95,0.8434,0.7447,0.4385,1.0813,0.5192,0.1966,35.0,60.0,-60.0,110.0,0.12,0.88,0.0,0.616,5.6,solid,1
1.3.6.1.4.1.14519.5.2.1.6279.6001.106379658920626694402549886949,Nodule 004,50.22,6.52,5.05,5.78,0.8264,0.7744,0.7671,1.5861,0.1233,0.1475,35.0,60.0,-60.0,110.0,0.12,0.88,0.0,0.616,3.89,solid,0
1.3.6.1.4.1.14519.5.2.1.6279.6001.200837896655745926888305239398,167954,47.16,7.52,5.24,6.38,0.7955,0.6967,0.4988,1.6825,0.3103,0.2317,35.0,60.0,-60.0,110.0,0.12,0.88,0.0,0.616,3.81,solid,0
1.3.6.1.4.1.14519.5.2.1.6279.6001.861997885565255340442123234170,0,174.56,9.62,7.43,8.52,0.7574,0.7725,0.7799,1.1424,0.2881,0.1535,350.0,120.0,50.0,550.0,0.1,0.25,0.65,0.175,3.88,calcified,0
1.3.6.1.4.1.14519.5.2.1.6279.6001.861997885565255340442123234170,163372,260.31,10.67,9.27,9.97,0.8255,0.8684,0.703,0.9175,0.2475,0.1253,350.0,120.0,50.0,550.0,0.1,0.25,0.65,0.175,4.43,calcified,0
1.3.6.1.4.1.14519.5.2.1.6279.6001.861997885565255340442123234170,167813,159.86,9.04,7.51,8.28,0.826,0.8309,0.8293,1.0787,0.2171,0.1367,350.0,120.0,50.0,550.0,0.1,0.25,0.65,0.175,3.77,calcified,0
1.3.6.1.4.1.14519.5.2.1.6279.6001.257840703452266097926250569223,0,166.6,10.09,6.64,8.36,0.7653,0.658,0.7435,1.1484,0.5235,0.2072,35.0,60.0,-60.0,110.0,0.12,0.88,0.0,0.616,5.81,solid,0
1.3.6.1.4.1.14519.5.2.1.6279.6001.257840703452266097926250569223,Nodule 003,102.29,8.34,7.08,7.71,0.8365,0.8483,0.5995,1.2361,0.2137,0.1574,35.0,60.0,-60.0,110.0,0.12,0.88,0.0,0.616,4.94,solid,0
1.3.6.1.4.1.14519.5.2.1.6279.6001.150097650621090951325113116280,0,151.9,8.44,6.02,7.23,0.7641,0.7138,1.0,1.1862,0.4685,0.1982,35.0,60.0,-60.0,110.0,0.12,0.88,0.0,0.616,5.63,solid,0
1.3.6.1.4.1.14519.5.2.1.6279.6001.832260670372728970918746541371,IL057_203649,126.17,7.79,6.59,7.19,0.7231,0.8457,0.9626,1.3334,0.421,0.2041,350.0,120.0,50.0,550.0,0.1,0.25,0.65,0.175,3.48,calcified,0
1.3.6.1.4.1.14519.5.2.1.6279.6001.832260670372728970918746541371,66181,124.95,8.24,6.05,7.15,0.7896,0.7338,0.9099,1.225,0.2629,0.1644,350.0,120.0,50.0,550.0,0.1,0.25,0.65,0.175,3.47,calcified,0
1.3.6.1.4.1.14519.5.2.1.6279.6001.832260670372728970918746541371,9778,134.75,8.9,5.94,7.42,0.766,0.6672,0.8428,1.2314,0.3983,0.1945,350.0,120.0,50.0,550.0,0.1,0.25,0.65,0.175,3.56,calcified,0
1.3.6.1.4.1.14519.5.2.1.6279.6001.832260670372728970918746541371,Nodule 001,122.5,7.73,6.14,6.94,0.7978,0.7948,0.9705,1.2205,0.235,0.1576,35.0,60.0,-60.0,110.0,0.12,0.88,0.0,0.616,5.24,solid,0
1.3.6.1.4.1.14519.5.2.1.6279.6001.832260670372728970918746541371,Nodule 002,120.05,7.65,5.84,6.75,0.7906,0.7635,0.9798,1.24,0.3344,0.1898,350.0,120.0,50.0,550.0,0.1,0.25,0.65,0.175,3.42,calcified,0
1.3.6.1.4.1.14519.5.2.1.6279.6001.486999111981013268988489262668,5,249.9,9.29,7.78,8.53,0.7642,0.8367,1.0,1.0047,0.4694,0.1722,350.0,120.0,50.0,550.0,0.1,0.25,0.65,0.175,4.37,calcified,0
1.3.6.1.4.1.14519.5.2.1.6279.6001.486999111981013268988489262668,161435,3013.5,28.83,17.52,23.17,0.7178,0.6075,0.6937,0.4664,5.7136,0.2513,35.0,60.0,-60.0,110.0,0.12,0.88,0.0,0.616,15.25,solid,1
1.3.6.1.4.1.14519.5.2.1.6279.6001.486999111981013268988489262668,163347,2626.4,25.75,15.89,20.82,0.6767,0.617,0.971,0.5179,6.3223,0.2736,35.0,60.0,-60.0,110.0,0.12,0.88,0.0,0.616,14.57,solid,1
1.3.6.1.4.1.14519.5.2.1.6279.6001.486999111981013268988489262668,Nodule 003,226.62,10.35,9.08,9.71,0.8635,0.8774,0.725,0.9186,0.2623,0.1329,35.0,60.0,-60.0,110.0,0.12,0.88,0.0,0.616,6.44,solid,0
1.3.6.1.4.1.14519.5.2.1.6279.6001.128059192202504367870633619224,0,243.16,8.54,7.69,8.11,0.7889,0.9001,1.0,0.9821,0.4918,0.1808,35.0,60.0,-60.0,110.0,0.12,0.88,0.0,0.616,6.59,solid,0
1.3.6.1.4.1.14519.5.2.1.6279.6001.128059192202504367870633619224,1,132.91,7.32,6.87,7.09,0.7798,0.9383,1.0,1.2152,0.1803,0.1357,350.0,120.0,50.0,550.0,0.1,0.25,0.65,0.175,3.54,calcified,0
1.3.6.1.4.1.14519.5.2.1.6279.6001.128059192202504367870633619224,171496,141.49,7.66,7.12,7.39,0.8406,0.9296,0.979,1.104,0.078,0.0874,350.0,120.0,50.0,550.0,0.1,0.25,0.65,0.175,3.62,calcified,0
1.3.6.1.4.1.14519.5.2.1.6279.6001.128059192202504367870633619224,168141,111.47,8.24,7.22,7.73,0.8448,0.876,0.6067,1.1894,0.0441,0.0706,350.0,120.0,50.0,550.0,0.1,0.25,0.65,0.175,3.34,calcified,0
1.3.6.1.4.1.14519.5.2.1.6279.6001.128059192202504367870633619224,Nodule 002,185.59,9.18,7.48,8.33,0.8253,0.8142,0.8166,1.0273,0.2341,0.1379,35.0,60.0,-60.0,110.0,0.12,0.88,0.0,0.616,6.02,solid,0
1.3.6.1.4.1.14519.5.2.1.6279.6001.128059192202504367870633619224,Nodule 003,187.42,8.43,8.21,8.32,0.8241,0.9742,0.8897,1.0253,0.2888,0.1526,35.0,60.0,-60.0,110.0,0.12,0.88,0.0,0.616,6.04,solid,0
1.3.6.1.4.1.14519.5.2.1.6279.6001.395623571499047043765181005112,174500,83.3,7.79,5.84,6.82,0.8279,0.7498,0.6417,1.3376,0.1286,0.1336,35.0,60.0,-60.0,110.0,0.12,0.88,0.0,0.616,4.61,solid,0
1.3.6.1.4.1.14519.5.2.1.6279.6001.395623571499047043765181005112,0,71.05,7.0,5.8,6.4,0.7788,0.8281,0.7139,1.4992,0.1515,0.1534,35.0,60.0,-60.0,110.0,0.12,0.88,0.0,0.616,4.37,solid,0
1.3.6.1.4.1.14519.5.2.1.6279.6001.395623571499047043765181005112,Nodule 002,63.7,6.89,5.06,5.98,0.8363,0.735,0.7257,1.4479,0.1053,0.1336,35.0,60.0,-60.0,110.0,0.12,0.88,0.0,0.616,4.22,solid,0
1.3.6.1.4.1.14519.5.2.1.6279.6001.171667800241622018839592854574,168073,75.03,8.07,7.65,7.86,0.7315,0.9477,0.4648,1.5674,0.3723,0.2124,-580.0,75.0,-680.0,-450.0,0.95,0.05,0.0,0.035,1.71,pure_ggn,0
1.3.6.1.4.1.14519.5.2.1.6279.6001.171667800241622018839592854574,179794,49.0,9.25,7.62,8.44,0.7921,0.8243,0.2703,1.6683,0.8844,0.3279,-580.0,75.0,-680.0,-450.0,0.95,0.05,0.0,0.035,1.49,pure_ggn,0
1.3.6.1.4.1.14519.5.2.1.6279.6001.171667800241622018839592854574,Nodule 002,135.67,10.61,9.19,9.9,0.8105,0.8662,0.3533,1.1612,0.3309,0.1602,-580.0,75.0,-680.0,-450.0,0.95,0.05,0.0,0.035,2.09,pure_ggn,1
1.3.6.1.4.1.14519.5.2.1.6279.6001.219618492426142913407827034169,1,5778.94,33.1,22.38,27.74,0.7682,0.6762,0.6797,0.3508,4.8472,0.1914,35.0,60.0,-60.0,110.0,0.12,0.88,0.0,0.616,18.94,solid,0
1.3.6.1.4.1.14519.5.2.1.6279.6001.219618492426142913407827034169,163380,5167.05,29.81,21.73,25.77,0.7885,0.7291,0.7548,0.3548,3.3627,0.1693,35.0,60.0,-60.0,110.0,0.12,0.88,0.0,0.616,18.25,solid,0
1.3.6.1.4.1.14519.5.2.1.6279.6001.219618492426142913407827034169,163384,44.1,8.72,6.85,7.78,0.7544,0.7856,0.2294,1.8145,0.1253,0.1315,35.0,60.0,-60.0,110.0,0.12,0.88,0.0,0.616,3.73,solid,0
1.3.6.1.4.1.14519.5.2.1.6279.6001.219618492426142913407827034169,Nodule 001,47.04,9.33,6.84,8.09,0.729,0.7333,0.2143,1.8376,0.2558,0.1813,35.0,60.0,-60.0,110.0,0.12,0.88,0.0,0.616,3.81,solid,0
1.3.6.1.4.1.14519.5.2.1.6279.6001.219618492426142913407827034169,167817,5927.77,31.55,24.36,27.96,0.8063,0.7722,0.7131,0.3314,2.848,0.1477,35.0,60.0,-60.0,110.0,0.12,0.88,0.0,0.616,19.11,solid,1
1.3.6.1.4.1.14519.5.2.1.6279.6001.219618492426142913407827034169,167825,16.66,5.48,4.43,4.95,0.8177,0.8083,0.3649,2.3157,0.056,0.1404,35.0,60.0,-60.0,110.0,0.12,0.88,0.0,0.616,2.7,solid,0
1.3.6.1.4.1.14519.5.2.1.6279.6001.340012777775661021262977442176,168209,74.11,8.71,5.24,6.97,0.7784,0.6012,0.574,1.4791,0.5052,0.2624,35.0,60.0,-60.0,110.0,0.12,0.88,0.0,0.616,4.43,solid,0
1.3.6.1.4.1.14519.5.2.1.6279.6001.340012777775661021262977442176,168213,40.18,8.23,6.67,7.45,0.7669,0.8103,0.2429,1.8412,0.0757,0.107,-220.0,140.0,-520.0,80.0,0.6,0.4,0.0,0.28,2.78,part_solid,0
1.3.6.1.4.1.14519.5.2.1.6279.6001.340012777775661021262977442176,168211,72.89,7.09,6.61,6.85,0.876,0.9325,0.7053,1.3216,0.1561,0.1498,35.0,60.0,-60.0,110.0,0.12,0.88,0.0,0.616,4.41,solid,0
1.3.6.1.4.1.14519.5.2.1.6279.6001.170825539570536865106681134236,Nodule 001,122.81,8.97,7.08,8.03,0.8134,0.7898,0.697,1.196,0.5591,0.2321,35.0,60.0,-60.0,110.0,0.12,0.88,0.0,0.616,5.25,solid,0
1.3.6.1.4.1.14519.5.2.1.6279.6001.171177995014336749670107905732,Nodule 002,163.38,9.48,7.16,8.32,0.8138,0.7554,0.7253,1.0871,0.4013,0.1829,35.0,60.0,-60.0,110.0,0.12,0.88,0.0,0.616,5.77,solid,1
1.3.6.1.4.1.14519.5.2.1.6279.6001.171177995014336749670107905732,38111,100.6,7.39,5.93,6.66,0.8342,0.8029,0.9305,1.2464,0.1512,0.1323,35.0,60.0,-60.0,110.0,0.12,0.88,0.0,0.616,4.91,solid,0
1.3.6.1.4.1.14519.5.2.1.6279.6001.171177995014336749670107905732,25317,107.34,8.03,6.49,7.26,0.835,0.8082,0.7781,1.2187,0.1611,0.1335,35.0,60.0,-60.0,110.0,0.12,0.88,0.0,0.616,5.02,solid,0
1.3.6.1.4.1.14519.5.2.1.6279.6001.211051626197585058967163339846,Nodule 001,4509.22,32.01,26.42,29.22,0.8043,0.8253,0.506,0.364,3.7433,0.1756,35.0,60.0,-60.0,110.0,0.12,0.88,0.0,0.616,17.44,solid,1
1.3.6.1.4.1.14519.5.2.1.6279.6001.211051626197585058967163339846,13514,4147.16,31.7,26.83,29.27,0.81,0.8463,0.4542,0.3716,3.2346,0.1652,35.0,60.0,-60.0,110.0,0.12,0.88,0.0,0.616,16.96,solid,1
1.3.6.1.4.1.14519.5.2.1.6279.6001.211051626197585058967163339846,13527,81.14,8.51,7.35,7.93,0.8359,0.8636,0.4229,1.3364,0.1653,0.1407,35.0,60.0,-60.0,110.0,0.12,0.88,0.0,0.616,4.57,solid,0
1.3.6.1.4.1.14519.5.2.1.6279.6001.211051626197585058967163339846,1540,4677.69,32.54,27.47,30.01,0.8311,0.8443,0.4978,0.3479,3.2964,0.1615,35.0,60.0,-60.0,110.0,0.12,0.88,0.0,0.616,17.66,solid,1
1.3.6.1.4.1.14519.5.2.1.6279.6001.211051626197585058967163339846,0,4258.3,30.82,25.73,28.27,0.8047,0.8348,0.5257,0.3708,3.3799,0.1717,350.0,120.0,50.0,550.0,0.1,0.25,0.65,0.175,11.25,calcified,0
1.3.6.1.4.1.14519.5.2.1.6279.6001.166662353777397833477082464008,77806,2075.64,19.61,19.5,19.55,0.8535,0.9941,0.7648,0.4442,0.1599,0.0504,35.0,60.0,-60.0,110.0,0.12,0.88,0.0,0.616,13.47,solid,1
1.3.6.1.4.1.14519.5.2.1.6279.6001.166662353777397833477082464008,74825,1569.96,18.78,18.55,18.67,0.8437,0.9878,0.639,0.4932,0.163,0.0552,35.0,60.0,-60.0,110.0,0.12,0.88,0.0,0.616,12.27,solid,1
1.3.6.1.4.1.14519.5.2.1.6279.6001.428038562098395445838061018440,57402,142.0,12.21,7.78,10.0,0.7642,0.6367,0.4012,1.2129,0.99,0.2685,35.0,60.0,-60.0,110.0,0.12,0.88,0.0,0.616,5.51,solid,0
1.3.6.1.4.1.14519.5.2.1.6279.6001.428038562098395445838061018440,3,122.28,11.27,7.19,9.23,0.7539,0.6378,0.4348,1.2923,0.9172,0.2761,35.0,60.0,-60.0,110.0,0.12,0.88,0.0,0.616,5.24,solid,0
1.3.6.1.4.1.14519.5.2.1.6279.6001.326057189095429101398977448288,Nodule 002,386.61,15.59,13.85,14.72,0.7833,0.8887,0.3207,0.8475,1.0298,0.1918,-580.0,75.0,-680.0,-450.0,0.95,0.05,0.0,0.035,2.96,pure_ggn,1
1.3.6.1.4.1.14519.5.2.1.6279.6001.326057189095429101398977448288,Nodule 005,173.95,11.52,8.78,10.15,0.7937,0.7627,0.4342,1.0914,0.6055,0.2057,-220.0,140.0,-520.0,80.0,0.6,0.4,0.0,0.28,4.53,part_solid,0
1.3.6.1.4.1.14519.5.2.1.6279.6001.326057189095429101398977448288,Nodule 007,274.15,11.11,10.05,10.58,0.8316,0.9044,0.6301,0.8952,0.3596,0.1449,35.0,60.0,-60.0,110.0,0.12,0.88,0.0,0.616,6.86,solid,0
1.3.6.1.4.1.14519.5.2.1.6279.6001.326057189095429101398977448288,IL057_167636,62.72,9.37,6.69,8.03,0.7645,0.7138,0.3202,1.592,0.478,0.2399,-220.0,140.0,-520.0,80.0,0.6,0.4,0.0,0.28,3.22,part_solid,0
1.3.6.1.4.1.14519.5.2.1.6279.6001.326057189095429101398977448288,IL057_167625,174.19,12.72,8.41,10.56,0.7968,0.6606,0.393,1.0867,1.1663,0.2781,35.0,60.0,-60.0,110.0,0.12,0.88,0.0,0.616,5.9,solid,0
1.3.6.1.4.1.14519.5.2.1.6279.6001.326057189095429101398977448288,0,517.19,16.73,14.15,15.44,0.7925,0.8459,0.3586,0.7602,0.7924,0.1576,-580.0,75.0,-680.0,-450.0,0.95,0.05,0.0,0.035,3.26,pure_ggn,0
1.3.6.1.4.1.14519.5.2.1.6279.6001.326057189095429101398977448288,1,58.31,7.41,5.72,6.57,0.7986,0.7725,0.5399,1.5615,0.3462,0.2342,35.0,60.0,-60.0,110.0,0.12,0.88,0.0,0.616,4.09,solid,0
1.3.6.1.4.1.14519.5.2.1.6279.6001.326057189095429101398977448288,2,367.25,15.21,10.37,12.79,0.7468,0.6817,0.4603,0.9042,1.3908,0.2432,35.0,60.0,-60.0,110.0,0.12,0.88,0.0,0.616,7.56,solid,0
1.3.6.1.4.1.14519.5.2.1.6279.6001.326057189095429101398977448288,8,211.68,10.64,9.06,9.85,0.8144,0.8516,0.5638,0.9964,0.3458,0.1537,35.0,60.0,-60.0,110.0,0.12,0.88,0.0,0.616,6.29,solid,0
1.3.6.1.4.1.14519.5.2.1.6279.6001.326057189095429101398977448288,9,240.83,11.15,9.46,10.3,0.7833,0.8485,0.628,0.9923,0.5606,0.1875,-580.0,75.0,-680.0,-450.0,0.95,0.05,0.0,0.035,2.53,pure_ggn,0
1.3.6.1.4.1.14519.5.2.1.6279.6001.326057189095429101398977448288,10,203.35,9.82,9.56,9.69,0.7998,0.9737,0.6108,1.0283,0.2845,0.1414,-580.0,75.0,-680.0,-450.0,0.95,0.05,0.0,0.035,2.39,pure_ggn,0
1.3.6.1.4.1.14519.5.2.1.6279.6001.326057189095429101398977448288,11,372.15,12.76,11.03,11.89,0.785,0.8644,0.6271,0.8564,0.6535,0.1746,-580.0,75.0,-680.0,-450.0,0.95,0.05,0.0,0.035,2.92,pure_ggn,0
1.3.6.1.4.1.14519.5.2.1.6279.6001.170921541362033046216100409521,2,46.24,7.32,4.97,6.14,0.7709,0.6788,0.5125,1.7478,0.2191,0.196,35.0,60.0,-60.0,110.0,0.12,0.88,0.0,0.616,3.79,solid,0
1.3.6.1.4.1.14519.5.2.1.6279.6001.170921541362033046216100409521,5,59.11,8.53,4.18,6.35,0.6671,0.4899,0.6596,1.8611,0.6004,0.2851,35.0,60.0,-60.0,110.0,0.12,0.88,0.0,0.616,4.11,solid,0
1.3.6.1.4.1.14519.5.2.1.6279.6001.170921541362033046216100409521,69798,135.36,9.89,7.92,8.91,0.8568,0.8009,0.5686,1.0993,0.4055,0.1881,35.0,60.0,-60.0,110.0,0.12,0.88,0.0,0.616,5.42,solid,0
1.3.6.1.4.1.14519.5.2.1.6279.6001.170921541362033046216100409521,69805,62.32,7.59,5.34,6.47,0.808,0.7031,0.5762,1.5096,0.1756,0.1636,35.0,60.0,-60.0,110.0,0.12,0.88,0.0,0.616,4.19,solid,0
1.3.6.1.4.1.14519.5.2.1.6279.6001.170921541362033046216100409521,Nodule 002,66.15,7.69,6.47,7.08,0.8181,0.8415,0.4878,1.4617,0.2241,0.1774,35.0,60.0,-60.0,110.0,0.12,0.88,0.0,0.616,4.27,solid,1
1.3.6.1.4.1.14519.5.2.1.6279.6001.170921541362033046216100409521,Nodule 004,126.48,10.18,8.62,9.4,0.8266,0.8469,0.4296,1.1655,0.5749,0.2197,35.0,60.0,-60.0,110.0,0.12,0.88,0.0,0.616,5.3,solid,1
1.3.6.1.4.1.14519.5.2.1.6279.6001.170921541362033046216100409521,Nodule 003,36.6,5.34,4.77,5.05,0.8193,0.8938,0.82,1.7777,0.1542,0.1857,35.0,60.0,-60.0,110.0,0.12,0.88,0.0,0.616,3.5,solid,1
1.3.6.1.4.1.14519.5.2.1.6279.6001.324290109423920971676288828329,Nodule 004,42.63,6.45,5.03,5.74,0.8398,0.7797,0.6199,1.6485,0.1604,0.1782,35.0,60.0,-60.0,110.0,0.12,0.88,0.0,0.616,3.69,solid,0
1.3.6.1.4.1.14519.5.2.1.6279.6001.324290109423920971676288828329,Nodule 001,420.91,11.42,9.91,10.66,0.8017,0.8676,1.0,0.8049,1.0948,0.2183,35.0,60.0,-60.0,110.0,0.12,0.88,0.0,0.616,7.91,solid,0
1.3.6.1.4.1.14519.5.2.1.6279.6001.324290109423920971676288828329,Nodule 005,553.7,13.49,12.44,12.97,0.8289,0.9222,0.7413,0.7105,0.5099,0.137,35.0,60.0,-60.0,110.0,0.12,0.88,0.0,0.616,8.67,solid,0
1.3.6.1.4.1.14519.5.2.1.6279.6001.324290109423920971676288828329,IL057_167580,843.04,17.55,12.73,15.14,0.8115,0.7256,0.6269,0.6308,1.0109,0.1662,35.0,60.0,-60.0,110.0,0.12,0.88,0.0,0.616,9.97,solid,1
1.3.6.1.4.1.14519.5.2.1.6279.6001.324290109423920971676288828329,IL057_167583,443.45,12.26,10.72,11.49,0.805,0.8738,0.8154,0.7877,0.715,0.1755,35.0,60.0,-60.0,110.0,0.12,0.88,0.0,0.616,8.05,solid,1
1.3.6.1.4.1.14519.5.2.1.6279.6001.324290109423920971676288828329,IL057_167588,45.57,6.58,5.47,6.02,0.8266,0.8316,0.608,1.638,0.1662,0.1759,35.0,60.0,-60.0,110.0,0.12,0.88,0.0,0.616,3.77,solid,0
1.3.6.1.4.1.14519.5.2.1.6279.6001.324290109423920971676288828329,IL057_167586,586.28,15.48,11.14,13.31,0.8022,0.7198,0.9045,0.7203,3.1191,0.306,35.0,60.0,-60.0,110.0,0.12,0.88,0.0,0.616,8.84,solid,1
1.3.6.1.4.1.14519.5.2.1.6279.6001.324290109423920971676288828329,0,701.43,12.78,11.41,12.09,0.7243,0.8929,1.0,0.7515,2.2125,0.2513,350.0,120.0,50.0,550.0,0.1,0.25,0.65,0.175,6.17,calcified,0
1.3.6.1.4.1.14519.5.2.1.6279.6001.324290109423920971676288828329,1,982.69,18.49,12.86,15.67,0.7854,0.6958,0.7032,0.6193,1.4746,0.1898,350.0,120.0,50.0,550.0,0.1,0.25,0.65,0.175,6.9,calcified,0
1.3.6.1.4.1.14519.5.2.1.6279.6001.324290109423920971676288828329,4,429.24,11.77,11.48,11.63,0.8241,0.9751,0.7645,0.7779,0.132,0.077,35.0,60.0,-60.0,110.0,0.12,0.88,0.0,0.616,7.96,solid,0
1.3.6.1.4.1.14519.5.2.1.6279.6001.238019241099704094018548301753,Nodule 009,103.82,7.38,6.89,7.14,0.8331,0.9328,0.8464,1.235,0.1688,0.1388,35.0,60.0,-60.0,110.0,0.12,0.88,0.0,0.616,4.96,solid,0
1.3.6.1.4.1.14519.5.2.1.6279.6001.238019241099704094018548301753,Nodule 005,149.3,9.8,7.64,8.72,0.8017,0.7795,0.638,1.1371,0.4776,0.2011,35.0,60.0,-60.0,110.0,0.12,0.88,0.0,0.616,5.6,solid,1
1.3.6.1.4.1.14519.5.2.1.6279.6001.238019241099704094018548301753,33441,116.83,9.75,6.85,8.3,0.824,0.7029,0.5771,1.2006,0.3426,0.1806,35.0,60.0,-60.0,110.0,0.12,0.88,0.0,0.616,5.16,solid,0
1.3.6.1.4.1.14519.5.2.1.6279.6001.238019241099704094018548301753,29749,104.74,7.75,6.41,7.08,0.826,0.8267,0.8065,1.242,0.1694,0.1393,35.0,60.0,-60.0,110.0,0.12,0.88,0.0,0.616,4.98,solid,0
1.3.6.1.4.1.14519.5.2.1.6279.6001.258063830035095530590787548770,34163,10972.81,33.9,29.78,31.84,0.8209,0.8786,0.9735,0.2651,2.1549,0.1072,35.0,60.0,-60.0,110.0,0.12,0.88,0.0,0.616,23.46,solid,1
1.3.6.1.4.1.14519.5.2.1.6279.6001.316911475886263032009840828684,Nodule 001,843.19,18.37,13.34,15.86,0.6998,0.7264,0.5879,0.7315,3.77,0.3192,-220.0,140.0,-520.0,80.0,0.6,0.4,0.0,0.28,7.67,part_solid,1
1.3.6.1.4.1.14519.5.2.1.6279.6001.316911475886263032009840828684,10169,944.62,19.92,14.43,17.18,0.6969,0.7246,0.6326,0.7072,3.4981,0.2797,-220.0,140.0,-520.0,80.0,0.6,0.4,0.0,0.28,7.96,part_solid,1
1.3.6.1.4.1.14519.5.2.1.6279.6001.111258527162678142285870245028,2732,630.57,17.83,15.81,16.82,0.7812,0.8865,0.4207,0.7219,1.6311,0.2092,-580.0,75.0,-680.0,-450.0,0.95,0.05,0.0,0.035,3.48,pure_ggn,1
1.3.6.1.4.1.14519.5.2.1.6279.6001.111258527162678142285870245028,Nodule 003,625.67,17.24,13.93,15.58,0.8137,0.8082,0.4351,0.6949,1.2801,0.196,-220.0,140.0,-520.0,80.0,0.6,0.4,0.0,0.28,6.94,part_solid,1
1.3.6.1.4.1.14519.5.2.1.6279.6001.111258527162678142285870245028,IL057_166171,736.53,17.96,15.72,16.84,0.7431,0.8749,0.5567,0.7206,2.4456,0.2516,-580.0,75.0,-680.0,-450.0,0.95,0.05,0.0,0.035,3.67,pure_ggn,1
1.3.6.1.4.1.14519.5.2.1.6279.6001.111258527162678142285870245028,IL057_166418,154.96,12.05,10.04,11.05,0.731,0.8332,0.3111,1.2317,0.665,0.2064,-580.0,75.0,-680.0,-450.0,0.95,0.05,0.0,0.035,2.18,pure_ggn,1
1.3.6.1.4.1.14519.5.2.1.6279.6001.111258527162678142285870245028,IL057_166420,521.24,23.46,16.48,19.97,0.6583,0.7025,0.1598,0.9128,2.9452,0.2449,-580.0,75.0,-680.0,-450.0,0.95,0.05,0.0,0.035,3.27,pure_ggn,1
1.3.6.1.4.1.14519.5.2.1.6279.6001.111258527162678142285870245028,IL057_166421,369.34,19.57,17.61,18.59,0.6883,0.8999,0.1916,0.9793,4.4323,0.3355,-580.0,75.0,-680.0,-450.0,0.95,0.05,0.0,0.035,2.91,pure_ggn,1
1.3.6.1.4.1.14519.5.2.1.6279.6001.111258527162678142285870245028,IL057_166422,543.29,19.62,17.66,18.64,0.6676,0.8999,0.2548,0.8877,2.8808,0.2612,-580.0,75.0,-680.0,-450.0,0.95,0.05,0.0,0.035,3.31,pure_ggn,1
1.3.6.1.4.1.14519.5.2.1.6279.6001.111258527162678142285870245028,IL057_166424,2666.82,28.65,26.16,27.41,0.7536,0.9131,0.349,0.4627,3.5231,0.1892,-580.0,75.0,-680.0,-450.0,0.95,0.05,0.0,0.035,5.63,pure_ggn,1
1.3.6.1.4.1.14519.5.2.1.6279.6001.270215889102603268207599305185,0,545.58,18.17,10.22,14.2,0.7748,0.5622,0.5846,0.7638,3.0921,0.3107,35.0,60.0,-60.0,110.0,0.12,0.88,0.0,0.616,8.63,solid,0
1.3.6.1.4.1.14519.5.2.1.6279.6001.270215889102603268207599305185,4,124.49,7.2,7.07,7.14,0.8038,0.9828,0.9551,1.2049,0.2059,0.1464,35.0,60.0,-60.0,110.0,0.12,0.88,0.0,0.616,5.27,solid,0
1.3.6.1.4.1.14519.5.2.1.6279.6001.270215889102603268207599305185,8,467.95,11.23,10.37,10.8,0.7595,0.9235,1.0,0.8201,1.7385,0.2618,-580.0,75.0,-680.0,-450.0,0.95,0.05,0.0,0.035,3.15,pure_ggn,0
1.3.6.1.4.1.14519.5.2.1.6279.6001.270215889102603268207599305185,Nodule 002,97.08,7.05,6.24,6.65,0.8203,0.8851,0.8864,1.2827,0.1788,0.1472,35.0,60.0,-60.0,110.0,0.12,0.88,0.0,0.616,4.85,solid,1
1.3.6.1.4.1.14519.5.2.1.6279.6001.199261544234308780356714831537,Nodule 001,471.43,14.16,12.33,13.25,0.8307,0.8708,0.5083,0.748,0.3666,0.12,35.0,60.0,-60.0,110.0,0.12,0.88,0.0,0.616,8.22,solid,1
1.3.6.1.4.1.14519.5.2.1.6279.6001.199261544234308780356714831537,59853,389.4,14.54,11.45,13.0,0.7925,0.7875,0.4951,0.8356,0.9555,0.2012,35.0,60.0,-60.0,110.0,0.12,0.88,0.0,0.616,7.71,solid,1
1.3.6.1.4.1.14519.5.2.1.6279.6001.199261544234308780356714831537,59875,193.16,12.73,9.06,10.9,0.7695,0.7114,0.4241,1.0871,1.2939,0.2846,35.0,60.0,-60.0,110.0,0.12,0.88,0.0,0.616,6.1,solid,0
1.3.6.1.4.1.14519.5.2.1.6279.6001.199261544234308780356714831537,MI014_14565,288.85,14.5,9.63,12.07,0.7014,0.6642,0.4965,1.043,1.3962,0.2584,35.0,60.0,-60.0,110.0,0.12,0.88,0.0,0.616,6.98,solid,1
1.3.6.1.4.1.14519.5.2.1.6279.6001.199261544234308780356714831537,MI014_14566,171.11,13.95,9.28,11.61,0.7533,0.6654,0.2581,1.1564,0.8504,0.222,35.0,60.0,-60.0,110.0,0.12,0.88,0.0,0.616,5.86,solid,0
1.3.6.1.4.1.14519.5.2.1.6279.6001.199261544234308780356714831537,3,260.19,13.31,7.83,10.57,0.704,0.5884,0.6764,1.076,1.3553,0.2643,350.0,120.0,50.0,550.0,0.1,0.25,0.65,0.175,4.43,calcified,0
1.3.6.1.4.1.14519.5.2.1.6279.6001.136756942516460150151065708673,74830,610.78,15.43,12.76,14.1,0.7848,0.8269,0.5831,0.7263,0.8267,0.1675,35.0,60.0,-60.0,110.0,0.12,0.88,0.0,0.616,8.96,solid,1
1.3.6.1.4.1.14519.5.2.1.6279.6001.177252583002664900748714851615,06612,5007.19,25.45,23.03,24.24,0.5415,0.905,1.0,0.522,23.9689,0.3863,35.0,60.0,-60.0,110.0,0.12,0.88,0.0,0.616,18.06,solid,1
1.3.6.1.4.1.14519.5.2.1.6279.6001.177252583002664900748714851615,1150,6457.28,28.28,26.66,27.47,0.6501,0.9426,1.0,0.3995,8.1687,0.2345,35.0,60.0,-60.0,110.0,0.12,0.88,0.0,0.616,19.66,solid,1
1.3.6.1.4.1.14519.5.2.1.6279.6001.177252583002664900748714851615,1183,490.92,14.48,12.13,13.31,0.8166,0.8382,0.6907,0.7507,1.5298,0.2348,-220.0,140.0,-520.0,80.0,0.6,0.4,0.0,0.28,6.4,part_solid,1
1.3.6.1.4.1.14519.5.2.1.6279.6001.177252583002664900748714851615,Nodule 002,241.94,13.85,12.84,13.35,0.7499,0.927,0.2707,1.035,0.805,0.1898,35.0,60.0,-60.0,110.0,0.12,0.88,0.0,0.616,6.58,solid,1
1.3.6.1.4.1.14519.5.2.1.6279.6001.294188507421106424248264912111,Nodule 002,459.68,13.71,10.35,12.03,0.8123,0.7552,0.7295,0.7714,0.8536,0.1883,35.0,60.0,-60.0,110.0,0.12,0.88,0.0,0.616,8.15,solid,1
1.3.6.1.4.1.14519.5.2.1.6279.6001.294188507421106424248264912111,Nodule 001,126.48,10.78,8.66,9.72,0.7886,0.8035,0.348,1.2217,0.3822,0.1756,35.0,60.0,-60.0,110.0,0.12,0.88,0.0,0.616,5.3,solid,1
1.3.6.1.4.1.14519.5.2.1.6279.6001.294188507421106424248264912111,Nodule 003,115.46,8.23,7.76,8.0,0.8075,0.9438,0.6077,1.2298,0.1998,0.1443,35.0,60.0,-60.0,110.0,0.12,0.88,0.0,0.616,5.14,solid,1
1.3.6.1.4.1.14519.5.2.1.6279.6001.294188507421106424248264912111,Nodule 004,105.35,11.65,9.69,10.67,0.7291,0.8317,0.2146,1.4044,0.276,0.1392,35.0,60.0,-60.0,110.0,0.12,0.88,0.0,0.616,4.99,solid,1
1.3.6.1.4.1.14519.5.2.1.6279.6001.294188507421106424248264912111,9236,177.01,10.92,9.11,10.02,0.8225,0.834,0.4577,1.0471,0.3951,0.1685,35.0,60.0,-60.0,110.0,0.12,0.88,0.0,0.616,5.93,solid,1
1.3.6.1.4.1.14519.5.2.1.6279.6001.294188507421106424248264912111,9224,494.29,13.91,9.56,11.73,0.7847,0.6872,0.8088,0.7795,1.1179,0.2093,35.0,60.0,-60.0,110.0,0.12,0.88,0.0,0.616,8.35,solid,1
1.3.6.1.4.1.14519.5.2.1.6279.6001.294188507421106424248264912111,9229,187.73,8.81,8.29,8.55,0.8083,0.9409,0.8513,1.0448,0.1916,0.1222,35.0,60.0,-60.0,110.0,0.12,0.88,0.0,0.616,6.04,solid,1
1.3.6.1.4.1.14519.5.2.1.6279.6001.123697637451437522065941162930,5491,6798.44,35.03,27.3,31.17,0.761,0.7795,0.6424,0.3354,7.4327,0.2205,-580.0,75.0,-680.0,-450.0,0.95,0.05,0.0,0.035,7.69,pure_ggn,1
1.3.6.1.4.1.14519.5.2.1.6279.6001.123697637451437522065941162930,IL057_196081,3924.59,30.38,23.69,27.03,0.7434,0.78,0.6173,0.4124,8.199,0.2729,-220.0,140.0,-520.0,80.0,0.6,0.4,0.0,0.28,12.8,part_solid,1
1.3.6.1.4.1.14519.5.2.1.6279.6001.123697637451437522065941162930,03376,8086.22,33.81,29.17,31.49,0.7861,0.8627,0.7395,0.3065,5.254,0.1792,35.0,60.0,-60.0,110.0,0.12,0.88,0.0,0.616,21.19,solid,1
1.3.6.1.4.1.14519.5.2.1.6279.6001.123697637451437522065941162930,Nodule 001,4881.93,30.33,27.98,29.16,0.7432,0.9225,0.5357,0.3835,4.5436,0.1932,35.0,60.0,-60.0,110.0,0.12,0.88,0.0,0.616,17.91,solid,1
1.3.6.1.4.1.14519.5.2.1.6279.6001.154677396354641150280013275227,34969,1698.58,20.03,14.6,17.32,0.7919,0.7289,0.8986,0.5118,1.2551,0.1492,35.0,60.0,-60.0,110.0,0.12,0.88,0.0,0.616,12.6,solid,0
1.3.6.1.4.1.14519.5.2.1.6279.6001.154677396354641150280013275227,Nodule 001,2055.55,21.65,17.18,19.42,0.7506,0.7933,0.7851,0.5067,2.2609,0.1851,35.0,60.0,-60.0,110.0,0.12,0.88,0.0,0.616,13.42,solid,1
1.3.6.1.4.1.14519.5.2.1.6279.6001.154677396354641150280013275227,8170,1409.24,21.44,15.26,18.35,0.7257,0.712,0.6531,0.5943,2.3508,0.2067,350.0,120.0,50.0,550.0,0.1,0.25,0.65,0.175,7.78,calcified,1
1.3.6.1.4.1.14519.5.2.1.6279.6001.406508755509460310384282367044,57493,748.96,16.55,12.72,14.64,0.7081,0.7688,0.725,0.752,1.6262,0.2146,35.0,60.0,-60.0,110.0,0.12,0.88,0.0,0.616,9.59,solid,1
1.3.6.1.4.1.14519.5.2.1.6279.6001.406508755509460310384282367044,57496,282.24,10.07,7.13,8.6,0.7671,0.7084,1.0,0.9611,0.5861,0.1818,35.0,60.0,-60.0,110.0,0.12,0.88,0.0,0.616,6.92,solid,0
1.3.6.1.4.1.14519.5.2.1.6279.6001.406508755509460310384282367044,57505,214.62,9.97,7.43,8.7,0.779,0.7447,0.9025,1.0368,0.5257,0.1914,35.0,60.0,-60.0,110.0,0.12,0.88,0.0,0.616,6.32,solid,0
1.3.6.1.4.1.14519.5.2.1.6279.6001.406508755509460310384282367044,57499,247.69,9.87,6.75,8.31,0.7379,0.6845,1.0,1.0435,2.0297,0.3189,35.0,60.0,-60.0,110.0,0.12,0.88,0.0,0.616,6.63,solid,0
1.3.6.1.4.1.14519.5.2.1.6279.6001.406508755509460310384282367044,57507,155.08,9.93,6.16,8.04,0.7503,0.6202,0.9064,1.1997,0.4842,0.197,35.0,60.0,-60.0,110.0,0.12,0.88,0.0,0.616,5.67,solid,0
1.3.6.1.4.1.14519.5.2.1.6279.6001.406508755509460310384282367044,40025,612.99,16.89,11.16,14.03,0.754,0.6606,0.5327,0.7551,1.065,0.188,35.0,60.0,-60.0,110.0,0.12,0.88,0.0,0.616,8.97,solid,1
1.3.6.1.4.1.14519.5.2.1.6279.6001.406508755509460310384282367044,3,206.53,10.5,8.89,9.69,0.8008,0.8463,0.5715,1.0217,0.163,0.109,35.0,60.0,-60.0,110.0,0.12,0.88,0.0,0.616,6.24,solid,1
1.3.6.1.4.1.14519.5.2.1.6279.6001.406508755509460310384282367044,4,249.9,9.8,8.27,9.03,0.7324,0.8435,1.0,1.0483,0.9956,0.2358,35.0,60.0,-60.0,110.0,0.12,0.88,0.0,0.616,6.65,solid,0
1.3.6.1.4.1.14519.5.2.1.6279.6001.406508755509460310384282367044,6,125.68,7.6,5.84,6.72,0.7424,0.7682,1.0,1.3004,0.4145,0.1962,35.0,60.0,-60.0,110.0,0.12,0.88,0.0,0.616,5.29,solid,0
1.3.6.1.4.1.14519.5.2.1.6279.6001.322682676064999314374885526223,14003,255.04,9.43,8.44,8.94,0.7771,0.8952,0.9544,0.9812,0.4858,0.177,35.0,60.0,-60.0,110.0,0.12,0.88,0.0,0.616,6.69,solid,0
1.3.6.1.4.1.14519.5.2.1.6279.6001.322682676064999314374885526223,14000,301.35,10.48,9.02,9.75,0.7852,0.8609,0.8586,0.9187,0.7522,0.2087,35.0,60.0,-60.0,110.0,0.12,0.88,0.0,0.616,7.08,solid,0
1.3.6.1.4.1.14519.5.2.1.6279.6001.322682676064999314374885526223,13997,1168.65,22.47,14.26,18.36,0.7599,0.6348,0.5342,0.6042,3.9061,0.2768,35.0,60.0,-60.0,110.0,0.12,0.88,0.0,0.616,11.12,solid,1
1.3.6.1.4.1.14519.5.2.1.6279.6001.322682676064999314374885526223,14011,18.62,5.39,4.97,5.18,0.8147,0.9224,0.3713,2.2395,0.0427,0.1175,35.0,60.0,-60.0,110.0,0.12,0.88,0.0,0.616,2.8,solid,0
1.3.6.1.4.1.14519.5.2.1.6279.6001.322682676064999314374885526223,50557,21.07,6.51,4.73,5.62,0.7801,0.7266,0.3074,2.2444,0.1407,0.1964,35.0,60.0,-60.0,110.0,0.12,0.88,0.0,0.616,2.92,solid,0
1.3.6.1.4.1.14519.5.2.1.6279.6001.322682676064999314374885526223,50559,1070.16,22.93,15.15,19.04,0.7627,0.6607,0.3925,0.6199,3.0403,0.2469,35.0,60.0,-60.0,110.0,0.12,0.88,0.0,0.616,10.8,solid,1
1.3.6.1.4.1.14519.5.2.1.6279.6001.322682676064999314374885526223,13396,152.14,8.53,7.98,8.26,0.843,0.9348,0.7031,1.0745,0.0539,0.0715,35.0,60.0,-60.0,110.0,0.12,0.88,0.0,0.616,5.64,solid,0
1.3.6.1.4.1.14519.5.2.1.6279.6001.122763913896761494371822656720,4848,34.3,5.25,3.82,4.54,0.7517,0.7272,0.9516,1.9801,0.0626,0.1246,-220.0,140.0,-520.0,80.0,0.6,0.4,0.0,0.28,2.64,part_solid,0
1.3.6.1.4.1.14519.5.2.1.6279.6001.439153572396640163898529626096,57771,450.36,16.07,13.73,14.9,0.7982,0.8543,0.3484,0.7904,0.7645,0.1609,35.0,60.0,-60.0,110.0,0.12,0.88,0.0,0.616,8.09,solid,0
1.3.6.1.4.1.14519.5.2.1.6279.6001.439153572396640163898529626096,44881,498.04,16.53,13.78,15.16,0.8039,0.8337,0.4234,0.7589,1.6061,0.2291,350.0,120.0,50.0,550.0,0.1,0.25,0.65,0.175,5.5,calcified,0
1.3.6.1.4.1.14519.5.2.1.6279.6001.124154461048929153767743874565,0,147.74,8.27,7.3,7.79,0.757,0.8833,1.0,1.2085,0.5159,0.2034,35.0,60.0,-60.0,110.0,0.12,0.88,0.0,0.616,5.58,solid,0
1.3.6.1.4.1.14519.5.2.1.6279.6001.231002159523969307155990628066,IL057_166096,302.57,11.59,10.66,11.12,0.8245,0.9195,0.6471,0.8737,0.4754,0.1598,350.0,120.0,50.0,550.0,0.1,0.25,0.65,0.175,4.66,calcified,0
1.3.6.1.4.1.14519.5.2.1.6279.6001.231002159523969307155990628066,IL057_166404,56.96,8.26,7.48,7.87,0.7929,0.9065,0.3028,1.5851,0.1191,0.1231,350.0,120.0,50.0,550.0,0.1,0.25,0.65,0.175,2.67,calcified,0
1.3.6.1.4.1.14519.5.2.1.6279.6001.231002159523969307155990628066,3504,407.62,13.46,10.7,12.08,0.8256,0.7955,0.7432,0.79,0.8985,0.1941,350.0,120.0,50.0,550.0,0.1,0.25,0.65,0.175,5.15,calcified,0
1.3.6.1.4.1.14519.5.2.1.6279.6001.231002159523969307155990628066,68554,381.89,12.95,10.63,11.79,0.8325,0.8211,0.7722,0.8006,0.9176,0.2004,350.0,120.0,50.0,550.0,0.1,0.25,0.65,0.175,5.03,calcified,0
1.3.6.1.4.1.14519.5.2.1.6279.6001.231002159523969307155990628066,68562,59.11,6.86,6.46,6.66,0.8539,0.9424,0.5469,1.4539,0.0662,0.1023,350.0,120.0,50.0,550.0,0.1,0.25,0.65,0.175,2.7,calcified,0
1.3.6.1.4.1.14519.5.2.1.6279.6001.231002159523969307155990628066,68560,56.04,8.26,7.45,7.85,0.7953,0.9015,0.3026,1.5889,0.127,0.1275,350.0,120.0,50.0,550.0,0.1,0.25,0.65,0.175,2.66,calcified,0
1.3.6.1.4.1.14519.5.2.1.6279.6001.231002159523969307155990628066,Nodule 001,172.11,10.8,7.52,9.16,0.8098,0.6966,0.5786,1.0736,0.5546,0.2083,35.0,60.0,-60.0,110.0,0.12,0.88,0.0,0.616,5.87,solid,0
1.3.6.1.4.1.14519.5.2.1.6279.6001.231002159523969307155990628066,Nodule 003,42.26,7.76,6.17,6.96,0.802,0.7949,0.3223,1.7311,0.2275,0.1924,350.0,120.0,50.0,550.0,0.1,0.25,0.65,0.175,2.42,calcified,0
1.3.6.1.4.1.14519.5.2.1.6279.6001.231002159523969307155990628066,Nodule 004,363.82,12.79,10.42,11.61,0.8245,0.815,0.7819,0.8216,1.0227,0.2132,35.0,60.0,-60.0,110.0,0.12,0.88,0.0,0.616,7.54,solid,1
1.3.6.1.4.1.14519.5.2.1.6279.6001.235381170872316280538332229850,Nodule 005,275.62,14.94,8.34,11.64,0.7745,0.558,0.4016,0.9595,1.1961,0.2503,35.0,60.0,-60.0,110.0,0.12,0.88,0.0,0.616,6.87,solid,0
1.3.6.1.4.1.14519.5.2.1.6279.6001.235381170872316280538332229850,13228,86.73,6.89,5.83,6.36,0.7484,0.8456,1.0,1.4598,0.2586,0.1714,35.0,60.0,-60.0,110.0,0.12,0.88,0.0,0.616,4.67,solid,0
1.3.6.1.4.1.14519.5.2.1.6279.6001.235381170872316280538332229850,2,97.02,7.79,5.93,6.86,0.8054,0.7621,0.7707,1.3067,0.1404,0.1332,35.0,60.0,-60.0,110.0,0.12,0.88,0.0,0.616,4.85,solid,0
1.3.6.1.4.1.14519.5.2.1.6279.6001.334166493392278943610545989413,1070,154.79,9.26,7.99,8.62,0.8,0.8627,0.9722,1.1259,0.7471,0.2392,35.0,60.0,-60.0,110.0,0.12,0.88,0.0,0.616,5.67,solid,0
1.3.6.1.4.1.14519.5.2.1.6279.6001.725023183844147505748475581290,54667,3509.87,29.35,17.94,23.64,0.4712,0.611,0.9198,0.6753,10.1065,0.2987,35.0,60.0,-60.0,110.0,0.12,0.88,0.0,0.616,16.04,solid,1
1.3.6.1.4.1.14519.5.2.1.6279.6001.725023183844147505748475581290,Nodule 001,1875.23,27.38,15.09,21.23,0.6172,0.5512,0.5844,0.6354,7.733,0.3283,35.0,60.0,-60.0,110.0,0.12,0.88,0.0,0.616,13.02,solid,1
1.3.6.1.4.1.14519.5.2.1.6279.6001.725023183844147505748475581290,9268,2998.55,30.78,17.02,23.9,0.4513,0.5529,0.8771,0.7431,11.2751,0.3157,35.0,60.0,-60.0,110.0,0.12,0.88,0.0,0.616,15.22,solid,1
1.3.6.1.4.1.14519.5.2.1.6279.6001.302403227435841351528721627052,IL057_156855,115.46,9.61,9.23,9.42,0.7933,0.9604,0.3904,1.2519,0.3292,0.1683,35.0,60.0,-60.0,110.0,0.12,0.88,0.0,0.616,5.14,solid,1
1.3.6.1.4.1.14519.5.2.1.6279.6001.302403227435841351528721627052,Nodule 002,98.31,8.85,8.17,8.51,0.8236,0.9226,0.4237,1.2722,0.1242,0.1125,35.0,60.0,-60.0,110.0,0.12,0.88,0.0,0.616,4.87,solid,1
1.3.6.1.4.1.14519.5.2.1.6279.6001.302403227435841351528721627052,Nodule 003,55.74,8.73,6.92,7.82,0.7874,0.7923,0.2864,1.6078,0.1438,0.1355,35.0,60.0,-60.0,110.0,0.12,0.88,0.0,0.616,4.03,solid,1
1.3.6.1.4.1.14519.5.2.1.6279.6001.303865116731361029078599241306,Nodule 002,180.07,14.89,7.06,10.97,0.7285,0.4741,0.3359,1.1755,2.0459,0.3549,35.0,60.0,-60.0,110.0,0.12,0.88,0.0,0.616,5.96,solid,0
1.3.6.1.4.1.14519.5.2.1.6279.6001.316900421002460665752357657094,Nodule 001,10178.28,45.41,34.3,39.86,0.5516,0.7553,0.5725,0.4045,22.5038,0.3224,35.0,60.0,-60.0,110.0,0.12,0.88,0.0,0.616,22.88,solid,1
1.3.6.1.4.1.14519.5.2.1.6279.6001.316900421002460665752357657094,Nodule 002,869.26,16.42,12.04,14.23,0.7306,0.7335,0.9745,0.6936,2.5361,0.2535,35.0,60.0,-60.0,110.0,0.12,0.88,0.0,0.616,10.07,solid,1
1.3.6.1.4.1.14519.5.2.1.6279.6001.316900421002460665752357657094,5022,15121.89,48.73,39.25,43.99,0.5645,0.8054,0.5335,0.3464,24.6537,0.3068,35.0,60.0,-60.0,110.0,0.12,0.88,0.0,0.616,26.11,solid,1
1.3.6.1.4.1.14519.5.2.1.6279.6001.316900421002460665752357657094,3060,8232.0,44.99,30.37,37.68,0.7204,0.6751,0.489,0.3325,18.2789,0.3052,35.0,60.0,-60.0,110.0,0.12,0.88,0.0,0.616,21.32,solid,1
1.3.6.1.4.1.14519.5.2.1.6279.6001.316900421002460665752357657094,0,6818.84,44.07,27.3,35.69,0.7244,0.6194,0.5899,0.3521,17.0697,0.3028,35.0,60.0,-60.0,110.0,0.12,0.88,0.0,0.616,20.02,solid,1
1.3.6.1.4.1.14519.5.2.1.6279.6001.316900421002460665752357657094,1,253.33,10.63,7.08,8.86,0.6272,0.6654,1.0,1.2185,2.6027,0.3386,35.0,60.0,-60.0,110.0,0.12,0.88,0.0,0.616,6.68,solid,0
1.3.6.1.4.1.14519.5.2.1.6279.6001.159996104466052855396410079250,Nodule 001,1092.09,20.18,13.17,16.68,0.6498,0.6526,0.6193,0.7226,3.8167,0.3,35.0,60.0,-60.0,110.0,0.12,0.88,0.0,0.616,10.87,solid,1
1.3.6.1.4.1.14519.5.2.1.6279.6001.159996104466052855396410079250,4245,2089.85,39.0,16.07,27.53,0.5018,0.4121,0.7052,0.7538,11.0372,0.2743,35.0,60.0,-60.0,110.0,0.12,0.88,0.0,0.616,13.5,solid,1
1.3.6.1.4.1.14519.5.2.1.6279.6001.159996104466052855396410079250,2970,69.52,7.4,6.86,7.13,0.8108,0.9273,0.5071,1.4505,0.1255,0.1317,350.0,120.0,50.0,550.0,0.1,0.25,0.65,0.175,2.85,calcified,0
1.3.6.1.4.1.14519.5.2.1.6279.6001.159996104466052855396410079250,2959,100.76,8.98,6.69,7.83,0.8456,0.7446,0.6959,1.229,0.2718,0.1684,35.0,60.0,-60.0,110.0,0.12,0.88,0.0,0.616,4.91,solid,0
1.3.6.1.4.1.14519.5.2.1.6279.6001.159996104466052855396410079250,2950,130.16,9.99,5.73,7.86,0.7051,0.5735,0.7509,1.3533,0.8344,0.2705,35.0,60.0,-60.0,110.0,0.12,0.88,0.0,0.616,5.35,solid,0
1.3.6.1.4.1.14519.5.2.1.6279.6001.104577655443617884345707415897,12573,110.25,8.67,6.12,7.4,0.7908,0.7067,0.6923,1.2753,0.2914,0.182,35.0,60.0,-60.0,110.0,0.12,0.88,0.0,0.616,5.06,solid,0
1.3.6.1.4.1.14519.5.2.1.6279.6001.104577655443617884345707415897,12577,115.39,7.91,5.78,6.85,0.7679,0.7304,1.0,1.2936,0.3312,0.1817,35.0,60.0,-60.0,110.0,0.12,0.88,0.0,0.616,5.14,solid,0
1.3.6.1.4.1.14519.5.2.1.6279.6001.104577655443617884345707415897,12600,47.53,8.68,7.39,8.04,0.7573,0.8516,0.2303,1.7629,0.0561,0.0851,35.0,60.0,-60.0,110.0,0.12,0.88,0.0,0.616,3.82,solid,0
1.3.6.1.4.1.14519.5.2.1.6279.6001.104577655443617884345707415897,12604,568.15,22.36,10.85,16.61,0.636,0.4855,0.4026,0.9181,5.6219,0.3785,35.0,60.0,-60.0,110.0,0.12,0.88,0.0,0.616,8.74,solid,1
1.3.6.1.4.1.14519.5.2.1.6279.6001.104577655443617884345707415897,12608,159.49,9.64,7.97,8.8,0.7413,0.8265,0.6225,1.2029,0.3446,0.1731,35.0,60.0,-60.0,110.0,0.12,0.88,0.0,0.616,5.73,solid,0
1.3.6.1.4.1.14519.5.2.1.6279.6001.104577655443617884345707415897,16728,835.69,15.8,12.43,14.11,0.7995,0.7869,0.7597,0.6422,0.7563,0.148,35.0,60.0,-60.0,110.0,0.12,0.88,0.0,0.616,9.94,solid,1
1.3.6.1.4.1.14519.5.2.1.6279.6001.104577655443617884345707415897,16737,289.59,12.03,8.79,10.41,0.7751,0.7307,0.7479,0.943,0.555,0.1753,35.0,60.0,-60.0,110.0,0.12,0.88,0.0,0.616,6.98,solid,1
1.3.6.1.4.1.14519.5.2.1.6279.6001.104577655443617884345707415897,2,727.65,15.11,11.43,13.27,0.7449,0.7564,0.7941,0.7218,1.0728,0.1833,-580.0,75.0,-680.0,-450.0,0.95,0.05,0.0,0.035,3.65,pure_ggn,0
1.3.6.1.4.1.14519.5.2.1.6279.6001.315187221221054114974341475212,Nodule 003,65.17,7.48,6.37,6.92,0.8413,0.8517,0.535,1.4283,0.314,0.2131,35.0,60.0,-60.0,110.0,0.12,0.88,0.0,0.616,4.25,solid,0
1.3.6.1.4.1.14519.5.2.1.6279.6001.315187221221054114974341475212,Nodule 001,48.75,6.06,5.91,5.98,0.8496,0.9757,0.6602,1.5581,0.1395,0.1604,35.0,60.0,-60.0,110.0,0.12,0.88,0.0,0.616,3.86,solid,0
1.3.6.1.4.1.14519.5.2.1.6279.6001.315187221221054114974341475212,Nodule 004,38.71,5.25,4.52,4.89,0.809,0.8613,0.9519,1.7671,0.2038,0.2099,35.0,60.0,-60.0,110.0,0.12,0.88,0.0,0.616,3.57,solid,0
1.3.6.1.4.1.14519.5.2.1.6279.6001.315187221221054114974341475212,0,61.25,7.92,5.91,6.92,0.7788,0.7467,0.5052,1.5752,0.3564,0.2273,35.0,60.0,-60.0,110.0,0.12,0.88,0.0,0.616,4.16,solid,0
1.3.6.1.4.1.14519.5.2.1.6279.6001.315187221221054114974341475212,5,30.38,5.02,4.28,4.65,0.6797,0.8537,0.9966,2.2801,0.2282,0.2303,35.0,60.0,-60.0,110.0,0.12,0.88,0.0,0.616,3.29,solid,0
1.3.6.1.4.1.14519.5.2.1.6279.6001.266462563888243192390432002410,7436,9116.2,45.85,27.05,36.45,0.577,0.5901,0.7852,0.4012,23.1166,0.3333,35.0,60.0,-60.0,110.0,0.12,0.88,0.0,0.616,22.05,solid,1
1.3.6.1.4.1.14519.5.2.1.6279.6001.266462563888243192390432002410,13216,3314.85,31.36,20.1,25.73,0.7641,0.641,0.574,0.4245,8.508,0.2886,35.0,60.0,-60.0,110.0,0.12,0.88,0.0,0.616,15.74,solid,1
1.3.6.1.4.1.14519.5.2.1.6279.6001.266462563888243192390432002410,21342,7810.84,38.31,26.99,32.65,0.6987,0.7045,0.6264,0.3488,10.4038,0.2484,35.0,60.0,-60.0,110.0,0.12,0.88,0.0,0.616,20.95,solid,1
1.3.6.1.4.1.14519.5.2.1.6279.6001.266462563888243192390432002410,21346,2065.35,29.66,16.81,23.24,0.7685,0.5668,0.5057,0.4941,10.2096,0.3583,35.0,60.0,-60.0,110.0,0.12,0.88,0.0,0.616,13.44,solid,1
1.3.6.1.4.1.14519.5.2.1.6279.6001.266462563888243192390432002410,1736,11427.04,43.18,30.16,36.67,0.7599,0.6984,0.8337,0.2826,10.8,0.22,35.0,60.0,-60.0,110.0,0.12,0.88,0.0,0.616,23.78,solid,1
1.3.6.1.4.1.14519.5.2.1.6279.6001.266462563888243192390432002410,1831,2826.07,31.5,19.15,25.33,0.7563,0.6078,0.6666,0.4522,10.5366,0.3254,35.0,60.0,-60.0,110.0,0.12,0.88,0.0,0.616,14.93,solid,1
1.3.6.1.4.1.14519.5.2.1.6279.6001.266462563888243192390432002410,0,9117.67,45.63,27.16,36.4,0.5786,0.5953,0.789,0.4001,22.9864,0.3333,35.0,60.0,-60.0,110.0,0.12,0.88,0.0,0.616,22.05,solid,1
1.3.6.1.4.1.14519.5.2.1.6279.6001.266462563888243192390432002410,10,2063.88,29.65,16.81,23.23,0.7683,0.567,0.5058,0.4944,10.2157,0.3585,-220.0,140.0,-520.0,80.0,0.6,0.4,0.0,0.28,10.33,part_solid,1
1.3.6.1.4.1.14519.5.2.1.6279.6001.199220738144407033276946096708,13501,57.57,7.37,6.24,6.81,0.823,0.8465,0.5424,1.5218,0.2201,0.183,35.0,60.0,-60.0,110.0,0.12,0.88,0.0,0.616,4.08,solid,0
1.3.6.1.4.1.14519.5.2.1.6279.6001.199220738144407033276946096708,Nodule 001,120.78,8.39,8.28,8.33,0.8344,0.9866,0.5961,1.1725,0.1914,0.1368,35.0,60.0,-60.0,110.0,0.12,0.88,0.0,0.616,5.22,solid,1
1.3.6.1.4.1.14519.5.2.1.6279.6001.199220738144407033276946096708,14060,43.85,6.25,5.8,6.03,0.8246,0.9284,0.64,1.6631,0.1602,0.1738,35.0,60.0,-60.0,110.0,0.12,0.88,0.0,0.616,3.72,solid,1
1.3.6.1.4.1.14519.5.2.1.6279.6001.199220738144407033276946096708,1,91.14,7.71,6.78,7.25,0.8058,0.8795,0.7779,1.3335,0.1545,0.1358,35.0,60.0,-60.0,110.0,0.12,0.88,0.0,0.616,4.75,solid,0
1.3.6.1.4.1.14519.5.2.1.6279.6001.130438550890816550994739120843,6976,130.16,9.07,8.39,8.73,0.7915,0.9244,0.5512,1.2057,0.3397,0.1765,-220.0,140.0,-520.0,80.0,0.6,0.4,0.0,0.28,4.11,part_solid,0
1.3.6.1.4.1.14519.5.2.1.6279.6001.130438550890816550994739120843,Nodule 002,123.11,8.84,8.39,8.62,0.828,0.9491,0.5654,1.1741,0.2816,0.1629,35.0,60.0,-60.0,110.0,0.12,0.88,0.0,0.616,5.25,solid,1
1.3.6.1.4.1.14519.5.2.1.6279.6001.130438550890816550994739120843,Nodule 001,34.3,7.05,6.05,6.55,0.7799,0.8585,0.3545,1.9086,0.3417,0.2538,35.0,60.0,-60.0,110.0,0.12,0.88,0.0,0.616,3.43,solid,0
1.3.6.1.4.1.14519.5.2.1.6279.6001.323753921818102744511069914832,Nodule 001,5609.43,33.06,23.31,28.18,0.7235,0.705,0.8318,0.3762,8.8369,0.251,35.0,60.0,-60.0,110.0,0.12,0.88,0.0,0.616,18.76,solid,1
1.3.6.1.4.1.14519.5.2.1.6279.6001.323753921818102744511069914832,Nodule 002,498.42,15.64,14.62,15.13,0.7071,0.9352,0.4397,0.8625,2.4489,0.2864,35.0,60.0,-60.0,110.0,0.12,0.88,0.0,0.616,8.37,solid,1
1.3.6.1.4.1.14519.5.2.1.6279.6001.323753921818102744511069914832,20972,5195.53,32.72,24.29,28.5,0.7426,0.7423,0.8022,0.376,9.3643,0.2624,35.0,60.0,-60.0,110.0,0.12,0.88,0.0,0.616,18.28,solid,1
1.3.6.1.4.1.14519.5.2.1.6279.6001.323753921818102744511069914832,0,5774.34,42.57,23.46,33.02,0.5531,0.5512,0.8221,0.4874,26.1804,0.3779,35.0,60.0,-60.0,110.0,0.12,0.88,0.0,0.616,18.94,solid,0
1.3.6.1.4.1.14519.5.2.1.6279.6001.323753921818102744511069914832,11786,352.34,14.75,12.05,13.4,0.656,0.8167,0.5931,1.0437,2.5873,0.3154,-220.0,140.0,-520.0,80.0,0.6,0.4,0.0,0.28,5.73,part_solid,0
1.3.6.1.4.1.14519.5.2.1.6279.6001.111496024928645603833332252962,Nodule 004,111.17,10.52,6.27,8.39,0.8054,0.5953,0.4751,1.2488,0.671,0.2562,35.0,60.0,-60.0,110.0,0.12,0.88,0.0,0.616,5.08,solid,0
1.3.6.1.4.1.14519.5.2.1.6279.6001.111496024928645603833332252962,Nodule 003,135.67,8.98,7.1,8.04,0.8056,0.7906,0.8353,1.1682,0.593,0.2279,35.0,60.0,-60.0,110.0,0.12,0.88,0.0,0.616,5.42,solid,0
1.3.6.1.4.1.14519.5.2.1.6279.6001.111496024928645603833332252962,Nodule 002,42.14,9.24,6.18,7.71,0.7549,0.6686,0.2163,1.841,0.2076,0.17,35.0,60.0,-60.0,110.0,0.12,0.88,0.0,0.616,3.67,solid,0
1.3.6.1.4.1.14519.5.2.1.6279.6001.111496024928645603833332252962,Nodule 008,104.43,9.74,8.15,8.95,0.8072,0.8363,0.3848,1.2722,0.3669,0.1862,35.0,60.0,-60.0,110.0,0.12,0.88,0.0,0.616,4.97,solid,0
1.3.6.1.4.1.14519.5.2.1.6279.6001.111496024928645603833332252962,54263,114.54,8.27,6.47,7.37,0.787,0.7825,0.9067,1.2652,0.6743,0.2543,35.0,60.0,-60.0,110.0,0.12,0.88,0.0,0.616,5.13,solid,0
1.3.6.1.4.1.14519.5.2.1.6279.6001.160124400349792614505500125883,Nodule 003,480.81,10.12,9.24,9.68,0.7447,0.9135,1.0,0.8289,4.2705,0.3573,35.0,60.0,-60.0,110.0,0.12,0.88,0.0,0.616,8.27,solid,0
1.3.6.1.4.1.14519.5.2.1.6279.6001.160124400349792614505500125883,33443,336.87,9.28,8.07,8.67,0.755,0.8701,1.0,0.9205,2.2031,0.3064,35.0,60.0,-60.0,110.0,0.12,0.88,0.0,0.616,7.35,solid,0
1.3.6.1.4.1.14519.5.2.1.6279.6001.160124400349792614505500125883,17,350.35,9.61,8.29,8.95,0.7361,0.8628,1.0,0.9319,1.7767,0.2737,35.0,60.0,-60.0,110.0,0.12,0.88,0.0,0.616,7.44,solid,1
1.3.6.1.4.1.14519.5.2.1.6279.6001.271220641987745483198036913951,57469,766.95,25.0,14.56,19.78,0.6374,0.5823,0.5879,0.8289,7.6276,0.3715,35.0,60.0,-60.0,110.0,0.12,0.88,0.0,0.616,9.66,solid,0
1.3.6.1.4.1.14519.5.2.1.6279.6001.271220641987745483198036913951,40001,95.87,9.79,8.25,9.02,0.7661,0.8427,0.429,1.3793,0.9086,0.2936,35.0,60.0,-60.0,110.0,0.12,0.88,0.0,0.616,4.83,solid,0
1.3.6.1.4.1.14519.5.2.1.6279.6001.271220641987745483198036913951,40010,591.85,22.45,14.76,18.61,0.7438,0.6574,0.3741,0.7743,4.9805,0.334,35.0,60.0,-60.0,110.0,0.12,0.88,0.0,0.616,8.86,solid,0
1.3.6.1.4.1.14519.5.2.1.6279.6001.271220641987745483198036913951,5,825.26,22.83,15.22,19.02,0.7201,0.6665,0.5213,0.7159,5.0643,0.3167,35.0,60.0,-60.0,110.0,0.12,0.88,0.0,0.616,9.9,solid,1
1.3.6.1.4.1.14519.5.2.1.6279.6001.387954549120924524005910602207,Nodule 005,110.49,9.65,8.16,8.91,0.8176,0.8449,0.4143,1.2326,0.3025,0.168,35.0,60.0,-60.0,110.0,0.12,0.88,0.0,0.616,5.07,solid,0
1.3.6.1.4.1.14519.5.2.1.6279.6001.387954549120924524005910602207,Nodule 002,116.37,9.13,7.11,8.12,0.7818,0.7791,0.5476,1.2669,0.3319,0.1848,35.0,60.0,-60.0,110.0,0.12,0.88,0.0,0.616,5.15,solid,0
1.3.6.1.4.1.14519.5.2.1.6279.6001.387954549120924524005910602207,0,186.2,10.8,9.01,9.9,0.713,0.8341,0.4631,1.1877,0.5732,0.2048,35.0,60.0,-60.0,110.0,0.12,0.88,0.0,0.616,6.03,solid,0
1.3.6.1.4.1.14519.5.2.1.6279.6001.157537616155071783765339942952,80877,1242.88,23.42,14.17,18.8,0.8087,0.6051,0.5123,0.5562,2.5046,0.2178,35.0,60.0,-60.0,110.0,0.12,0.88,0.0,0.616,11.35,solid,0
1.3.6.1.4.1.14519.5.2.1.6279.6001.157537616155071783765339942952,80881,379.26,10.85,10.5,10.68,0.8525,0.968,0.8294,0.7837,0.1157,0.0768,350.0,120.0,50.0,550.0,0.1,0.25,0.65,0.175,5.02,calcified,0
1.3.6.1.4.1.14519.5.2.1.6279.6001.157537616155071783765339942952,80887,163.9,7.78,7.39,7.58,0.851,0.95,1.0,1.0383,0.1401,0.1093,350.0,120.0,50.0,550.0,0.1,0.25,0.65,0.175,3.8,calcified,0
1.3.6.1.4.1.14519.5.2.1.6279.6001.157537616155071783765339942952,80884,374.85,11.11,10.57,10.84,0.8388,0.9519,0.8104,0.7996,0.1715,0.093,350.0,120.0,50.0,550.0,0.1,0.25,0.65,0.175,5.0,calcified,0
1.3.6.1.4.1.14519.5.2.1.6279.6001.157537616155071783765339942952,81858,182.28,8.11,6.93,7.52,0.7871,0.8541,1.0,1.0836,0.4052,0.1801,350.0,120.0,50.0,550.0,0.1,0.25,0.65,0.175,3.93,calcified,0
1.3.6.1.4.1.14519.5.2.1.6279.6001.157537616155071783765339942952,85434,185.95,9.52,8.85,9.19,0.8332,0.9303,0.6305,1.0169,0.1579,0.1126,350.0,120.0,50.0,550.0,0.1,0.25,0.65,0.175,3.96,calcified,0
1.3.6.1.4.1.14519.5.2.1.6279.6001.157537616155071783765339942952,85431,133.77,8.07,7.82,7.95,0.8422,0.9694,0.7433,1.1227,0.0915,0.0966,350.0,120.0,50.0,550.0,0.1,0.25,0.65,0.175,3.55,calcified,0
1.3.6.1.4.1.14519.5.2.1.6279.6001.157537616155071783765339942952,15606,251.37,9.05,8.52,8.78,0.8175,0.9413,0.9944,0.9373,0.2318,0.1237,350.0,120.0,50.0,550.0,0.1,0.25,0.65,0.175,4.38,calcified,0
1.3.6.1.4.1.14519.5.2.1.6279.6001.157537616155071783765339942952,15609,83.05,6.3,6.17,6.24,0.8236,0.9791,0.9519,1.3458,0.0572,0.0911,350.0,120.0,50.0,550.0,0.1,0.25,0.65,0.175,3.03,calcified,0
1.3.6.1.4.1.14519.5.2.1.6279.6001.157537616155071783765339942952,15603,163.17,9.09,8.69,8.89,0.8613,0.956,0.6601,1.0276,0.1641,0.1187,350.0,120.0,50.0,550.0,0.1,0.25,0.65,0.175,3.79,calcified,0
1.3.6.1.4.1.14519.5.2.1.6279.6001.157537616155071783765339942952,0,197.71,8.13,7.7,7.92,0.8089,0.948,1.0,1.0262,0.1705,0.1144,350.0,120.0,50.0,550.0,0.1,0.25,0.65,0.175,4.04,calcified,0
1.3.6.1.4.1.14519.5.2.1.6279.6001.157537616155071783765339942952,4,142.59,7.8,6.67,7.24,0.7724,0.8549,1.0,1.1984,0.2476,0.1501,350.0,120.0,50.0,550.0,0.1,0.25,0.65,0.175,3.63,calcified,0
1.3.6.1.4.1.14519.5.2.1.6279.6001.272343160521796269119503632549,77529,6059.34,48.05,32.09,40.07,0.6056,0.6678,0.4371,0.438,28.1989,0.3738,35.0,60.0,-60.0,110.0,0.12,0.88,0.0,0.616,19.25,solid,0
1.3.6.1.4.1.14519.5.2.1.6279.6001.272343160521796269119503632549,77537,249.9,9.79,8.83,9.31,0.8419,0.9016,0.919,0.912,0.1213,0.0886,35.0,60.0,-60.0,110.0,0.12,0.88,0.0,0.616,6.65,solid,0
1.3.6.1.4.1.14519.5.2.1.6279.6001.272343160521796269119503632549,77533,1574.37,24.89,15.18,20.03,0.7514,0.6099,0.6028,0.5532,4.5847,0.2744,35.0,60.0,-60.0,110.0,0.12,0.88,0.0,0.616,12.28,solid,1
1.3.6.1.4.1.14519.5.2.1.6279.6001.272343160521796269119503632549,77542,94.81,6.91,6.18,6.55,0.8337,0.8944,0.8682,1.2721,0.0396,0.073,35.0,60.0,-60.0,110.0,0.12,0.88,0.0,0.616,4.81,solid,0
1.3.6.1.4.1.14519.5.2.1.6279.6001.272343160521796269119503632549,74907,829.08,26.42,14.59,20.51,0.6709,0.5523,0.2271,0.7673,4.7706,0.2971,35.0,60.0,-60.0,110.0,0.12,0.88,0.0,0.616,9.92,solid,1
1.3.6.1.4.1.14519.5.2.1.6279.6001.272343160521796269119503632549,10175,1603.77,29.66,17.28,23.47,0.7773,0.5827,0.4046,0.5315,7.1355,0.3099,35.0,60.0,-60.0,110.0,0.12,0.88,0.0,0.616,12.36,solid,1
1.3.6.1.4.1.14519.5.2.1.6279.6001.272343160521796269119503632549,11,1190.7,26.62,13.98,20.3,0.7358,0.5253,0.4508,0.6201,5.2688,0.2991,35.0,60.0,-60.0,110.0,0.12,0.88,0.0,0.616,11.19,solid,1
1.3.6.1.4.1.14519.5.2.1.6279.6001.272343160521796269119503632549,12,163.17,7.39,7.03,7.21,0.775,0.9516,1.0,1.1419,0.2237,0.1392,35.0,60.0,-60.0,110.0,0.12,0.88,0.0,0.616,5.77,solid,0
1.3.6.1.4.1.14519.5.2.1.6279.6001.690929968028676628605553365896,0,1560.16,18.04,16.62,17.33,0.7689,0.9214,0.8871,0.5423,0.8935,0.1294,35.0,60.0,-60.0,110.0,0.12,0.88,0.0,0.616,12.24,solid,0
1.3.6.1.4.1.14519.5.2.1.6279.6001.690929968028676628605553365896,3048,2196.67,19.77,19.09,19.43,0.8324,0.9658,0.8093,0.4469,0.1971,0.0552,35.0,60.0,-60.0,110.0,0.12,0.88,0.0,0.616,13.72,solid,1
1.3.6.1.4.1.14519.5.2.1.6279.6001.690929968028676628605553365896,4349,1940.89,18.42,17.71,18.06,0.8464,0.9613,0.9772,0.4581,0.2221,0.061,35.0,60.0,-60.0,110.0,0.12,0.88,0.0,0.616,13.17,solid,1
1.3.6.1.4.1.14519.5.2.1.6279.6001.690929968028676628605553365896,Nodule 001,2799.86,22.12,20.94,21.53,0.8308,0.9466,0.7234,0.413,0.3773,0.0702,35.0,60.0,-60.0,110.0,0.12,0.88,0.0,0.616,14.88,solid,1
1.3.6.1.4.1.14519.5.2.1.6279.6001.121108220866971173712229588402,Nodule 002,125.56,10.05,8.99,9.52,0.8123,0.8944,0.3733,1.189,0.1665,0.1176,35.0,60.0,-60.0,110.0,0.12,0.88,0.0,0.616,5.29,solid,1
1.3.6.1.4.1.14519.5.2.1.6279.6001.121108220866971173712229588402,IL057_69834,41.65,6.93,6.64,6.78,0.772,0.9584,0.3608,1.8072,0.115,0.1397,35.0,60.0,-60.0,110.0,0.12,0.88,0.0,0.616,3.66,solid,0
1.3.6.1.4.1.14519.5.2.1.6279.6001.236452051640243530449001532111,Nodule 001,155.82,12.04,7.66,9.85,0.8316,0.6363,0.4982,1.0807,0.979,0.2685,35.0,60.0,-60.0,110.0,0.12,0.88,0.0,0.616,5.68,solid,1
1.3.6.1.4.1.14519.5.2.1.6279.6001.236452051640243530449001532111,Nodule 003,228.58,9.19,8.56,8.88,0.7995,0.9318,0.9791,0.9893,0.275,0.1388,350.0,120.0,50.0,550.0,0.1,0.25,0.65,0.175,4.24,calcified,0
1.3.6.1.4.1.14519.5.2.1.6279.6001.236452051640243530449001532111,13258,293.26,10.65,8.83,9.74,0.7999,0.8289,0.8452,0.91,0.3112,0.1346,350.0,120.0,50.0,550.0,0.1,0.25,0.65,0.175,4.61,calcified,0
1.3.6.1.4.1.14519.5.2.1.6279.6001.236452051640243530449001532111,1,293.26,10.65,8.83,9.74,0.7999,0.8289,0.8452,0.91,0.3112,0.1346,350.0,120.0,50.0,550.0,0.1,0.25,0.65,0.175,4.61,calcified,0
1.3.6.1.4.1.14519.5.2.1.6279.6001.272042302501586336192628818865,0,103.88,8.26,6.88,7.57,0.8134,0.8329,0.726,1.2648,0.2973,0.1793,-580.0,75.0,-680.0,-450.0,0.95,0.05,0.0,0.035,1.91,pure_ggn,0
1.3.6.1.4.1.14519.5.2.1.6279.6001.272042302501586336192628818865,2,79.87,7.91,6.69,7.3,0.8149,0.8459,0.6322,1.3781,0.284,0.1884,-580.0,75.0,-680.0,-450.0,0.95,0.05,0.0,0.035,1.75,pure_ggn,0
1.3.6.1.4.1.14519.5.2.1.6279.6001.908250781706513856628130123235,Nodule 002,117.29,9.96,8.91,9.43,0.8101,0.8941,0.3765,1.2195,0.36,0.1757,35.0,60.0,-60.0,110.0,0.12,0.88,0.0,0.616,5.17,solid,0
1.3.6.1.4.1.14519.5.2.1.6279.6001.908250781706513856628130123235,Nodule 001,287.26,16.65,15.23,15.94,0.6751,0.9147,0.2253,1.0857,2.8267,0.3085,35.0,60.0,-60.0,110.0,0.12,0.88,0.0,0.616,6.97,solid,1
1.3.6.1.4.1.14519.5.2.1.6279.6001.908250781706513856628130123235,0869,201.82,10.55,9.34,9.94,0.8587,0.8852,0.5925,0.9601,0.3074,0.1452,35.0,60.0,-60.0,110.0,0.12,0.88,0.0,0.616,6.19,solid,1
1.3.6.1.4.1.14519.5.2.1.6279.6001.908250781706513856628130123235,0873,91.57,8.49,8.11,8.3,0.8286,0.9558,0.4418,1.2949,0.1707,0.1357,350.0,120.0,50.0,550.0,0.1,0.25,0.65,0.175,3.13,calcified,0
1.3.6.1.4.1.14519.5.2.1.6279.6001.908250781706513856628130123235,04656,58.19,7.2,6.21,6.71,0.8349,0.8626,0.5208,1.4949,0.1263,0.1411,350.0,120.0,50.0,550.0,0.1,0.25,0.65,0.175,2.69,calcified,0
1.3.6.1.4.1.14519.5.2.1.6279.6001.908250781706513856628130123235,IL057_196266,356.17,18.13,13.25,15.69,0.7554,0.7307,0.3447,0.9031,3.2933,0.3296,-220.0,140.0,-520.0,80.0,0.6,0.4,0.0,0.28,5.75,part_solid,1
1.3.6.1.4.1.14519.5.2.1.6279.6001.908250781706513856628130123235,IL057_196271,131.38,9.61,8.52,9.06,0.85,0.8868,0.5205,1.1192,0.3514,0.1756,35.0,60.0,-60.0,110.0,0.12,0.88,0.0,0.616,5.37,solid,0
1.3.6.1.4.1.14519.5.2.1.6279.6001.908250781706513856628130123235,IL057_201251,43.79,7.66,6.22,6.94,0.7652,0.812,0.3265,1.793,0.1484,0.155,350.0,120.0,50.0,550.0,0.1,0.25,0.65,0.175,2.45,calcified,0
1.3.6.1.4.1.14519.5.2.1.6279.6001.112020141051733785092412736928,70290,585.06,14.91,12.07,13.49,0.8393,0.8096,0.6036,0.6889,0.4297,0.124,350.0,120.0,50.0,550.0,0.1,0.25,0.65,0.175,5.8,calcified,0
1.3.6.1.4.1.14519.5.2.1.6279.6001.112020141051733785092412736928,69534,260.92,12.51,9.28,10.9,0.8277,0.7417,0.4795,0.9143,0.2867,0.1303,350.0,120.0,50.0,550.0,0.1,0.25,0.65,0.175,4.43,calcified,0
1.3.6.1.4.1.14519.5.2.1.6279.6001.112020141051733785092412736928,14289,482.89,13.43,10.72,12.08,0.8376,0.7987,0.6703,0.7359,0.3015,0.113,350.0,120.0,50.0,550.0,0.1,0.25,0.65,0.175,5.44,calcified,0
1.3.6.1.4.1.14519.5.2.1.6279.6001.170344311940983984999167745197,2860,5283.91,23.62,20.74,22.18,0.786,0.8779,1.0,0.3532,4.6593,0.1953,35.0,60.0,-60.0,110.0,0.12,0.88,0.0,0.616,18.39,solid,1
1.3.6.1.4.1.14519.5.2.1.6279.6001.147979688121667984912633630926,70351,6441.54,33.49,23.99,28.74,0.7696,0.7163,0.8957,0.3377,15.1912,0.3084,35.0,60.0,-60.0,110.0,0.12,0.88,0.0,0.616,19.64,solid,1
1.3.6.1.4.1.14519.5.2.1.6279.6001.147979688121667984912633630926,4,77.91,6.84,6.0,6.42,0.7707,0.8772,0.8777,1.4692,0.1473,0.1441,35.0,60.0,-60.0,110.0,0.12,0.88,0.0,0.616,4.51,solid,0
1.3.6.1.4.1.14519.5.2.1.6279.6001.249450003033735700817635168066,Nodule 009,224.03,10.14,8.85,9.5,0.8347,0.873,0.7101,0.954,0.1897,0.1145,-220.0,140.0,-520.0,80.0,0.6,0.4,0.0,0.28,4.93,part_solid,1
1.3.6.1.4.1.14519.5.2.1.6279.6001.249450003033735700817635168066,68374,166.26,12.68,9.77,11.22,0.7424,0.7705,0.2839,1.1847,0.4613,0.1691,-580.0,75.0,-680.0,-450.0,0.95,0.05,0.0,0.035,2.23,pure_ggn,0
1.3.6.1.4.1.14519.5.2.1.6279.6001.249450003033735700817635168066,68360,62.62,8.33,6.5,7.42,0.8283,0.7797,0.4319,1.4702,0.4251,0.2437,35.0,60.0,-60.0,110.0,0.12,0.88,0.0,0.616,4.19,solid,0
1.3.6.1.4.1.14519.5.2.1.6279.6001.249450003033735700817635168066,68353,250.49,11.01,9.85,10.43,0.8532,0.8942,0.6537,0.8992,0.2584,0.1253,35.0,60.0,-60.0,110.0,0.12,0.88,0.0,0.616,6.65,solid,1
1.3.6.1.4.1.14519.5.2.1.6279.6001.249450003033735700817635168066,68345,84.23,8.96,7.5,8.23,0.8225,0.8371,0.4019,1.3413,0.2959,0.1829,35.0,60.0,-60.0,110.0,0.12,0.88,0.0,0.616,4.63,solid,0
1.3.6.1.4.1.14519.5.2.1.6279.6001.249450003033735700817635168066,0,133.62,8.55,6.89,7.72,0.8059,0.8061,0.8424,1.1737,0.1691,0.1267,35.0,60.0,-60.0,110.0,0.12,0.88,0.0,0.616,5.4,solid,0
1.3.6.1.4.1.14519.5.2.1.6279.6001.249450003033735700817635168066,1,165.82,9.27,8.23,8.75,0.7793,0.8876,0.7767,1.1295,0.2712,0.1472,-580.0,75.0,-680.0,-450.0,0.95,0.05,0.0,0.035,2.23,pure_ggn,0
1.3.6.1.4.1.14519.5.2.1.6279.6001.249450003033735700817635168066,3,122.16,9.49,7.27,8.38,0.7923,0.7665,0.5692,1.2301,0.3689,0.1886,35.0,60.0,-60.0,110.0,0.12,0.88,0.0,0.616,5.24,solid,0
1.3.6.1.4.1.14519.5.2.1.6279.6001.249450003033735700817635168066,4,126.57,9.66,7.24,8.45,0.7993,0.7501,0.5593,1.205,0.3272,0.1752,35.0,60.0,-60.0,110.0,0.12,0.88,0.0,0.616,5.3,solid,0
1.3.6.1.4.1.14519.5.2.1.6279.6001.249450003033735700817635168066,5,312.23,11.68,10.42,11.05,0.8318,0.8924,0.6166,0.857,0.2095,0.1062,35.0,60.0,-60.0,110.0,0.12,0.88,0.0,0.616,7.16,solid,0
1.3.6.1.4.1.14519.5.2.1.6279.6001.125067060506283419853742462394,Nodule 004,71.05,7.43,5.61,6.52,0.8134,0.7547,1.0,1.4355,0.3986,0.224,-220.0,140.0,-520.0,80.0,0.6,0.4,0.0,0.28,3.36,part_solid,0
1.3.6.1.4.1.14519.5.2.1.6279.6001.179209990684978588019929720099,206836,251.86,11.24,9.99,10.61,0.8235,0.8889,0.5339,0.9299,0.1713,0.1015,35.0,60.0,-60.0,110.0,0.12,0.88,0.0,0.616,6.67,solid,1
1.3.6.1.4.1.14519.5.2.1.6279.6001.179209990684978588019929720099,206841,94.81,8.58,7.71,8.15,0.8112,0.8991,0.4662,1.3073,0.2529,0.1656,35.0,60.0,-60.0,110.0,0.12,0.88,0.0,0.616,4.81,solid,0
1.3.6.1.4.1.14519.5.2.1.6279.6001.179209990684978588019929720099,196549,43.36,6.14,5.0,5.57,0.8294,0.8146,0.6518,1.6597,0.0801,0.1273,35.0,60.0,-60.0,110.0,0.12,0.88,0.0,0.616,3.71,solid,0
1.3.6.1.4.1.14519.5.2.1.6279.6001.179209990684978588019929720099,196543,54.14,6.58,4.82,5.7,0.8348,0.7328,0.7597,1.5312,0.1085,0.1379,350.0,120.0,50.0,550.0,0.1,0.25,0.65,0.175,2.63,calcified,0
1.3.6.1.4.1.14519.5.2.1.6279.6001.179209990684978588019929720099,196553,39.44,5.96,5.07,5.51,0.8278,0.851,0.6713,1.7161,0.1479,0.175,35.0,60.0,-60.0,110.0,0.12,0.88,0.0,0.616,3.59,solid,0
1.3.6.1.4.1.14519.5.2.1.6279.6001.179209990684978588019929720099,205789,20.33,4.75,4.22,4.49,0.8316,0.8877,0.6311,2.1306,0.0412,0.1167,350.0,120.0,50.0,550.0,0.1,0.25,0.65,0.175,1.89,calcified,0
1.3.6.1.4.1.14519.5.2.1.6279.6001.179209990684978588019929720099,205790,36.75,5.42,4.89,5.15,0.8467,0.902,0.7383,1.7179,0.0376,0.0929,350.0,120.0,50.0,550.0,0.1,0.25,0.65,0.175,2.31,calcified,0
1.3.6.1.4.1.14519.5.2.1.6279.6001.179209990684978588019929720099,205791,57.08,6.67,6.0,6.34,0.8424,0.9006,0.5999,1.4909,0.0578,0.0978,350.0,120.0,50.0,550.0,0.1,0.25,0.65,0.175,2.67,calcified,0
1.3.6.1.4.1.14519.5.2.1.6279.6001.179209990684978588019929720099,15562,140.63,14.05,10.02,12.03,0.6921,0.7135,0.2136,1.3437,1.5228,0.2943,35.0,60.0,-60.0,110.0,0.12,0.88,0.0,0.616,5.49,solid,1
1.3.6.1.4.1.14519.5.2.1.6279.6001.179209990684978588019929720099,4,59.78,6.42,5.44,5.93,0.7733,0.848,0.779,1.5994,0.0872,0.1201,35.0,60.0,-60.0,110.0,0.12,0.88,0.0,0.616,4.13,solid,0
1.3.6.1.4.1.14519.5.2.1.6279.6001.179209990684978588019929720099,14,70.8,6.79,5.34,6.07,0.7845,0.787,0.8839,1.4902,0.2535,0.1904,35.0,60.0,-60.0,110.0,0.12,0.88,0.0,0.616,4.37,solid,0
1.3.6.1.4.1.14519.5.2.1.6279.6001.179209990684978588019929720099,16,116.37,7.97,6.96,7.47,0.7781,0.8734,0.8783,1.2729,0.3579,0.1899,35.0,60.0,-60.0,110.0,0.12,0.88,0.0,0.616,5.15,solid,0
1.3.6.1.4.1.14519.5.2.1.6279.6001.179209990684978588019929720099,17,42.63,5.26,4.73,4.99,0.782,0.9003,0.9515,1.7704,0.0789,0.1284,35.0,60.0,-60.0,110.0,0.12,0.88,0.0,0.616,3.69,solid,0
1.3.6.1.4.1.14519.5.2.1.6279.6001.292868422368935585625620199750,1,252.84,12.11,8.07,10.09,0.7633,0.6665,0.743,1.002,0.6621,0.1974,35.0,60.0,-60.0,110.0,0.12,0.88,0.0,0.616,6.68,solid,0
1.3.6.1.4.1.14519.5.2.1.6279.6001.292868422368935585625620199750,3,434.38,12.58,11.2,11.89,0.7168,0.8903,0.9541,0.8908,0.6358,0.1586,350.0,120.0,50.0,550.0,0.1,0.25,0.65,0.175,5.26,calcified,0
1.3.6.1.4.1.14519.5.2.1.6279.6001.292868422368935585625620199750,3211,732.79,14.08,12.95,13.52,0.8199,0.9193,0.852,0.6542,0.2218,0.0839,350.0,120.0,50.0,550.0,0.1,0.25,0.65,0.175,6.26,calcified,0
1.3.6.1.4.1.14519.5.2.1.6279.6001.292868422368935585625620199750,3237,299.88,12.76,10.61,11.69,0.7864,0.832,0.4703,0.9188,0.2994,0.1258,35.0,60.0,-60.0,110.0,0.12,0.88,0.0,0.616,7.07,solid,1
1.3.6.1.4.1.14519.5.2.1.6279.6001.292868422368935585625620199750,4642,838.63,14.98,13.57,14.28,0.8304,0.9053,0.8008,0.6176,0.3668,0.1033,350.0,120.0,50.0,550.0,0.1,0.25,0.65,0.175,6.54,calcified,0
1.3.6.1.4.1.14519.5.2.1.6279.6001.292868422368935585625620199750,4939,625.48,12.91,11.4,12.15,0.7874,0.8834,0.9298,0.7182,0.6708,0.1543,35.0,60.0,-60.0,110.0,0.12,0.88,0.0,0.616,9.03,solid,0
1.3.6.1.4.1.14519.5.2.1.6279.6001.449780571702869645673186059985,80380,258.23,10.75,7.43,9.09,0.7678,0.6908,0.9298,0.989,0.7919,0.2154,35.0,60.0,-60.0,110.0,0.12,0.88,0.0,0.616,6.72,solid,0
1.3.6.1.4.1.14519.5.2.1.6279.6001.449780571702869645673186059985,80386,52.67,5.98,5.27,5.63,0.8231,0.8813,0.8359,1.5673,0.1662,0.1726,35.0,60.0,-60.0,110.0,0.12,0.88,0.0,0.616,3.96,solid,0
1.3.6.1.4.1.14519.5.2.1.6279.6001.449780571702869645673186059985,80385,98.98,5.33,4.44,4.89,0.6937,0.8331,1.0,1.507,2.0634,0.3925,-580.0,75.0,-680.0,-450.0,0.95,0.05,0.0,0.035,1.88,pure_ggn,0
1.3.6.1.4.1.14519.5.2.1.6279.6001.449780571702869645673186059985,80375,506.17,11.21,8.51,9.86,0.6847,0.7593,1.0,0.8862,2.8383,0.3043,35.0,60.0,-60.0,110.0,0.12,0.88,0.0,0.616,8.41,solid,0
1.3.6.1.4.1.14519.5.2.1.6279.6001.449780571702869645673186059985,16494,310.9,11.65,9.16,10.4,0.7337,0.7865,0.7727,0.973,0.7362,0.1965,35.0,60.0,-60.0,110.0,0.12,0.88,0.0,0.616,7.15,solid,1
1.3.6.1.4.1.14519.5.2.1.6279.6001.449780571702869645673186059985,16493,412.58,9.13,8.16,8.64,0.694,0.8943,1.0,0.936,4.0698,0.3588,35.0,60.0,-60.0,110.0,0.12,0.88,0.0,0.616,7.86,solid,1
1.3.6.1.4.1.14519.5.2.1.6279.6001.449780571702869645673186059985,0,308.21,11.39,8.14,9.77,0.7753,0.7147,0.8777,0.9234,1.0675,0.2393,35.0,60.0,-60.0,110.0,0.12,0.88,0.0,0.616,7.13,solid,1
1.3.6.1.4.1.14519.5.2.1.6279.6001.449780571702869645673186059985,6,63.21,4.48,3.89,4.19,0.6388,0.8692,1.0,1.9005,2.0971,0.4259,35.0,60.0,-60.0,110.0,0.12,0.88,0.0,0.616,4.21,solid,0
1.3.6.1.4.1.14519.5.2.1.6279.6001.440226700369921575481834344455,Nodule 001,1305.36,18.3,16.21,17.25,0.7592,0.8855,0.6885,0.5828,1.3079,0.1665,35.0,60.0,-60.0,110.0,0.12,0.88,0.0,0.616,11.54,solid,1
1.3.6.1.4.1.14519.5.2.1.6279.6001.440226700369921575481834344455,13380,832.17,16.2,14.27,15.24,0.7488,0.8814,0.6668,0.6866,0.9977,0.1651,35.0,60.0,-60.0,110.0,0.12,0.88,0.0,0.616,9.93,solid,1
1.3.6.1.4.1.14519.5.2.1.6279.6001.440226700369921575481834344455,MI014_537,1204.37,18.87,16.65,17.76,0.8087,0.8825,0.5724,0.562,0.7737,0.1286,35.0,60.0,-60.0,110.0,0.12,0.88,0.0,0.616,11.23,solid,1
1.3.6.1.4.1.14519.5.2.1.6279.6001.184412674007117333405073397832,IL057_166246,276.85,12.21,10.15,11.18,0.8241,0.8319,0.512,0.9003,0.4413,0.1566,350.0,120.0,50.0,550.0,0.1,0.25,0.65,0.175,4.52,calcified,0
1.3.6.1.4.1.14519.5.2.1.6279.6001.184412674007117333405073397832,68637,367.81,12.25,9.72,10.98,0.8139,0.7936,0.6124,0.8292,0.5469,0.1688,350.0,120.0,50.0,550.0,0.1,0.25,0.65,0.175,4.97,calcified,0
1.3.6.1.4.1.14519.5.2.1.6279.6001.207544473852086582434957174616,0,1723.57,25.09,19.0,22.05,0.7517,0.757,0.4782,0.5366,3.7505,0.2376,35.0,60.0,-60.0,110.0,0.12,0.88,0.0,0.616,12.66,solid,1
1.3.6.1.4.1.14519.5.2.1.6279.6001.207544473852086582434957174616,12344,1011.36,16.75,15.24,15.99,0.8021,0.9098,0.7165,0.6006,0.9083,0.1498,-220.0,140.0,-520.0,80.0,0.6,0.4,0.0,0.28,8.15,part_solid,0
1.3.6.1.4.1.14519.5.2.1.6279.6001.207544473852086582434957174616,16333,1382.53,22.93,19.33,21.13,0.7481,0.8432,0.3926,0.5803,2.1497,0.1906,35.0,60.0,-60.0,110.0,0.12,0.88,0.0,0.616,11.76,solid,1
1.3.6.1.4.1.14519.5.2.1.6279.6001.802846969823720586279982179144,14415,724.71,16.83,13.26,15.05,0.8124,0.7878,0.5347,0.6627,0.7079,0.146,35.0,60.0,-60.0,110.0,0.12,0.88,0.0,0.616,9.48,solid,1
1.3.6.1.4.1.14519.5.2.1.6279.6001.802846969823720586279982179144,50495,1016.5,19.37,15.9,17.64,0.8232,0.8208,0.4646,0.5842,0.8124,0.1363,35.0,60.0,-60.0,110.0,0.12,0.88,0.0,0.616,10.61,solid,1
1.3.6.1.4.1.14519.5.2.1.6279.6001.149594025507110912206042203576,80842,6039.49,40.93,26.58,33.75,0.7273,0.6493,0.5131,0.3651,13.374,0.2893,35.0,60.0,-60.0,110.0,0.12,0.88,0.0,0.616,19.22,solid,1
1.3.6.1.4.1.14519.5.2.1.6279.6001.149594025507110912206042203576,85393,1933.05,22.87,18.04,20.45,0.8203,0.7887,0.7871,0.4733,3.4926,0.2281,35.0,60.0,-60.0,110.0,0.12,0.88,0.0,0.616,13.15,solid,1
1.3.6.1.4.1.14519.5.2.1.6279.6001.149594025507110912206042203576,4,1135.57,17.47,16.23,16.85,0.7844,0.9289,0.6868,0.591,1.0824,0.1578,35.0,60.0,-60.0,110.0,0.12,0.88,0.0,0.616,11.01,solid,1
1.3.6.1.4.1.14519.5.2.1.6279.6001.149594025507110912206042203576,5,2414.47,25.94,17.87,21.91,0.7551,0.6887,0.5782,0.4774,4.28,0.2406,35.0,60.0,-60.0,110.0,0.12,0.88,0.0,0.616,14.16,solid,1
1.3.6.1.4.1.14519.5.2.1.6279.6001.205615524269596458818376243313,167100,21.44,4.8,4.39,4.59,0.8519,0.9134,0.6508,2.0435,0.0546,0.1306,350.0,120.0,50.0,550.0,0.1,0.25,0.65,0.175,1.93,calcified,0
1.3.6.1.4.1.14519.5.2.1.6279.6001.326084450802794941185111945926,80523,3738.21,28.61,17.71,23.16,0.783,0.619,0.8388,0.398,5.2617,0.228,35.0,60.0,-60.0,110.0,0.12,0.88,0.0,0.616,16.38,solid,1
1.3.6.1.4.1.14519.5.2.1.6279.6001.326084450802794941185111945926,80519,3498.6,22.92,20.35,21.63,0.8231,0.8877,1.0,0.387,2.8061,0.1736,35.0,60.0,-60.0,110.0,0.12,0.88,0.0,0.616,16.03,solid,1
1.3.6.1.4.1.14519.5.2.1.6279.6001.326084450802794941185111945926,80529,585.79,12.85,11.11,11.98,0.8349,0.8645,0.9341,0.6922,0.7214,0.1625,350.0,120.0,50.0,550.0,0.1,0.25,0.65,0.175,5.81,calcified,0
1.3.6.1.4.1.14519.5.2.1.6279.6001.326084450802794941185111945926,80536,190.36,9.69,8.84,9.27,0.8475,0.9129,0.6193,0.9919,0.154,0.1104,350.0,120.0,50.0,550.0,0.1,0.25,0.65,0.175,3.99,calcified,0
1.3.6.1.4.1.14519.5.2.1.6279.6001.326084450802794941185111945926,85087,430.71,11.92,10.98,11.45,0.81,0.9212,0.7549,0.7906,0.2629,0.1104,350.0,120.0,50.0,550.0,0.1,0.25,0.65,0.175,5.24,calcified,0
1.3.6.1.4.1.14519.5.2.1.6279.6001.326084450802794941185111945926,16612,803.35,12.65,11.72,12.19,0.7898,0.9262,1.0,0.6586,0.857,0.1605,35.0,60.0,-60.0,110.0,0.12,0.88,0.0,0.616,9.81,solid,1
1.3.6.1.4.1.14519.5.2.1.6279.6001.326084450802794941185111945926,16622,338.1,10.64,10.05,10.35,0.8185,0.9446,0.8457,0.8481,0.207,0.1055,35.0,60.0,-60.0,110.0,0.12,0.88,0.0,0.616,7.35,solid,1
1.3.6.1.4.1.14519.5.2.1.6279.6001.326084450802794941185111945926,16608,4024.86,29.08,18.53,23.8,0.7878,0.6372,0.8254,0.3859,4.8433,0.2146,35.0,60.0,-60.0,110.0,0.12,0.88,0.0,0.616,16.79,solid,1
1.3.6.1.4.1.14519.5.2.1.6279.6001.326084450802794941185111945926,16618,477.75,13.59,11.61,12.6,0.7872,0.8542,0.6622,0.7859,0.7034,0.1683,350.0,120.0,50.0,550.0,0.1,0.25,0.65,0.175,5.43,calcified,0
1.3.6.1.4.1.14519.5.2.1.6279.6001.326084450802794941185111945926,16604,4648.14,25.18,22.64,23.91,0.7778,0.899,1.0,0.3726,6.2446,0.2325,35.0,60.0,-60.0,110.0,0.12,0.88,0.0,0.616,17.62,solid,1
1.3.6.1.4.1.14519.5.2.1.6279.6001.326084450802794941185111945926,0,650.47,12.54,9.98,11.26,0.7738,0.7959,1.0,0.7213,1.0782,0.1882,35.0,60.0,-60.0,110.0,0.12,0.88,0.0,0.616,9.15,solid,0
1.3.6.1.4.1.14519.5.2.1.6279.6001.326084450802794941185111945926,3,546.84,11.78,9.81,10.79,0.7703,0.8325,1.0,0.7677,1.2848,0.2131,350.0,120.0,50.0,550.0,0.1,0.25,0.65,0.175,5.68,calcified,0
1.3.6.1.4.1.14519.5.2.1.6279.6001.326084450802794941185111945926,4,393.96,11.43,10.46,10.94,0.8092,0.9148,0.7875,0.8153,0.23,0.1067,35.0,60.0,-60.0,110.0,0.12,0.88,0.0,0.616,7.74,solid,0
1.3.6.1.4.1.14519.5.2.1.6279.6001.326084450802794941185111945926,5,3894.76,28.42,18.02,23.22,0.7602,0.6339,0.95,0.4043,5.355,0.2237,35.0,60.0,-60.0,110.0,0.12,0.88,0.0,0.616,16.61,solid,0
1.3.6.1.4.1.14519.5.2.1.6279.6001.326084450802794941185111945926,6,3642.66,21.82,20.37,21.09,0.7739,0.9335,1.0,0.4061,4.3839,0.2112,35.0,60.0,-60.0,110.0,0.12,0.88,0.0,0.616,16.24,solid,0
1.3.6.1.4.1.14519.5.2.1.6279.6001.618434772073433276874225174904,IL057_69279,121.27,12.58,9.8,11.19,0.6676,0.7789,0.3975,1.4635,1.9444,0.3577,35.0,60.0,-60.0,110.0,0.12,0.88,0.0,0.616,5.23,solid,0
1.3.6.1.4.1.14519.5.2.1.6279.6001.618434772073433276874225174904,0941,69.82,12.41,6.39,9.4,0.5332,0.5146,0.3021,2.2025,1.5928,0.3736,35.0,60.0,-60.0,110.0,0.12,0.88,0.0,0.616,4.35,solid,1
1.3.6.1.4.1.14519.5.2.1.6279.6001.618434772073433276874225174904,0780,146.69,12.73,7.57,10.15,0.7415,0.5943,0.3928,1.2367,1.2433,0.2971,35.0,60.0,-60.0,110.0,0.12,0.88,0.0,0.616,5.57,solid,0
1.3.6.1.4.1.14519.5.2.1.6279.6001.297251044869095073091780740645,21710,27.26,4.94,4.32,4.63,0.8105,0.8738,0.7591,1.9825,0.0889,0.1573,35.0,60.0,-60.0,110.0,0.12,0.88,0.0,0.616,3.18,solid,0
1.3.6.1.4.1.14519.5.2.1.6279.6001.483655032093002252444764787700,50262,115.15,10.58,7.16,8.87,0.852,0.6771,0.5319,1.1667,0.7613,0.2579,35.0,60.0,-60.0,110.0,0.12,0.88,0.0,0.616,5.14,solid,0
1.3.6.1.4.1.14519.5.2.1.6279.6001.483655032093002252444764787700,Nodule 002,121.43,10.57,8.4,9.48,0.8315,0.7942,0.4138,1.1745,0.8002,0.2586,35.0,60.0,-60.0,110.0,0.12,0.88,0.0,0.616,5.23,solid,0
1.3.6.1.4.1.14519.5.2.1.6279.6001.292994770358625142596171316474,Nodule 001,39.2,5.57,5.3,5.44,0.8282,0.9514,0.6729,1.7189,0.0873,0.1383,350.0,120.0,50.0,550.0,0.1,0.25,0.65,0.175,2.36,calcified,0
1.3.6.1.4.1.14519.5.2.1.6279.6001.799582546798528864710752164515,Nodule 001,151.44,9.95,8.87,9.41,0.82,0.8916,0.5024,1.1065,0.5914,0.217,35.0,60.0,-60.0,110.0,0.12,0.88,0.0,0.616,5.63,solid,1
1.3.6.1.4.1.14519.5.2.1.6279.6001.799582546798528864710752164515,29623,69.98,6.85,5.54,6.19,0.7845,0.8099,1.0,1.496,0.3304,0.2124,-580.0,75.0,-680.0,-450.0,0.95,0.05,0.0,0.035,1.67,pure_ggn,0
1.3.6.1.4.1.14519.5.2.1.6279.6001.231645134739451754302647733304,Nodule 003,66.15,7.38,6.73,7.06,0.825,0.9126,0.5083,1.4494,0.2004,0.1693,35.0,60.0,-60.0,110.0,0.12,0.88,0.0,0.616,4.27,solid,0
1.3.6.1.4.1.14519.5.2.1.6279.6001.231645134739451754302647733304,Nodule 002,48.08,8.13,6.72,7.42,0.7734,0.8262,0.3076,1.7195,0.2716,0.1983,35.0,60.0,-60.0,110.0,0.12,0.88,0.0,0.616,3.84,solid,0
1.3.6.1.4.1.14519.5.2.1.6279.6001.826812708000318290301835871780,0,358.62,13.34,11.08,12.21,0.7684,0.8305,0.7028,0.8858,1.3088,0.2392,35.0,60.0,-60.0,110.0,0.12,0.88,0.0,0.616,7.5,solid,1
1.3.6.1.4.1.14519.5.2.1.6279.6001.826812708000318290301835871780,6,97.08,7.35,7.06,7.21,0.8219,0.9611,0.7654,1.2803,0.1489,0.1328,350.0,120.0,50.0,550.0,0.1,0.25,0.65,0.175,3.19,calcified,0
1.3.6.1.4.1.14519.5.2.1.6279.6001.826812708000318290301835871780,Nodule 002,117.29,8.81,7.83,8.32,0.8429,0.8886,0.5676,1.1721,0.295,0.1704,350.0,120.0,50.0,550.0,0.1,0.25,0.65,0.175,3.4,calcified,0
1.3.6.1.4.1.14519.5.2.1.6279.6001.826812708000318290301835871780,Nodule 001,296.3,13.36,10.57,11.97,0.7395,0.791,0.608,0.9809,1.8647,0.3004,35.0,60.0,-60.0,110.0,0.12,0.88,0.0,0.616,7.04,solid,1
1.3.6.1.4.1.14519.5.2.1.6279.6001.826812708000318290301835871780,37632,426.76,14.71,12.23,13.47,0.6662,0.8316,0.6375,0.9642,1.3969,0.2293,-220.0,140.0,-520.0,80.0,0.6,0.4,0.0,0.28,6.11,part_solid,0
1.3.6.1.4.1.14519.5.2.1.6279.6001.826812708000318290301835871780,37636,107.8,8.79,7.28,8.03,0.8487,0.8283,0.569,1.1973,0.1979,0.1435,350.0,120.0,50.0,550.0,0.1,0.25,0.65,0.175,3.3,calcified,0
1.3.6.1.4.1.14519.5.2.1.6279.6001.826812708000318290301835871780,25466,219.43,12.82,10.86,11.84,0.8145,0.8472,0.3412,0.9844,1.4326,0.2864,-220.0,140.0,-520.0,80.0,0.6,0.4,0.0,0.28,4.9,part_solid,1
1.3.6.1.4.1.14519.5.2.1.6279.6001.826812708000318290301835871780,25443,83.61,8.3,7.49,7.89,0.8352,0.9019,0.4517,1.3242,0.1021,0.1084,350.0,120.0,50.0,550.0,0.1,0.25,0.65,0.175,3.03,calcified,0
1.3.6.1.4.1.14519.5.2.1.6279.6001.119806527488108718706404165837,Nodule 001,151.75,8.86,6.75,7.8,0.7995,0.7614,0.9169,1.134,0.6783,0.2384,35.0,60.0,-60.0,110.0,0.12,0.88,0.0,0.616,5.63,solid,1
1.3.6.1.4.1.14519.5.2.1.6279.6001.119806527488108718706404165837,Nodule 002,58.95,8.84,7.33,8.09,0.773,0.8293,0.2827,1.6075,0.2656,0.1783,35.0,60.0,-60.0,110.0,0.12,0.88,0.0,0.616,4.11,solid,0
1.3.6.1.4.1.14519.5.2.1.6279.6001.119806527488108718706404165837,1,137.81,7.76,6.13,6.95,0.7391,0.7901,1.0,1.2668,0.4679,0.2027,35.0,60.0,-60.0,110.0,0.12,0.88,0.0,0.616,5.45,solid,0
1.3.6.1.4.1.14519.5.2.1.6279.6001.119806527488108718706404165837,52347,51.6,7.86,6.47,7.16,0.7893,0.823,0.3976,1.6456,0.3287,0.2201,35.0,60.0,-60.0,110.0,0.12,0.88,0.0,0.616,3.93,solid,0
1.3.6.1.4.1.14519.5.2.1.6279.6001.119806527488108718706404165837,52351,148.68,8.64,6.94,7.79,0.7842,0.803,0.9402,1.1641,0.4417,0.1965,35.0,60.0,-60.0,110.0,0.12,0.88,0.0,0.616,5.59,solid,0
1.3.6.1.4.1.14519.5.2.1.6279.6001.119806527488108718706404165837,60019,161.09,8.67,7.16,7.91,0.8117,0.8255,0.9373,1.095,0.4014,0.1826,35.0,60.0,-60.0,110.0,0.12,0.88,0.0,0.616,5.74,solid,0
1.3.6.1.4.1.14519.5.2.1.6279.6001.295462530340364058116953738925,57088,83.3,7.47,5.41,6.44,0.7571,0.7232,0.8362,1.4625,0.4037,0.2265,35.0,60.0,-60.0,110.0,0.12,0.88,0.0,0.616,4.61,solid,0
1.3.6.1.4.1.14519.5.2.1.6279.6001.295462530340364058116953738925,57084,1863.53,23.47,17.77,20.62,0.7504,0.7572,0.5858,0.5237,2.6539,0.2012,35.0,60.0,-60.0,110.0,0.12,0.88,0.0,0.616,12.99,solid,1
1.3.6.1.4.1.14519.5.2.1.6279.6001.295462530340364058116953738925,Nodule 002,1905.18,23.26,18.37,20.81,0.7563,0.7897,0.5912,0.5158,2.6495,0.2019,35.0,60.0,-60.0,110.0,0.12,0.88,0.0,0.616,13.09,solid,1
1.3.6.1.4.1.14519.5.2.1.6279.6001.295462530340364058116953738925,Nodule 007,116.68,8.47,7.89,8.18,0.8156,0.9313,0.5903,1.2134,0.2589,0.1626,35.0,60.0,-60.0,110.0,0.12,0.88,0.0,0.616,5.16,solid,1
1.3.6.1.4.1.14519.5.2.1.6279.6001.295462530340364058116953738925,44390,1643.03,23.58,18.32,20.95,0.7618,0.7771,0.4772,0.538,2.4954,0.2002,35.0,60.0,-60.0,110.0,0.12,0.88,0.0,0.616,12.46,solid,1
1.3.6.1.4.1.14519.5.2.1.6279.6001.295462530340364058116953738925,4,135.67,10.05,6.2,8.12,0.7341,0.617,0.6219,1.282,0.4915,0.2099,350.0,120.0,50.0,550.0,0.1,0.25,0.65,0.175,3.57,calcified,0
1.3.6.1.4.1.14519.5.2.1.6279.6001.620476670380256054392660616754,74157,168.31,9.59,7.92,8.76,0.835,0.8262,0.6256,1.0489,0.12,0.1017,350.0,120.0,50.0,550.0,0.1,0.25,0.65,0.175,3.83,calcified,0
1.3.6.1.4.1.14519.5.2.1.6279.6001.620476670380256054392660616754,81577,94.81,7.25,6.08,6.66,0.8151,0.8386,0.8276,1.3012,0.0718,0.0971,350.0,120.0,50.0,550.0,0.1,0.25,0.65,0.175,3.16,calcified,0
1.3.6.1.4.1.14519.5.2.1.6279.6001.620476670380256054392660616754,14577,98.49,7.23,6.27,6.75,0.8197,0.8677,0.8304,1.2776,0.0698,0.0949,350.0,120.0,50.0,550.0,0.1,0.25,0.65,0.175,3.2,calcified,0
1.3.6.1.4.1.14519.5.2.1.6279.6001.620476670380256054392660616754,1,77.17,5.57,5.17,5.37,0.7071,0.9286,1.0,1.6064,0.4395,0.2305,35.0,60.0,-60.0,110.0,0.12,0.88,0.0,0.616,4.49,solid,0
1.3.6.1.4.1.14519.5.2.1.6279.6001.620476670380256054392660616754,2,133.77,7.23,5.73,6.48,0.7412,0.7925,1.0,1.2758,0.5556,0.2293,350.0,120.0,50.0,550.0,0.1,0.25,0.65,0.175,3.55,calcified,0
1.3.6.1.4.1.14519.5.2.1.6279.6001.620476670380256054392660616754,3,210.21,10.68,6.18,8.43,0.7204,0.579,0.8426,1.129,0.5715,0.1988,35.0,60.0,-60.0,110.0,0.12,0.88,0.0,0.616,6.28,solid,0
1.3.6.1.4.1.14519.5.2.1.6279.6001.620476670380256054392660616754,4,407.92,13.6,9.62,11.61,0.7867,0.7074,0.6618,0.8289,0.8424,0.195,-220.0,140.0,-520.0,80.0,0.6,0.4,0.0,0.28,6.02,part_solid,0
1.3.6.1.4.1.14519.5.2.1.6279.6001.262736997975960398949912434623,Nodule 002,52.92,6.7,6.45,6.58,0.8306,0.9633,0.5373,1.5508,0.1704,0.1699,-580.0,75.0,-680.0,-450.0,0.95,0.05,0.0,0.035,1.52,pure_ggn,0
1.3.6.1.4.1.14519.5.2.1.6279.6001.262736997975960398949912434623,13392,221.82,12.37,10.7,11.53,0.815,0.865,0.4367,0.9802,0.8569,0.2212,-580.0,75.0,-680.0,-450.0,0.95,0.05,0.0,0.035,2.46,pure_ggn,0
1.3.6.1.4.1.14519.5.2.1.6279.6001.262736997975960398949912434623,13387,38.71,7.84,6.92,7.38,0.7596,0.8821,0.255,1.8819,0.0985,0.1241,-220.0,140.0,-520.0,80.0,0.6,0.4,0.0,0.28,2.75,part_solid,0
1.3.6.1.4.1.14519.5.2.1.6279.6001.262736997975960398949912434623,13383,76.29,6.95,6.03,6.49,0.8392,0.8668,0.7769,1.3587,0.0554,0.0889,35.0,60.0,-60.0,110.0,0.12,0.88,0.0,0.616,4.48,solid,0
1.3.6.1.4.1.14519.5.2.1.6279.6001.262736997975960398949912434623,1916,126.57,8.69,7.74,8.22,0.8081,0.8908,0.6212,1.1919,0.2902,0.1686,35.0,60.0,-60.0,110.0,0.12,0.88,0.0,0.616,5.3,solid,1
1.3.6.1.4.1.14519.5.2.1.6279.6001.262736997975960398949912434623,0,67.03,6.23,5.72,5.98,0.7952,0.9168,0.8661,1.4971,0.1533,0.1551,35.0,60.0,-60.0,110.0,0.12,0.88,0.0,0.616,4.29,solid,0
1.3.6.1.4.1.14519.5.2.1.6279.6001.262736997975960398949912434623,9,31.31,5.94,4.74,5.34,0.8405,0.798,0.6065,1.8254,0.1777,0.2085,-580.0,75.0,-680.0,-450.0,0.95,0.05,0.0,0.035,1.28,pure_ggn,0
1.3.6.1.4.1.14519.5.2.1.6279.6001.141174904898798023569427533813,0,46.06,8.32,7.94,8.13,0.7456,0.9543,0.2403,1.8093,0.0993,0.113,35.0,60.0,-60.0,110.0,0.12,0.88,0.0,0.616,3.78,solid,0
1.3.6.1.4.1.14519.5.2.1.6279.6001.205852555362702089950453265567,2,50.53,8.78,6.91,7.85,0.7638,0.7868,0.2847,1.7125,0.4797,0.2496,35.0,60.0,-60.0,110.0,0.12,0.88,0.0,0.616,3.9,solid,0
1.3.6.1.4.1.14519.5.2.1.6279.6001.205852555362702089950453265567,Nodule 001,60.79,10.11,8.99,9.55,0.705,0.8896,0.1855,1.7445,0.4076,0.1912,35.0,60.0,-60.0,110.0,0.12,0.88,0.0,0.616,4.15,solid,0
1.3.6.1.4.1.14519.5.2.1.6279.6001.268030488196493755113553009785,Nodule 001,344.38,12.06,11.42,11.74,0.8305,0.9471,0.6736,0.8308,0.5121,0.1574,35.0,60.0,-60.0,110.0,0.12,0.88,0.0,0.616,7.4,solid,1
1.3.6.1.4.1.14519.5.2.1.6279.6001.268030488196493755113553009785,44337,506.84,12.43,12.21,12.32,0.8195,0.9826,0.8046,0.7401,0.351,0.1179,-220.0,140.0,-520.0,80.0,0.6,0.4,0.0,0.28,6.47,part_solid,1
1.3.6.1.4.1.14519.5.2.1.6279.6001.268030488196493755113553009785,2,367.19,11.24,10.02,10.63,0.8206,0.8915,0.9453,0.8229,0.3306,0.1266,-220.0,140.0,-520.0,80.0,0.6,0.4,0.0,0.28,5.81,part_solid,0
1.3.6.1.4.1.14519.5.2.1.6279.6001.268030488196493755113553009785,57048,2478.33,30.74,16.97,23.85,0.5602,0.5519,0.671,0.6379,13.1147,0.3686,35.0,60.0,-60.0,110.0,0.12,0.88,0.0,0.616,14.29,solid,1
1.3.6.1.4.1.14519.5.2.1.6279.6001.268030488196493755113553009785,57053,456.47,12.42,11.75,12.08,0.8088,0.946,0.8556,0.7765,0.3351,0.1179,-580.0,75.0,-680.0,-450.0,0.95,0.05,0.0,0.035,3.12,pure_ggn,1
1.3.6.1.4.1.14519.5.2.1.6279.6001.264251211689085893915477907261,Nodule 005,58.03,6.44,6.09,6.27,0.835,0.9463,0.6793,1.4958,0.1224,0.1417,350.0,120.0,50.0,550.0,0.1,0.25,0.65,0.175,2.69,calcified,0
1.3.6.1.4.1.14519.5.2.1.6279.6001.264251211689085893915477907261,Nodule 006,132.45,9.62,7.46,8.54,0.839,0.7753,0.5846,1.1308,0.3669,0.1821,350.0,120.0,50.0,550.0,0.1,0.25,0.65,0.175,3.54,calcified,0
1.3.6.1.4.1.14519.5.2.1.6279.6001.264251211689085893915477907261,Nodule 001,137.35,9.78,8.77,9.28,0.8259,0.8968,0.4472,1.1348,0.3211,0.1637,-220.0,140.0,-520.0,80.0,0.6,0.4,0.0,0.28,4.19,part_solid,1
1.3.6.1.4.1.14519.5.2.1.6279.6001.264251211689085893915477907261,Nodule 004,42.88,5.92,4.89,5.4,0.8366,0.826,0.7393,1.6516,0.1637,0.1828,35.0,60.0,-60.0,110.0,0.12,0.88,0.0,0.616,3.69,solid,1
1.3.6.1.4.1.14519.5.2.1.6279.6001.264251211689085893915477907261,38054,103.36,8.22,6.59,7.41,0.842,0.8018,0.7603,1.2238,0.2367,0.1609,350.0,120.0,50.0,550.0,0.1,0.25,0.65,0.175,3.26,calcified,0
1.3.6.1.4.1.14519.5.2.1.6279.6001.264251211689085893915477907261,38059,29.09,4.94,4.57,4.75,0.843,0.9252,0.7593,1.8652,0.0685,0.135,350.0,120.0,50.0,550.0,0.1,0.25,0.65,0.175,2.13,calcified,0
1.3.6.1.4.1.14519.5.2.1.6279.6001.264251211689085893915477907261,38050,110.1,9.1,7.78,8.44,0.8012,0.8555,0.481,1.2593,0.2651,0.1621,-580.0,75.0,-680.0,-450.0,0.95,0.05,0.0,0.035,1.95,pure_ggn,0
1.3.6.1.4.1.14519.5.2.1.6279.6001.264251211689085893915477907261,51681,33.99,5.58,4.91,5.24,0.8507,0.8802,0.6723,1.7548,0.079,0.1362,350.0,120.0,50.0,550.0,0.1,0.25,0.65,0.175,2.25,calcified,0
1.3.6.1.4.1.14519.5.2.1.6279.6001.264251211689085893915477907261,25248,60.48,7.92,5.5,6.71,0.7169,0.695,0.5524,1.7184,0.3655,0.2321,-580.0,75.0,-680.0,-450.0,0.95,0.05,0.0,0.035,1.59,pure_ggn,1
1.3.6.1.4.1.14519.5.2.1.6279.6001.264251211689085893915477907261,25272,128.93,9.24,7.88,8.56,0.8381,0.8532,0.5414,1.1422,0.1906,0.1328,350.0,120.0,50.0,550.0,0.1,0.25,0.65,0.175,3.51,calcified,0
1.3.6.1.4.1.14519.5.2.1.6279.6001.264251211689085893915477907261,25273,107.03,9.45,9.07,9.26,0.7532,0.9597,0.3967,1.3523,0.5266,0.2168,-580.0,75.0,-680.0,-450.0,0.95,0.05,0.0,0.035,1.93,pure_ggn,1
1.3.6.1.4.1.14519.5.2.1.6279.6001.264251211689085893915477907261,1,128.32,8.81,7.24,8.03,0.8132,0.8227,0.7098,1.1791,0.2684,0.16,350.0,120.0,50.0,550.0,0.1,0.25,0.65,0.175,3.5,calcified,0
1.3.6.1.4.1.14519.5.2.1.6279.6001.264251211689085893915477907261,7,85.9,7.64,6.86,7.25,0.7889,0.8976,0.6546,1.3893,0.2301,0.1686,-580.0,75.0,-680.0,-450.0,0.95,0.05,0.0,0.035,1.79,pure_ggn,0
1.3.6.1.4.1.14519.5.2.1.6279.6001.206200456333833579428083808192,77815,1089.27,22.99,13.52,18.25,0.7386,0.5883,0.5221,0.6363,4.1859,0.2916,-220.0,140.0,-520.0,80.0,0.6,0.4,0.0,0.28,8.35,part_solid,1
1.3.6.1.4.1.14519.5.2.1.6279.6001.206200456333833579428083808192,16005,1017.97,22.64,12.59,17.61,0.6877,0.5561,0.5301,0.699,5.2948,0.3385,35.0,60.0,-60.0,110.0,0.12,0.88,0.0,0.616,10.62,solid,1
1.3.6.1.4.1.14519.5.2.1.6279.6001.207341668080525761926965850679,Nodule 003,56.1,9.08,5.56,7.32,0.7934,0.6128,0.3304,1.5922,0.3799,0.2289,35.0,60.0,-60.0,110.0,0.12,0.88,0.0,0.616,4.04,solid,1
1.3.6.1.4.1.14519.5.2.1.6279.6001.207341668080525761926965850679,MI014_19996,1347.25,23.6,13.56,18.58,0.6259,0.5748,0.7628,0.6996,8.9924,0.3739,-580.0,75.0,-680.0,-450.0,0.95,0.05,0.0,0.035,4.48,pure_ggn,0
1.3.6.1.4.1.14519.5.2.1.6279.6001.207341668080525761926965850679,MI014_20008,71.05,7.38,6.79,7.09,0.8305,0.9208,0.542,1.4058,0.1241,0.1311,-220.0,140.0,-520.0,80.0,0.6,0.4,0.0,0.28,3.36,part_solid,0
1.3.6.1.4.1.14519.5.2.1.6279.6001.207341668080525761926965850679,MI014_20000,238.63,14.15,10.28,12.21,0.7778,0.7264,0.3533,1.0023,1.154,0.2431,-580.0,75.0,-680.0,-450.0,0.95,0.05,0.0,0.035,2.52,pure_ggn,0
1.3.6.1.4.1.14519.5.2.1.6279.6001.207341668080525761926965850679,MI014_20004,105.59,9.16,8.25,8.71,0.7392,0.9009,0.5458,1.3842,0.7819,0.2742,-580.0,75.0,-680.0,-450.0,0.95,0.05,0.0,0.035,1.92,pure_ggn,0
1.3.6.1.4.1.14519.5.2.1.6279.6001.207341668080525761926965850679,MI014_20006,85.01,8.23,6.62,7.42,0.7682,0.8046,0.6077,1.4317,0.5093,0.2494,-580.0,75.0,-680.0,-450.0,0.95,0.05,0.0,0.035,1.78,pure_ggn,0
1.3.6.1.4.1.14519.5.2.1.6279.6001.207341668080525761926965850679,4,210.94,11.25,10.46,10.86,0.7835,0.9305,0.4446,1.0369,0.4826,0.1724,-580.0,75.0,-680.0,-450.0,0.95,0.05,0.0,0.035,2.42,pure_ggn,0
1.3.6.1.4.1.14519.5.2.1.6279.6001.207341668080525761926965850679,14,1350.19,26.28,15.21,20.75,0.7171,0.5789,0.4567,0.6102,7.2341,0.3425,-580.0,75.0,-680.0,-450.0,0.95,0.05,0.0,0.035,4.49,pure_ggn,0
1.3.6.1.4.1.14519.5.2.1.6279.6001.948571344159440282864365970915,69876,145.53,8.11,7.06,7.59,0.8327,0.8702,1.0,1.1041,0.4368,0.1951,350.0,120.0,50.0,550.0,0.1,0.25,0.65,0.175,3.65,calcified,0
1.3.6.1.4.1.14519.5.2.1.6279.6001.948571344159440282864365970915,69872,221.97,9.07,8.0,8.53,0.8295,0.8826,0.9927,0.9628,0.2317,0.1285,350.0,120.0,50.0,550.0,0.1,0.25,0.65,0.175,4.2,calcified,0
1.3.6.1.4.1.14519.5.2.1.6279.6001.948571344159440282864365970915,69854,1474.41,21.07,16.58,18.83,0.825,0.7868,0.5695,0.515,1.0514,0.1403,350.0,120.0,50.0,550.0,0.1,0.25,0.65,0.175,7.9,calcified,0
1.3.6.1.4.1.14519.5.2.1.6279.6001.948571344159440282864365970915,69870,354.27,11.62,9.48,10.55,0.8212,0.8158,0.7743,0.8323,0.2372,0.1114,350.0,120.0,50.0,550.0,0.1,0.25,0.65,0.175,4.91,calcified,0
1.3.6.1.4.1.14519.5.2.1.6279.6001.948571344159440282864365970915,69868,469.66,12.58,10.58,11.58,0.8647,0.8408,0.9538,0.7195,0.2305,0.0987,350.0,120.0,50.0,550.0,0.1,0.25,0.65,0.175,5.39,calcified,0
1.3.6.1.4.1.14519.5.2.1.6279.6001.948571344159440282864365970915,69863,629.16,15.2,12.18,13.69,0.8184,0.8012,0.5921,0.6896,0.5406,0.1374,350.0,120.0,50.0,550.0,0.1,0.25,0.65,0.175,5.95,calcified,0
1.3.6.1.4.1.14519.5.2.1.6279.6001.948571344159440282864365970915,69866,484.36,13.13,11.07,12.1,0.8409,0.8429,0.6856,0.7323,0.2199,0.0964,350.0,120.0,50.0,550.0,0.1,0.25,0.65,0.175,5.45,calcified,0
1.3.6.1.4.1.14519.5.2.1.6279.6001.948571344159440282864365970915,69463,986.37,19.5,15.37,17.44,0.8124,0.788,0.4614,0.598,0.9097,0.1455,350.0,120.0,50.0,550.0,0.1,0.25,0.65,0.175,6.91,calcified,0
1.3.6.1.4.1.14519.5.2.1.6279.6001.948571344159440282864365970915,69468,354.27,11.64,10.26,10.95,0.8273,0.8817,0.7734,0.8261,0.4041,0.143,350.0,120.0,50.0,550.0,0.1,0.25,0.65,0.175,4.91,calcified,0
1.3.6.1.4.1.14519.5.2.1.6279.6001.948571344159440282864365970915,92966,475.54,13.87,10.48,12.17,0.8043,0.7556,0.6489,0.7704,0.4492,0.1379,350.0,120.0,50.0,550.0,0.1,0.25,0.65,0.175,5.42,calcified,0
1.3.6.1.4.1.14519.5.2.1.6279.6001.948571344159440282864365970915,92968,310.17,13.2,10.7,11.95,0.819,0.8107,0.4545,0.8722,0.4309,0.1484,350.0,120.0,50.0,550.0,0.1,0.25,0.65,0.175,4.7,calcified,0
1.3.6.1.4.1.14519.5.2.1.6279.6001.948571344159440282864365970915,92969,192.57,9.94,8.76,9.35,0.8376,0.8813,0.6038,0.9998,0.1786,0.1181,350.0,120.0,50.0,550.0,0.1,0.25,0.65,0.175,4.01,calcified,0
1.3.6.1.4.1.14519.5.2.1.6279.6001.948571344159440282864365970915,14161,194.77,9.75,9.14,9.45,0.8417,0.938,0.6155,0.9911,0.1689,0.1139,350.0,120.0,50.0,550.0,0.1,0.25,0.65,0.175,4.02,calcified,0
1.3.6.1.4.1.14519.5.2.1.6279.6001.948571344159440282864365970915,14155,442.47,15.17,13.02,14.09,0.8238,0.8583,0.3956,0.7704,0.3722,0.1185,350.0,120.0,50.0,550.0,0.1,0.25,0.65,0.175,5.29,calcified,0
1.3.6.1.4.1.14519.5.2.1.6279.6001.948571344159440282864365970915,14157,330.75,11.39,9.55,10.47,0.8297,0.8379,0.79,0.8428,0.2625,0.1189,350.0,120.0,50.0,550.0,0.1,0.25,0.65,0.175,4.8,calcified,0
1.3.6.1.4.1.14519.5.2.1.6279.6001.948571344159440282864365970915,14151,571.09,13.91,13.32,13.62,0.8459,0.9575,0.6469,0.689,0.4685,0.1299,350.0,120.0,50.0,550.0,0.1,0.25,0.65,0.175,5.76,calcified,0
1.3.6.1.4.1.14519.5.2.1.6279.6001.948571344159440282864365970915,14410,187.42,9.6,8.72,9.16,0.8464,0.9085,0.6248,0.9984,0.0773,0.0787,350.0,120.0,50.0,550.0,0.1,0.25,0.65,0.175,3.97,calcified,0
1.3.6.1.4.1.14519.5.2.1.6279.6001.948571344159440282864365970915,14411,496.86,14.18,10.76,12.47,0.8058,0.759,0.6346,0.7578,0.511,0.1447,350.0,120.0,50.0,550.0,0.1,0.25,0.65,0.175,5.5,calcified,0
1.3.6.1.4.1.14519.5.2.1.6279.6001.948571344159440282864365970915,0,186.69,8.87,7.47,8.17,0.77,0.8431,1.0,1.099,0.5337,0.201,350.0,120.0,50.0,550.0,0.1,0.25,0.65,0.175,3.97,calcified,0
1.3.6.1.4.1.14519.5.2.1.6279.6001.948571344159440282864365970915,5,198.45,9.21,7.5,8.36,0.7853,0.8138,0.9769,1.0558,0.4069,0.1719,350.0,120.0,50.0,550.0,0.1,0.25,0.65,0.175,4.05,calcified,0
1.3.6.1.4.1.14519.5.2.1.6279.6001.948571344159440282864365970915,7,1290.66,19.97,15.71,17.84,0.8098,0.7867,0.601,0.5485,1.1526,0.1535,350.0,120.0,50.0,550.0,0.1,0.25,0.65,0.175,7.56,calcified,0
1.3.6.1.4.1.14519.5.2.1.6279.6001.948571344159440282864365970915,8,318.99,11.32,8.62,9.97,0.7943,0.7615,0.7951,0.8911,0.2903,0.1269,350.0,120.0,50.0,550.0,0.1,0.25,0.65,0.175,4.74,calcified,0
1.3.6.1.4.1.14519.5.2.1.6279.6001.948571344159440282864365970915,9,370.44,12.6,10.11,11.36,0.7975,0.8021,0.7141,0.8443,0.2878,0.1174,350.0,120.0,50.0,550.0,0.1,0.25,0.65,0.175,4.98,calcified,0
1.3.6.1.4.1.14519.5.2.1.6279.6001.948571344159440282864365970915,10,99.96,7.21,6.5,6.86,0.7553,0.9014,0.8316,1.3795,0.0852,0.1037,35.0,60.0,-60.0,110.0,0.12,0.88,0.0,0.616,4.9,solid,0
1.3.6.1.4.1.14519.5.2.1.6279.6001.948571344159440282864365970915,11,530.67,14.7,10.94,12.82,0.786,0.7443,0.6121,0.7599,0.6163,0.1544,350.0,120.0,50.0,550.0,0.1,0.25,0.65,0.175,5.62,calcified,0
1.3.6.1.4.1.14519.5.2.1.6279.6001.948571344159440282864365970915,12,506.41,11.67,10.94,11.3,0.7853,0.9374,1.0,0.7726,0.3937,0.1262,350.0,120.0,50.0,550.0,0.1,0.25,0.65,0.175,5.53,calcified,0
1.3.6.1.4.1.14519.5.2.1.6279.6001.176638348958425792989125209419,IL057_91670,82.99,11.23,9.8,10.52,0.7119,0.8722,0.2226,1.5574,1.2559,0.3139,-580.0,75.0,-680.0,-450.0,0.95,0.05,0.0,0.035,1.77,pure_ggn,0
1.3.6.1.4.1.14519.5.2.1.6279.6001.176638348958425792989125209419,IL057_128845,51.45,8.69,6.46,7.58,0.7331,0.7438,0.2877,1.7737,0.2272,0.176,-580.0,75.0,-680.0,-450.0,0.95,0.05,0.0,0.035,1.51,pure_ggn,0
1.3.6.1.4.1.14519.5.2.1.6279.6001.200558451375970945040979397866,0,24.5,5.2,4.07,4.63,0.7828,0.7833,0.7218,2.1272,0.094,0.1641,35.0,60.0,-60.0,110.0,0.12,0.88,0.0,0.616,3.07,solid,0
1.3.6.1.4.1.14519.5.2.1.6279.6001.295420274214095686326263147663,Nodule 007,435.18,14.5,9.99,12.24,0.7634,0.6891,0.6898,0.836,1.878,0.2749,35.0,60.0,-60.0,110.0,0.12,0.88,0.0,0.616,8.0,solid,1
1.3.6.1.4.1.14519.5.2.1.6279.6001.295420274214095686326263147663,Nodule 022,64.31,7.75,6.88,7.31,0.8243,0.8879,0.4841,1.4643,0.3574,0.223,-220.0,140.0,-520.0,80.0,0.6,0.4,0.0,0.28,3.25,part_solid,1
1.3.6.1.4.1.14519.5.2.1.6279.6001.295420274214095686326263147663,Nodule 001,246.22,15.77,11.61,13.69,0.7611,0.7363,0.2378,1.0138,1.0683,0.2123,35.0,60.0,-60.0,110.0,0.12,0.88,0.0,0.616,6.62,solid,1
1.3.6.1.4.1.14519.5.2.1.6279.6001.295420274214095686326263147663,Nodule 002,488.16,15.08,14.09,14.59,0.7966,0.9344,0.4144,0.771,0.8129,0.168,35.0,60.0,-60.0,110.0,0.12,0.88,0.0,0.616,8.31,solid,1
1.3.6.1.4.1.14519.5.2.1.6279.6001.295420274214095686326263147663,5634,53.29,8.5,6.99,7.74,0.7786,0.8225,0.2941,1.6506,0.178,0.1528,-580.0,75.0,-680.0,-450.0,0.95,0.05,0.0,0.035,1.53,pure_ggn,1
1.3.6.1.4.1.14519.5.2.1.6279.6001.276831325040358815613434606380,80902,2748.16,27.22,22.82,25.02,0.7853,0.8383,0.4408,0.4397,2.1067,0.1554,35.0,60.0,-60.0,110.0,0.12,0.88,0.0,0.616,14.79,solid,1
1.3.6.1.4.1.14519.5.2.1.6279.6001.276831325040358815613434606380,85449,2809.9,28.14,20.98,24.56,0.7379,0.7455,0.533,0.4644,6.5785,0.2757,35.0,60.0,-60.0,110.0,0.12,0.88,0.0,0.616,14.9,solid,1
1.3.6.1.4.1.14519.5.2.1.6279.6001.276831325040358815613434606380,0,102.9,6.75,5.61,6.18,0.7399,0.8306,1.0,1.3948,0.3581,0.1957,35.0,60.0,-60.0,110.0,0.12,0.88,0.0,0.616,4.95,solid,0
1.3.6.1.4.1.14519.5.2.1.6279.6001.276831325040358815613434606380,1,127.15,8.27,7.14,7.71,0.8101,0.8637,0.7255,1.1871,0.1379,0.1212,35.0,60.0,-60.0,110.0,0.12,0.88,0.0,0.616,5.31,solid,0
1.3.6.1.4.1.14519.5.2.1.6279.6001.276831325040358815613434606380,2,2856.94,33.86,25.54,29.7,0.6008,0.7543,0.443,0.5672,10.4692,0.3014,35.0,60.0,-60.0,110.0,0.12,0.88,0.0,0.616,14.98,solid,1
1.3.6.1.4.1.14519.5.2.1.6279.6001.638926179252009401630131318338,11183,157.29,7.12,6.72,6.92,0.7933,0.9442,1.0,1.1293,0.2582,0.1506,350.0,120.0,50.0,550.0,0.1,0.25,0.65,0.175,3.75,calcified,0
1.3.6.1.4.1.14519.5.2.1.6279.6001.188376349804761988217597754952,56654,631.12,15.48,11.27,13.37,0.7961,0.7278,0.7105,0.7082,1.0718,0.188,35.0,60.0,-60.0,110.0,0.12,0.88,0.0,0.616,9.06,solid,1
1.3.6.1.4.1.14519.5.2.1.6279.6001.188376349804761988217597754952,56662,134.5,8.36,7.5,7.93,0.8416,0.8966,0.7174,1.1215,0.0807,0.0885,35.0,60.0,-60.0,110.0,0.12,0.88,0.0,0.616,5.41,solid,1
1.3.6.1.4.1.14519.5.2.1.6279.6001.188376349804761988217597754952,Nodule 009,126.91,8.3,7.5,7.9,0.8231,0.9036,0.7225,1.1692,0.3637,0.189,35.0,60.0,-60.0,110.0,0.12,0.88,0.0,0.616,5.31,solid,0
1.3.6.1.4.1.14519.5.2.1.6279.6001.188376349804761988217597754952,Nodule 007,128.62,7.2,6.56,6.88,0.7844,0.9118,1.0,1.2213,0.834,0.2729,35.0,60.0,-60.0,110.0,0.12,0.88,0.0,0.616,5.33,solid,0
1.3.6.1.4.1.14519.5.2.1.6279.6001.188376349804761988217597754952,Nodule 003,799.68,16.39,13.84,15.11,0.8077,0.8444,0.6102,0.645,0.9286,0.163,35.0,60.0,-60.0,110.0,0.12,0.88,0.0,0.616,9.8,solid,1
1.3.6.1.4.1.14519.5.2.1.6279.6001.188376349804761988217597754952,Nodule 011,64.68,6.74,5.5,6.12,0.8164,0.816,0.7417,1.4757,0.2144,0.1841,35.0,60.0,-60.0,110.0,0.12,0.88,0.0,0.616,4.24,solid,0
1.3.6.1.4.1.14519.5.2.1.6279.6001.237428977311365557972720635401,Nodule 002,137.2,8.82,7.15,7.99,0.8257,0.8102,0.7083,1.1356,0.3751,0.1881,35.0,60.0,-60.0,110.0,0.12,0.88,0.0,0.616,5.44,solid,0
1.3.6.1.4.1.14519.5.2.1.6279.6001.237428977311365557972720635401,172679,116.38,8.35,6.65,7.5,0.8193,0.7961,0.7484,1.2089,0.2409,0.1593,35.0,60.0,-60.0,110.0,0.12,0.88,0.0,0.616,5.15,solid,0
1.3.6.1.4.1.14519.5.2.1.6279.6001.237428977311365557972720635401,172681,42.63,8.52,6.86,7.69,0.7372,0.8046,0.2347,1.8778,0.1843,0.1625,35.0,60.0,-60.0,110.0,0.12,0.88,0.0,0.616,3.69,solid,0
1.3.6.1.4.1.14519.5.2.1.6279.6001.237428977311365557972720635401,174508,109.33,8.62,7.22,7.92,0.8435,0.838,0.5804,1.199,0.2541,0.1642,35.0,60.0,-60.0,110.0,0.12,0.88,0.0,0.616,5.05,solid,0
1.3.6.1.4.1.14519.5.2.1.6279.6001.141430002307216644912805017227,Nodule 002,134.95,9.8,8.34,9.07,0.8442,0.8512,0.5509,1.1168,0.6265,0.2332,35.0,60.0,-60.0,110.0,0.12,0.88,0.0,0.616,5.41,solid,1
1.3.6.1.4.1.14519.5.2.1.6279.6001.141430002307216644912805017227,Nodule 003,101.87,9.06,7.14,8.1,0.8332,0.7886,0.5963,1.2427,0.51,0.23,35.0,60.0,-60.0,110.0,0.12,0.88,0.0,0.616,4.93,solid,1
1.3.6.1.4.1.14519.5.2.1.6279.6001.141430002307216644912805017227,21789,52.92,8.57,6.57,7.57,0.7695,0.7667,0.42,1.6739,0.7982,0.3346,35.0,60.0,-60.0,110.0,0.12,0.88,0.0,0.616,3.96,solid,0
1.3.6.1.4.1.14519.5.2.1.6279.6001.141430002307216644912805017227,0,123.48,9.29,7.36,8.33,0.8188,0.7922,0.581,1.1861,0.3772,0.1922,35.0,60.0,-60.0,110.0,0.12,0.88,0.0,0.616,5.26,solid,0
1.3.6.1.4.1.14519.5.2.1.6279.6001.141430002307216644912805017227,8,101.87,9.06,7.14,8.1,0.8332,0.7886,0.5963,1.2427,0.51,0.23,35.0,60.0,-60.0,110.0,0.12,0.88,0.0,0.616,4.93,solid,1
1.3.6.1.4.1.14519.5.2.1.6279.6001.141430002307216644912805017227,25,88.2,8.43,6.07,7.25,0.7837,0.7197,0.6404,1.3863,0.3363,0.2021,35.0,60.0,-60.0,110.0,0.12,0.88,0.0,0.616,4.7,solid,1
1.3.6.1.4.1.14519.5.2.1.6279.6001.169128136262002764211589185953,IL057_156899,4227.78,31.31,24.69,28.0,0.7934,0.7887,0.519,0.377,4.1037,0.1904,-220.0,140.0,-520.0,80.0,0.6,0.4,0.0,0.28,13.12,part_solid,1
1.3.6.1.4.1.14519.5.2.1.6279.6001.169128136262002764211589185953,51833,5298.43,32.57,21.02,26.8,0.7293,0.6455,0.7676,0.3804,7.1062,0.2352,-220.0,140.0,-520.0,80.0,0.6,0.4,0.0,0.28,14.15,part_solid,1
1.3.6.1.4.1.14519.5.2.1.6279.6001.169128136262002764211589185953,51851,48.69,6.76,5.92,6.34,0.8597,0.8754,0.5549,1.5404,0.1412,0.1576,-580.0,75.0,-680.0,-450.0,0.95,0.05,0.0,0.035,1.48,pure_ggn,0
1.3.6.1.4.1.14519.5.2.1.6279.6001.169128136262002764211589185953,51846,55.43,7.08,5.81,6.44,0.8385,0.8204,0.5296,1.5127,0.1236,0.1433,35.0,60.0,-60.0,110.0,0.12,0.88,0.0,0.616,4.03,solid,0
1.3.6.1.4.1.14519.5.2.1.6279.6001.169128136262002764211589185953,9129,205.19,10.84,9.49,10.17,0.8092,0.8757,0.5764,1.0133,0.7208,0.2182,35.0,60.0,-60.0,110.0,0.12,0.88,0.0,0.616,6.23,solid,1
1.3.6.1.4.1.14519.5.2.1.6279.6001.169128136262002764211589185953,9120,6464.32,32.92,22.3,27.61,0.7461,0.6774,0.8353,0.348,7.2241,0.2243,-220.0,140.0,-520.0,80.0,0.6,0.4,0.0,0.28,15.12,part_solid,1
1.3.6.1.4.1.14519.5.2.1.6279.6001.169128136262002764211589185953,9177,103.82,8.72,7.11,7.91,0.845,0.8156,0.5736,1.2176,0.2963,0.1795,-220.0,140.0,-520.0,80.0,0.6,0.4,0.0,0.28,3.81,part_solid,0
1.3.6.1.4.1.14519.5.2.1.6279.6001.169128136262002764211589185953,Nodule 015,139.65,9.25,7.82,8.54,0.8125,0.8453,0.6755,1.1472,0.4955,0.2083,35.0,60.0,-60.0,110.0,0.12,0.88,0.0,0.616,5.48,solid,0
1.3.6.1.4.1.14519.5.2.1.6279.6001.169128136262002764211589185953,Nodule 009,184.06,9.47,7.49,8.48,0.8164,0.7906,0.7916,1.0413,0.3183,0.1578,-220.0,140.0,-520.0,80.0,0.6,0.4,0.0,0.28,4.62,part_solid,1
1.3.6.1.4.1.14519.5.2.1.6279.6001.952265563663939823135367733681,80872,374.85,12.18,11.53,11.86,0.8551,0.9465,0.6156,0.7844,0.2321,0.1041,350.0,120.0,50.0,550.0,0.1,0.25,0.65,0.175,5.0,calcified,0
1.3.6.1.4.1.14519.5.2.1.6279.6001.952265563663939823135367733681,85422,277.46,12.07,11.4,11.74,0.839,0.9444,0.4556,0.8837,0.1528,0.0891,350.0,120.0,50.0,550.0,0.1,0.25,0.65,0.175,4.53,calcified,0
1.3.6.1.4.1.14519.5.2.1.6279.6001.952265563663939823135367733681,15596,262.88,11.44,10.82,11.13,0.857,0.9457,0.5246,0.8809,0.1849,0.102,350.0,120.0,50.0,550.0,0.1,0.25,0.65,0.175,4.45,calcified,0
1.3.6.1.4.1.14519.5.2.1.6279.6001.952265563663939823135367733681,0,415.76,13.19,11.93,12.56,0.8245,0.9046,0.5686,0.7859,0.3115,0.1156,350.0,120.0,50.0,550.0,0.1,0.25,0.65,0.175,5.18,calcified,0
1.3.6.1.4.1.14519.5.2.1.6279.6001.897684031374557757145405000951,54703,1555.99,19.24,15.04,17.14,0.7931,0.7818,0.7795,0.5262,1.0371,0.1402,35.0,60.0,-60.0,110.0,0.12,0.88,0.0,0.616,12.23,solid,1
1.3.6.1.4.1.14519.5.2.1.6279.6001.897684031374557757145405000951,54706,875.38,25.43,10.13,17.78,0.6476,0.3983,0.5506,0.7807,7.7359,0.3969,35.0,60.0,-60.0,110.0,0.12,0.88,0.0,0.616,10.1,solid,1
1.3.6.1.4.1.14519.5.2.1.6279.6001.897684031374557757145405000951,54701,2881.93,29.07,19.97,24.52,0.6604,0.6869,0.6535,0.5145,7.5729,0.2879,35.0,60.0,-60.0,110.0,0.12,0.88,0.0,0.616,15.02,solid,1
1.3.6.1.4.1.14519.5.2.1.6279.6001.897684031374557757145405000951,Nodule 005,112.7,8.64,7.16,7.9,0.8257,0.8294,0.6948,1.2125,0.6152,0.2488,35.0,60.0,-60.0,110.0,0.12,0.88,0.0,0.616,5.1,solid,1
1.3.6.1.4.1.14519.5.2.1.6279.6001.897684031374557757145405000951,Nodule 002,1695.89,20.05,16.67,18.36,0.8236,0.8315,0.6983,0.4924,0.9577,0.131,35.0,60.0,-60.0,110.0,0.12,0.88,0.0,0.616,12.59,solid,1
1.3.6.1.4.1.14519.5.2.1.6279.6001.897684031374557757145405000951,13275,1484.21,18.34,15.39,16.87,0.7916,0.839,0.8177,0.5356,1.0964,0.1466,35.0,60.0,-60.0,110.0,0.12,0.88,0.0,0.616,12.04,solid,1
1.3.6.1.4.1.14519.5.2.1.6279.6001.897684031374557757145405000951,13279,420.42,13.53,10.43,11.98,0.7848,0.7708,0.7392,0.8226,1.024,0.2079,35.0,60.0,-60.0,110.0,0.12,0.88,0.0,0.616,7.91,solid,1
1.3.6.1.4.1.14519.5.2.1.6279.6001.897684031374557757145405000951,13280,390.53,14.73,9.77,12.25,0.7346,0.6636,0.8148,0.9007,2.4005,0.3021,35.0,60.0,-60.0,110.0,0.12,0.88,0.0,0.616,7.72,solid,1
1.3.6.1.4.1.14519.5.2.1.6279.6001.897684031374557757145405000951,13297,2986.55,29.05,19.04,24.05,0.6881,0.6555,0.6885,0.488,9.588,0.3167,35.0,60.0,-60.0,110.0,0.12,0.88,0.0,0.616,15.2,solid,1
1.3.6.1.4.1.14519.5.2.1.6279.6001.897684031374557757145405000951,0,1379.35,17.79,15.08,16.44,0.7961,0.8475,0.7868,0.5457,1.0291,0.1464,35.0,60.0,-60.0,110.0,0.12,0.88,0.0,0.616,11.75,solid,0
1.3.6.1.4.1.14519.5.2.1.6279.6001.897684031374557757145405000951,3,331.97,11.1,8.99,10.05,0.7468,0.8104,1.0,0.9352,0.6852,0.1831,35.0,60.0,-60.0,110.0,0.12,0.88,0.0,0.616,7.31,solid,0
1.3.6.1.4.1.14519.5.2.1.6279.6001.897684031374557757145405000951,5,2170.94,26.9,17.32,22.11,0.6955,0.644,0.6321,0.537,7.5433,0.313,35.0,60.0,-60.0,110.0,0.12,0.88,0.0,0.616,13.67,solid,1
1.3.6.1.4.1.14519.5.2.1.6279.6001.897684031374557757145405000951,6,99.22,8.03,6.77,7.4,0.7679,0.8436,0.7471,1.3602,0.2889,0.1786,35.0,60.0,-60.0,110.0,0.12,0.88,0.0,0.616,4.89,solid,0
1.3.6.1.4.1.14519.5.2.1.6279.6001.693480911433291675609148051914,65742,132.54,9.64,7.22,8.43,0.8299,0.7482,0.6222,1.1429,0.3208,0.1707,35.0,60.0,-60.0,110.0,0.12,0.88,0.0,0.616,5.38,solid,0
1.3.6.1.4.1.14519.5.2.1.6279.6001.693480911433291675609148051914,78504,132.79,8.9,7.1,8.0,0.7743,0.7973,0.7862,1.2242,0.3786,0.1853,35.0,60.0,-60.0,110.0,0.12,0.88,0.0,0.616,5.39,solid,0
1.3.6.1.4.1.14519.5.2.1.6279.6001.693480911433291675609148051914,Nodule 001,85.01,8.01,7.77,7.89,0.8294,0.9694,0.4991,1.3261,0.2412,0.168,35.0,60.0,-60.0,110.0,0.12,0.88,0.0,0.616,4.64,solid,0
1.3.6.1.4.1.14519.5.2.1.6279.6001.693480911433291675609148051914,14374,106.82,10.03,7.39,8.71,0.7884,0.7373,0.4987,1.2927,0.5851,0.2351,35.0,60.0,-60.0,110.0,0.12,0.88,0.0,0.616,5.01,solid,1
1.3.6.1.4.1.14519.5.2.1.6279.6001.693480911433291675609148051914,4,74.97,5.8,5.44,5.62,0.7717,0.9381,1.0,1.4862,0.2848,0.1997,350.0,120.0,50.0,550.0,0.1,0.25,0.65,0.175,2.93,calcified,0
1.3.6.1.4.1.14519.5.2.1.6279.6001.338104567770715523699587505022,167304,56.35,7.26,6.93,7.1,0.8305,0.9551,0.4305,1.5189,0.0826,0.1098,350.0,120.0,50.0,550.0,0.1,0.25,0.65,0.175,2.66,calcified,0
1.3.6.1.4.1.14519.5.2.1.6279.6001.338104567770715523699587505022,Nodule 002,100.14,7.8,6.98,7.39,0.8339,0.8951,0.7214,1.2487,0.2155,0.1566,35.0,60.0,-60.0,110.0,0.12,0.88,0.0,0.616,4.9,solid,0
1.3.6.1.4.1.14519.5.2.1.6279.6001.338104567770715523699587505022,1,89.42,9.58,8.79,9.19,0.8061,0.9173,0.3914,1.3415,0.8053,0.2744,-580.0,75.0,-680.0,-450.0,0.95,0.05,0.0,0.035,1.81,pure_ggn,0
1.3.6.1.4.1.14519.5.2.1.6279.6001.269075535958871753309238331179,Nodule 001,1334.47,18.75,15.07,16.91,0.7991,0.8039,0.7681,0.5497,1.034,0.1467,35.0,60.0,-60.0,110.0,0.12,0.88,0.0,0.616,11.62,solid,1
1.3.6.1.4.1.14519.5.2.1.6279.6001.269075535958871753309238331179,1852,121.72,8.36,7.65,8.0,0.818,0.9155,0.6461,1.1929,0.1937,0.1406,350.0,120.0,50.0,550.0,0.1,0.25,0.65,0.175,3.44,calcified,0
1.3.6.1.4.1.14519.5.2.1.6279.6001.269075535958871753309238331179,1845,1228.18,18.1,15.0,16.55,0.8471,0.8284,0.7955,0.5331,0.7448,0.1276,35.0,60.0,-60.0,110.0,0.12,0.88,0.0,0.616,11.31,solid,1
1.3.6.1.4.1.14519.5.2.1.6279.6001.269075535958871753309238331179,1113,71.44,8.09,5.5,6.8,0.8123,0.6794,0.8894,1.4347,0.479,0.2432,35.0,60.0,-60.0,110.0,0.12,0.88,0.0,0.616,4.38,solid,0
1.3.6.1.4.1.14519.5.2.1.6279.6001.269075535958871753309238331179,1098,1113.97,17.58,14.86,16.22,0.8235,0.845,0.7166,0.5665,0.6472,0.1231,35.0,60.0,-60.0,110.0,0.12,0.88,0.0,0.616,10.94,solid,1
1.3.6.1.4.1.14519.5.2.1.6279.6001.269075535958871753309238331179,3,47.19,6.39,4.9,5.64,0.7026,0.7667,1.0,1.9048,0.4691,0.2658,35.0,60.0,-60.0,110.0,0.12,0.88,0.0,0.616,3.81,solid,0
1.3.6.1.4.1.14519.5.2.1.6279.6001.269075535958871753309238331179,4,86.88,7.06,5.77,6.41,0.7869,0.817,1.0,1.3877,0.1627,0.1432,350.0,120.0,50.0,550.0,0.1,0.25,0.65,0.175,3.07,calcified,0
1.3.6.1.4.1.14519.5.2.1.6279.6001.205523326998654833765855998037,Nodule 002,64.62,7.03,6.04,6.54,0.8162,0.8587,0.711,1.4765,0.1597,0.1544,35.0,60.0,-60.0,110.0,0.12,0.88,0.0,0.616,4.24,solid,0
1.3.6.1.4.1.14519.5.2.1.6279.6001.205523326998654833765855998037,Nodule 003,59.72,7.56,6.32,6.94,0.801,0.8362,0.4963,1.5445,0.2847,0.2067,35.0,60.0,-60.0,110.0,0.12,0.88,0.0,0.616,4.13,solid,0
1.3.6.1.4.1.14519.5.2.1.6279.6001.305858704835252413616501469037,56768,207.76,8.77,8.23,8.5,0.8391,0.9386,1.0,0.9731,0.1788,0.1139,350.0,120.0,50.0,550.0,0.1,0.25,0.65,0.175,4.11,calcified,0
1.3.6.1.4.1.14519.5.2.1.6279.6001.305858704835252413616501469037,57202,116.13,12.72,9.47,11.09,0.7292,0.7441,0.2358,1.3593,1.1247,0.2732,35.0,60.0,-60.0,110.0,0.12,0.88,0.0,0.616,5.15,solid,0
1.3.6.1.4.1.14519.5.2.1.6279.6001.305858704835252413616501469037,Nodule 007,600.74,14.76,10.4,12.58,0.8013,0.705,0.7455,0.7152,0.8554,0.1745,35.0,60.0,-60.0,110.0,0.12,0.88,0.0,0.616,8.91,solid,1
1.3.6.1.4.1.14519.5.2.1.6279.6001.305858704835252413616501469037,Nodule 003,187.91,14.43,12.55,13.49,0.7376,0.8696,0.2078,1.1447,1.012,0.2132,35.0,60.0,-60.0,110.0,0.12,0.88,0.0,0.616,6.05,solid,1
1.3.6.1.4.1.14519.5.2.1.6279.6001.305858704835252413616501469037,0,254.8,9.71,8.51,9.11,0.8001,0.8765,0.9266,0.9534,0.3081,0.1399,35.0,60.0,-60.0,110.0,0.12,0.88,0.0,0.616,6.69,solid,0
1.3.6.1.4.1.14519.5.2.1.6279.6001.199282854229880908602362094937,7,32.16,6.7,5.65,6.18,0.7989,0.8432,0.3729,1.9036,0.1688,0.1832,35.0,60.0,-60.0,110.0,0.12,0.88,0.0,0.616,3.36,solid,0
1.3.6.1.4.1.14519.5.2.1.6279.6001.199282854229880908602362094937,Nodule 001,135.36,9.44,7.14,8.29,0.7981,0.7569,0.6623,1.1801,0.4724,0.2077,35.0,60.0,-60.0,110.0,0.12,0.88,0.0,0.616,5.42,solid,1
1.3.6.1.4.1.14519.5.2.1.6279.6001.199282854229880908602362094937,19760,106.88,9.58,6.38,7.98,0.7995,0.6654,0.6521,1.2745,0.5318,0.2311,35.0,60.0,-60.0,110.0,0.12,0.88,0.0,0.616,5.01,solid,0
1.3.6.1.4.1.14519.5.2.1.6279.6001.199282854229880908602362094937,37824,118.21,9.67,7.0,8.33,0.801,0.7234,0.5816,1.2301,0.5716,0.2346,35.0,60.0,-60.0,110.0,0.12,0.88,0.0,0.616,5.18,solid,0
1.3.6.1.4.1.14519.5.2.1.6279.6001.199282854229880908602362094937,51539,81.46,7.48,6.48,6.98,0.8204,0.8666,0.8354,1.3598,0.3469,0.2085,35.0,60.0,-60.0,110.0,0.12,0.88,0.0,0.616,4.58,solid,0
1.3.6.1.4.1.14519.5.2.1.6279.6001.217754016294471278921686508169,54802,61.98,7.48,6.23,6.85,0.858,0.8326,0.5349,1.4242,0.1551,0.1518,35.0,60.0,-60.0,110.0,0.12,0.88,0.0,0.616,4.18,solid,0
1.3.6.1.4.1.14519.5.2.1.6279.6001.217754016294471278921686508169,54808,49.73,8.03,5.12,6.58,0.797,0.6375,0.4978,1.6499,0.4386,0.2646,35.0,60.0,-60.0,110.0,0.12,0.88,0.0,0.616,3.88,solid,0
1.3.6.1.4.1.14519.5.2.1.6279.6001.217754016294471278921686508169,Nodule 001,79.13,8.23,7.35,7.79,0.8422,0.8936,0.486,1.3374,0.2652,0.1789,35.0,60.0,-60.0,110.0,0.12,0.88,0.0,0.616,4.53,solid,0
1.3.6.1.4.1.14519.5.2.1.6279.6001.217754016294471278921686508169,6,48.26,6.81,5.55,6.18,0.8045,0.8149,0.587,1.6509,0.1539,0.1648,350.0,120.0,50.0,550.0,0.1,0.25,0.65,0.175,2.53,calcified,0
1.3.6.1.4.1.14519.5.2.1.6279.6001.217754016294471278921686508169,9,130.09,10.71,8.57,9.64,0.7841,0.8004,0.3735,1.2172,0.4081,0.1811,35.0,60.0,-60.0,110.0,0.12,0.88,0.0,0.616,5.35,solid,0
1.3.6.1.4.1.14519.5.2.1.6279.6001.277445975068759205899107114231,Nodule 005,69.24,8.44,6.36,7.4,0.8116,0.7529,0.4264,1.4512,0.2957,0.2008,35.0,60.0,-60.0,110.0,0.12,0.88,0.0,0.616,4.33,solid,0
1.3.6.1.4.1.14519.5.2.1.6279.6001.277445975068759205899107114231,Nodule 006,86.44,9.19,7.28,8.24,0.7949,0.7913,0.3915,1.376,0.2487,0.1666,35.0,60.0,-60.0,110.0,0.12,0.88,0.0,0.616,4.67,solid,0
1.3.6.1.4.1.14519.5.2.1.6279.6001.277445975068759205899107114231,Nodule 001,55.57,8.13,5.4,6.76,0.8085,0.6649,0.443,1.5675,0.284,0.2121,35.0,60.0,-60.0,110.0,0.12,0.88,0.0,0.616,4.03,solid,0
1.3.6.1.4.1.14519.5.2.1.6279.6001.277445975068759205899107114231,MI014_649,52.04,7.07,6.57,6.82,0.7599,0.9305,0.5095,1.7046,0.2651,0.2071,-580.0,75.0,-680.0,-450.0,0.95,0.05,0.0,0.035,1.52,pure_ggn,0
1.3.6.1.4.1.14519.5.2.1.6279.6001.277445975068759205899107114231,MI014_640,148.62,10.87,7.16,9.02,0.7926,0.6588,0.4968,1.1519,0.6255,0.2294,-580.0,75.0,-680.0,-450.0,0.95,0.05,0.0,0.035,2.15,pure_ggn,0
1.3.6.1.4.1.14519.5.2.1.6279.6001.259737874318594997287940213435,81097,1231.12,19.82,14.04,16.93,0.7489,0.7084,0.7568,0.6025,2.4288,0.2216,35.0,60.0,-60.0,110.0,0.12,0.88,0.0,0.616,11.31,solid,0
1.3.6.1.4.1.14519.5.2.1.6279.6001.259737874318594997287940213435,13772,1672.86,23.97,17.68,20.82,0.7745,0.7375,0.6257,0.526,3.9034,0.2439,35.0,60.0,-60.0,110.0,0.12,0.88,0.0,0.616,12.53,solid,1
1.3.6.1.4.1.14519.5.2.1.6279.6001.312127933722985204808706697221,IL057_196175,5154.8,46.37,24.06,35.21,0.6521,0.5189,0.7009,0.4293,34.2944,0.4133,35.0,60.0,-60.0,110.0,0.12,0.88,0.0,0.616,18.24,solid,1
1.3.6.1.4.1.14519.5.2.1.6279.6001.312127933722985204808706697221,IL057_196178,776.65,18.97,16.33,17.65,0.7747,0.8608,0.3954,0.6791,2.5507,0.2502,35.0,60.0,-60.0,110.0,0.12,0.88,0.0,0.616,9.7,solid,1
1.3.6.1.4.1.14519.5.2.1.6279.6001.312127933722985204808706697221,Nodule 001,287.88,12.16,10.4,11.28,0.8272,0.8554,0.5139,0.8854,0.3177,0.1311,35.0,60.0,-60.0,110.0,0.12,0.88,0.0,0.616,6.97,solid,1
1.3.6.1.4.1.14519.5.2.1.6279.6001.312127933722985204808706697221,Nodule 003,531.04,17.1,13.03,15.07,0.7975,0.7619,0.4385,0.7488,1.9577,0.2521,35.0,60.0,-60.0,110.0,0.12,0.88,0.0,0.616,8.55,solid,1
1.3.6.1.4.1.14519.5.2.1.6279.6001.312127933722985204808706697221,03681,6753.12,47.78,25.64,36.71,0.6403,0.5367,0.7849,0.3996,31.5901,0.3784,35.0,60.0,-60.0,110.0,0.12,0.88,0.0,0.616,19.95,solid,1
1.3.6.1.4.1.14519.5.2.1.6279.6001.312127933722985204808706697221,03686,719.38,18.56,15.41,16.98,0.797,0.83,0.4714,0.6772,1.9795,0.2252,-580.0,75.0,-680.0,-450.0,0.95,0.05,0.0,0.035,3.64,pure_ggn,1
1.3.6.1.4.1.14519.5.2.1.6279.6001.312127933722985204808706697221,0900,210.7,11.88,9.83,10.85,0.8297,0.8275,0.421,0.9795,0.3414,0.1453,35.0,60.0,-60.0,110.0,0.12,0.88,0.0,0.616,6.28,solid,1
1.3.6.1.4.1.14519.5.2.1.6279.6001.312127933722985204808706697221,0903,116.07,10.95,7.8,9.38,0.799,0.7123,0.3423,1.2408,0.3762,0.179,-220.0,140.0,-520.0,80.0,0.6,0.4,0.0,0.28,3.96,part_solid,0
1.3.6.1.4.1.14519.5.2.1.6279.6001.312127933722985204808706697221,0895,339.94,11.53,10.88,11.2,0.8453,0.9438,0.6506,0.8197,0.1805,0.0963,35.0,60.0,-60.0,110.0,0.12,0.88,0.0,0.616,7.37,solid,1
1.3.6.1.4.1.14519.5.2.1.6279.6001.312127933722985204808706697221,0904,107.19,9.89,8.22,9.05,0.8111,0.8309,0.3792,1.2552,0.343,0.1777,35.0,60.0,-60.0,110.0,0.12,0.88,0.0,0.616,5.01,solid,1
1.3.6.1.4.1.14519.5.2.1.6279.6001.312127933722985204808706697221,0889,642.82,17.67,13.87,15.77,0.783,0.7854,0.4953,0.7156,1.815,0.2284,35.0,60.0,-60.0,110.0,0.12,0.88,0.0,0.616,9.11,solid,1
1.3.6.1.4.1.14519.5.2.1.6279.6001.569096986145782511000054443951,14969,171.55,11.55,9.3,10.42,0.78,0.8055,0.4677,1.1159,0.6958,0.2176,35.0,60.0,-60.0,110.0,0.12,0.88,0.0,0.616,5.87,solid,1
1.3.6.1.4.1.14519.5.2.1.6279.6001.254957696184671649675053562027,Nodule 001,166.7,10.34,9.1,9.72,0.822,0.8798,0.5223,1.069,0.7474,0.2392,35.0,60.0,-60.0,110.0,0.12,0.88,0.0,0.616,5.81,solid,1
1.3.6.1.4.1.14519.5.2.1.6279.6001.254957696184671649675053562027,68406,145.09,9.36,8.17,8.76,0.8536,0.8726,0.577,1.0781,0.1454,0.1133,350.0,120.0,50.0,550.0,0.1,0.25,0.65,0.175,3.65,calcified,0
1.3.6.1.4.1.14519.5.2.1.6279.6001.254957696184671649675053562027,68402,92.17,9.75,7.47,8.61,0.787,0.7655,0.3691,1.3603,0.4991,0.2285,35.0,60.0,-60.0,110.0,0.12,0.88,0.0,0.616,4.77,solid,0
1.3.6.1.4.1.14519.5.2.1.6279.6001.254957696184671649675053562027,MI014_14525,168.9,8.49,8.03,8.26,0.8424,0.9466,0.8482,1.0386,0.089,0.0867,350.0,120.0,50.0,550.0,0.1,0.25,0.65,0.175,3.84,calcified,0
1.3.6.1.4.1.14519.5.2.1.6279.6001.254957696184671649675053562027,0,113.78,8.95,7.43,8.19,0.661,0.83,0.8041,1.5098,0.6458,0.2387,35.0,60.0,-60.0,110.0,0.12,0.88,0.0,0.616,5.12,solid,0
1.3.6.1.4.1.14519.5.2.1.6279.6001.254957696184671649675053562027,1,122.16,7.44,6.9,7.17,0.7675,0.9269,0.9678,1.2699,0.1413,0.1211,350.0,120.0,50.0,550.0,0.1,0.25,0.65,0.175,3.44,calcified,0
1.3.6.1.4.1.14519.5.2.1.6279.6001.276556509002726404418399209377,Nodule 002,397.78,15.66,14.7,15.18,0.7744,0.9388,0.3449,0.8491,1.8081,0.2504,35.0,60.0,-60.0,110.0,0.12,0.88,0.0,0.616,7.76,solid,1
1.3.6.1.4.1.14519.5.2.1.6279.6001.276556509002726404418399209377,MI014_8025,335.6,14.44,12.89,13.67,0.7387,0.8927,0.3739,0.9421,0.8524,0.1875,35.0,60.0,-60.0,110.0,0.12,0.88,0.0,0.616,7.34,solid,1
1.3.6.1.4.1.14519.5.2.1.6279.6001.331136451298749863730308327406,77452,80.11,8.01,4.92,6.47,0.7685,0.6141,1.0,1.4598,0.5334,0.2361,350.0,120.0,50.0,550.0,0.1,0.25,0.65,0.175,2.99,calcified,0
1.3.6.1.4.1.14519.5.2.1.6279.6001.331136451298749863730308327406,77449,5348.59,27.7,21.75,24.73,0.6044,0.7853,1.0,0.4576,9.6756,0.2574,350.0,120.0,50.0,550.0,0.1,0.25,0.65,0.175,12.14,calcified,0
1.3.6.1.4.1.14519.5.2.1.6279.6001.331136451298749863730308327406,75312,32.83,7.85,5.68,6.77,0.781,0.7239,0.2548,1.9339,0.1629,0.1735,350.0,120.0,50.0,550.0,0.1,0.25,0.65,0.175,2.22,calcified,0
1.3.6.1.4.1.14519.5.2.1.6279.6001.331136451298749863730308327406,10533,4837.77,28.22,21.78,25.0,0.6405,0.7717,0.9566,0.4464,8.2948,0.2554,35.0,60.0,-60.0,110.0,0.12,0.88,0.0,0.616,17.85,solid,1
1.3.6.1.4.1.14519.5.2.1.6279.6001.331136451298749863730308327406,0,207.27,9.32,7.35,8.34,0.7678,0.7878,0.9652,1.0643,0.6114,0.2105,350.0,120.0,50.0,550.0,0.1,0.25,0.65,0.175,4.11,calcified,0
1.3.6.1.4.1.14519.5.2.1.6279.6001.282512043257574309474415322775,IL057_196285,2964.81,23.66,21.77,22.71,0.8246,0.9202,0.7397,0.4083,1.6719,0.1412,35.0,60.0,-60.0,110.0,0.12,0.88,0.0,0.616,15.17,solid,1
1.3.6.1.4.1.14519.5.2.1.6279.6001.282512043257574309474415322775,Nodule 001,3173.06,23.58,22.59,23.08,0.8331,0.958,0.7423,0.395,1.6976,0.1399,35.0,60.0,-60.0,110.0,0.12,0.88,0.0,0.616,15.51,solid,1
1.3.6.1.4.1.14519.5.2.1.6279.6001.282512043257574309474415322775,5338,2866.19,25.51,21.37,23.44,0.775,0.8379,0.6861,0.4393,3.7468,0.2085,35.0,60.0,-60.0,110.0,0.12,0.88,0.0,0.616,15.0,solid,1
1.3.6.1.4.1.14519.5.2.1.6279.6001.346115813056769250958550383763,Nodule 004,98.0,10.69,9.13,9.91,0.7699,0.8538,0.2805,1.3624,0.6976,0.2396,35.0,60.0,-60.0,110.0,0.12,0.88,0.0,0.616,4.87,solid,1
1.3.6.1.4.1.14519.5.2.1.6279.6001.346115813056769250958550383763,IL057_160005,95.79,12.76,10.91,11.84,0.6763,0.8547,0.1567,1.5627,0.7249,0.2073,-220.0,140.0,-520.0,80.0,0.6,0.4,0.0,0.28,3.71,part_solid,1
1.3.6.1.4.1.14519.5.2.1.6279.6001.346115813056769250958550383763,7,147.0,11.33,10.28,10.8,0.7513,0.9076,0.3531,1.2196,1.2312,0.2918,35.0,60.0,-60.0,110.0,0.12,0.88,0.0,0.616,5.57,solid,0
1.3.6.1.4.1.14519.5.2.1.6279.6001.346115813056769250958550383763,17,79.87,13.16,9.7,11.43,0.6587,0.7369,0.152,1.7049,1.4509,0.3084,-580.0,75.0,-680.0,-450.0,0.95,0.05,0.0,0.035,1.75,pure_ggn,0
1.3.6.1.4.1.14519.5.2.1.6279.6001.118924792893665851774878880764,206830,529.93,12.63,10.57,11.6,0.7944,0.8375,0.9505,0.7523,0.8252,0.179,350.0,120.0,50.0,550.0,0.1,0.25,0.65,0.175,5.62,calcified,0
1.3.6.1.4.1.14519.5.2.1.6279.6001.118924792893665851774878880764,196527,501.27,12.37,10.31,11.34,0.8135,0.8335,0.9699,0.7484,0.4061,0.1287,350.0,120.0,50.0,550.0,0.1,0.25,0.65,0.175,5.51,calcified,0
1.3.6.1.4.1.14519.5.2.1.6279.6001.118924792893665851774878880764,18098,571.09,11.73,10.99,11.36,0.8259,0.9369,1.0,0.7058,0.4659,0.1339,350.0,120.0,50.0,550.0,0.1,0.25,0.65,0.175,5.76,calcified,0
1.3.6.1.4.1.14519.5.2.1.6279.6001.118924792893665851774878880764,0,638.71,13.45,11.65,12.55,0.7569,0.8656,0.8919,0.7419,0.972,0.1826,350.0,120.0,50.0,550.0,0.1,0.25,0.65,0.175,5.98,calcified,0
1.3.6.1.4.1.14519.5.2.1.6279.6001.267519732763035023633235877753,4,179.31,9.71,8.14,8.93,0.8131,0.8375,0.7077,1.0547,0.2697,0.1443,350.0,120.0,50.0,550.0,0.1,0.25,0.65,0.175,3.91,calcified,0
1.3.6.1.4.1.14519.5.2.1.6279.6001.267519732763035023633235877753,141244,68.6,6.65,6.53,6.59,0.8476,0.9811,0.6577,1.3937,0.0798,0.1092,350.0,120.0,50.0,550.0,0.1,0.25,0.65,0.175,2.84,calcified,0
1.3.6.1.4.1.14519.5.2.1.6279.6001.267519732763035023633235877753,141241,200.29,10.24,9.23,9.73,0.8468,0.9011,0.6105,0.976,0.266,0.1365,350.0,120.0,50.0,550.0,0.1,0.25,0.65,0.175,4.06,calcified,0
1.3.6.1.4.1.14519.5.2.1.6279.6001.267519732763035023633235877753,141250,81.0,7.59,6.1,6.85,0.8197,0.8041,0.6587,1.3636,0.2741,0.1891,350.0,120.0,50.0,550.0,0.1,0.25,0.65,0.175,3.0,calcified,0
1.3.6.1.4.1.14519.5.2.1.6279.6001.267519732763035023633235877753,166945,101.67,10.52,7.76,9.14,0.7761,0.7383,0.3566,1.335,0.7129,0.2542,35.0,60.0,-60.0,110.0,0.12,0.88,0.0,0.616,4.93,solid,0
1.3.6.1.4.1.14519.5.2.1.6279.6001.267519732763035023633235877753,166943,55.43,7.09,7.04,7.06,0.8286,0.9934,0.441,1.5307,0.0959,0.1191,350.0,120.0,50.0,550.0,0.1,0.25,0.65,0.175,2.65,calcified,0
1.3.6.1.4.1.14519.5.2.1.6279.6001.267519732763035023633235877753,166940,180.84,10.3,9.32,9.81,0.8412,0.9052,0.5463,1.0166,0.2758,0.1411,350.0,120.0,50.0,550.0,0.1,0.25,0.65,0.175,3.92,calcified,0
1.3.6.1.4.1.14519.5.2.1.6279.6001.267519732763035023633235877753,168532,44.87,6.11,4.91,5.51,0.8106,0.803,0.7162,1.679,0.1403,0.1654,350.0,120.0,50.0,550.0,0.1,0.25,0.65,0.175,2.47,calcified,0
1.3.6.1.4.1.14519.5.2.1.6279.6001.267519732763035023633235877753,Nodule 003,198.91,10.22,8.58,9.4,0.8197,0.8394,0.6725,1.0107,0.3614,0.1604,350.0,120.0,50.0,550.0,0.1,0.25,0.65,0.175,4.05,calcified,0
1.3.6.1.4.1.14519.5.2.1.6279.6001.267519732763035023633235877753,Nodule 006,88.2,9.09,7.83,8.46,0.8126,0.8618,0.4125,1.337,0.6056,0.2527,35.0,60.0,-60.0,110.0,0.12,0.88,0.0,0.616,4.7,solid,0
1.3.6.1.4.1.14519.5.2.1.6279.6001.267519732763035023633235877753,Nodule 001,60.02,6.96,5.63,6.29,0.8086,0.8086,0.6288,1.5275,0.2091,0.1824,350.0,120.0,50.0,550.0,0.1,0.25,0.65,0.175,2.72,calcified,0
1.3.6.1.4.1.14519.5.2.1.6279.6001.392861216720727557882279374324,167198,63.85,9.45,5.92,7.69,0.798,0.6265,0.3967,1.5161,0.6513,0.2854,35.0,60.0,-60.0,110.0,0.12,0.88,0.0,0.616,4.22,solid,0
1.3.6.1.4.1.14519.5.2.1.6279.6001.392861216720727557882279374324,Nodule 003,54.36,9.93,7.29,8.61,0.7723,0.7341,0.2518,1.653,0.7024,0.2773,35.0,60.0,-60.0,110.0,0.12,0.88,0.0,0.616,4.0,solid,1
1.3.6.1.4.1.14519.5.2.1.6279.6001.392861216720727557882279374324,Nodule 002,24.96,6.86,5.6,6.23,0.7778,0.817,0.2733,2.1276,0.2443,0.2244,35.0,60.0,-60.0,110.0,0.12,0.88,0.0,0.616,3.09,solid,1
1.3.6.1.4.1.14519.5.2.1.6279.6001.392861216720727557882279374324,2,319.72,14.51,10.5,12.51,0.7933,0.7236,0.4306,0.8915,1.032,0.2173,-580.0,75.0,-680.0,-450.0,0.95,0.05,0.0,0.035,2.78,pure_ggn,0
1.3.6.1.4.1.14519.5.2.1.6279.6001.323899724653546164058849558431,141143,97.23,7.96,6.93,7.45,0.8393,0.8711,0.6281,1.253,0.1587,0.1356,350.0,120.0,50.0,550.0,0.1,0.25,0.65,0.175,3.19,calcified,0
1.3.6.1.4.1.14519.5.2.1.6279.6001.323899724653546164058849558431,0,252.04,13.12,9.98,11.55,0.7746,0.761,0.5241,0.9883,1.0807,0.2394,35.0,60.0,-60.0,110.0,0.12,0.88,0.0,0.616,6.67,solid,0
1.3.6.1.4.1.14519.5.2.1.6279.6001.323899724653546164058849558431,166846,97.23,7.9,6.72,7.31,0.834,0.8508,0.712,1.261,0.22,0.1594,35.0,60.0,-60.0,110.0,0.12,0.88,0.0,0.616,4.85,solid,0
1.3.6.1.4.1.14519.5.2.1.6279.6001.323899724653546164058849558431,Nodule 001,126.17,9.71,7.66,8.68,0.8367,0.7892,0.5151,1.1524,0.3432,0.1773,35.0,60.0,-60.0,110.0,0.12,0.88,0.0,0.616,5.29,solid,1
1.3.6.1.4.1.14519.5.2.1.6279.6001.323899724653546164058849558431,Nodule 002,77.63,7.61,6.54,7.08,0.8159,0.8596,0.5746,1.3895,0.2352,0.1777,35.0,60.0,-60.0,110.0,0.12,0.88,0.0,0.616,4.5,solid,1
1.3.6.1.4.1.14519.5.2.1.6279.6001.292049618819567427252971059233,51686,349.86,12.07,9.72,10.89,0.6253,0.8054,0.9945,1.0976,1.4897,0.2538,-580.0,75.0,-680.0,-450.0,0.95,0.05,0.0,0.035,2.86,pure_ggn,0
1.3.6.1.4.1.14519.5.2.1.6279.6001.213022585153512920098588556742,0,591.67,24.53,18.76,21.65,0.6163,0.7649,0.1529,0.9347,4.6889,0.2897,350.0,120.0,50.0,550.0,0.1,0.25,0.65,0.175,5.83,calcified,0
1.3.6.1.4.1.14519.5.2.1.6279.6001.168985655485163461062675655739,74101,168.07,12.56,7.23,9.89,0.7563,0.5755,0.3982,1.1587,0.9808,0.2642,350.0,120.0,50.0,550.0,0.1,0.25,0.65,0.175,3.83,calcified,0
1.3.6.1.4.1.14519.5.2.1.6279.6001.168985655485163461062675655739,Nodule 008,88.44,8.95,6.44,7.69,0.8336,0.7198,0.5589,1.3021,0.4902,0.2377,35.0,60.0,-60.0,110.0,0.12,0.88,0.0,0.616,4.7,solid,1
1.3.6.1.4.1.14519.5.2.1.6279.6001.168985655485163461062675655739,Nodule 003,36.99,8.33,6.45,7.39,0.7692,0.7743,0.2401,1.8869,0.283,0.2051,35.0,60.0,-60.0,110.0,0.12,0.88,0.0,0.616,3.52,solid,0
1.3.6.1.4.1.14519.5.2.1.6279.6001.168985655485163461062675655739,Nodule 004,77.91,6.55,5.98,6.27,0.8374,0.9121,0.9156,1.3522,0.137,0.138,35.0,60.0,-60.0,110.0,0.12,0.88,0.0,0.616,4.51,solid,0
1.3.6.1.4.1.14519.5.2.1.6279.6001.168985655485163461062675655739,15416,51.94,8.02,4.74,6.38,0.7691,0.5903,0.4985,1.6852,0.2733,0.2097,350.0,120.0,50.0,550.0,0.1,0.25,0.65,0.175,2.59,calcified,0
1.3.6.1.4.1.14519.5.2.1.6279.6001.168985655485163461062675655739,0,98.73,9.93,6.29,8.11,0.7605,0.633,0.5033,1.3758,0.6717,0.2635,350.0,120.0,50.0,550.0,0.1,0.25,0.65,0.175,3.21,calcified,0
1.3.6.1.4.1.14519.5.2.1.6279.6001.168985655485163461062675655739,3,52.67,6.54,4.95,5.75,0.7646,0.757,0.7645,1.6873,0.1569,0.1641,35.0,60.0,-60.0,110.0,0.12,0.88,0.0,0.616,3.96,solid,0
1.3.6.1.4.1.14519.5.2.1.6279.6001.168985655485163461062675655739,8,16.41,5.06,3.48,4.27,0.7477,0.6884,0.5931,2.5448,0.1076,0.1947,35.0,60.0,-60.0,110.0,0.12,0.88,0.0,0.616,2.68,solid,0
1.3.6.1.4.1.14519.5.2.1.6279.6001.259543921154154401875872845498,0,162.16,11.38,8.95,10.16,0.7595,0.787,0.4395,1.1677,0.7719,0.2343,35.0,60.0,-60.0,110.0,0.12,0.88,0.0,0.616,5.76,solid,0
1.3.6.1.4.1.14519.5.2.1.6279.6001.259543921154154401875872845498,1,184.21,12.38,9.13,10.76,0.7532,0.7373,0.4038,1.1284,1.0403,0.2573,35.0,60.0,-60.0,110.0,0.12,0.88,0.0,0.616,6.01,solid,0
1.3.6.1.4.1.14519.5.2.1.6279.6001.259543921154154401875872845498,2,265.67,14.37,11.98,13.18,0.7034,0.8337,0.4348,1.0695,2.0463,0.3042,-580.0,75.0,-680.0,-450.0,0.95,0.05,0.0,0.035,2.61,pure_ggn,0
1.3.6.1.4.1.14519.5.2.1.6279.6001.259543921154154401875872845498,Nodule 003,111.32,10.34,9.66,10.0,0.7792,0.9347,0.3022,1.2902,0.3057,0.1545,35.0,60.0,-60.0,110.0,0.12,0.88,0.0,0.616,5.08,solid,1
1.3.6.1.4.1.14519.5.2.1.6279.6001.259543921154154401875872845498,Nodule 002,136.28,11.96,8.85,10.4,0.779,0.7403,0.3136,1.2063,0.8048,0.2394,35.0,60.0,-60.0,110.0,0.12,0.88,0.0,0.616,5.43,solid,1
1.3.6.1.4.1.14519.5.2.1.6279.6001.259543921154154401875872845498,Nodule 001,104.28,10.36,7.73,9.04,0.7954,0.7461,0.362,1.2917,0.5287,0.22,35.0,60.0,-60.0,110.0,0.12,0.88,0.0,0.616,4.97,solid,0
1.3.6.1.4.1.14519.5.2.1.6279.6001.404303213662391867606219459686,38629,87.71,11.63,10.17,10.9,0.6968,0.8744,0.172,1.5621,0.0961,0.0819,35.0,60.0,-60.0,110.0,0.12,0.88,0.0,0.616,4.69,solid,0
1.3.6.1.4.1.14519.5.2.1.6279.6001.404303213662391867606219459686,38614,228.58,12.65,9.17,10.91,0.7902,0.7249,0.4741,1.0009,0.8676,0.2302,-220.0,140.0,-520.0,80.0,0.6,0.4,0.0,0.28,4.96,part_solid,0
1.3.6.1.4.1.14519.5.2.1.6279.6001.404303213662391867606219459686,38610,266.8,15.73,9.44,12.59,0.806,0.6001,0.5721,0.9321,3.2063,0.3745,35.0,60.0,-60.0,110.0,0.12,0.88,0.0,0.616,6.8,solid,0
1.3.6.1.4.1.14519.5.2.1.6279.6001.404303213662391867606219459686,38612,268.27,12.12,8.63,10.37,0.8473,0.7115,0.7424,0.885,0.4864,0.1643,35.0,60.0,-60.0,110.0,0.12,0.88,0.0,0.616,6.81,solid,0
1.3.6.1.4.1.14519.5.2.1.6279.6001.404303213662391867606219459686,38625,127.15,8.74,8.15,8.45,0.8195,0.9322,0.6862,1.1735,0.3603,0.1853,35.0,60.0,-60.0,110.0,0.12,0.88,0.0,0.616,5.31,solid,0
1.3.6.1.4.1.14519.5.2.1.6279.6001.404303213662391867606219459686,38766,105.84,13.0,10.9,11.95,0.6603,0.8383,0.1538,1.5484,0.3725,0.1476,35.0,60.0,-60.0,110.0,0.12,0.88,0.0,0.616,4.99,solid,0
1.3.6.1.4.1.14519.5.2.1.6279.6001.404303213662391867606219459686,38767,169.05,10.26,7.42,8.84,0.8399,0.7225,0.8768,1.0414,0.494,0.1909,35.0,60.0,-60.0,110.0,0.12,0.88,0.0,0.616,5.84,solid,0
1.3.6.1.4.1.14519.5.2.1.6279.6001.404303213662391867606219459686,19592,76.44,11.73,8.83,10.28,0.6856,0.7533,0.1706,1.6619,0.2371,0.136,-220.0,140.0,-520.0,80.0,0.6,0.4,0.0,0.28,3.44,part_solid,0
1.3.6.1.4.1.14519.5.2.1.6279.6001.404303213662391867606219459686,7,202.12,10.81,7.35,9.08,0.8227,0.6794,0.8323,1.0016,0.4968,0.1819,35.0,60.0,-60.0,110.0,0.12,0.88,0.0,0.616,6.2,solid,0
1.3.6.1.4.1.14519.5.2.1.6279.6001.404303213662391867606219459686,20,60.27,9.76,8.36,9.06,0.7313,0.856,0.2049,1.6866,0.0891,0.0952,35.0,60.0,-60.0,110.0,0.12,0.88,0.0,0.616,4.14,solid,0
1.3.6.1.4.1.14519.5.2.1.6279.6001.251204142823446211001577555181,34185,130.83,8.11,7.53,7.82,0.8393,0.9288,0.7396,1.135,0.1183,0.111,350.0,120.0,50.0,550.0,0.1,0.25,0.65,0.175,3.52,calcified,0
1.3.6.1.4.1.14519.5.2.1.6279.6001.251204142823446211001577555181,34745,19998.61,45.44,41.25,43.35,0.7437,0.9079,0.7923,0.2396,9.6198,0.1747,35.0,60.0,-60.0,110.0,0.12,0.88,0.0,0.616,28.65,solid,1
1.3.6.1.4.1.14519.5.2.1.6279.6001.251204142823446211001577555181,12988,146.26,9.02,8.19,8.6,0.8478,0.9078,0.6654,1.0826,0.2246,0.1433,350.0,120.0,50.0,550.0,0.1,0.25,0.65,0.175,3.66,calcified,0
1.3.6.1.4.1.14519.5.2.1.6279.6001.251204142823446211001577555181,3,19738.42,44.74,41.86,43.3,0.7887,0.9355,0.7376,0.2269,7.9824,0.1621,35.0,60.0,-60.0,110.0,0.12,0.88,0.0,0.616,28.53,solid,1
1.3.6.1.4.1.14519.5.2.1.6279.6001.251204142823446211001577555181,6,18183.16,42.45,40.48,41.46,0.7304,0.9537,0.8481,0.2518,7.5189,0.1607,35.0,60.0,-60.0,110.0,0.12,0.88,0.0,0.616,27.76,solid,1
1.3.6.1.4.1.14519.5.2.1.6279.6001.557875302364105947813979213632,Nodule 002,296.3,12.41,10.35,11.38,0.8278,0.8342,0.5542,0.8763,0.6942,0.1912,35.0,60.0,-60.0,110.0,0.12,0.88,0.0,0.616,7.04,solid,1
1.3.6.1.4.1.14519.5.2.1.6279.6001.557875302364105947813979213632,Nodule 003,156.49,10.3,7.88,9.09,0.8253,0.7647,0.5462,1.0874,0.4371,0.1887,35.0,60.0,-60.0,110.0,0.12,0.88,0.0,0.616,5.69,solid,0
1.3.6.1.4.1.14519.5.2.1.6279.6001.557875302364105947813979213632,Nodule 004,188.04,10.92,7.64,9.28,0.8188,0.6999,0.6294,1.0309,0.6,0.2082,350.0,120.0,50.0,550.0,0.1,0.25,0.65,0.175,3.98,calcified,0
1.3.6.1.4.1.14519.5.2.1.6279.6001.557875302364105947813979213632,52315,89.42,7.42,6.89,7.15,0.8577,0.929,0.6741,1.2609,0.0518,0.0803,350.0,120.0,50.0,550.0,0.1,0.25,0.65,0.175,3.1,calcified,0
1.3.6.1.4.1.14519.5.2.1.6279.6001.557875302364105947813979213632,52336,112.7,7.77,7.43,7.6,0.8459,0.9558,0.7237,1.1835,0.0906,0.0989,350.0,120.0,50.0,550.0,0.1,0.25,0.65,0.175,3.35,calcified,0
1.3.6.1.4.1.14519.5.2.1.6279.6001.557875302364105947813979213632,52303,180.69,11.48,9.03,10.26,0.8301,0.7863,0.4354,1.0305,0.3982,0.1648,350.0,120.0,50.0,550.0,0.1,0.25,0.65,0.175,3.92,calcified,0
1.3.6.1.4.1.14519.5.2.1.6279.6001.557875302364105947813979213632,59924,173.34,9.31,7.46,8.39,0.8174,0.8014,0.8055,1.0611,0.3149,0.1597,350.0,120.0,50.0,550.0,0.1,0.25,0.65,0.175,3.87,calcified,0
1.3.6.1.4.1.14519.5.2.1.6279.6001.557875302364105947813979213632,59930,161.09,10.36,7.02,8.69,0.8033,0.6782,0.6638,1.1064,0.5472,0.2094,350.0,120.0,50.0,550.0,0.1,0.25,0.65,0.175,3.78,calcified,0
1.3.6.1.4.1.14519.5.2.1.6279.6001.557875302364105947813979213632,59936,124.95,10.91,6.75,8.83,0.7727,0.6188,0.4583,1.2518,0.6427,0.2381,35.0,60.0,-60.0,110.0,0.12,0.88,0.0,0.616,5.28,solid,0
1.3.6.1.4.1.14519.5.2.1.6279.6001.557875302364105947813979213632,59933,106.73,7.57,7.02,7.3,0.8757,0.9272,0.9079,1.1642,0.1055,0.1079,350.0,120.0,50.0,550.0,0.1,0.25,0.65,0.175,3.29,calcified,0
1.3.6.1.4.1.14519.5.2.1.6279.6001.557875302364105947813979213632,1,129.08,7.81,7.53,7.67,0.8343,0.9643,0.8801,1.1469,0.1037,0.101,350.0,120.0,50.0,550.0,0.1,0.25,0.65,0.175,3.51,calcified,0
1.3.6.1.4.1.14519.5.2.1.6279.6001.557875302364105947813979213632,4,233.52,10.75,9.48,10.12,0.7508,0.8813,0.8137,1.046,0.7788,0.2176,350.0,120.0,50.0,550.0,0.1,0.25,0.65,0.175,4.27,calcified,0
1.3.6.1.4.1.14519.5.2.1.6279.6001.557875302364105947813979213632,6,158.64,10.18,6.59,8.38,0.7719,0.6471,0.7368,1.1573,0.5653,0.2137,350.0,120.0,50.0,550.0,0.1,0.25,0.65,0.175,3.76,calcified,0
1.3.6.1.4.1.14519.5.2.1.6279.6001.126264578931778258890371755354,0,252.1,10.66,10.19,10.43,0.8192,0.9561,0.6096,0.9345,0.1593,0.0985,35.0,60.0,-60.0,110.0,0.12,0.88,0.0,0.616,6.67,solid,0
1.3.6.1.4.1.14519.5.2.1.6279.6001.300724599751226863091983308838,1366,4038.82,28.8,24.32,26.56,0.6923,0.8444,0.8333,0.4387,6.5532,0.2417,35.0,60.0,-60.0,110.0,0.12,0.88,0.0,0.616,16.81,solid,1
1.3.6.1.4.1.14519.5.2.1.6279.6001.300724599751226863091983308838,2900,3568.42,29.21,22.1,25.65,0.6638,0.7564,0.7189,0.4767,6.686,0.2548,-220.0,140.0,-520.0,80.0,0.6,0.4,0.0,0.28,12.4,part_solid,1
1.3.6.1.4.1.14519.5.2.1.6279.6001.300724599751226863091983308838,4743,3756.59,33.75,23.79,28.77,0.6057,0.7049,0.6222,0.5136,11.7691,0.3056,-220.0,140.0,-520.0,80.0,0.6,0.4,0.0,0.28,12.62,part_solid,0
1.3.6.1.4.1.14519.5.2.1.6279.6001.300724599751226863091983308838,4749,122.74,6.51,5.98,6.24,0.7862,0.9196,1.0,1.2377,0.2801,0.1685,35.0,60.0,-60.0,110.0,0.12,0.88,0.0,0.616,5.25,solid,0
1.3.6.1.4.1.14519.5.2.1.6279.6001.297433269262659217151107535012,141628,777.42,16.3,13.81,15.06,0.8307,0.8474,0.6135,0.6331,0.7748,0.1491,350.0,120.0,50.0,550.0,0.1,0.25,0.65,0.175,6.38,calcified,0
1.3.6.1.4.1.14519.5.2.1.6279.6001.297433269262659217151107535012,0,642.21,19.05,13.28,16.17,0.6603,0.6969,0.5904,0.8489,4.5859,0.3438,-580.0,75.0,-680.0,-450.0,0.95,0.05,0.0,0.035,3.5,pure_ggn,0
1.3.6.1.4.1.14519.5.2.1.6279.6001.297433269262659217151107535012,6,663.8,15.59,13.99,14.79,0.7787,0.8976,0.6015,0.712,0.8853,0.1638,350.0,120.0,50.0,550.0,0.1,0.25,0.65,0.175,6.05,calcified,0
1.3.6.1.4.1.14519.5.2.1.6279.6001.297433269262659217151107535012,167235,674.52,16.46,14.45,15.46,0.8201,0.8776,0.4935,0.6724,0.794,0.1529,350.0,120.0,50.0,550.0,0.1,0.25,0.65,0.175,6.09,calcified,0
1.3.6.1.4.1.14519.5.2.1.6279.6001.297433269262659217151107535012,Nodule 004,241.94,13.07,11.07,12.07,0.7994,0.847,0.3827,0.9709,1.056,0.2352,35.0,60.0,-60.0,110.0,0.12,0.88,0.0,0.616,6.58,solid,1
1.3.6.1.4.1.14519.5.2.1.6279.6001.297433269262659217151107535012,Nodule 003,809.42,16.99,15.23,16.11,0.814,0.8964,0.515,0.6375,0.8905,0.1539,350.0,120.0,50.0,550.0,0.1,0.25,0.65,0.175,6.47,calcified,0
1.3.6.1.4.1.14519.5.2.1.6279.6001.297433269262659217151107535012,Nodule 001,88.35,11.59,8.51,10.05,0.7224,0.7339,0.2157,1.5031,0.7746,0.2489,35.0,60.0,-60.0,110.0,0.12,0.88,0.0,0.616,4.7,solid,0
1.3.6.1.4.1.14519.5.2.1.6279.6001.226813447046845316215094488309,77797,162.44,10.86,6.75,8.8,0.7868,0.6212,0.5526,1.1266,0.4876,0.2035,35.0,60.0,-60.0,110.0,0.12,0.88,0.0,0.616,5.76,solid,0
1.3.6.1.4.1.14519.5.2.1.6279.6001.226813447046845316215094488309,77802,87.46,6.94,6.2,6.57,0.8236,0.8931,0.8649,1.3228,0.1386,0.1375,35.0,60.0,-60.0,110.0,0.12,0.88,0.0,0.616,4.69,solid,0
1.3.6.1.4.1.14519.5.2.1.6279.6001.226813447046845316215094488309,77793,194.77,10.28,9.11,9.7,0.8178,0.8863,0.5836,1.0201,0.3933,0.1713,35.0,60.0,-60.0,110.0,0.12,0.88,0.0,0.616,6.12,solid,0
1.3.6.1.4.1.14519.5.2.1.6279.6001.226813447046845316215094488309,75419,177.87,10.43,8.03,9.23,0.7973,0.7704,0.5755,1.0785,0.4198,0.1835,35.0,60.0,-60.0,110.0,0.12,0.88,0.0,0.616,5.94,solid,0
1.3.6.1.4.1.14519.5.2.1.6279.6001.226813447046845316215094488309,75426,97.75,7.56,6.28,6.92,0.8205,0.8304,0.7932,1.2794,0.1748,0.1483,35.0,60.0,-60.0,110.0,0.12,0.88,0.0,0.616,4.86,solid,0
1.3.6.1.4.1.14519.5.2.1.6279.6001.226813447046845316215094488309,10455,40.42,6.62,4.27,5.44,0.8184,0.6457,0.9068,1.7218,0.2049,0.196,-580.0,75.0,-680.0,-450.0,0.95,0.05,0.0,0.035,1.39,pure_ggn,1
1.3.6.1.4.1.14519.5.2.1.6279.6001.335799017122466251265955525941,74223,256.51,11.6,10.1,10.85,0.8285,0.8706,0.5172,0.9187,0.2212,0.1156,-220.0,140.0,-520.0,80.0,0.6,0.4,0.0,0.28,5.16,part_solid,1
1.3.6.1.4.1.14519.5.2.1.6279.6001.335799017122466251265955525941,74230,72.03,10.34,9.37,9.85,0.7204,0.9066,0.1935,1.6133,0.0923,0.089,35.0,60.0,-60.0,110.0,0.12,0.88,0.0,0.616,4.39,solid,0
1.3.6.1.4.1.14519.5.2.1.6279.6001.335799017122466251265955525941,1,177.87,11.18,7.34,9.26,0.76,0.6567,0.5369,1.1314,0.4735,0.1927,35.0,60.0,-60.0,110.0,0.12,0.88,0.0,0.616,5.94,solid,0
1.3.6.1.4.1.14519.5.2.1.6279.6001.202464973819273687476049035824,141534,93.56,8.28,6.55,7.42,0.855,0.7909,0.6791,1.2459,0.2276,0.1622,350.0,120.0,50.0,550.0,0.1,0.25,0.65,0.175,3.15,calcified,0
1.3.6.1.4.1.14519.5.2.1.6279.6001.202464973819273687476049035824,4,150.67,9.96,7.64,8.8,0.8012,0.7672,0.6277,1.1343,0.5338,0.2109,350.0,120.0,50.0,550.0,0.1,0.25,0.65,0.175,3.69,calcified,0
1.3.6.1.4.1.14519.5.2.1.6279.6001.202464973819273687476049035824,167140,94.94,8.27,6.63,7.45,0.8453,0.801,0.6798,1.2541,0.2306,0.1626,350.0,120.0,50.0,550.0,0.1,0.25,0.65,0.175,3.17,calcified,0
1.3.6.1.4.1.14519.5.2.1.6279.6001.202464973819273687476049035824,174162,48.23,6.36,6.0,6.18,0.8528,0.9437,0.5898,1.5579,0.0819,0.121,350.0,120.0,50.0,550.0,0.1,0.25,0.65,0.175,2.53,calcified,0
1.3.6.1.4.1.14519.5.2.1.6279.6001.202464973819273687476049035824,Nodule 006,144.55,10.32,7.7,9.01,0.8343,0.7466,0.5452,1.1044,0.5338,0.2111,35.0,60.0,-60.0,110.0,0.12,0.88,0.0,0.616,5.54,solid,1
1.3.6.1.4.1.14519.5.2.1.6279.6001.202464973819273687476049035824,Nodule 005,41.19,5.83,4.94,5.39,0.8198,0.8468,0.75,1.7081,0.1376,0.1686,35.0,60.0,-60.0,110.0,0.12,0.88,0.0,0.616,3.65,solid,0
1.3.6.1.4.1.14519.5.2.1.6279.6001.335866409407244673864352309754,MI014_19848,100.69,8.01,7.1,7.56,0.831,0.8867,0.7489,1.2508,0.4418,0.219,-220.0,140.0,-520.0,80.0,0.6,0.4,0.0,0.28,3.78,part_solid,0
1.3.6.1.4.1.14519.5.2.1.6279.6001.335866409407244673864352309754,3,129.85,9.59,7.82,8.71,0.7732,0.8155,0.5212,1.2351,0.4828,0.21,35.0,60.0,-60.0,110.0,0.12,0.88,0.0,0.616,5.35,solid,0
1.3.6.1.4.1.14519.5.2.1.6279.6001.394470743585708729682444806008,Nodule 001,136.46,10.28,9.9,10.09,0.819,0.9628,0.389,1.147,0.3596,0.1646,35.0,60.0,-60.0,110.0,0.12,0.88,0.0,0.616,5.44,solid,1
1.3.6.1.4.1.14519.5.2.1.6279.6001.394470743585708729682444806008,IL057_168476,133.28,10.17,9.18,9.68,0.8184,0.9026,0.3932,1.1568,0.2839,0.151,35.0,60.0,-60.0,110.0,0.12,0.88,0.0,0.616,5.39,solid,1
1.3.6.1.4.1.14519.5.2.1.6279.6001.394470743585708729682444806008,9,239.85,15.14,12.43,13.79,0.654,0.8209,0.3302,1.1902,1.839,0.2808,35.0,60.0,-60.0,110.0,0.12,0.88,0.0,0.616,6.56,solid,0
1.3.6.1.4.1.14519.5.2.1.6279.6001.109002525524522225658609808059,81210,2283.71,29.61,20.37,24.99,0.7702,0.688,0.3377,0.4768,2.842,0.1822,35.0,60.0,-60.0,110.0,0.12,0.88,0.0,0.616,13.9,solid,1
1.3.6.1.4.1.14519.5.2.1.6279.6001.109002525524522225658609808059,IL057_195869,55.12,9.11,7.03,8.07,0.7683,0.7722,0.2744,1.654,0.3819,0.217,-580.0,75.0,-680.0,-450.0,0.95,0.05,0.0,0.035,1.54,pure_ggn,0
1.3.6.1.4.1.14519.5.2.1.6279.6001.109002525524522225658609808059,IL057_195860,2172.23,28.52,20.44,24.48,0.7936,0.7167,0.3506,0.4706,2.6761,0.1807,35.0,60.0,-60.0,110.0,0.12,0.88,0.0,0.616,13.67,solid,1
1.3.6.1.4.1.14519.5.2.1.6279.6001.109002525524522225658609808059,IL057_195862,89.73,9.22,6.02,7.62,0.7691,0.6532,0.5421,1.4045,0.6605,0.2724,35.0,60.0,-60.0,110.0,0.12,0.88,0.0,0.616,4.73,solid,0
1.3.6.1.4.1.14519.5.2.1.6279.6001.109002525524522225658609808059,IL057_196381,52.67,6.61,5.16,5.89,0.8117,0.7806,0.7559,1.5893,0.2407,0.2027,350.0,120.0,50.0,550.0,0.1,0.25,0.65,0.175,2.6,calcified,0
1.3.6.1.4.1.14519.5.2.1.6279.6001.109002525524522225658609808059,Nodule 001,2855.17,29.34,22.99,26.17,0.7891,0.7838,0.3835,0.432,2.4412,0.1609,35.0,60.0,-60.0,110.0,0.12,0.88,0.0,0.616,14.98,solid,1
1.3.6.1.4.1.14519.5.2.1.6279.6001.109002525524522225658609808059,4384,2356.9,28.58,20.21,24.39,0.7769,0.7073,0.3937,0.4677,2.681,0.1796,35.0,60.0,-60.0,110.0,0.12,0.88,0.0,0.616,14.05,solid,1
1.3.6.1.4.1.14519.5.2.1.6279.6001.173101104804533997398137418032,0,85.75,9.16,7.2,8.18,0.8307,0.7865,0.4095,1.3202,0.3001,0.1813,35.0,60.0,-60.0,110.0,0.12,0.88,0.0,0.616,4.66,solid,1
1.3.6.1.4.1.14519.5.2.1.6279.6001.173101104804533997398137418032,4,26.18,6.37,4.44,5.41,0.8392,0.697,0.4903,1.9406,0.2454,0.2445,35.0,60.0,-60.0,110.0,0.12,0.88,0.0,0.616,3.13,solid,1
1.3.6.1.4.1.14519.5.2.1.6279.6001.173101104804533997398137418032,6,97.08,11.56,9.38,10.47,0.7304,0.812,0.2163,1.4407,0.4759,0.1862,35.0,60.0,-60.0,110.0,0.12,0.88,0.0,0.616,4.85,solid,1
1.3.6.1.4.1.14519.5.2.1.6279.6001.173101104804533997398137418032,21234,39.2,7.57,6.45,7.01,0.7663,0.8522,0.3304,1.8577,0.3478,0.237,-220.0,140.0,-520.0,80.0,0.6,0.4,0.0,0.28,2.76,part_solid,0
1.3.6.1.4.1.14519.5.2.1.6279.6001.173101104804533997398137418032,21230,26.8,6.42,4.49,5.45,0.8457,0.6995,0.4868,1.9109,0.2336,0.2364,35.0,60.0,-60.0,110.0,0.12,0.88,0.0,0.616,3.16,solid,0
1.3.6.1.4.1.14519.5.2.1.6279.6001.173101104804533997398137418032,21226,27.72,7.81,3.77,5.79,0.7449,0.4827,0.3999,2.1452,0.519,0.3272,35.0,60.0,-60.0,110.0,0.12,0.88,0.0,0.616,3.19,solid,0
1.3.6.1.4.1.14519.5.2.1.6279.6001.173101104804533997398137418032,10341,81.62,9.32,8.01,8.66,0.8063,0.8594,0.3353,1.3827,0.24,0.1565,35.0,60.0,-60.0,110.0,0.12,0.88,0.0,0.616,4.58,solid,1
1.3.6.1.4.1.14519.5.2.1.6279.6001.224259636925435364427994488842,12729,180.81,8.43,6.68,7.55,0.7785,0.7917,1.0,1.0986,0.3595,0.1699,35.0,60.0,-60.0,110.0,0.12,0.88,0.0,0.616,5.97,solid,0
1.3.6.1.4.1.14519.5.2.1.6279.6001.215640837032688688030770057224,Nodule 001,316.05,14.48,10.39,12.43,0.815,0.7177,0.4318,0.8711,1.2311,0.2387,35.0,60.0,-60.0,110.0,0.12,0.88,0.0,0.616,7.19,solid,1
1.3.6.1.4.1.14519.5.2.1.6279.6001.215640837032688688030770057224,Nodule 005,207.02,12.85,8.95,10.9,0.7975,0.6961,0.389,1.025,0.631,0.1962,35.0,60.0,-60.0,110.0,0.12,0.88,0.0,0.616,6.25,solid,0
1.3.6.1.4.1.14519.5.2.1.6279.6001.215640837032688688030770057224,Nodule 012,136.28,10.4,9.92,10.16,0.8106,0.9541,0.3606,1.1593,0.4114,0.1757,35.0,60.0,-60.0,110.0,0.12,0.88,0.0,0.616,5.43,solid,0
1.3.6.1.4.1.14519.5.2.1.6279.6001.215640837032688688030770057224,Nodule 008,306.56,13.58,10.62,12.1,0.8166,0.7823,0.4602,0.8782,0.615,0.1732,35.0,60.0,-60.0,110.0,0.12,0.88,0.0,0.616,7.12,solid,0
1.3.6.1.4.1.14519.5.2.1.6279.6001.215640837032688688030770057224,Nodule 009,491.84,13.88,13.45,13.67,0.8271,0.9692,0.5404,0.7407,0.5157,0.1391,35.0,60.0,-60.0,110.0,0.12,0.88,0.0,0.616,8.33,solid,0
1.3.6.1.4.1.14519.5.2.1.6279.6001.215640837032688688030770057224,Nodule 010,852.6,18.83,16.92,17.87,0.7242,0.8989,0.4648,0.7043,2.7161,0.2524,35.0,60.0,-60.0,110.0,0.12,0.88,0.0,0.616,10.01,solid,1
1.3.6.1.4.1.14519.5.2.1.6279.6001.215640837032688688030770057224,Nodule 011,227.85,13.92,10.51,12.22,0.8063,0.755,0.3591,0.9819,0.7138,0.1903,35.0,60.0,-60.0,110.0,0.12,0.88,0.0,0.616,6.45,solid,1
1.3.6.1.4.1.14519.5.2.1.6279.6001.215640837032688688030770057224,IL057_91849,361.99,12.78,10.57,11.67,0.7976,0.827,0.587,0.8507,0.3901,0.1366,35.0,60.0,-60.0,110.0,0.12,0.88,0.0,0.616,7.52,solid,1
1.3.6.1.4.1.14519.5.2.1.6279.6001.215640837032688688030770057224,IL057_91844,863.93,19.03,16.58,17.81,0.7696,0.8713,0.4598,0.6598,2.1982,0.2261,35.0,60.0,-60.0,110.0,0.12,0.88,0.0,0.616,10.05,solid,1
1.3.6.1.4.1.14519.5.2.1.6279.6001.215640837032688688030770057224,IL057_131651,79.62,11.53,5.51,8.52,0.6368,0.4782,0.4336,1.7651,1.2629,0.3445,35.0,60.0,-60.0,110.0,0.12,0.88,0.0,0.616,4.54,solid,0
1.3.6.1.4.1.14519.5.2.1.6279.6001.215640837032688688030770057224,2387,683.86,17.1,15.94,16.52,0.7673,0.9317,0.5116,0.7154,2.372,0.2522,350.0,120.0,50.0,550.0,0.1,0.25,0.65,0.175,6.11,calcified,1
1.3.6.1.4.1.14519.5.2.1.6279.6001.215640837032688688030770057224,2391,416.5,13.78,11.17,12.48,0.8277,0.8106,0.5442,0.7824,0.397,0.1309,35.0,60.0,-60.0,110.0,0.12,0.88,0.0,0.616,7.88,solid,1
1.3.6.1.4.1.14519.5.2.1.6279.6001.215640837032688688030770057224,2398,244.69,11.54,9.97,10.75,0.8388,0.8639,0.5418,0.9217,0.3465,0.1442,35.0,60.0,-60.0,110.0,0.12,0.88,0.0,0.616,6.6,solid,1
1.3.6.1.4.1.14519.5.2.1.6279.6001.215640837032688688030770057224,2412,158.94,14.5,8.97,11.74,0.7507,0.6183,0.2586,1.1893,1.5677,0.3006,35.0,60.0,-60.0,110.0,0.12,0.88,0.0,0.616,5.72,solid,1
1.3.6.1.4.1.14519.5.2.1.6279.6001.321465552859463184018938648244,Nodule 001,710.45,15.81,12.37,14.09,0.832,0.7821,0.683,0.6514,0.592,0.1358,35.0,60.0,-60.0,110.0,0.12,0.88,0.0,0.616,9.42,solid,1
1.3.6.1.4.1.14519.5.2.1.6279.6001.321465552859463184018938648244,68416,508.91,14.75,11.54,13.14,0.8463,0.782,0.6101,0.7158,0.4753,0.1341,35.0,60.0,-60.0,110.0,0.12,0.88,0.0,0.616,8.43,solid,1
1.3.6.1.4.1.14519.5.2.1.6279.6001.321465552859463184018938648244,0,680.02,15.3,12.23,13.76,0.8254,0.799,0.7058,0.6662,0.3814,0.111,35.0,60.0,-60.0,110.0,0.12,0.88,0.0,0.616,9.28,solid,0
1.3.6.1.4.1.14519.5.2.1.6279.6001.230416590143922549745658357505,Nodule 003,248.92,12.41,9.93,11.17,0.8068,0.8002,0.4835,0.9529,0.8012,0.2136,35.0,60.0,-60.0,110.0,0.12,0.88,0.0,0.616,6.64,solid,1
1.3.6.1.4.1.14519.5.2.1.6279.6001.230416590143922549745658357505,Nodule 001,57.57,7.21,6.25,6.73,0.8424,0.8665,0.5549,1.4867,0.143,0.1492,35.0,60.0,-60.0,110.0,0.12,0.88,0.0,0.616,4.08,solid,1
1.3.6.1.4.1.14519.5.2.1.6279.6001.230416590143922549745658357505,0,217.31,12.17,10.41,11.29,0.7467,0.8555,0.4109,1.0773,0.6769,0.1989,35.0,60.0,-60.0,110.0,0.12,0.88,0.0,0.616,6.35,solid,0
1.3.6.1.4.1.14519.5.2.1.6279.6001.230416590143922549745658357505,4,85.01,8.45,6.88,7.66,0.748,0.8142,0.592,1.4703,0.4815,0.2363,35.0,60.0,-60.0,110.0,0.12,0.88,0.0,0.616,4.64,solid,0
1.3.6.1.4.1.14519.5.2.1.6279.6001.230416590143922549745658357505,8,101.67,9.07,7.4,8.23,0.7835,0.8154,0.5512,1.3224,0.3701,0.1959,-580.0,75.0,-680.0,-450.0,0.95,0.05,0.0,0.035,1.89,pure_ggn,0
1.3.6.1.4.1.14519.5.2.1.6279.6001.241083615484551649610616348856,Nodule 001,394.25,14.56,10.98,12.77,0.8201,0.7544,0.4945,0.8042,0.8571,0.1922,35.0,60.0,-60.0,110.0,0.12,0.88,0.0,0.616,7.74,solid,1
1.3.6.1.4.1.14519.5.2.1.6279.6001.241083615484551649610616348856,2099,590.5,15.14,11.61,13.37,0.8031,0.7664,0.7132,0.7177,0.6042,0.1443,35.0,60.0,-60.0,110.0,0.12,0.88,0.0,0.616,8.86,solid,1
1.3.6.1.4.1.14519.5.2.1.6279.6001.259123825760999546551970425757,34236,3563.52,37.03,20.67,28.85,0.5488,0.5582,0.4861,0.5769,11.409,0.3059,35.0,60.0,-60.0,110.0,0.12,0.88,0.0,0.616,16.12,solid,1
1.3.6.1.4.1.14519.5.2.1.6279.6001.259123825760999546551970425757,34249,28.42,5.03,4.29,4.66,0.8238,0.8525,0.7946,1.9236,0.1073,0.1707,35.0,60.0,-60.0,110.0,0.12,0.88,0.0,0.616,3.22,solid,0
1.3.6.1.4.1.14519.5.2.1.6279.6001.259123825760999546551970425757,34247,76.44,6.91,6.46,6.69,0.8508,0.9342,0.7231,1.3393,0.0446,0.0791,35.0,60.0,-60.0,110.0,0.12,0.88,0.0,0.616,4.48,solid,0
1.3.6.1.4.1.14519.5.2.1.6279.6001.259123825760999546551970425757,Nodule 001,143.32,9.4,8.76,9.08,0.8201,0.9322,0.532,1.1268,0.3789,0.1799,35.0,60.0,-60.0,110.0,0.12,0.88,0.0,0.616,5.52,solid,1
1.3.6.1.4.1.14519.5.2.1.6279.6001.259123825760999546551970425757,Nodule 002,4955.37,41.31,23.78,32.54,0.6812,0.5755,0.4357,0.4164,12.9948,0.2945,35.0,60.0,-60.0,110.0,0.12,0.88,0.0,0.616,18.0,solid,1
1.3.6.1.4.1.14519.5.2.1.6279.6001.259123825760999546551970425757,0,530.67,14.14,11.99,13.06,0.8219,0.8477,0.7071,0.7268,0.9435,0.1864,35.0,60.0,-60.0,110.0,0.12,0.88,0.0,0.616,8.55,solid,1
1.3.6.1.4.1.14519.5.2.1.6279.6001.259123825760999546551970425757,1,105.59,11.46,9.31,10.39,0.7187,0.8125,0.2618,1.4236,1.0399,0.282,35.0,60.0,-60.0,110.0,0.12,0.88,0.0,0.616,4.99,solid,1
1.3.6.1.4.1.14519.5.2.1.6279.6001.259123825760999546551970425757,10,52.43,5.83,5.46,5.65,0.8016,0.9361,0.8572,1.6119,0.1075,0.1391,35.0,60.0,-60.0,110.0,0.12,0.88,0.0,0.616,3.95,solid,0
1.3.6.1.4.1.14519.5.2.1.6279.6001.259123825760999546551970425757,15,63.7,7.06,5.59,6.33,0.7779,0.7915,0.7079,1.5566,0.2251,0.185,35.0,60.0,-60.0,110.0,0.12,0.88,0.0,0.616,4.22,solid,1
1.3.6.1.4.1.14519.5.2.1.6279.6001.259123825760999546551970425757,16,64.43,6.3,5.96,6.13,0.8105,0.9472,0.794,1.4884,0.0663,0.103,350.0,120.0,50.0,550.0,0.1,0.25,0.65,0.175,2.78,calcified,0
1.3.6.1.4.1.14519.5.2.1.6279.6001.179162671133894061547290922949,74084,282.61,10.08,8.89,9.49,0.8507,0.8819,1.0,0.8663,0.3613,0.1442,350.0,120.0,50.0,550.0,0.1,0.25,0.65,0.175,4.55,calcified,0
1.3.6.1.4.1.14519.5.2.1.6279.6001.179162671133894061547290922949,74092,26.09,5.46,4.93,5.19,0.8554,0.902,0.5494,1.9061,0.0648,0.1302,350.0,120.0,50.0,550.0,0.1,0.25,0.65,0.175,2.06,calcified,0
1.3.6.1.4.1.14519.5.2.1.6279.6001.179162671133894061547290922949,Nodule 001,260.37,10.45,8.73,9.59,0.8331,0.8349,0.8611,0.9091,0.3555,0.1478,350.0,120.0,50.0,550.0,0.1,0.25,0.65,0.175,4.43,calcified,0
1.3.6.1.4.1.14519.5.2.1.6279.6001.179162671133894061547290922949,Nodule 004,41.89,7.19,5.46,6.32,0.8264,0.7589,0.4173,1.6849,0.1542,0.1674,350.0,120.0,50.0,550.0,0.1,0.25,0.65,0.175,2.41,calcified,0
1.3.6.1.4.1.14519.5.2.1.6279.6001.179162671133894061547290922949,15378,66.33,8.45,6.11,7.28,0.8092,0.7236,0.444,1.4764,0.2545,0.1848,-580.0,75.0,-680.0,-450.0,0.95,0.05,0.0,0.035,1.64,pure_ggn,1
1.3.6.1.4.1.14519.5.2.1.6279.6001.179162671133894061547290922949,15390,299.14,11.34,9.15,10.25,0.8189,0.8075,0.7939,0.883,0.3889,0.1463,350.0,120.0,50.0,550.0,0.1,0.25,0.65,0.175,4.64,calcified,0
1.3.6.1.4.1.14519.5.2.1.6279.6001.179162671133894061547290922949,15392,38.04,5.68,5.3,5.49,0.8402,0.9333,0.6608,1.7115,0.0946,0.1432,350.0,120.0,50.0,550.0,0.1,0.25,0.65,0.175,2.33,calcified,0
1.3.6.1.4.1.14519.5.2.1.6279.6001.179162671133894061547290922949,0,285.18,10.49,8.51,9.5,0.7865,0.8109,0.9292,0.9341,0.3486,0.1415,350.0,120.0,50.0,550.0,0.1,0.25,0.65,0.175,4.57,calcified,0
1.3.6.1.4.1.14519.5.2.1.6279.6001.179162671133894061547290922949,2,36.93,5.93,5.04,5.49,0.7575,0.8506,0.6325,1.917,0.0987,0.1457,350.0,120.0,50.0,550.0,0.1,0.25,0.65,0.175,2.31,calcified,0
1.3.6.1.4.1.14519.5.2.1.6279.6001.261678072503577216586082745513,Nodule 001,173.75,12.17,9.29,10.73,0.7968,0.7634,0.4436,1.0876,1.2977,0.2926,35.0,60.0,-60.0,110.0,0.12,0.88,0.0,0.616,5.89,solid,1
1.3.6.1.4.1.14519.5.2.1.6279.6001.261678072503577216586082745513,59960,133.62,10.1,8.25,9.18,0.8339,0.8168,0.5346,1.1343,0.8045,0.2621,35.0,60.0,-60.0,110.0,0.12,0.88,0.0,0.616,5.4,solid,0
1.3.6.1.4.1.14519.5.2.1.6279.6001.319066480138812986026181758474,Nodule 004,134.75,9.11,8.52,8.81,0.8454,0.9348,0.5489,1.1157,0.2797,0.159,35.0,60.0,-60.0,110.0,0.12,0.88,0.0,0.616,5.41,solid,1
1.3.6.1.4.1.14519.5.2.1.6279.6001.319066480138812986026181758474,Nodule 003,292.47,14.02,9.74,11.88,0.804,0.6952,0.4459,0.9062,0.9367,0.217,35.0,60.0,-60.0,110.0,0.12,0.88,0.0,0.616,7.01,solid,1
1.3.6.1.4.1.14519.5.2.1.6279.6001.319066480138812986026181758474,Nodule 002,41.34,6.98,4.85,5.91,0.8376,0.6946,0.5374,1.6698,0.2447,0.2194,35.0,60.0,-60.0,110.0,0.12,0.88,0.0,0.616,3.65,solid,0
1.3.6.1.4.1.14519.5.2.1.6279.6001.125356649712550043958727288500,142039,28.79,5.27,4.45,4.86,0.8396,0.8439,0.711,1.8794,0.0596,0.1259,350.0,120.0,50.0,550.0,0.1,0.25,0.65,0.175,2.13,calcified,0
1.3.6.1.4.1.14519.5.2.1.6279.6001.125356649712550043958727288500,142032,49.31,5.97,5.34,5.65,0.8389,0.8944,0.8381,1.572,0.0805,0.1217,350.0,120.0,50.0,550.0,0.1,0.25,0.65,0.175,2.54,calcified,0
1.3.6.1.4.1.14519.5.2.1.6279.6001.125356649712550043958727288500,142030,51.45,5.74,5.39,5.56,0.8546,0.9376,0.8705,1.5214,0.0465,0.0928,350.0,120.0,50.0,550.0,0.1,0.25,0.65,0.175,2.58,calcified,0
1.3.6.1.4.1.14519.5.2.1.6279.6001.125356649712550043958727288500,142037,30.32,5.51,4.57,5.04,0.8373,0.8296,0.6803,1.8522,0.0675,0.1307,350.0,120.0,50.0,550.0,0.1,0.25,0.65,0.175,2.16,calcified,0
1.3.6.1.4.1.14519.5.2.1.6279.6001.362762275895885013176610377950,174165,35.07,7.31,5.62,6.47,0.8159,0.7688,0.342,1.8108,0.2521,0.2151,35.0,60.0,-60.0,110.0,0.12,0.88,0.0,0.616,3.46,solid,0
1.3.6.1.4.1.14519.5.2.1.6279.6001.362762275895885013176610377950,1,80.39,11.34,5.83,8.59,0.7761,0.5145,0.3308,1.4438,0.9089,0.2994,35.0,60.0,-60.0,110.0,0.12,0.88,0.0,0.616,4.56,solid,0
1.3.6.1.4.1.14519.5.2.1.6279.6001.362762275895885013176610377950,9,83.3,9.45,8.05,8.75,0.7864,0.8515,0.3307,1.408,0.368,0.1924,35.0,60.0,-60.0,110.0,0.12,0.88,0.0,0.616,4.61,solid,0
1.3.6.1.4.1.14519.5.2.1.6279.6001.183184435049555024219115904825,54308,98.31,8.68,7.32,8.0,0.8403,0.8436,0.5763,1.2469,0.5372,0.2408,35.0,60.0,-60.0,110.0,0.12,0.88,0.0,0.616,4.87,solid,0
1.3.6.1.4.1.14519.5.2.1.6279.6001.183184435049555024219115904825,54313,125.26,8.68,8.33,8.51,0.8581,0.9604,0.5762,1.1264,0.1192,0.1066,350.0,120.0,50.0,550.0,0.1,0.25,0.65,0.175,3.47,calcified,0
1.3.6.1.4.1.14519.5.2.1.6279.6001.183184435049555024219115904825,IL057_157046,105.96,9.0,8.32,8.66,0.8195,0.9237,0.4165,1.247,0.0828,0.0899,350.0,120.0,50.0,550.0,0.1,0.25,0.65,0.175,3.28,calcified,0
1.3.6.1.4.1.14519.5.2.1.6279.6001.183184435049555024219115904825,7453,85.44,7.44,6.3,6.87,0.8528,0.846,0.6719,1.2875,0.0565,0.0862,350.0,120.0,50.0,550.0,0.1,0.25,0.65,0.175,3.06,calcified,0
1.3.6.1.4.1.14519.5.2.1.6279.6001.183184435049555024219115904825,7455,66.76,7.37,5.49,6.43,0.8571,0.7443,0.678,1.3908,0.121,0.1348,350.0,120.0,50.0,550.0,0.1,0.25,0.65,0.175,2.82,calcified,0
1.3.6.1.4.1.14519.5.2.1.6279.6001.183184435049555024219115904825,7450,97.08,6.98,6.86,6.92,0.8378,0.982,0.8952,1.2559,0.1071,0.1134,350.0,120.0,50.0,550.0,0.1,0.25,0.65,0.175,3.19,calcified,0
1.3.6.1.4.1.14519.5.2.1.6279.6001.183184435049555024219115904825,7473,59.72,6.87,6.72,6.79,0.8494,0.9772,0.5457,1.4566,0.1046,0.1267,350.0,120.0,50.0,550.0,0.1,0.25,0.65,0.175,2.71,calcified,0
1.3.6.1.4.1.14519.5.2.1.6279.6001.183184435049555024219115904825,Nodule 007,104.12,9.19,8.13,8.66,0.8164,0.8843,0.5442,1.259,0.722,0.2655,35.0,60.0,-60.0,110.0,0.12,0.88,0.0,0.616,4.97,solid,1
1.3.6.1.4.1.14519.5.2.1.6279.6001.183184435049555024219115904825,Nodule 002,91.87,7.93,6.91,7.42,0.852,0.8722,0.6307,1.2579,0.1218,0.1206,35.0,60.0,-60.0,110.0,0.12,0.88,0.0,0.616,4.76,solid,1
1.3.6.1.4.1.14519.5.2.1.6279.6001.922852847124879997825997808179,55664,966.52,20.86,12.44,16.65,0.7707,0.5962,0.5692,0.6346,2.5619,0.2435,35.0,60.0,-60.0,110.0,0.12,0.88,0.0,0.616,10.44,solid,0
1.3.6.1.4.1.14519.5.2.1.6279.6001.922852847124879997825997808179,55666,551.25,15.48,10.56,13.02,0.8105,0.6819,0.6862,0.7277,1.129,0.1996,35.0,60.0,-60.0,110.0,0.12,0.88,0.0,0.616,8.66,solid,0
1.3.6.1.4.1.14519.5.2.1.6279.6001.922852847124879997825997808179,Nodule 002,1089.18,23.47,14.01,18.74,0.7703,0.5969,0.4527,0.6102,3.8718,0.2776,35.0,60.0,-60.0,110.0,0.12,0.88,0.0,0.616,10.86,solid,1
1.3.6.1.4.1.14519.5.2.1.6279.6001.922852847124879997825997808179,Nodule 001,531.96,15.25,11.22,13.24,0.815,0.7357,0.5736,0.7324,0.919,0.1834,35.0,60.0,-60.0,110.0,0.12,0.88,0.0,0.616,8.55,solid,1
1.3.6.1.4.1.14519.5.2.1.6279.6001.922852847124879997825997808179,1,777.72,18.94,11.26,15.1,0.7577,0.5944,0.5941,0.694,1.9158,0.2288,35.0,60.0,-60.0,110.0,0.12,0.88,0.0,0.616,9.71,solid,1
1.3.6.1.4.1.14519.5.2.1.6279.6001.922852847124879997825997808179,3,40.73,6.12,4.18,5.15,0.7644,0.6829,1.0,1.8388,0.3435,0.2527,35.0,60.0,-60.0,110.0,0.12,0.88,0.0,0.616,3.63,solid,0
1.3.6.1.4.1.14519.5.2.1.6279.6001.922852847124879997825997808179,4,465.81,14.22,9.84,12.03,0.7909,0.6922,0.7034,0.7888,0.9016,0.1904,35.0,60.0,-60.0,110.0,0.12,0.88,0.0,0.616,8.18,solid,0
1.3.6.1.4.1.14519.5.2.1.6279.6001.922852847124879997825997808179,50177,1063.91,26.06,13.53,19.79,0.7696,0.5192,0.3598,0.6155,5.5269,0.32,35.0,60.0,-60.0,110.0,0.12,0.88,0.0,0.616,10.78,solid,1
1.3.6.1.4.1.14519.5.2.1.6279.6001.148229375703208214308676934766,57439,190.19,10.24,6.58,8.41,0.7714,0.643,0.8891,1.0901,0.5904,0.2048,35.0,60.0,-60.0,110.0,0.12,0.88,0.0,0.616,6.07,solid,0
1.3.6.1.4.1.14519.5.2.1.6279.6001.148229375703208214308676934766,57592,137.2,9.79,7.67,8.73,0.8515,0.7833,0.5721,1.1011,0.2941,0.1609,350.0,120.0,50.0,550.0,0.1,0.25,0.65,0.175,3.58,calcified,0
1.3.6.1.4.1.14519.5.2.1.6279.6001.148229375703208214308676934766,39999,139.43,10.97,8.45,9.71,0.8165,0.7708,0.3829,1.1422,0.3075,0.1548,350.0,120.0,50.0,550.0,0.1,0.25,0.65,0.175,3.6,calcified,0
1.3.6.1.4.1.14519.5.2.1.6279.6001.148229375703208214308676934766,14176,167.04,10.59,8.47,9.53,0.8448,0.8001,0.5288,1.0394,0.3446,0.1619,350.0,120.0,50.0,550.0,0.1,0.25,0.65,0.175,3.82,calcified,0
1.3.6.1.4.1.14519.5.2.1.6279.6001.148229375703208214308676934766,0,202.54,10.22,6.52,8.37,0.7397,0.6383,0.959,1.1133,0.6397,0.2073,35.0,60.0,-60.0,110.0,0.12,0.88,0.0,0.616,6.2,solid,0
1.3.6.1.4.1.14519.5.2.1.6279.6001.148229375703208214308676934766,7,162.24,10.76,7.61,9.18,0.8002,0.7072,0.5855,1.1081,0.424,0.1813,350.0,120.0,50.0,550.0,0.1,0.25,0.65,0.175,3.78,calcified,0
1.3.6.1.4.1.14519.5.2.1.6279.6001.558286136379689377915919180358,IL057_156741,3774.53,31.29,26.35,28.82,0.6914,0.8421,0.4394,0.4492,5.1583,0.2143,-580.0,75.0,-680.0,-450.0,0.95,0.05,0.0,0.035,6.32,pure_ggn,1
1.3.6.1.4.1.14519.5.2.1.6279.6001.558286136379689377915919180358,48496,4031.47,31.61,24.93,28.27,0.7538,0.7887,0.5141,0.4031,4.6651,0.2026,-220.0,140.0,-520.0,80.0,0.6,0.4,0.0,0.28,12.92,part_solid,1
1.3.6.1.4.1.14519.5.2.1.6279.6001.558286136379689377915919180358,Nodule 001,55.74,5.92,5.38,5.65,0.8196,0.9083,0.8441,1.5446,0.1294,0.1506,35.0,60.0,-60.0,110.0,0.12,0.88,0.0,0.616,4.03,solid,0
1.3.6.1.4.1.14519.5.2.1.6279.6001.558286136379689377915919180358,Nodule 003,4151.22,30.33,25.49,27.91,0.7798,0.8404,0.5358,0.3859,3.798,0.184,-580.0,75.0,-680.0,-450.0,0.95,0.05,0.0,0.035,6.52,pure_ggn,1
1.3.6.1.4.1.14519.5.2.1.6279.6001.275007193025729362844652516689,Nodule 001,120.97,9.07,6.35,7.71,0.8225,0.7,0.6889,1.1889,0.3347,0.1841,35.0,60.0,-60.0,110.0,0.12,0.88,0.0,0.616,5.22,solid,0
1.3.6.1.4.1.14519.5.2.1.6279.6001.275007193025729362844652516689,IL057_195975,66.46,8.65,5.77,7.21,0.7526,0.6669,0.4336,1.5864,0.334,0.2141,-580.0,75.0,-680.0,-450.0,0.95,0.05,0.0,0.035,1.64,pure_ggn,0
1.3.6.1.4.1.14519.5.2.1.6279.6001.275007193025729362844652516689,IL057_195967,2684.59,29.44,23.39,26.41,0.7514,0.7947,0.3822,0.4631,3.6645,0.1975,-580.0,75.0,-680.0,-450.0,0.95,0.05,0.0,0.035,5.64,pure_ggn,1
1.3.6.1.4.1.14519.5.2.1.6279.6001.275007193025729362844652516689,IL057_195964,4023.82,27.2,23.35,25.27,0.733,0.8584,0.8273,0.4148,4.5587,0.206,35.0,60.0,-60.0,110.0,0.12,0.88,0.0,0.616,16.79,solid,1
1.3.6.1.4.1.14519.5.2.1.6279.6001.275007193025729362844652516689,IL057_196386,88.2,8.48,5.94,7.21,0.8057,0.6999,0.5895,1.3484,0.237,0.1706,350.0,120.0,50.0,550.0,0.1,0.25,0.65,0.175,3.09,calcified,0
1.3.6.1.4.1.14519.5.2.1.6279.6001.275007193025729362844652516689,0426,5443.9,29.58,26.06,27.82,0.7735,0.8807,0.8028,0.3554,5.2168,0.2017,35.0,60.0,-60.0,110.0,0.12,0.88,0.0,0.616,18.57,solid,1
1.3.6.1.4.1.14519.5.2.1.6279.6001.275007193025729362844652516689,0435,109.33,8.91,6.81,7.86,0.8278,0.764,0.5611,1.2217,0.259,0.166,350.0,120.0,50.0,550.0,0.1,0.25,0.65,0.175,3.32,calcified,0
1.3.6.1.4.1.14519.5.2.1.6279.6001.275007193025729362844652516689,81278,2627.01,27.49,21.21,24.35,0.7506,0.7716,0.5457,0.4669,3.5114,0.2027,-580.0,75.0,-680.0,-450.0,0.95,0.05,0.0,0.035,5.6,pure_ggn,1
1.3.6.1.4.1.14519.5.2.1.6279.6001.275007193025729362844652516689,81275,3910.51,26.26,20.94,23.6,0.7342,0.7972,0.8091,0.4181,2.886,0.1691,35.0,60.0,-60.0,110.0,0.12,0.88,0.0,0.616,16.63,solid,1
1.3.6.1.4.1.14519.5.2.1.6279.6001.303421828981831854739626597495,57117,66.64,8.15,7.53,7.84,0.7866,0.9241,0.4907,1.5165,0.4801,0.2436,35.0,60.0,-60.0,110.0,0.12,0.88,0.0,0.616,4.28,solid,0
1.3.6.1.4.1.14519.5.2.1.6279.6001.303421828981831854739626597495,Nodule 001,126.42,10.14,9.03,9.58,0.8188,0.89,0.3944,1.1768,0.3468,0.1687,35.0,60.0,-60.0,110.0,0.12,0.88,0.0,0.616,5.3,solid,1
1.3.6.1.4.1.14519.5.2.1.6279.6001.303421828981831854739626597495,4,108.78,8.95,8.33,8.64,0.8119,0.931,0.5586,1.2477,0.4136,0.1995,35.0,60.0,-60.0,110.0,0.12,0.88,0.0,0.616,5.04,solid,0
1.3.6.1.4.1.14519.5.2.1.6279.6001.143782059748737055784173697516,2,195.02,10.64,7.42,9.03,0.7808,0.6972,0.658,1.0681,0.5386,0.1982,-580.0,75.0,-680.0,-450.0,0.95,0.05,0.0,0.035,2.35,pure_ggn,0
1.3.6.1.4.1.14519.5.2.1.6279.6001.258220324170977900491673635112,Nodule 003,2283.71,27.57,21.17,24.37,0.819,0.768,0.4761,0.4484,4.4136,0.2309,35.0,60.0,-60.0,110.0,0.12,0.88,0.0,0.616,13.9,solid,1
1.3.6.1.4.1.14519.5.2.1.6279.6001.258220324170977900491673635112,33922,1676.11,23.08,21.19,22.14,0.8159,0.9179,0.4332,0.499,1.8893,0.1688,350.0,120.0,50.0,550.0,0.1,0.25,0.65,0.175,8.24,calcified,0
1.3.6.1.4.1.14519.5.2.1.6279.6001.258220324170977900491673635112,50335,2067.34,26.46,19.69,23.07,0.7899,0.7439,0.496,0.4806,3.9964,0.2293,350.0,120.0,50.0,550.0,0.1,0.25,0.65,0.175,8.84,calcified,0
1.3.6.1.4.1.14519.5.2.1.6279.6001.258220324170977900491673635112,50343,33.07,8.16,6.05,7.1,0.7026,0.7409,0.2298,2.1441,0.2295,0.1892,-220.0,140.0,-520.0,80.0,0.6,0.4,0.0,0.28,2.61,part_solid,0
1.3.6.1.4.1.14519.5.2.1.6279.6001.258220324170977900491673635112,0,297.22,12.34,8.68,10.51,0.7804,0.703,0.7597,0.9286,1.5221,0.2794,35.0,60.0,-60.0,110.0,0.12,0.88,0.0,0.616,7.05,solid,0
1.3.6.1.4.1.14519.5.2.1.6279.6001.258220324170977900491673635112,5,65.38,6.87,6.22,6.54,0.8254,0.9049,0.7278,1.4543,0.0919,0.117,35.0,60.0,-60.0,110.0,0.12,0.88,0.0,0.616,4.25,solid,0
1.3.6.1.4.1.14519.5.2.1.6279.6001.258220324170977900491673635112,6,1578.41,20.56,19.52,20.04,0.8132,0.9496,0.608,0.5107,1.3413,0.1518,35.0,60.0,-60.0,110.0,0.12,0.88,0.0,0.616,12.29,solid,1
1.3.6.1.4.1.14519.5.2.1.6279.6001.625270601160880745954773142570,174079,6596.01,35.51,26.94,31.23,0.763,0.7585,0.6335,0.338,9.4713,0.2493,35.0,60.0,-60.0,110.0,0.12,0.88,0.0,0.616,19.8,solid,1
1.3.6.1.4.1.14519.5.2.1.6279.6001.625270601160880745954773142570,174083,452.64,21.75,11.37,16.56,0.7482,0.5228,0.2873,0.8418,4.8337,0.3691,35.0,60.0,-60.0,110.0,0.12,0.88,0.0,0.616,8.11,solid,0
1.3.6.1.4.1.14519.5.2.1.6279.6001.625270601160880745954773142570,172331,5135.51,31.69,25.31,28.5,0.741,0.7986,0.71,0.3783,8.9658,0.2602,35.0,60.0,-60.0,110.0,0.12,0.88,0.0,0.616,18.21,solid,1
1.3.6.1.4.1.14519.5.2.1.6279.6001.625270601160880745954773142570,Nodule 001,5231.67,32.78,24.36,28.57,0.7333,0.7432,0.6864,0.3799,8.6773,0.2568,35.0,60.0,-60.0,110.0,0.12,0.88,0.0,0.616,18.33,solid,1
1.3.6.1.4.1.14519.5.2.1.6279.6001.190937805243443708408459490152,Nodule 001,517.56,13.63,9.72,11.67,0.7288,0.713,0.9173,0.8264,1.8358,0.2586,35.0,60.0,-60.0,110.0,0.12,0.88,0.0,0.616,8.48,solid,0
1.3.6.1.4.1.14519.5.2.1.6279.6001.190937805243443708408459490152,Nodule 002,380.36,12.5,8.67,10.58,0.7577,0.6933,0.8,0.8809,0.7513,0.1899,35.0,60.0,-60.0,110.0,0.12,0.88,0.0,0.616,7.65,solid,0
1.3.6.1.4.1.14519.5.2.1.6279.6001.994459772950022352718462251777,0201,73.19,6.64,5.54,6.09,0.7618,0.8345,0.9411,1.5177,0.2577,0.1911,350.0,120.0,50.0,550.0,0.1,0.25,0.65,0.175,2.9,calcified,0
1.3.6.1.4.1.14519.5.2.1.6279.6001.994459772950022352718462251777,0205,49.0,5.32,4.61,4.97,0.7776,0.8677,1.0,1.6996,0.2424,0.2087,35.0,60.0,-60.0,110.0,0.12,0.88,0.0,0.616,3.86,solid,0
1.3.6.1.4.1.14519.5.2.1.6279.6001.994459772950022352718462251777,0208,38.59,7.08,6.16,6.62,0.7981,0.8696,0.3531,1.7932,0.1916,0.1856,-580.0,75.0,-680.0,-450.0,0.95,0.05,0.0,0.035,1.37,pure_ggn,0
1.3.6.1.4.1.14519.5.2.1.6279.6001.994459772950022352718462251777,Nodule 005,71.05,7.39,5.91,6.65,0.8397,0.7999,0.6767,1.3905,0.162,0.1518,35.0,60.0,-60.0,110.0,0.12,0.88,0.0,0.616,4.37,solid,0
1.3.6.1.4.1.14519.5.2.1.6279.6001.994459772950022352718462251777,Nodule 003,59.72,6.18,5.66,5.92,0.8321,0.9157,0.8086,1.4869,0.1775,0.1723,35.0,60.0,-60.0,110.0,0.12,0.88,0.0,0.616,4.13,solid,0
1.3.6.1.4.1.14519.5.2.1.6279.6001.994459772950022352718462251777,Nodule 009,31.54,6.07,4.58,5.32,0.8144,0.7545,0.6178,1.8794,0.1527,0.1876,35.0,60.0,-60.0,110.0,0.12,0.88,0.0,0.616,3.34,solid,0
1.3.6.1.4.1.14519.5.2.1.6279.6001.994459772950022352718462251777,Nodule 010,55.43,8.13,6.86,7.5,0.8519,0.844,0.4613,1.4888,0.418,0.239,35.0,60.0,-60.0,110.0,0.12,0.88,0.0,0.616,4.03,solid,0
1.3.6.1.4.1.14519.5.2.1.6279.6001.994459772950022352718462251777,IL057_85664,39.81,7.73,5.97,6.85,0.7716,0.7721,0.3232,1.8354,0.3068,0.228,-220.0,140.0,-520.0,80.0,0.6,0.4,0.0,0.28,2.77,part_solid,0
1.3.6.1.4.1.14519.5.2.1.6279.6001.994459772950022352718462251777,IL057_85663,40.73,5.47,5.02,5.24,0.7869,0.9179,0.9145,1.7862,0.1568,0.1773,35.0,60.0,-60.0,110.0,0.12,0.88,0.0,0.616,3.63,solid,0
1.3.6.1.4.1.14519.5.2.1.6279.6001.994459772950022352718462251777,IL057_131654,39.2,6.46,5.11,5.79,0.8372,0.7919,0.5808,1.7004,0.1548,0.1782,35.0,60.0,-60.0,110.0,0.12,0.88,0.0,0.616,3.59,solid,0
1.3.6.1.4.1.14519.5.2.1.6279.6001.969607480572818589276327766720,Nodule 002,43.22,6.87,4.95,5.91,0.8437,0.7203,0.5239,1.6334,0.1287,0.1601,35.0,60.0,-60.0,110.0,0.12,0.88,0.0,0.616,3.7,solid,0
1.3.6.1.4.1.14519.5.2.1.6279.6001.969607480572818589276327766720,10295,155.67,8.69,7.2,7.94,0.8178,0.8292,0.8289,1.0993,0.1108,0.0993,350.0,120.0,50.0,550.0,0.1,0.25,0.65,0.175,3.73,calcified,0
1.3.6.1.4.1.14519.5.2.1.6279.6001.969607480572818589276327766720,3,155.67,8.69,7.2,7.94,0.8178,0.8292,0.8289,1.0993,0.1108,0.0993,350.0,120.0,50.0,550.0,0.1,0.25,0.65,0.175,3.73,calcified,0
1.3.6.1.4.1.14519.5.2.1.6279.6001.140642535005388188316143069436,1,258.72,9.99,9.29,9.64,0.7999,0.9293,0.9005,0.9488,0.2189,0.1162,35.0,60.0,-60.0,110.0,0.12,0.88,0.0,0.616,6.73,solid,0
1.3.6.1.4.1.14519.5.2.1.6279.6001.250397690690072950000431855143,IL057_196231,325.24,12.84,9.9,11.37,0.786,0.7709,0.5839,0.8946,0.6124,0.1766,35.0,60.0,-60.0,110.0,0.12,0.88,0.0,0.616,7.26,solid,1
1.3.6.1.4.1.14519.5.2.1.6279.6001.250397690690072950000431855143,IL057_196237,128.32,10.14,8.6,9.37,0.7575,0.8476,0.4931,1.2657,0.715,0.245,35.0,60.0,-60.0,110.0,0.12,0.88,0.0,0.616,5.32,solid,0
1.3.6.1.4.1.14519.5.2.1.6279.6001.250397690690072950000431855143,Nodule 010,921.51,15.6,14.54,15.07,0.8333,0.9317,0.8011,0.5964,1.8772,0.2222,-220.0,140.0,-520.0,80.0,0.6,0.4,0.0,0.28,7.9,part_solid,1
1.3.6.1.4.1.14519.5.2.1.6279.6001.250397690690072950000431855143,Nodule 007,505.92,14.2,11.84,13.02,0.815,0.8341,0.6164,0.7446,0.8969,0.1844,35.0,60.0,-60.0,110.0,0.12,0.88,0.0,0.616,8.41,solid,1
1.3.6.1.4.1.14519.5.2.1.6279.6001.250397690690072950000431855143,Nodule 001,262.46,9.69,8.85,9.27,0.7933,0.9135,0.9027,0.9521,0.6,0.1954,35.0,60.0,-60.0,110.0,0.12,0.88,0.0,0.616,6.76,solid,1
1.3.6.1.4.1.14519.5.2.1.6279.6001.250397690690072950000431855143,Nodule 008,91.87,10.66,7.18,8.92,0.7901,0.6734,0.3519,1.3564,0.7777,0.2732,35.0,60.0,-60.0,110.0,0.12,0.88,0.0,0.616,4.76,solid,0
1.3.6.1.4.1.14519.5.2.1.6279.6001.250397690690072950000431855143,Nodule 005,72.58,7.28,6.24,6.76,0.815,0.8569,0.6871,1.4224,0.2021,0.1679,35.0,60.0,-60.0,110.0,0.12,0.88,0.0,0.616,4.4,solid,0
1.3.6.1.4.1.14519.5.2.1.6279.6001.250397690690072950000431855143,0821,737.76,15.78,13.93,14.86,0.8379,0.883,0.6337,0.6388,0.95,0.1682,-580.0,75.0,-680.0,-450.0,0.95,0.05,0.0,0.035,3.67,pure_ggn,0
1.3.6.1.4.1.14519.5.2.1.6279.6001.250397690690072950000431855143,0824,622.91,15.18,12.23,13.7,0.8181,0.8052,0.6586,0.6922,1.0297,0.1852,35.0,60.0,-60.0,110.0,0.12,0.88,0.0,0.616,9.02,solid,1
1.3.6.1.4.1.14519.5.2.1.6279.6001.250397690690072950000431855143,0832,361.68,10.84,9.48,10.16,0.8222,0.8739,0.9221,0.8255,0.3665,0.1366,35.0,60.0,-60.0,110.0,0.12,0.88,0.0,0.616,7.52,solid,1
1.3.6.1.4.1.14519.5.2.1.6279.6001.250397690690072950000431855143,0829,438.86,12.87,11.16,12.01,0.8329,0.8667,0.6798,0.764,0.449,0.1397,35.0,60.0,-60.0,110.0,0.12,0.88,0.0,0.616,8.02,solid,1
1.3.6.1.4.1.14519.5.2.1.6279.6001.250397690690072950000431855143,0841,101.67,7.83,7.33,7.58,0.8356,0.936,0.6384,1.2399,0.2055,0.1535,35.0,60.0,-60.0,110.0,0.12,0.88,0.0,0.616,4.93,solid,1
1.3.6.1.4.1.14519.5.2.1.6279.6001.250397690690072950000431855143,03446,121.89,8.86,7.97,8.41,0.8347,0.8996,0.5644,1.1685,0.1616,0.1253,35.0,60.0,-60.0,110.0,0.12,0.88,0.0,0.616,5.23,solid,0
1.3.6.1.4.1.14519.5.2.1.6279.6001.250397690690072950000431855143,03440,236.42,9.37,7.94,8.66,0.7751,0.8478,1.0,1.009,0.3945,0.1593,35.0,60.0,-60.0,110.0,0.12,0.88,0.0,0.616,6.53,solid,0
1.3.6.1.4.1.14519.5.2.1.6279.6001.478062284228419671253422844986,68509,154.35,9.13,7.26,8.2,0.8317,0.7952,0.8212,1.0839,0.4435,0.1925,350.0,120.0,50.0,550.0,0.1,0.25,0.65,0.175,3.72,calcified,0
1.3.6.1.4.1.14519.5.2.1.6279.6001.478062284228419671253422844986,71397,38.28,5.99,4.97,5.48,0.8291,0.8292,0.6256,1.7307,0.136,0.1736,350.0,120.0,50.0,550.0,0.1,0.25,0.65,0.175,2.34,calcified,0
1.3.6.1.4.1.14519.5.2.1.6279.6001.478062284228419671253422844986,3460,166.6,9.24,7.45,8.34,0.7833,0.8069,0.9473,1.122,1.025,0.2733,35.0,60.0,-60.0,110.0,0.12,0.88,0.0,0.616,5.81,solid,1
1.3.6.1.4.1.14519.5.2.1.6279.6001.478062284228419671253422844986,Nodule 001,105.04,12.16,7.62,9.89,0.673,0.6265,0.3085,1.523,1.4364,0.3433,35.0,60.0,-60.0,110.0,0.12,0.88,0.0,0.616,4.98,solid,1
1.3.6.1.4.1.14519.5.2.1.6279.6001.478062284228419671253422844986,Nodule 002,47.77,6.6,5.86,6.23,0.8358,0.888,0.568,1.5945,0.1501,0.1642,35.0,60.0,-60.0,110.0,0.12,0.88,0.0,0.616,3.83,solid,0
1.3.6.1.4.1.14519.5.2.1.6279.6001.478062284228419671253422844986,IL057_166401,170.27,10.93,8.61,9.77,0.8275,0.7873,0.4574,1.0544,0.2541,0.1372,350.0,120.0,50.0,550.0,0.1,0.25,0.65,0.175,3.85,calcified,0
1.3.6.1.4.1.14519.5.2.1.6279.6001.478062284228419671253422844986,IL057_166403,26.95,5.01,4.53,4.77,0.8137,0.9038,0.7485,1.9823,0.0796,0.1484,350.0,120.0,50.0,550.0,0.1,0.25,0.65,0.175,2.08,calcified,0
1.3.6.1.4.1.14519.5.2.1.6279.6001.211071908915618528829547301883,77218,39.1,5.89,5.58,5.74,0.8558,0.9472,0.5939,1.6648,0.048,0.0998,350.0,120.0,50.0,550.0,0.1,0.25,0.65,0.175,2.36,calcified,0
1.3.6.1.4.1.14519.5.2.1.6279.6001.211071908915618528829547301883,0,49.91,6.61,6.35,6.48,0.7842,0.9597,0.5291,1.6749,0.129,0.1472,350.0,120.0,50.0,550.0,0.1,0.25,0.65,0.175,2.56,calcified,0
1.3.6.1.4.1.14519.5.2.1.6279.6001.188385286346390202873004762827,55644,22.66,4.55,3.94,4.25,0.8424,0.8665,0.8238,2.0286,0.0536,0.1301,350.0,120.0,50.0,550.0,0.1,0.25,0.65,0.175,1.96,calcified,0
1.3.6.1.4.1.14519.5.2.1.6279.6001.188385286346390202873004762827,Nodule 006,27.26,5.34,5.01,5.18,0.8265,0.9378,0.5851,1.9443,0.1765,0.2135,350.0,120.0,50.0,550.0,0.1,0.25,0.65,0.175,2.09,calcified,0
1.3.6.1.4.1.14519.5.2.1.6279.6001.188385286346390202873004762827,1,76.41,8.58,6.96,7.77,0.8,0.8105,0.5097,1.4245,0.4518,0.2313,35.0,60.0,-60.0,110.0,0.12,0.88,0.0,0.616,4.48,solid,0
1.3.6.1.4.1.14519.5.2.1.6279.6001.188385286346390202873004762827,2,35.22,6.99,5.9,6.45,0.7747,0.845,0.3578,1.9045,0.1949,0.1894,35.0,60.0,-60.0,110.0,0.12,0.88,0.0,0.616,3.46,solid,0
1.3.6.1.4.1.14519.5.2.1.6279.6001.979083010707182900091062408058,Nodule 003,303.31,15.06,13.09,14.08,0.7638,0.8692,0.2655,0.9424,0.2401,0.0973,35.0,60.0,-60.0,110.0,0.12,0.88,0.0,0.616,7.09,solid,1
1.3.6.1.4.1.14519.5.2.1.6279.6001.979083010707182900091062408058,37568,214.62,14.14,10.03,12.08,0.7727,0.7094,0.2829,1.0453,0.5191,0.1653,-580.0,75.0,-680.0,-450.0,0.95,0.05,0.0,0.035,2.43,pure_ggn,0
1.3.6.1.4.1.14519.5.2.1.6279.6001.979083010707182900091062408058,25373,276.36,15.06,12.05,13.56,0.7749,0.7999,0.2655,0.9581,0.4606,0.14,-220.0,140.0,-520.0,80.0,0.6,0.4,0.0,0.28,5.29,part_solid,1
1.3.6.1.4.1.14519.5.2.1.6279.6001.979083010707182900091062408058,0,208.74,13.34,10.32,11.83,0.7784,0.7736,0.2998,1.0473,0.3803,0.1447,35.0,60.0,-60.0,110.0,0.12,0.88,0.0,0.616,6.26,solid,0
1.3.6.1.4.1.14519.5.2.1.6279.6001.107351566259572521472765997306,Nodule 013,108.53,9.39,8.11,8.75,0.8089,0.8638,0.4258,1.2534,0.3401,0.1809,350.0,120.0,50.0,550.0,0.1,0.25,0.65,0.175,3.31,calcified,0
1.3.6.1.4.1.14519.5.2.1.6279.6001.107351566259572521472765997306,Nodule 009,177.62,10.79,9.14,9.96,0.8276,0.8466,0.4633,1.0395,0.3495,0.1582,35.0,60.0,-60.0,110.0,0.12,0.88,0.0,0.616,5.93,solid,0
1.3.6.1.4.1.14519.5.2.1.6279.6001.107351566259572521472765997306,Nodule 008,76.44,8.63,8.15,8.39,0.8016,0.9445,0.3475,1.4215,0.1731,0.1377,35.0,60.0,-60.0,110.0,0.12,0.88,0.0,0.616,4.48,solid,0
1.3.6.1.4.1.14519.5.2.1.6279.6001.107351566259572521472765997306,Nodule 007,461.58,15.15,11.84,13.49,0.8025,0.7814,0.462,0.7797,0.7424,0.1686,35.0,60.0,-60.0,110.0,0.12,0.88,0.0,0.616,8.16,solid,1
1.3.6.1.4.1.14519.5.2.1.6279.6001.107351566259572521472765997306,Nodule 004,179.58,11.98,10.82,11.4,0.7918,0.9035,0.334,1.0825,0.5603,0.1832,35.0,60.0,-60.0,110.0,0.12,0.88,0.0,0.616,5.96,solid,1
1.3.6.1.4.1.14519.5.2.1.6279.6001.107351566259572521472765997306,IL057_166349,542.18,16.92,12.01,14.46,0.7839,0.7102,0.4729,0.7565,1.5779,0.2312,-220.0,140.0,-520.0,80.0,0.6,0.4,0.0,0.28,6.62,part_solid,1
1.3.6.1.4.1.14519.5.2.1.6279.6001.107351566259572521472765997306,MI014_14000,597.55,16.24,12.59,14.41,0.7875,0.7754,0.5543,0.7291,1.2378,0.2013,35.0,60.0,-60.0,110.0,0.12,0.88,0.0,0.616,8.89,solid,1
1.3.6.1.4.1.14519.5.2.1.6279.6001.107351566259572521472765997306,MI014_14010,178.85,11.15,10.25,10.7,0.8208,0.9191,0.4484,1.0458,0.538,0.188,35.0,60.0,-60.0,110.0,0.12,0.88,0.0,0.616,5.95,solid,1
1.3.6.1.4.1.14519.5.2.1.6279.6001.107351566259572521472765997306,0,105.84,11.0,8.69,9.84,0.7514,0.7898,0.2728,1.3605,0.4145,0.183,35.0,60.0,-60.0,110.0,0.12,0.88,0.0,0.616,4.99,solid,0
1.3.6.1.4.1.14519.5.2.1.6279.6001.107351566259572521472765997306,2,196.73,10.02,7.78,8.9,0.7308,0.7766,0.7986,1.1378,0.5088,0.1932,35.0,60.0,-60.0,110.0,0.12,0.88,0.0,0.616,6.14,solid,0
1.3.6.1.4.1.14519.5.2.1.6279.6001.107351566259572521472765997306,5,56.84,6.19,5.88,6.04,0.7923,0.9509,0.8079,1.5875,0.148,0.1566,35.0,60.0,-60.0,110.0,0.12,0.88,0.0,0.616,4.06,solid,0
1.3.6.1.4.1.14519.5.2.1.6279.6001.107351566259572521472765997306,9,410.13,13.84,11.16,12.5,0.7747,0.8066,0.5782,0.8401,1.0188,0.2079,35.0,60.0,-60.0,110.0,0.12,0.88,0.0,0.616,7.84,solid,0
1.3.6.1.4.1.14519.5.2.1.6279.6001.107351566259572521472765997306,10,246.96,13.02,11.0,12.01,0.7597,0.8451,0.384,1.0147,0.8473,0.2111,35.0,60.0,-60.0,110.0,0.12,0.88,0.0,0.616,6.62,solid,0
1.3.6.1.4.1.14519.5.2.1.6279.6001.608029415915051219877530734559,Nodule 002,77.79,7.95,5.8,6.87,0.786,0.7289,0.6288,1.4413,0.2781,0.1936,35.0,60.0,-60.0,110.0,0.12,0.88,0.0,0.616,4.51,solid,1
1.3.6.1.4.1.14519.5.2.1.6279.6001.132435134414676494105851714351,2834,2160.16,20.95,19.2,20.08,0.7952,0.9166,0.8592,0.4704,1.8593,0.1629,35.0,60.0,-60.0,110.0,0.12,0.88,0.0,0.616,13.65,solid,1
1.3.6.1.4.1.14519.5.2.1.6279.6001.132435134414676494105851714351,2896,229.32,11.24,10.69,10.96,0.864,0.9513,0.534,0.9144,0.6342,0.1978,35.0,60.0,-60.0,110.0,0.12,0.88,0.0,0.616,6.46,solid,1
1.3.6.1.4.1.14519.5.2.1.6279.6001.132435134414676494105851714351,4677,3259.72,22.05,19.89,20.97,0.6481,0.9021,1.0,0.5032,6.624,0.2565,35.0,60.0,-60.0,110.0,0.12,0.88,0.0,0.616,15.65,solid,0
1.3.6.1.4.1.14519.5.2.1.6279.6001.145600217263993824806929968211,87176,1908.06,18.15,16.41,17.28,0.7952,0.9042,0.9915,0.4903,2.1231,0.1991,-220.0,140.0,-520.0,80.0,0.6,0.4,0.0,0.28,10.07,part_solid,0
1.3.6.1.4.1.14519.5.2.1.6279.6001.145600217263993824806929968211,50582,1917.61,18.32,16.53,17.42,0.7485,0.9026,0.9828,0.5201,2.0993,0.1965,35.0,60.0,-60.0,110.0,0.12,0.88,0.0,0.616,13.12,solid,1
1.3.6.1.4.1.14519.5.2.1.6279.6001.145600217263993824806929968211,9968,3033.34,22.91,21.15,22.03,0.8079,0.9232,0.7856,0.4135,0.8741,0.1033,35.0,60.0,-60.0,110.0,0.12,0.88,0.0,0.616,15.28,solid,1
1.3.6.1.4.1.14519.5.2.1.6279.6001.114249388265341701207347458535,Nodule 004,188.04,12.45,10.74,11.59,0.7875,0.8633,0.3013,1.0719,0.2281,0.1142,350.0,120.0,50.0,550.0,0.1,0.25,0.65,0.175,3.98,calcified,0
1.3.6.1.4.1.14519.5.2.1.6279.6001.114249388265341701207347458535,IL057_167347,870.97,20.68,16.57,18.63,0.7588,0.8012,0.3626,0.6674,2.2424,0.2215,-580.0,75.0,-680.0,-450.0,0.95,0.05,0.0,0.035,3.88,pure_ggn,0
1.3.6.1.4.1.14519.5.2.1.6279.6001.114249388265341701207347458535,IL057_167357,110.56,13.89,9.71,11.8,0.6923,0.6995,0.18,1.4554,1.6535,0.3173,-220.0,140.0,-520.0,80.0,0.6,0.4,0.0,0.28,3.9,part_solid,0
1.3.6.1.4.1.14519.5.2.1.6279.6001.114249388265341701207347458535,IL057_167352,162.62,11.91,9.84,10.88,0.7945,0.8259,0.3148,1.1151,0.2727,0.1326,350.0,120.0,50.0,550.0,0.1,0.25,0.65,0.175,3.79,calcified,0
1.3.6.1.4.1.14519.5.2.1.6279.6001.114249388265341701207347458535,MI014_17653,220.19,12.04,10.65,11.35,0.844,0.8841,0.4151,0.9489,0.4725,0.1656,350.0,120.0,50.0,550.0,0.1,0.25,0.65,0.175,4.19,calcified,0
1.3.6.1.4.1.14519.5.2.1.6279.6001.114249388265341701207347458535,4,174.26,12.14,7.94,10.04,0.7558,0.6542,0.4119,1.1455,0.7808,0.2332,35.0,60.0,-60.0,110.0,0.12,0.88,0.0,0.616,5.9,solid,0
1.3.6.1.4.1.14519.5.2.1.6279.6001.114249388265341701207347458535,10,63.7,9.34,8.04,8.69,0.7195,0.8616,0.2678,1.683,0.466,0.2244,-580.0,75.0,-680.0,-450.0,0.95,0.05,0.0,0.035,1.62,pure_ggn,0
1.3.6.1.4.1.14519.5.2.1.6279.6001.114249388265341701207347458535,11,244.39,10.89,10.07,10.48,0.7984,0.9245,0.574,0.9688,0.2994,0.1359,350.0,120.0,50.0,550.0,0.1,0.25,0.65,0.175,4.34,calcified,0
1.3.6.1.4.1.14519.5.2.1.6279.6001.274052674198758621258447180130,75237,203.35,13.88,8.57,11.23,0.7842,0.6176,0.4322,1.0487,1.3699,0.2822,350.0,120.0,50.0,550.0,0.1,0.25,0.65,0.175,4.08,calcified,0
1.3.6.1.4.1.14519.5.2.1.6279.6001.274052674198758621258447180130,Nodule 001,110.25,10.01,7.69,8.85,0.807,0.7679,0.3994,1.2497,0.354,0.1824,35.0,60.0,-60.0,110.0,0.12,0.88,0.0,0.616,5.06,solid,1
1.3.6.1.4.1.14519.5.2.1.6279.6001.274052674198758621258447180130,Nodule 003,159.0,10.55,9.07,9.81,0.8021,0.8593,0.4739,1.1129,0.6121,0.2157,35.0,60.0,-60.0,110.0,0.12,0.88,0.0,0.616,5.72,solid,1
1.3.6.1.4.1.14519.5.2.1.6279.6001.274052674198758621258447180130,15426,118.58,13.56,6.41,9.99,0.7484,0.4728,0.3687,1.3153,1.5724,0.3384,350.0,120.0,50.0,550.0,0.1,0.25,0.65,0.175,3.41,calcified,0
1.3.6.1.4.1.14519.5.2.1.6279.6001.274052674198758621258447180130,2,176.89,13.56,9.25,11.41,0.742,0.6823,0.295,1.1611,1.086,0.2542,350.0,120.0,50.0,550.0,0.1,0.25,0.65,0.175,3.9,calcified,0
1.3.6.1.4.1.14519.5.2.1.6279.6001.300270516469599170290456821227,52586,62.43,10.25,6.68,8.47,0.7989,0.6522,0.2732,1.5259,0.6106,0.2586,350.0,120.0,50.0,550.0,0.1,0.25,0.65,0.175,2.75,calcified,0
1.3.6.1.4.1.14519.5.2.1.6279.6001.300270516469599170290456821227,52579,441.1,13.84,10.99,12.42,0.8178,0.7941,0.6574,0.7768,0.6517,0.1649,35.0,60.0,-60.0,110.0,0.12,0.88,0.0,0.616,8.04,solid,0
1.3.6.1.4.1.14519.5.2.1.6279.6001.300270516469599170290456821227,41006,41.85,9.79,5.83,7.81,0.7392,0.5957,0.2145,1.8844,0.5267,0.2602,350.0,120.0,50.0,550.0,0.1,0.25,0.65,0.175,2.41,calcified,0
1.3.6.1.4.1.14519.5.2.1.6279.6001.300270516469599170290456821227,13073,426.18,13.3,12.48,12.89,0.7978,0.9383,0.5789,0.8055,0.616,0.1593,35.0,60.0,-60.0,110.0,0.12,0.88,0.0,0.616,7.94,solid,1
1.3.6.1.4.1.14519.5.2.1.6279.6001.300270516469599170290456821227,12,171.5,16.88,11.82,14.35,0.6622,0.7002,0.1659,1.3144,2.4997,0.32,35.0,60.0,-60.0,110.0,0.12,0.88,0.0,0.616,5.87,solid,0
1.3.6.1.4.1.14519.5.2.1.6279.6001.193964947698259739624715468431,0,54.97,6.5,5.95,6.22,0.7915,0.9153,0.6732,1.6069,0.2395,0.1994,35.0,60.0,-60.0,110.0,0.12,0.88,0.0,0.616,4.01,solid,0
1.3.6.1.4.1.14519.5.2.1.6279.6001.193964947698259739624715468431,Nodule 002,75.95,8.2,7.25,7.72,0.8216,0.8837,0.4573,1.39,0.293,0.1893,35.0,60.0,-60.0,110.0,0.12,0.88,0.0,0.616,4.47,solid,1
1.3.6.1.4.1.14519.5.2.1.6279.6001.193964947698259739624715468431,Nodule 001,75.34,9.12,6.81,7.96,0.8013,0.7475,0.4114,1.429,0.6262,0.2717,35.0,60.0,-60.0,110.0,0.12,0.88,0.0,0.616,4.46,solid,1
1.3.6.1.4.1.14519.5.2.1.6279.6001.193964947698259739624715468431,19701,47.77,6.49,5.39,5.94,0.799,0.8298,0.6737,1.668,0.3063,0.2353,35.0,60.0,-60.0,110.0,0.12,0.88,0.0,0.616,3.83,solid,0
1.3.6.1.4.1.14519.5.2.1.6279.6001.193964947698259739624715468431,37730,75.03,8.51,7.02,7.77,0.7919,0.8253,0.4406,1.4479,0.3512,0.2064,35.0,60.0,-60.0,110.0,0.12,0.88,0.0,0.616,4.45,solid,0
1.3.6.1.4.1.14519.5.2.1.6279.6001.290135156874098366424871975734,06568,3889.99,26.72,21.2,23.96,0.7697,0.7933,0.8419,0.3995,4.446,0.2071,35.0,60.0,-60.0,110.0,0.12,0.88,0.0,0.616,16.6,solid,1
1.3.6.1.4.1.14519.5.2.1.6279.6001.290135156874098366424871975734,06572,1405.69,19.16,16.79,17.98,0.8087,0.8762,0.6524,0.5338,1.2683,0.1579,35.0,60.0,-60.0,110.0,0.12,0.88,0.0,0.616,11.83,solid,1
1.3.6.1.4.1.14519.5.2.1.6279.6001.290135156874098366424871975734,06578,1060.85,18.4,12.5,15.45,0.7657,0.679,0.815,0.6193,1.9913,0.2142,35.0,60.0,-60.0,110.0,0.12,0.88,0.0,0.616,10.77,solid,1
1.3.6.1.4.1.14519.5.2.1.6279.6001.290135156874098366424871975734,06584,216.21,10.26,8.3,9.28,0.8289,0.8091,0.7308,0.9721,0.2681,0.1374,35.0,60.0,-60.0,110.0,0.12,0.88,0.0,0.616,6.34,solid,0
1.3.6.1.4.1.14519.5.2.1.6279.6001.290135156874098366424871975734,11068,72.89,7.6,5.73,6.66,0.8332,0.7548,0.6583,1.3895,0.2596,0.1954,35.0,60.0,-60.0,110.0,0.12,0.88,0.0,0.616,4.41,solid,0
1.3.6.1.4.1.14519.5.2.1.6279.6001.290135156874098366424871975734,1110,1724.19,20.7,17.04,18.87,0.814,0.8229,0.7245,0.4955,1.3001,0.1498,35.0,60.0,-60.0,110.0,0.12,0.88,0.0,0.616,12.66,solid,1
1.3.6.1.4.1.14519.5.2.1.6279.6001.290135156874098366424871975734,1106,4724.21,29.08,22.71,25.89,0.7809,0.7807,0.7737,0.3691,4.8479,0.2043,35.0,60.0,-60.0,110.0,0.12,0.88,0.0,0.616,17.71,solid,1
1.3.6.1.4.1.14519.5.2.1.6279.6001.290135156874098366424871975734,1114,1690.5,22.03,15.27,18.65,0.7895,0.6932,0.681,0.5142,2.116,0.1912,35.0,60.0,-60.0,110.0,0.12,0.88,0.0,0.616,12.58,solid,1
1.3.6.1.4.1.14519.5.2.1.6279.6001.290135156874098366424871975734,1118,540.22,13.43,11.65,12.54,0.8149,0.8675,0.7447,0.7287,0.6632,0.1596,35.0,60.0,-60.0,110.0,0.12,0.88,0.0,0.616,8.6,solid,1
1.3.6.1.4.1.14519.5.2.1.6279.6001.290135156874098366424871975734,IL057_202873,1157.01,19.89,12.72,16.3,0.7473,0.6393,0.754,0.6164,2.3891,0.2254,35.0,60.0,-60.0,110.0,0.12,0.88,0.0,0.616,11.08,solid,1
1.3.6.1.4.1.14519.5.2.1.6279.6001.290135156874098366424871975734,IL057_202866,3102.31,25.41,19.81,22.61,0.738,0.7795,0.7871,0.4493,3.9398,0.2087,35.0,60.0,-60.0,110.0,0.12,0.88,0.0,0.616,15.4,solid,1
1.3.6.1.4.1.14519.5.2.1.6279.6001.290135156874098366424871975734,IL057_202870,1146.6,18.81,15.01,16.91,0.7845,0.798,0.6645,0.589,1.8064,0.1978,35.0,60.0,-60.0,110.0,0.12,0.88,0.0,0.616,11.05,solid,1
1.3.6.1.4.1.14519.5.2.1.6279.6001.290135156874098366424871975734,IL057_205798,153.74,8.81,6.77,7.79,0.7989,0.7679,0.8513,1.13,0.3058,0.1654,35.0,60.0,-60.0,110.0,0.12,0.88,0.0,0.616,5.66,solid,1
1.3.6.1.4.1.14519.5.2.1.6279.6001.290135156874098366424871975734,Nodule 007,1422.22,20.75,16.3,18.53,0.7765,0.7854,0.6023,0.5538,2.1117,0.2004,35.0,60.0,-60.0,110.0,0.12,0.88,0.0,0.616,11.87,solid,1
1.3.6.1.4.1.14519.5.2.1.6279.6001.290135156874098366424871975734,Nodule 001,3412.85,25.89,20.48,23.19,0.7365,0.7907,0.7724,0.4361,3.9943,0.2063,35.0,60.0,-60.0,110.0,0.12,0.88,0.0,0.616,15.89,solid,1
1.3.6.1.4.1.14519.5.2.1.6279.6001.247816269490470394602288565775,56563,95.15,7.58,6.49,7.03,0.8437,0.8564,0.7125,1.2556,0.1115,0.1163,35.0,60.0,-60.0,110.0,0.12,0.88,0.0,0.616,4.82,solid,0
1.3.6.1.4.1.14519.5.2.1.6279.6001.247816269490470394602288565775,56558,1541.45,22.11,17.07,19.59,0.8183,0.7724,0.6311,0.5116,2.033,0.187,35.0,60.0,-60.0,110.0,0.12,0.88,0.0,0.616,12.19,solid,1
1.3.6.1.4.1.14519.5.2.1.6279.6001.247816269490470394602288565775,Nodule 003,1400.65,21.11,19.34,20.22,0.8272,0.9162,0.4478,0.5225,0.7843,0.1176,35.0,60.0,-60.0,110.0,0.12,0.88,0.0,0.616,11.81,solid,1
1.3.6.1.4.1.14519.5.2.1.6279.6001.187966156856911682643615997798,8,45.94,8.57,4.87,6.72,0.7859,0.5678,0.3647,1.7181,0.3521,0.2352,350.0,120.0,50.0,550.0,0.1,0.25,0.65,0.175,2.49,calcified,0
1.3.6.1.4.1.14519.5.2.1.6279.6001.187966156856911682643615997798,11,30.93,5.46,4.82,5.14,0.8626,0.8819,0.6867,1.7861,0.05,0.1106,350.0,120.0,50.0,550.0,0.1,0.25,0.65,0.175,2.18,calcified,0
1.3.6.1.4.1.14519.5.2.1.6279.6001.187966156856911682643615997798,12,43.18,6.55,5.89,6.22,0.8473,0.8992,0.4772,1.6268,0.0521,0.0979,350.0,120.0,50.0,550.0,0.1,0.25,0.65,0.175,2.43,calcified,0
1.3.6.1.4.1.14519.5.2.1.6279.6001.187966156856911682643615997798,14,60.48,6.97,6.71,6.84,0.8323,0.9626,0.5378,1.4801,0.0972,0.1206,350.0,120.0,50.0,550.0,0.1,0.25,0.65,0.175,2.72,calcified,0
1.3.6.1.4.1.14519.5.2.1.6279.6001.187966156856911682643615997798,20,126.79,7.14,6.92,7.03,0.7979,0.9689,1.0,1.2065,0.2281,0.15,350.0,120.0,50.0,550.0,0.1,0.25,0.65,0.175,3.49,calcified,0
1.3.6.1.4.1.14519.5.2.1.6279.6001.187966156856911682643615997798,55,604.54,12.59,11.4,11.99,0.8132,0.9052,0.9928,0.7033,0.3688,0.1149,350.0,120.0,50.0,550.0,0.1,0.25,0.65,0.175,5.87,calcified,0
1.3.6.1.4.1.14519.5.2.1.6279.6001.187966156856911682643615997798,Nodule 007,68.91,7.6,6.79,7.2,0.8423,0.8934,0.4932,1.4004,0.1531,0.1446,350.0,120.0,50.0,550.0,0.1,0.25,0.65,0.175,2.85,calcified,0
1.3.6.1.4.1.14519.5.2.1.6279.6001.187966156856911682643615997798,Nodule 008,71.51,7.25,6.34,6.79,0.8439,0.8743,0.6038,1.3807,0.1394,0.1406,350.0,120.0,50.0,550.0,0.1,0.25,0.65,0.175,2.88,calcified,0
1.3.6.1.4.1.14519.5.2.1.6279.6001.187966156856911682643615997798,Nodule 011,55.74,6.68,6.34,6.51,0.8372,0.9492,0.5614,1.5122,0.1121,0.1346,350.0,120.0,50.0,550.0,0.1,0.25,0.65,0.175,2.65,calcified,0
1.3.6.1.4.1.14519.5.2.1.6279.6001.187966156856911682643615997798,Nodule 001,718.46,14.12,12.94,13.53,0.8323,0.9169,0.7969,0.6487,0.4,0.1133,35.0,60.0,-60.0,110.0,0.12,0.88,0.0,0.616,9.46,solid,1
1.3.6.1.4.1.14519.5.2.1.6279.6001.187966156856911682643615997798,Nodule 006,72.58,9.08,6.02,7.55,0.8076,0.6624,0.4128,1.4356,0.3414,0.2056,350.0,120.0,50.0,550.0,0.1,0.25,0.65,0.175,2.89,calcified,0
1.3.6.1.4.1.14519.5.2.1.6279.6001.187966156856911682643615997798,14645,31.7,7.25,6.51,6.88,0.7709,0.897,0.2585,1.9821,0.077,0.1133,350.0,120.0,50.0,550.0,0.1,0.25,0.65,0.175,2.2,calcified,0
1.3.6.1.4.1.14519.5.2.1.6279.6001.187966156856911682643615997798,14622,626.59,13.43,12.57,13.0,0.8481,0.9359,0.7909,0.6664,0.171,0.0775,35.0,60.0,-60.0,110.0,0.12,0.88,0.0,0.616,9.03,solid,1
1.3.6.1.4.1.14519.5.2.1.6279.6001.187966156856911682643615997798,14780,54.36,8.99,5.32,7.15,0.784,0.5915,0.3476,1.6284,0.3632,0.2254,350.0,120.0,50.0,550.0,0.1,0.25,0.65,0.175,2.63,calcified,0
1.3.6.1.4.1.14519.5.2.1.6279.6001.187966156856911682643615997798,14782,64.01,6.91,6.74,6.82,0.8723,0.9766,0.6335,1.3859,0.0927,0.1167,350.0,120.0,50.0,550.0,0.1,0.25,0.65,0.175,2.78,calcified,0
1.3.6.1.4.1.14519.5.2.1.6279.6001.187966156856911682643615997798,14637,119.44,8.02,7.83,7.93,0.8441,0.9759,0.701,1.1634,0.1463,0.1218,350.0,120.0,50.0,550.0,0.1,0.25,0.65,0.175,3.42,calcified,0
1.3.6.1.4.1.14519.5.2.1.6279.6001.187966156856911682643615997798,14649,43.49,6.57,5.89,6.23,0.849,0.8965,0.4755,1.6198,0.049,0.0947,350.0,120.0,50.0,550.0,0.1,0.25,0.65,0.175,2.44,calcified,0
1.3.6.1.4.1.14519.5.2.1.6279.6001.187966156856911682643615997798,14652,61.71,7.06,6.76,6.91,0.8374,0.9576,0.5311,1.4613,0.0912,0.1157,350.0,120.0,50.0,550.0,0.1,0.25,0.65,0.175,2.74,calcified,0
1.3.6.1.4.1.14519.5.2.1.6279.6001.187966156856911682643615997798,13232,27.56,5.89,4.74,5.32,0.8553,0.8037,0.5302,1.8717,0.0996,0.1573,350.0,120.0,50.0,550.0,0.1,0.25,0.65,0.175,2.1,calcified,0
1.3.6.1.4.1.14519.5.2.1.6279.6001.187966156856911682643615997798,11585,603.47,13.37,12.16,12.77,0.8535,0.9095,0.8413,0.6705,0.1834,0.0811,35.0,60.0,-60.0,110.0,0.12,0.88,0.0,0.616,8.92,solid,0
1.3.6.1.4.1.14519.5.2.1.6279.6001.187966156856911682643615997798,11603,46.7,8.67,4.86,6.76,0.7872,0.5606,0.3605,1.7059,0.3662,0.2381,350.0,120.0,50.0,550.0,0.1,0.25,0.65,0.175,2.5,calcified,0
1.3.6.1.4.1.14519.5.2.1.6279.6001.187966156856911682643615997798,11602,50.38,6.66,6.06,6.36,0.8532,0.9102,0.563,1.5346,0.0808,0.1176,350.0,120.0,50.0,550.0,0.1,0.25,0.65,0.175,2.56,calcified,0
1.3.6.1.4.1.14519.5.2.1.6279.6001.187966156856911682643615997798,13233,28.02,4.74,4.71,4.72,0.8392,0.9933,0.7914,1.8972,0.0711,0.139,350.0,120.0,50.0,550.0,0.1,0.25,0.65,0.175,2.11,calcified,0
1.3.6.1.4.1.14519.5.2.1.6279.6001.187966156856911682643615997798,11599,78.25,6.75,6.26,6.5,0.8438,0.9287,0.8339,1.34,0.1257,0.1314,350.0,120.0,50.0,550.0,0.1,0.25,0.65,0.175,2.97,calcified,0
1.3.6.1.4.1.14519.5.2.1.6279.6001.187966156856911682643615997798,13235,38.13,5.36,5.07,5.22,0.8636,0.9468,0.8164,1.6637,0.0326,0.0847,350.0,120.0,50.0,550.0,0.1,0.25,0.65,0.175,2.34,calcified,0
1.3.6.1.4.1.14519.5.2.1.6279.6001.443400977949406454649939526179,74135,75.46,8.25,6.48,7.36,0.8073,0.7854,0.485,1.4175,0.2472,0.1779,350.0,120.0,50.0,550.0,0.1,0.25,0.65,0.175,2.93,calcified,0
1.3.6.1.4.1.14519.5.2.1.6279.6001.443400977949406454649939526179,Nodule 003,76.93,8.48,6.74,7.61,0.8358,0.795,0.4715,1.3605,0.271,0.1831,35.0,60.0,-60.0,110.0,0.12,0.88,0.0,0.616,4.49,solid,0
1.3.6.1.4.1.14519.5.2.1.6279.6001.443400977949406454649939526179,Nodule 001,96.04,9.58,8.92,9.25,0.7914,0.9312,0.3131,1.3343,0.168,0.1231,350.0,120.0,50.0,550.0,0.1,0.25,0.65,0.175,3.18,calcified,0
1.3.6.1.4.1.14519.5.2.1.6279.6001.443400977949406454649939526179,15428,46.55,7.16,5.94,6.55,0.8143,0.83,0.419,1.651,0.1341,0.1519,350.0,120.0,50.0,550.0,0.1,0.25,0.65,0.175,2.5,calcified,0
1.3.6.1.4.1.14519.5.2.1.6279.6001.443400977949406454649939526179,0,92.61,7.86,5.09,6.47,0.6927,0.6468,1.0,1.543,0.6041,0.2552,350.0,120.0,50.0,550.0,0.1,0.25,0.65,0.175,3.14,calcified,0
1.3.6.1.4.1.14519.5.2.1.6279.6001.443400977949406454649939526179,1,44.34,9.39,4.82,7.1,0.7139,0.5133,0.3197,1.9139,0.6451,0.3065,350.0,120.0,50.0,550.0,0.1,0.25,0.65,0.175,2.46,calcified,0
1.3.6.1.4.1.14519.5.2.1.6279.6001.443400977949406454649939526179,5,66.39,7.66,6.56,7.11,0.7843,0.8563,0.5221,1.5228,0.2622,0.1898,350.0,120.0,50.0,550.0,0.1,0.25,0.65,0.175,2.81,calcified,0
1.3.6.1.4.1.14519.5.2.1.6279.6001.997611074084993415992563148335,44269,11226.82,35.93,33.45,34.69,0.7938,0.9311,0.7654,0.2721,5.6378,0.1676,35.0,60.0,-60.0,110.0,0.12,0.88,0.0,0.616,23.64,solid,1
1.3.6.1.4.1.14519.5.2.1.6279.6001.997611074084993415992563148335,44275,84.22,8.23,7.51,7.87,0.8265,0.9123,0.4558,1.3349,0.1227,0.1203,350.0,120.0,50.0,550.0,0.1,0.25,0.65,0.175,3.04,calcified,0
1.3.6.1.4.1.14519.5.2.1.6279.6001.997611074084993415992563148335,56984,12387.81,38.18,33.27,35.73,0.7655,0.8714,0.753,0.273,7.6006,0.1877,35.0,60.0,-60.0,110.0,0.12,0.88,0.0,0.616,24.43,solid,1
1.3.6.1.4.1.14519.5.2.1.6279.6001.997611074084993415992563148335,57124,50.53,6.59,5.74,6.17,0.8303,0.8716,0.569,1.5755,0.1002,0.1345,350.0,120.0,50.0,550.0,0.1,0.25,0.65,0.175,2.57,calcified,0
1.3.6.1.4.1.14519.5.2.1.6279.6001.145474881373882284343459153872,NIHCA_13117,224.17,11.01,5.94,8.47,0.6886,0.5395,1.0,1.1561,1.5893,0.2959,35.0,60.0,-60.0,110.0,0.12,0.88,0.0,0.616,6.41,solid,0
1.3.6.1.4.1.14519.5.2.1.6279.6001.145474881373882284343459153872,NIHCA_13113,263.37,14.64,7.04,10.84,0.7161,0.4806,0.5123,1.0536,1.3626,0.2687,35.0,60.0,-60.0,110.0,0.12,0.88,0.0,0.616,6.77,solid,0
1.3.6.1.4.1.14519.5.2.1.6279.6001.111780708132595903430640048766,Nodule 001,52.67,6.42,5.46,5.94,0.8029,0.8511,0.7788,1.6068,0.2378,0.2,35.0,60.0,-60.0,110.0,0.12,0.88,0.0,0.616,3.96,solid,0
1.3.6.1.4.1.14519.5.2.1.6279.6001.504845428620607044098514803031,Nodule 003,86.97,8.63,6.32,7.48,0.7958,0.7325,0.5791,1.3715,0.4931,0.2426,35.0,60.0,-60.0,110.0,0.12,0.88,0.0,0.616,4.68,solid,0
1.3.6.1.4.1.14519.5.2.1.6279.6001.504845428620607044098514803031,Nodule 001,34.61,6.38,5.96,6.17,0.8094,0.934,0.3916,1.8334,0.0781,0.1257,35.0,60.0,-60.0,110.0,0.12,0.88,0.0,0.616,3.44,solid,0
1.3.6.1.4.1.14519.5.2.1.6279.6001.504845428620607044098514803031,IL057_156576,92.49,8.82,6.32,7.57,0.8045,0.7167,0.5669,1.3293,0.3457,0.2,35.0,60.0,-60.0,110.0,0.12,0.88,0.0,0.616,4.77,solid,0
1.3.6.1.4.1.14519.5.2.1.6279.6001.504845428620607044098514803031,8892,45.63,7.64,7.19,7.42,0.7527,0.9411,0.327,1.7979,0.3717,0.2345,-580.0,75.0,-680.0,-450.0,0.95,0.05,0.0,0.035,1.45,pure_ggn,0
1.3.6.1.4.1.14519.5.2.1.6279.6001.504845428620607044098514803031,40450,99.84,8.76,6.8,7.78,0.8089,0.7765,0.5705,1.2887,0.3508,0.1975,35.0,60.0,-60.0,110.0,0.12,0.88,0.0,0.616,4.9,solid,0
1.3.6.1.4.1.14519.5.2.1.6279.6001.265780642925621389994857727416,IL057_160775,676.51,24.01,20.24,22.13,0.6425,0.8431,0.1562,0.8574,1.8697,0.1759,-580.0,75.0,-680.0,-450.0,0.95,0.05,0.0,0.035,3.56,pure_ggn,1
1.3.6.1.4.1.14519.5.2.1.6279.6001.265780642925621389994857727416,Nodule 002,667.01,18.84,16.83,17.84,0.8108,0.8936,0.3318,0.6827,2.2781,0.2382,-580.0,75.0,-680.0,-450.0,0.95,0.05,0.0,0.035,3.55,pure_ggn,1
1.3.6.1.4.1.14519.5.2.1.6279.6001.265780642925621389994857727416,8860,719.38,18.28,14.61,16.44,0.7377,0.7989,0.4786,0.7316,2.4781,0.2601,-580.0,75.0,-680.0,-450.0,0.95,0.05,0.0,0.035,3.64,pure_ggn,1
1.3.6.1.4.1.14519.5.2.1.6279.6001.961063442349005937536597225349,Nodule 001,83.45,12.16,9.94,11.05,0.6625,0.817,0.1541,1.6704,0.4974,0.182,35.0,60.0,-60.0,110.0,0.12,0.88,0.0,0.616,4.61,solid,1
1.3.6.1.4.1.14519.5.2.1.6279.6001.206310993373699650907461884037,14036,61.74,5.77,5.11,5.44,0.7974,0.8869,1.0,1.5345,0.0762,0.1149,35.0,60.0,-60.0,110.0,0.12,0.88,0.0,0.616,4.17,solid,0
1.3.6.1.4.1.14519.5.2.1.6279.6001.206310993373699650907461884037,14032,72.03,6.76,5.51,6.14,0.8178,0.8155,0.8875,1.4212,0.1555,0.1528,35.0,60.0,-60.0,110.0,0.12,0.88,0.0,0.616,4.39,solid,0
1.3.6.1.4.1.14519.5.2.1.6279.6001.206310993373699650907461884037,14029,97.02,7.21,6.22,6.71,0.8054,0.8634,0.8325,1.3067,0.1001,0.1142,35.0,60.0,-60.0,110.0,0.12,0.88,0.0,0.616,4.85,solid,0
1.3.6.1.4.1.14519.5.2.1.6279.6001.206310993373699650907461884037,52490,59.78,11.48,7.07,9.28,0.7089,0.6153,0.1741,1.7447,0.4577,0.2089,-220.0,140.0,-520.0,80.0,0.6,0.4,0.0,0.28,3.17,part_solid,0
1.3.6.1.4.1.14519.5.2.1.6279.6001.206310993373699650907461884037,52460,61.25,9.9,8.62,9.26,0.705,0.8706,0.2019,1.7402,0.2534,0.1581,35.0,60.0,-60.0,110.0,0.12,0.88,0.0,0.616,4.16,solid,0
1.3.6.1.4.1.14519.5.2.1.6279.6001.206310993373699650907461884037,52491,74.97,11.57,8.67,10.12,0.6984,0.7489,0.1728,1.6421,0.3026,0.1567,35.0,60.0,-60.0,110.0,0.12,0.88,0.0,0.616,4.45,solid,0
1.3.6.1.4.1.14519.5.2.1.6279.6001.206310993373699650907461884037,13176,216.09,11.98,8.14,10.06,0.8084,0.6794,0.5008,0.9969,0.4151,0.1679,-220.0,140.0,-520.0,80.0,0.6,0.4,0.0,0.28,4.87,part_solid,1
1.3.6.1.4.1.14519.5.2.1.6279.6001.149463915556499304732434215056,Nodule 001,191.59,15.96,8.51,12.23,0.7442,0.533,0.2506,1.1273,2.2348,0.3436,35.0,60.0,-60.0,110.0,0.12,0.88,0.0,0.616,6.09,solid,1
1.3.6.1.4.1.14519.5.2.1.6279.6001.149463915556499304732434215056,0,220.5,12.58,8.13,10.35,0.7383,0.6466,0.6361,1.0843,0.9865,0.2452,35.0,60.0,-60.0,110.0,0.12,0.88,0.0,0.616,6.38,solid,0
1.3.6.1.4.1.14519.5.2.1.6279.6001.900182736599353600185270496549,Nodule 002,79.32,8.0,7.34,7.67,0.8327,0.9167,0.4686,1.3517,0.1507,0.1368,35.0,60.0,-60.0,110.0,0.12,0.88,0.0,0.616,4.54,solid,0
1.3.6.1.4.1.14519.5.2.1.6279.6001.150684298696437181894923266019,14871,97.46,7.28,6.36,6.82,0.7667,0.8735,0.9892,1.3706,0.2839,0.1806,35.0,60.0,-60.0,110.0,0.12,0.88,0.0,0.616,4.86,solid,0
1.3.6.1.4.1.14519.5.2.1.6279.6001.793644252453691436883431768064,196602,981.96,17.13,13.43,15.28,0.8035,0.7839,0.7007,0.6055,0.8909,0.1519,35.0,60.0,-60.0,110.0,0.12,0.88,0.0,0.616,10.49,solid,1
1.3.6.1.4.1.14519.5.2.1.6279.6001.793644252453691436883431768064,20723,1414.14,17.96,14.31,16.14,0.8031,0.7972,0.8353,0.5365,1.1979,0.1577,35.0,60.0,-60.0,110.0,0.12,0.88,0.0,0.616,11.85,solid,1
1.3.6.1.4.1.14519.5.2.1.6279.6001.793644252453691436883431768064,0,1235.53,17.41,13.08,15.24,0.7726,0.7511,0.8617,0.5833,1.4112,0.1787,35.0,60.0,-60.0,110.0,0.12,0.88,0.0,0.616,11.33,solid,0
1.3.6.1.4.1.14519.5.2.1.6279.6001.314789075871001236641548593165,Nodule 001,341.78,13.07,11.34,12.2,0.8053,0.8674,0.5509,0.8589,0.7734,0.1909,35.0,60.0,-60.0,110.0,0.12,0.88,0.0,0.616,7.38,solid,1
1.3.6.1.4.1.14519.5.2.1.6279.6001.314789075871001236641548593165,13277,168.46,11.21,6.95,9.08,0.708,0.6203,0.6422,1.2368,1.0377,0.2757,35.0,60.0,-60.0,110.0,0.12,0.88,0.0,0.616,5.83,solid,0
1.3.6.1.4.1.14519.5.2.1.6279.6001.301462380687644451483231621986,Nodule 001,1300.7,20.92,16.65,18.78,0.8221,0.7956,0.478,0.5389,0.6459,0.1121,-220.0,140.0,-520.0,80.0,0.6,0.4,0.0,0.28,8.86,part_solid,1
1.3.6.1.4.1.14519.5.2.1.6279.6001.301462380687644451483231621986,Nodule 003,550.76,14.79,12.21,13.5,0.7837,0.8259,0.6085,0.7528,1.077,0.1961,35.0,60.0,-60.0,110.0,0.12,0.88,0.0,0.616,8.65,solid,1
1.3.6.1.4.1.14519.5.2.1.6279.6001.301462380687644451483231621986,Nodule 002,1388.9,19.94,16.06,18.0,0.8172,0.8054,0.6019,0.5304,0.7543,0.1224,35.0,60.0,-60.0,110.0,0.12,0.88,0.0,0.616,11.78,solid,1
1.3.6.1.4.1.14519.5.2.1.6279.6001.301462380687644451483231621986,Nodule 004,356.47,13.04,10.98,12.01,0.8087,0.8418,0.5368,0.8434,0.5984,0.169,35.0,60.0,-60.0,110.0,0.12,0.88,0.0,0.616,7.49,solid,1
1.3.6.1.4.1.14519.5.2.1.6279.6001.301462380687644451483231621986,IL057_159818,768.81,19.15,14.13,16.64,0.7511,0.7379,0.4177,0.7029,1.1845,0.1743,35.0,60.0,-60.0,110.0,0.12,0.88,0.0,0.616,9.67,solid,1
1.3.6.1.4.1.14519.5.2.1.6279.6001.301462380687644451483231621986,IL057_159814,1072.12,19.77,14.62,17.19,0.7587,0.7396,0.5059,0.6228,1.1356,0.16,-220.0,140.0,-520.0,80.0,0.6,0.4,0.0,0.28,8.31,part_solid,1
1.3.6.1.4.1.14519.5.2.1.6279.6001.301462380687644451483231621986,MI014_13762,1227.2,19.24,14.96,17.1,0.7943,0.7775,0.6237,0.5687,0.8349,0.1342,35.0,60.0,-60.0,110.0,0.12,0.88,0.0,0.616,11.3,solid,1
1.3.6.1.4.1.14519.5.2.1.6279.6001.301462380687644451483231621986,MI014_13758,1327.9,19.79,15.6,17.7,0.8021,0.7879,0.6062,0.5485,0.631,0.1135,35.0,60.0,-60.0,110.0,0.12,0.88,0.0,0.616,11.6,solid,1
1.3.6.1.4.1.14519.5.2.1.6279.6001.301462380687644451483231621986,0,1720.14,21.85,17.46,19.66,0.7992,0.7991,0.5491,0.505,0.8094,0.1171,-580.0,75.0,-680.0,-450.0,0.95,0.05,0.0,0.035,4.86,pure_ggn,0
1.3.6.1.4.1.14519.5.2.1.6279.6001.301462380687644451483231621986,11,1614.06,21.63,17.34,19.48,0.7666,0.8016,0.5549,0.5378,1.2313,0.1468,-580.0,75.0,-680.0,-450.0,0.95,0.05,0.0,0.035,4.76,pure_ggn,0
1.3.6.1.4.1.14519.5.2.1.6279.6001.301462380687644451483231621986,12,601.23,15.62,13.06,14.34,0.7731,0.8363,0.5122,0.7411,0.6126,0.1425,-580.0,75.0,-680.0,-450.0,0.95,0.05,0.0,0.035,3.43,pure_ggn,0
1.3.6.1.4.1.14519.5.2.1.6279.6001.404768898286087278137462774930,56749,1965.88,24.29,22.75,23.52,0.6782,0.9368,0.6999,0.5692,7.8455,0.3156,35.0,60.0,-60.0,110.0,0.12,0.88,0.0,0.616,13.22,solid,1
1.3.6.1.4.1.14519.5.2.1.6279.6001.404768898286087278137462774930,Nodule 004,2581.32,27.1,23.98,25.54,0.771,0.8849,0.6274,0.4573,7.2621,0.2803,35.0,60.0,-60.0,110.0,0.12,0.88,0.0,0.616,14.48,solid,1
1.3.6.1.4.1.14519.5.2.1.6279.6001.404768898286087278137462774930,Nodule 003,34.05,5.37,4.85,5.11,0.8169,0.902,0.7444,1.8263,0.1435,0.1847,35.0,60.0,-60.0,110.0,0.12,0.88,0.0,0.616,3.42,solid,0
1.3.6.1.4.1.14519.5.2.1.6279.6001.200783211179294046901893379828,16697,705.6,13.58,11.03,12.3,0.7976,0.8126,1.0,0.6811,0.5382,0.1299,35.0,60.0,-60.0,110.0,0.12,0.88,0.0,0.616,9.4,solid,1
1.3.6.1.4.1.14519.5.2.1.6279.6001.200783211179294046901893379828,0,66.64,10.67,8.62,9.64,0.6946,0.8085,0.1875,1.7173,0.3269,0.172,35.0,60.0,-60.0,110.0,0.12,0.88,0.0,0.616,4.28,solid,0
1.3.6.1.4.1.14519.5.2.1.6279.6001.200783211179294046901893379828,1,335.65,8.81,8.41,8.61,0.7383,0.9547,1.0,0.9425,0.8366,0.1966,35.0,60.0,-60.0,110.0,0.12,0.88,0.0,0.616,7.34,solid,0
1.3.6.1.4.1.14519.5.2.1.6279.6001.200783211179294046901893379828,2,667.62,12.88,10.47,11.67,0.7533,0.8125,1.0,0.7345,0.7838,0.1597,35.0,60.0,-60.0,110.0,0.12,0.88,0.0,0.616,9.23,solid,0
1.3.6.1.4.1.14519.5.2.1.6279.6001.200783211179294046901893379828,3,91.87,6.68,3.95,5.32,0.6757,0.5916,1.0,1.5861,0.0825,0.0917,35.0,60.0,-60.0,110.0,0.12,0.88,0.0,0.616,4.76,solid,0
1.3.6.1.4.1.14519.5.2.1.6279.6001.200783211179294046901893379828,4,186.2,8.0,6.92,7.46,0.7867,0.8642,1.0,1.0765,0.076,0.0771,35.0,60.0,-60.0,110.0,0.12,0.88,0.0,0.616,6.03,solid,0
1.3.6.1.4.1.14519.5.2.1.6279.6001.161855583909753609742728521805,13146,372.15,13.31,9.71,11.51,0.7998,0.73,0.6012,0.8406,0.4313,0.1428,35.0,60.0,-60.0,110.0,0.12,0.88,0.0,0.616,7.59,solid,0
1.3.6.1.4.1.14519.5.2.1.6279.6001.161855583909753609742728521805,13154,352.06,11.6,9.76,10.68,0.7883,0.8411,0.7756,0.8688,0.4214,0.1461,35.0,60.0,-60.0,110.0,0.12,0.88,0.0,0.616,7.45,solid,0
1.3.6.1.4.1.14519.5.2.1.6279.6001.161855583909753609742728521805,13142,281.01,9.57,9.02,9.3,0.8056,0.9433,0.9408,0.9164,0.2987,0.1347,35.0,60.0,-60.0,110.0,0.12,0.88,0.0,0.616,6.91,solid,0
1.3.6.1.4.1.14519.5.2.1.6279.6001.161855583909753609742728521805,13162,172.23,9.76,7.16,8.46,0.7722,0.7335,0.8196,1.1256,0.6045,0.2163,35.0,60.0,-60.0,110.0,0.12,0.88,0.0,0.616,5.87,solid,0
1.3.6.1.4.1.14519.5.2.1.6279.6001.161855583909753609742728521805,13134,371.17,15.55,10.67,13.11,0.7506,0.6865,0.5146,0.8966,1.9033,0.2806,35.0,60.0,-60.0,110.0,0.12,0.88,0.0,0.616,7.59,solid,0
1.3.6.1.4.1.14519.5.2.1.6279.6001.161855583909753609742728521805,Nodule 003,542.92,14.18,13.18,13.68,0.8273,0.9298,0.6348,0.7166,0.9033,0.1803,35.0,60.0,-60.0,110.0,0.12,0.88,0.0,0.616,8.61,solid,1
1.3.6.1.4.1.14519.5.2.1.6279.6001.161855583909753609742728521805,3099,460.35,13.33,11.26,12.3,0.8401,0.845,0.6751,0.7455,0.3544,0.1214,35.0,60.0,-60.0,110.0,0.12,0.88,0.0,0.616,8.15,solid,1
1.3.6.1.4.1.14519.5.2.1.6279.6001.161855583909753609742728521805,3107,481.18,11.88,11.66,11.77,0.8185,0.9814,0.8415,0.754,0.327,0.1167,35.0,60.0,-60.0,110.0,0.12,0.88,0.0,0.616,8.27,solid,1
1.3.6.1.4.1.14519.5.2.1.6279.6001.161855583909753609742728521805,3095,268.27,10.01,9.31,9.66,0.832,0.9294,0.7989,0.9012,0.1737,0.1038,35.0,60.0,-60.0,110.0,0.12,0.88,0.0,0.616,6.81,solid,1
1.3.6.1.4.1.14519.5.2.1.6279.6001.161855583909753609742728521805,3115,295.96,12.42,7.45,9.93,0.7565,0.5998,0.8052,0.9592,1.346,0.2643,35.0,60.0,-60.0,110.0,0.12,0.88,0.0,0.616,7.04,solid,1
1.3.6.1.4.1.14519.5.2.1.6279.6001.161855583909753609742728521805,3087,426.54,13.44,11.73,12.58,0.7931,0.8725,0.6697,0.8101,1.0085,0.2048,-220.0,140.0,-520.0,80.0,0.6,0.4,0.0,0.28,6.11,part_solid,1
1.3.6.1.4.1.14519.5.2.1.6279.6001.168737928729363683423228050295,Nodule 001,2173.15,22.38,17.06,19.72,0.769,0.7621,0.7819,0.4855,1.7801,0.1629,35.0,60.0,-60.0,110.0,0.12,0.88,0.0,0.616,13.67,solid,1
1.3.6.1.4.1.14519.5.2.1.6279.6001.168737928729363683423228050295,IL057_122845,2265.94,21.67,17.33,19.5,0.7438,0.7997,0.8651,0.495,2.1531,0.1746,35.0,60.0,-60.0,110.0,0.12,0.88,0.0,0.616,13.87,solid,1
1.3.6.1.4.1.14519.5.2.1.6279.6001.168737928729363683423228050295,0,1949.28,21.82,16.07,18.94,0.7742,0.7362,0.8019,0.5001,1.6545,0.1619,35.0,60.0,-60.0,110.0,0.12,0.88,0.0,0.616,13.19,solid,1
1.3.6.1.4.1.14519.5.2.1.6279.6001.811825890493256320617655474043,10535,38.59,5.23,4.6,4.92,0.7658,0.8788,0.9553,1.8687,0.0551,0.1126,-580.0,75.0,-680.0,-450.0,0.95,0.05,0.0,0.035,1.37,pure_ggn,0
1.3.6.1.4.1.14519.5.2.1.6279.6001.811825890493256320617655474043,1610,41.04,7.83,4.13,5.98,0.6455,0.5274,0.6384,2.1721,0.5013,0.2933,-220.0,140.0,-520.0,80.0,0.6,0.4,0.0,0.28,2.8,part_solid,0
1.3.6.1.4.1.14519.5.2.1.6279.6001.811825890493256320617655474043,15410,32.83,7.87,5.74,6.8,0.7613,0.7296,0.2543,1.9838,0.191,0.1869,35.0,60.0,-60.0,110.0,0.12,0.88,0.0,0.616,3.38,solid,0
1.3.6.1.4.1.14519.5.2.1.6279.6001.501205984478455794251416553685,196499,157.29,10.38,8.04,9.21,0.7795,0.7748,0.5781,1.1493,0.552,0.2128,-580.0,75.0,-680.0,-450.0,0.95,0.05,0.0,0.035,2.19,pure_ggn,0
1.3.6.1.4.1.14519.5.2.1.6279.6001.501205984478455794251416553685,196497,253.57,11.61,6.87,9.24,0.7505,0.5911,1.0,1.0181,1.096,0.2464,350.0,120.0,50.0,550.0,0.1,0.25,0.65,0.175,4.39,calcified,0
1.3.6.1.4.1.14519.5.2.1.6279.6001.501205984478455794251416553685,20743,413.07,11.34,10.73,11.04,0.8305,0.9461,0.7935,0.7819,0.221,0.1035,35.0,60.0,-60.0,110.0,0.12,0.88,0.0,0.616,7.86,solid,1
1.3.6.1.4.1.14519.5.2.1.6279.6001.501205984478455794251416553685,0,117.6,8.23,7.11,7.67,0.7542,0.8644,0.7295,1.3088,0.2205,0.1545,35.0,60.0,-60.0,110.0,0.12,0.88,0.0,0.616,5.17,solid,0
1.3.6.1.4.1.14519.5.2.1.6279.6001.501205984478455794251416553685,8,309.43,10.09,9.15,9.62,0.7996,0.9066,0.8922,0.8942,0.2166,0.1132,35.0,60.0,-60.0,110.0,0.12,0.88,0.0,0.616,7.14,solid,0
1.3.6.1.4.1.14519.5.2.1.6279.6001.501205984478455794251416553685,9,281.5,11.08,7.29,9.18,0.6836,0.6584,1.0,1.0793,1.968,0.2891,35.0,60.0,-60.0,110.0,0.12,0.88,0.0,0.616,6.92,solid,0
1.3.6.1.4.1.14519.5.2.1.6279.6001.222087811960706096424718056430,55715,56.35,7.87,4.94,6.4,0.7988,0.6272,0.6354,1.5792,0.324,0.2204,35.0,60.0,-60.0,110.0,0.12,0.88,0.0,0.616,4.05,solid,0
1.3.6.1.4.1.14519.5.2.1.6279.6001.222087811960706096424718056430,Nodule 001,45.32,5.69,4.7,5.19,0.8046,0.8255,0.879,1.6857,0.2147,0.2055,350.0,120.0,50.0,550.0,0.1,0.25,0.65,0.175,2.47,calcified,0
1.3.6.1.4.1.14519.5.2.1.6279.6001.187694838527128312070807533473,Nodule 001,2129.54,23.44,20.33,21.89,0.8234,0.8671,0.5545,0.4565,1.2885,0.1354,35.0,60.0,-60.0,110.0,0.12,0.88,0.0,0.616,13.58,solid,1
1.3.6.1.4.1.14519.5.2.1.6279.6001.187694838527128312070807533473,IL057_167602,1964.9,24.52,20.43,22.48,0.7833,0.8334,0.4894,0.4929,2.1745,0.1749,35.0,60.0,-60.0,110.0,0.12,0.88,0.0,0.616,13.22,solid,1
1.3.6.1.4.1.14519.5.2.1.6279.6001.187694838527128312070807533473,IL057_167603,28.66,6.37,6.15,6.26,0.7989,0.9652,0.3141,1.9778,0.0316,0.0797,350.0,120.0,50.0,550.0,0.1,0.25,0.65,0.175,2.12,calcified,0
1.3.6.1.4.1.14519.5.2.1.6279.6001.663019255629770796363333877035,13073,38.95,7.51,5.25,6.38,0.7575,0.7,0.3997,1.8832,0.322,0.2423,35.0,60.0,-60.0,110.0,0.12,0.88,0.0,0.616,3.58,solid,0
1.3.6.1.4.1.14519.5.2.1.6279.6001.663019255629770796363333877035,Nodule 004,123.72,8.96,7.99,8.48,0.8435,0.8919,0.558,1.1506,0.371,0.1885,35.0,60.0,-60.0,110.0,0.12,0.88,0.0,0.616,5.26,solid,1
1.3.6.1.4.1.14519.5.2.1.6279.6001.212608679077007918190529579976,IL057_196069,53.29,6.48,5.77,6.13,0.7868,0.8898,0.7712,1.6334,0.1801,0.1728,350.0,120.0,50.0,550.0,0.1,0.25,0.65,0.175,2.61,calcified,0
1.3.6.1.4.1.14519.5.2.1.6279.6001.212608679077007918190529579976,IL057_196071,71.05,7.31,6.36,6.84,0.7819,0.8703,0.6839,1.4932,0.3089,0.2069,35.0,60.0,-60.0,110.0,0.12,0.88,0.0,0.616,4.37,solid,0
1.3.6.1.4.1.14519.5.2.1.6279.6001.212608679077007918190529579976,IL057_197719,61.86,8.55,7.93,8.24,0.7452,0.9265,0.2922,1.641,0.1492,0.1318,35.0,60.0,-60.0,110.0,0.12,0.88,0.0,0.616,4.18,solid,0
1.3.6.1.4.1.14519.5.2.1.6279.6001.212608679077007918190529579976,03408,86.36,7.79,6.28,7.04,0.8106,0.806,0.6417,1.3497,0.1987,0.1596,350.0,120.0,50.0,550.0,0.1,0.25,0.65,0.175,3.07,calcified,0
1.3.6.1.4.1.14519.5.2.1.6279.6001.212608679077007918190529579976,03869,88.51,7.74,6.33,7.04,0.8221,0.8179,0.807,1.32,0.6185,0.2697,35.0,60.0,-60.0,110.0,0.12,0.88,0.0,0.616,4.7,solid,0
1.3.6.1.4.1.14519.5.2.1.6279.6001.212608679077007918190529579976,Nodule 004,64.31,8.09,5.95,7.02,0.828,0.735,0.4635,1.4577,0.2383,0.1855,350.0,120.0,50.0,550.0,0.1,0.25,0.65,0.175,2.78,calcified,0
1.3.6.1.4.1.14519.5.2.1.6279.6001.212608679077007918190529579976,0805,98.31,8.73,6.45,7.59,0.8178,0.7382,0.5725,1.2813,0.2066,0.1532,350.0,120.0,50.0,550.0,0.1,0.25,0.65,0.175,3.2,calcified,0
1.3.6.1.4.1.14519.5.2.1.6279.6001.212608679077007918190529579976,0796,451.72,13.68,9.8,11.74,0.8123,0.7162,0.7309,0.7759,0.7791,0.1808,350.0,120.0,50.0,550.0,0.1,0.25,0.65,0.175,5.32,calcified,0
1.3.6.1.4.1.14519.5.2.1.6279.6001.212608679077007918190529579976,0808,77.79,8.59,7.32,7.95,0.8164,0.8529,0.4368,1.3876,0.3504,0.2032,350.0,120.0,50.0,550.0,0.1,0.25,0.65,0.175,2.96,calcified,0
1.3.6.1.4.1.14519.5.2.1.6279.6001.842317928015463083368074520378,57857,86.26,9.07,7.98,8.52,0.8297,0.8801,0.3861,1.3192,0.3413,0.1892,35.0,60.0,-60.0,110.0,0.12,0.88,0.0,0.616,4.66,solid,0
1.3.6.1.4.1.14519.5.2.1.6279.6001.842317928015463083368074520378,101067,61.05,8.38,7.55,7.96,0.8108,0.9016,0.3343,1.5148,0.2956,0.1906,350.0,120.0,50.0,550.0,0.1,0.25,0.65,0.175,2.73,calcified,0
1.3.6.1.4.1.14519.5.2.1.6279.6001.842317928015463083368074520378,5,38.59,5.82,5.49,5.65,0.8146,0.9434,0.6018,1.7569,0.0858,0.1346,35.0,60.0,-60.0,110.0,0.12,0.88,0.0,0.616,3.57,solid,0
1.3.6.1.4.1.14519.5.2.1.6279.6001.842317928015463083368074520378,6,46.99,6.45,6.09,6.27,0.8071,0.9434,0.5426,1.6603,0.1362,0.1559,35.0,60.0,-60.0,110.0,0.12,0.88,0.0,0.616,3.81,solid,0
1.3.6.1.4.1.14519.5.2.1.6279.6001.842317928015463083368074520378,11,34.3,8.07,4.45,6.26,0.7799,0.5512,0.4338,1.9085,0.4434,0.2804,35.0,60.0,-60.0,110.0,0.12,0.88,0.0,0.616,3.43,solid,0
1.3.6.1.4.1.14519.5.2.1.6279.6001.842317928015463083368074520378,15,53.68,6.24,6.08,6.16,0.792,0.9739,0.673,1.6186,0.2274,0.1968,35.0,60.0,-60.0,110.0,0.12,0.88,0.0,0.616,3.98,solid,0
1.3.6.1.4.1.14519.5.2.1.6279.6001.716498695101447665580610403574,57914,677.6,18.88,11.82,15.35,0.7193,0.6263,0.5561,0.7654,2.7922,0.2812,-220.0,140.0,-520.0,80.0,0.6,0.4,0.0,0.28,7.13,part_solid,1
1.3.6.1.4.1.14519.5.2.1.6279.6001.716498695101447665580610403574,50449,384.16,16.19,9.52,12.86,0.7862,0.5878,0.562,0.8461,2.1576,0.295,35.0,60.0,-60.0,110.0,0.12,0.88,0.0,0.616,7.67,solid,1
1.3.6.1.4.1.14519.5.2.1.6279.6001.716498695101447665580610403574,50468,36.7,6.94,5.61,6.28,0.8336,0.8082,0.4032,1.7457,0.1695,0.1797,350.0,120.0,50.0,550.0,0.1,0.25,0.65,0.175,2.31,calcified,0
1.3.6.1.4.1.14519.5.2.1.6279.6001.716498695101447665580610403574,2,42.88,8.13,7.01,7.57,0.7458,0.8624,0.2585,1.8526,0.283,0.1994,35.0,60.0,-60.0,110.0,0.12,0.88,0.0,0.616,3.69,solid,0
1.3.6.1.4.1.14519.5.2.1.6279.6001.180720061816899490466115851736,54948,5444.14,30.21,24.67,27.44,0.7985,0.8166,0.6952,0.3443,2.036,0.1283,35.0,60.0,-60.0,110.0,0.12,0.88,0.0,0.616,18.57,solid,1
1.3.6.1.4.1.14519.5.2.1.6279.6001.180720061816899490466115851736,54952,1208.34,13.69,13.32,13.5,0.7977,0.973,1.0,0.5692,2.3359,0.227,35.0,60.0,-60.0,110.0,0.12,0.88,0.0,0.616,11.24,solid,1
1.3.6.1.4.1.14519.5.2.1.6279.6001.180720061816899490466115851736,55107,82.32,7.0,6.01,6.51,0.8064,0.8585,0.857,1.3785,0.1394,0.1388,-220.0,140.0,-520.0,80.0,0.6,0.4,0.0,0.28,3.53,part_solid,0
1.3.6.1.4.1.14519.5.2.1.6279.6001.180720061816899490466115851736,44831,4875.25,28.92,23.48,26.2,0.7944,0.812,0.7262,0.359,2.0583,0.134,35.0,60.0,-60.0,110.0,0.12,0.88,0.0,0.616,17.9,solid,1
1.3.6.1.4.1.14519.5.2.1.6279.6001.180720061816899490466115851736,44870,31.85,7.76,5.66,6.71,0.7714,0.729,0.2577,1.9777,0.1263,0.1533,-580.0,75.0,-680.0,-450.0,0.95,0.05,0.0,0.035,1.29,pure_ggn,0
1.3.6.1.4.1.14519.5.2.1.6279.6001.180720061816899490466115851736,44839,698.98,15.93,11.42,13.67,0.7868,0.7173,0.7535,0.6925,1.6954,0.2304,35.0,60.0,-60.0,110.0,0.12,0.88,0.0,0.616,9.37,solid,1
1.3.6.1.4.1.14519.5.2.1.6279.6001.180720061816899490466115851736,44843,1356.81,14.65,13.97,14.31,0.8049,0.954,1.0,0.5427,1.7736,0.1914,35.0,60.0,-60.0,110.0,0.12,0.88,0.0,0.616,11.69,solid,1
1.3.6.1.4.1.14519.5.2.1.6279.6001.180720061816899490466115851736,13237,4590.07,29.8,23.24,26.52,0.7766,0.7801,0.6041,0.3747,1.966,0.1324,35.0,60.0,-60.0,110.0,0.12,0.88,0.0,0.616,17.54,solid,1
1.3.6.1.4.1.14519.5.2.1.6279.6001.180720061816899490466115851736,13242,851.87,11.74,11.14,11.44,0.755,0.9488,1.0,0.6757,2.3312,0.2469,35.0,60.0,-60.0,110.0,0.12,0.88,0.0,0.616,10.01,solid,1
1.3.6.1.4.1.14519.5.2.1.6279.6001.180720061816899490466115851736,13246,450.55,17.2,11.83,14.51,0.7739,0.6878,0.3489,0.8151,1.0208,0.1904,-220.0,140.0,-520.0,80.0,0.6,0.4,0.0,0.28,6.22,part_solid,1
1.3.6.1.4.1.14519.5.2.1.6279.6001.180720061816899490466115851736,0,4287.25,26.7,22.06,24.38,0.8052,0.8261,0.7865,0.3697,2.0527,0.1409,35.0,60.0,-60.0,110.0,0.12,0.88,0.0,0.616,17.15,solid,0
1.3.6.1.4.1.14519.5.2.1.6279.6001.180720061816899490466115851736,6,566.68,14.29,9.31,11.8,0.7506,0.652,1.0,0.7786,1.2073,0.2018,-220.0,140.0,-520.0,80.0,0.6,0.4,0.0,0.28,6.72,part_solid,0
1.3.6.1.4.1.14519.5.2.1.6279.6001.180720061816899490466115851736,7,1078.98,12.64,12.01,12.32,0.7464,0.9499,1.0,0.6317,3.7531,0.2823,35.0,60.0,-60.0,110.0,0.12,0.88,0.0,0.616,10.83,solid,0
1.3.6.1.4.1.14519.5.2.1.6279.6001.271181474656996637903928248007,70092,987.1,17.28,16.9,17.09,0.8346,0.9777,0.5208,0.582,0.2499,0.0774,35.0,60.0,-60.0,110.0,0.12,0.88,0.0,0.616,10.51,solid,1
1.3.6.1.4.1.14519.5.2.1.6279.6001.271181474656996637903928248007,14334,1170.12,16.64,16.2,16.42,0.8346,0.974,0.7213,0.5499,0.4161,0.098,35.0,60.0,-60.0,110.0,0.12,0.88,0.0,0.616,11.12,solid,1
1.3.6.1.4.1.14519.5.2.1.6279.6001.271181474656996637903928248007,2,843.04,15.91,15.51,15.71,0.8297,0.9746,0.5657,0.617,0.1236,0.0585,35.0,60.0,-60.0,110.0,0.12,0.88,0.0,0.616,9.97,solid,0
1.3.6.1.4.1.14519.5.2.1.6279.6001.168605638657404145360275453085,Nodule 001,1774.57,27.7,20.43,24.07,0.7163,0.7375,0.361,0.5576,7.6293,0.3191,35.0,60.0,-60.0,110.0,0.12,0.88,0.0,0.616,12.78,solid,1
1.3.6.1.4.1.14519.5.2.1.6279.6001.168605638657404145360275453085,21030,66.46,8.8,6.76,7.78,0.7854,0.768,0.4263,1.52,0.5429,0.2584,35.0,60.0,-60.0,110.0,0.12,0.88,0.0,0.616,4.28,solid,0
1.3.6.1.4.1.14519.5.2.1.6279.6001.168605638657404145360275453085,27149,43.49,8.01,5.9,6.96,0.7632,0.736,0.4679,1.8018,0.5175,0.2844,35.0,60.0,-60.0,110.0,0.12,0.88,0.0,0.616,3.71,solid,0
1.3.6.1.4.1.14519.5.2.1.6279.6001.168605638657404145360275453085,9,66.15,8.77,6.75,7.76,0.7843,0.7703,0.4278,1.5246,0.5348,0.2569,35.0,60.0,-60.0,110.0,0.12,0.88,0.0,0.616,4.27,solid,0
1.3.6.1.4.1.14519.5.2.1.6279.6001.561458563853929400124470098603,39813,594.86,14.22,12.43,13.32,0.838,0.874,0.7034,0.6862,0.9969,0.1865,350.0,120.0,50.0,550.0,0.1,0.25,0.65,0.175,5.84,calcified,0
1.3.6.1.4.1.14519.5.2.1.6279.6001.561458563853929400124470098603,0,320.95,11.52,8.29,9.91,0.7245,0.7193,0.8679,0.9749,0.8417,0.2093,-220.0,140.0,-520.0,80.0,0.6,0.4,0.0,0.28,5.56,part_solid,0
1.3.6.1.4.1.14519.5.2.1.6279.6001.561458563853929400124470098603,6,548.8,13.92,10.27,12.09,0.774,0.7383,1.0,0.7631,1.6705,0.2395,350.0,120.0,50.0,550.0,0.1,0.25,0.65,0.175,5.68,calcified,0
1.3.6.1.4.1.14519.5.2.1.6279.6001.561458563853929400124470098603,Nodule 005,600.74,13.44,11.62,12.53,0.8085,0.8644,0.8926,0.7089,1.3366,0.2154,35.0,60.0,-60.0,110.0,0.12,0.88,0.0,0.616,8.91,solid,1
1.3.6.1.4.1.14519.5.2.1.6279.6001.561458563853929400124470098603,Nodule 003,275.38,12.14,8.95,10.55,0.821,0.7374,0.6589,0.9054,0.878,0.2243,35.0,60.0,-60.0,110.0,0.12,0.88,0.0,0.616,6.87,solid,1
1.3.6.1.4.1.14519.5.2.1.6279.6001.561458563853929400124470098603,Nodule 002,99.96,7.05,6.78,6.92,0.7481,0.9616,1.0,1.3928,0.9823,0.3161,35.0,60.0,-60.0,110.0,0.12,0.88,0.0,0.616,4.9,solid,0
1.3.6.1.4.1.14519.5.2.1.6279.6001.561458563853929400124470098603,Nodule 001,79.87,10.84,9.94,10.39,0.7006,0.9176,0.1846,1.6027,0.0845,0.0807,35.0,60.0,-60.0,110.0,0.12,0.88,0.0,0.616,4.55,solid,0
1.3.6.1.4.1.14519.5.2.1.6279.6001.561458563853929400124470098603,79635,603.68,14.99,10.22,12.61,0.7619,0.6819,0.9338,0.751,1.7785,0.24,350.0,120.0,50.0,550.0,0.1,0.25,0.65,0.175,5.87,calcified,0
1.3.6.1.4.1.14519.5.2.1.6279.6001.139577698050713461261415990027,IL057_196826,123.48,9.36,9.0,9.18,0.826,0.9619,0.4275,1.1757,0.1159,0.1005,350.0,120.0,50.0,550.0,0.1,0.25,0.65,0.175,3.46,calcified,0
1.3.6.1.4.1.14519.5.2.1.6279.6001.139577698050713461261415990027,0,138.42,8.47,7.13,7.8,0.7975,0.8416,0.8261,1.1722,0.2349,0.1478,350.0,120.0,50.0,550.0,0.1,0.25,0.65,0.175,3.59,calcified,0
1.3.6.1.4.1.14519.5.2.1.6279.6001.273509906901630724765262021367,54932,754.84,14.74,12.99,13.87,0.8284,0.8815,0.8141,0.6411,0.3898,0.1096,35.0,60.0,-60.0,110.0,0.12,0.88,0.0,0.616,9.61,solid,1
1.3.6.1.4.1.14519.5.2.1.6279.6001.273509906901630724765262021367,36570,924.63,15.91,14.49,15.2,0.8358,0.9104,0.7541,0.5939,0.4408,0.1087,35.0,60.0,-60.0,110.0,0.12,0.88,0.0,0.616,10.28,solid,1
1.3.6.1.4.1.14519.5.2.1.6279.6001.273509906901630724765262021367,0,813.64,14.05,13.41,13.73,0.8181,0.9549,0.8543,0.6332,0.2387,0.0849,35.0,60.0,-60.0,110.0,0.12,0.88,0.0,0.616,9.86,solid,0
1.3.6.1.4.1.14519.5.2.1.6279.6001.255233548387770235844350895151,80645,157.29,8.62,7.38,8.0,0.8207,0.8564,1.0,1.0916,0.4977,0.199,350.0,120.0,50.0,550.0,0.1,0.25,0.65,0.175,3.75,calcified,0
1.3.6.1.4.1.14519.5.2.1.6279.6001.255233548387770235844350895151,16722,7252.24,32.23,20.17,26.2,0.6361,0.6258,1.0,0.3928,27.5264,0.3569,35.0,60.0,-60.0,110.0,0.12,0.88,0.0,0.616,20.43,solid,0
1.3.6.1.4.1.14519.5.2.1.6279.6001.255233548387770235844350895151,16800,177.13,8.63,7.49,8.06,0.773,0.8669,1.0,1.1139,0.4411,0.1829,350.0,120.0,50.0,550.0,0.1,0.25,0.65,0.175,3.9,calcified,0
1.3.6.1.4.1.14519.5.2.1.6279.6001.275986221854423197884953496664,60244,13.72,4.04,3.64,3.84,0.8537,0.9002,0.7426,2.3663,0.0541,0.1521,35.0,60.0,-60.0,110.0,0.12,0.88,0.0,0.616,2.53,solid,0
1.3.6.1.4.1.14519.5.2.1.6279.6001.275986221854423197884953496664,60239,84.77,7.37,6.2,6.79,0.8158,0.8415,0.8138,1.3495,0.3042,0.1934,35.0,60.0,-60.0,110.0,0.12,0.88,0.0,0.616,4.64,solid,0
1.3.6.1.4.1.14519.5.2.1.6279.6001.275986221854423197884953496664,Nodule 004,64.92,7.62,6.37,6.99,0.8388,0.8359,0.5251,1.4344,0.2895,0.2031,35.0,60.0,-60.0,110.0,0.12,0.88,0.0,0.616,4.24,solid,1
1.3.6.1.4.1.14519.5.2.1.6279.6001.275986221854423197884953496664,Nodule 002,14.45,4.96,4.29,4.63,0.836,0.8655,0.4032,2.3746,0.0593,0.1463,35.0,60.0,-60.0,110.0,0.12,0.88,0.0,0.616,2.57,solid,0
1.3.6.1.4.1.14519.5.2.1.6279.6001.275986221854423197884953496664,2,12.0,4.21,3.36,3.78,0.8051,0.7979,0.7126,2.6233,0.084,0.1939,35.0,60.0,-60.0,110.0,0.12,0.88,0.0,0.616,2.42,solid,0
1.3.6.1.4.1.14519.5.2.1.6279.6001.275986221854423197884953496664,5,72.52,6.67,5.82,6.24,0.7951,0.8723,0.8998,1.4585,0.1596,0.1511,35.0,60.0,-60.0,110.0,0.12,0.88,0.0,0.616,4.4,solid,0
1.3.6.1.4.1.14519.5.2.1.6279.6001.275986221854423197884953496664,6,32.09,5.82,4.76,5.29,0.8087,0.8177,0.6872,1.8818,0.1647,0.1951,35.0,60.0,-60.0,110.0,0.12,0.88,0.0,0.616,3.35,solid,0
1.3.6.1.4.1.14519.5.2.1.6279.6001.291539125579672469833850180824,0,107.95,9.15,5.76,7.45,0.7725,0.6298,0.6832,1.3147,0.4821,0.2243,35.0,60.0,-60.0,110.0,0.12,0.88,0.0,0.616,5.03,solid,0
1.3.6.1.4.1.14519.5.2.1.6279.6001.291539125579672469833850180824,38127,93.56,8.7,6.02,7.36,0.8226,0.6927,0.575,1.2949,0.2549,0.172,350.0,120.0,50.0,550.0,0.1,0.25,0.65,0.175,3.15,calcified,0
1.3.6.1.4.1.14519.5.2.1.6279.6001.291539125579672469833850180824,25335,94.63,8.69,7.22,7.96,0.8133,0.8313,0.5034,1.3049,0.2147,0.1533,35.0,60.0,-60.0,110.0,0.12,0.88,0.0,0.616,4.81,solid,0
1.3.6.1.4.1.14519.5.2.1.6279.6001.339039410276356623209709113755,50357,48.02,7.68,6.32,7.0,0.8195,0.8232,0.3647,1.6236,0.178,0.1658,35.0,60.0,-60.0,110.0,0.12,0.88,0.0,0.616,3.84,solid,0
1.3.6.1.4.1.14519.5.2.1.6279.6001.283733738239331719775105586296,Nodule 001,100.45,9.5,7.88,8.69,0.8266,0.8293,0.3946,1.2585,0.2868,0.1682,-220.0,140.0,-520.0,80.0,0.6,0.4,0.0,0.28,3.77,part_solid,1
1.3.6.1.4.1.14519.5.2.1.6279.6001.292287048883545067541391539652,70375,94.08,5.68,5.28,5.48,0.7654,0.9281,1.0,1.3893,0.5316,0.2447,350.0,120.0,50.0,550.0,0.1,0.25,0.65,0.175,3.16,calcified,0
1.3.6.1.4.1.14519.5.2.1.6279.6001.292287048883545067541391539652,70372,153.61,8.46,8.19,8.32,0.8284,0.9678,0.7093,1.0901,0.0768,0.0849,350.0,120.0,50.0,550.0,0.1,0.25,0.65,0.175,3.72,calcified,0
1.3.6.1.4.1.14519.5.2.1.6279.6001.292287048883545067541391539652,70005,150.67,8.5,8.09,8.29,0.8313,0.9516,0.7059,1.0933,0.1343,0.113,350.0,120.0,50.0,550.0,0.1,0.25,0.65,0.175,3.69,calcified,0
1.3.6.1.4.1.14519.5.2.1.6279.6001.292287048883545067541391539652,14376,152.14,8.59,8.09,8.34,0.8342,0.9416,0.6985,1.0859,0.1404,0.115,350.0,120.0,50.0,550.0,0.1,0.25,0.65,0.175,3.7,calcified,0
1.3.6.1.4.1.14519.5.2.1.6279.6001.292287048883545067541391539652,14390,67.62,6.11,5.45,5.78,0.8129,0.8918,0.9826,1.4602,0.0428,0.083,350.0,120.0,50.0,550.0,0.1,0.25,0.65,0.175,2.83,calcified,0
1.3.6.1.4.1.14519.5.2.1.6279.6001.292287048883545067541391539652,0,221.23,8.97,8.06,8.51,0.789,0.8995,1.0,1.0134,0.2846,0.1415,350.0,120.0,50.0,550.0,0.1,0.25,0.65,0.175,4.2,calcified,0
1.3.6.1.4.1.14519.5.2.1.6279.6001.970264865033574190975654369557,74299,59.57,6.62,5.91,6.26,0.855,0.8939,0.6613,1.4484,0.0905,0.1211,350.0,120.0,50.0,550.0,0.1,0.25,0.65,0.175,2.71,calcified,0
1.3.6.1.4.1.14519.5.2.1.6279.6001.970264865033574190975654369557,74296,85.14,6.63,6.43,6.53,0.8409,0.9698,0.8479,1.3072,0.1022,0.1167,350.0,120.0,50.0,550.0,0.1,0.25,0.65,0.175,3.05,calcified,0
1.3.6.1.4.1.14519.5.2.1.6279.6001.970264865033574190975654369557,2,67.07,6.73,6.58,6.66,0.7878,0.9787,0.6503,1.5109,0.1152,0.1299,350.0,120.0,50.0,550.0,0.1,0.25,0.65,0.175,2.82,calcified,0
1.3.6.1.4.1.14519.5.2.1.6279.6001.970264865033574190975654369557,3,29.71,5.6,4.88,5.24,0.8018,0.87,0.5576,1.9474,0.0925,0.151,350.0,120.0,50.0,550.0,0.1,0.25,0.65,0.175,2.15,calcified,0
1.3.6.1.4.1.14519.5.2.1.6279.6001.970264865033574190975654369557,4,80.7,6.49,5.86,6.17,0.7791,0.9034,0.9638,1.4364,0.1917,0.161,350.0,120.0,50.0,550.0,0.1,0.25,0.65,0.175,3.0,calcified,0
1.3.6.1.4.1.14519.5.2.1.6279.6001.970264865033574190975654369557,Nodule 002,75.49,7.83,7.23,7.53,0.8314,0.9236,0.4791,1.3762,0.1214,0.1239,350.0,120.0,50.0,550.0,0.1,0.25,0.65,0.175,2.93,calcified,0
1.3.6.1.4.1.14519.5.2.1.6279.6001.792381786708289670758399079830,4983,1610.57,19.32,15.93,17.62,0.789,0.825,0.8931,0.5229,1.1588,0.1441,35.0,60.0,-60.0,110.0,0.12,0.88,0.0,0.616,12.37,solid,1
1.3.6.1.4.1.14519.5.2.1.6279.6001.792381786708289670758399079830,4988,275.26,13.62,7.8,10.71,0.7587,0.5727,0.5505,0.9798,1.1017,0.2453,35.0,60.0,-60.0,110.0,0.12,0.88,0.0,0.616,6.87,solid,1
1.3.6.1.4.1.14519.5.2.1.6279.6001.792381786708289670758399079830,Nodule 001,1891.71,20.4,16.8,18.6,0.7855,0.8235,0.8823,0.4978,1.7354,0.1669,35.0,60.0,-60.0,110.0,0.12,0.88,0.0,0.616,13.06,solid,1
1.3.6.1.4.1.14519.5.2.1.6279.6001.792381786708289670758399079830,2,184.67,12.31,6.48,9.4,0.6935,0.5265,0.6091,1.2245,1.0786,0.2693,35.0,60.0,-60.0,110.0,0.12,0.88,0.0,0.616,6.01,solid,0
1.3.6.1.4.1.14519.5.2.1.6279.6001.248425363469507808613979846863,2,20.82,7.5,4.85,6.17,0.7229,0.6467,0.2501,2.4316,0.4035,0.292,35.0,60.0,-60.0,110.0,0.12,0.88,0.0,0.616,2.9,solid,0
1.3.6.1.4.1.14519.5.2.1.6279.6001.204802250386343794613980417281,140956,4521.47,27.78,25.28,26.53,0.8277,0.9101,0.6479,0.3533,0.6388,0.0764,35.0,60.0,-60.0,110.0,0.12,0.88,0.0,0.616,17.46,solid,1
1.3.6.1.4.1.14519.5.2.1.6279.6001.204802250386343794613980417281,159172,4282.84,28.2,25.95,27.07,0.8102,0.9202,0.5675,0.3675,0.7744,0.0841,35.0,60.0,-60.0,110.0,0.12,0.88,0.0,0.616,17.14,solid,1
1.3.6.1.4.1.14519.5.2.1.6279.6001.204802250386343794613980417281,19090,5049.94,29.36,26.33,27.84,0.8351,0.8967,0.6131,0.3375,0.7585,0.0798,35.0,60.0,-60.0,110.0,0.12,0.88,0.0,0.616,18.11,solid,1
1.3.6.1.4.1.14519.5.2.1.6279.6001.725236073737175770730904408416,0,267.36,10.49,8.36,9.42,0.8032,0.797,0.8343,0.9346,0.2925,0.1343,35.0,60.0,-60.0,110.0,0.12,0.88,0.0,0.616,6.8,solid,0
1.3.6.1.4.1.14519.5.2.1.6279.6001.725236073737175770730904408416,10,92.79,6.55,6.33,6.44,0.7281,0.9677,1.0,1.467,0.3705,0.207,35.0,60.0,-60.0,110.0,0.12,0.88,0.0,0.616,4.78,solid,0
1.3.6.1.4.1.14519.5.2.1.6279.6001.725236073737175770730904408416,25941,269.81,10.16,8.88,9.52,0.8295,0.8734,0.8609,0.9022,0.2151,0.1157,35.0,60.0,-60.0,110.0,0.12,0.88,0.0,0.616,6.82,solid,0
1.3.6.1.4.1.14519.5.2.1.6279.6001.725236073737175770730904408416,50299,305.64,10.77,9.2,9.98,0.8322,0.8547,0.8128,0.8626,0.1855,0.1031,35.0,60.0,-60.0,110.0,0.12,0.88,0.0,0.616,7.11,solid,1
1.3.6.1.4.1.14519.5.2.1.6279.6001.725236073737175770730904408416,50301,99.84,7.25,5.73,6.49,0.8065,0.7899,1.0,1.2926,0.262,0.1731,35.0,60.0,-60.0,110.0,0.12,0.88,0.0,0.616,4.9,solid,0
1.3.6.1.4.1.14519.5.2.1.6279.6001.154837327827713479309898027966,7000,247.76,12.31,10.37,11.34,0.7388,0.8427,0.6094,1.0422,1.1251,0.2458,35.0,60.0,-60.0,110.0,0.12,0.88,0.0,0.616,6.63,solid,0
1.3.6.1.4.1.14519.5.2.1.6279.6001.154837327827713479309898027966,7012,50.84,5.67,4.81,5.24,0.7857,0.8487,1.0,1.6615,0.2205,0.1947,35.0,60.0,-60.0,110.0,0.12,0.88,0.0,0.616,3.91,solid,0
1.3.6.1.4.1.14519.5.2.1.6279.6001.154837327827713479309898027966,IL057_91724,271.64,14.68,11.86,13.27,0.7273,0.8075,0.3405,1.0267,1.5957,0.2668,35.0,60.0,-60.0,110.0,0.12,0.88,0.0,0.616,6.84,solid,0
1.3.6.1.4.1.14519.5.2.1.6279.6001.154837327827713479309898027966,IL057_91727,122.5,10.53,6.26,8.4,0.6501,0.595,0.7124,1.4977,1.0552,0.2969,35.0,60.0,-60.0,110.0,0.12,0.88,0.0,0.616,5.24,solid,0
1.3.6.1.4.1.14519.5.2.1.6279.6001.154837327827713479309898027966,IL057_91731,106.27,8.28,7.33,7.8,0.83,0.8846,0.6037,1.2301,0.1208,0.1149,35.0,60.0,-60.0,110.0,0.12,0.88,0.0,0.616,5.0,solid,0
1.3.6.1.4.1.14519.5.2.1.6279.6001.154837327827713479309898027966,IL057_91736,75.64,6.82,6.02,6.42,0.8403,0.8827,0.9158,1.3609,0.1467,0.1417,35.0,60.0,-60.0,110.0,0.12,0.88,0.0,0.616,4.46,solid,0
1.3.6.1.4.1.14519.5.2.1.6279.6001.154837327827713479309898027966,Nodule 001,128.32,9.18,7.54,8.36,0.8337,0.822,0.5448,1.15,0.1663,0.1259,35.0,60.0,-60.0,110.0,0.12,0.88,0.0,0.616,5.32,solid,1
1.3.6.1.4.1.14519.5.2.1.6279.6001.154837327827713479309898027966,Nodule 002,120.97,8.76,6.53,7.64,0.8291,0.7453,0.7139,1.1794,0.3377,0.185,35.0,60.0,-60.0,110.0,0.12,0.88,0.0,0.616,5.22,solid,1
1.3.6.1.4.1.14519.5.2.1.6279.6001.154837327827713479309898027966,Nodule 007,259.39,11.82,11.2,11.51,0.7973,0.9471,0.5287,0.9511,0.8093,0.2101,35.0,60.0,-60.0,110.0,0.12,0.88,0.0,0.616,6.73,solid,1
1.3.6.1.4.1.14519.5.2.1.6279.6001.154837327827713479309898027966,2562,76.87,7.24,6.61,6.92,0.8457,0.913,0.6911,1.3449,0.228,0.1754,35.0,60.0,-60.0,110.0,0.12,0.88,0.0,0.616,4.49,solid,0
1.3.6.1.4.1.14519.5.2.1.6279.6001.110399334711437930497698442208,38532,723.24,13.05,12.25,12.65,0.8007,0.9391,1.0,0.6729,0.854,0.1621,35.0,60.0,-60.0,110.0,0.12,0.88,0.0,0.616,9.48,solid,1
1.3.6.1.4.1.14519.5.2.1.6279.6001.110399334711437930497698442208,19345,850.39,14.55,13.37,13.96,0.8255,0.9185,0.8247,0.6183,0.519,0.123,35.0,60.0,-60.0,110.0,0.12,0.88,0.0,0.616,10.0,solid,1
1.3.6.1.4.1.14519.5.2.1.6279.6001.110399334711437930497698442208,0,708.54,12.95,12.15,12.55,0.7958,0.9385,1.0,0.6816,0.8232,0.1598,35.0,60.0,-60.0,110.0,0.12,0.88,0.0,0.616,9.41,solid,0
1.3.6.1.4.1.14519.5.2.1.6279.6001.270152671889301412052226973069,Nodule 002,586.77,15.49,13.71,14.6,0.811,0.8849,0.4842,0.7122,0.6542,0.1482,35.0,60.0,-60.0,110.0,0.12,0.88,0.0,0.616,8.84,solid,1
1.3.6.1.4.1.14519.5.2.1.6279.6001.270152671889301412052226973069,11332,386.49,12.6,11.58,12.09,0.8175,0.9189,0.5953,0.8121,0.3351,0.1247,35.0,60.0,-60.0,110.0,0.12,0.88,0.0,0.616,7.69,solid,1
1.3.6.1.4.1.14519.5.2.1.6279.6001.965620538050807352935663552285,0,260.31,15.09,9.6,12.35,0.745,0.6363,0.3727,1.0167,1.7612,0.2946,-580.0,75.0,-680.0,-450.0,0.95,0.05,0.0,0.035,2.59,pure_ggn,0
1.3.6.1.4.1.14519.5.2.1.6279.6001.965620538050807352935663552285,167334,822.28,18.8,14.39,16.59,0.6914,0.7656,0.8313,0.7465,6.8635,0.3828,-580.0,75.0,-680.0,-450.0,0.95,0.05,0.0,0.035,3.8,pure_ggn,1
1.3.6.1.4.1.14519.5.2.1.6279.6001.965620538050807352935663552285,174167,120.66,9.44,5.95,7.69,0.769,0.6307,0.7286,1.2725,0.649,0.2489,-220.0,140.0,-520.0,80.0,0.6,0.4,0.0,0.28,4.01,part_solid,0
1.3.6.1.4.1.14519.5.2.1.6279.6001.965620538050807352935663552285,Nodule 002,47.93,8.51,5.13,6.82,0.7937,0.6023,0.3672,1.6773,0.4826,0.2748,35.0,60.0,-60.0,110.0,0.12,0.88,0.0,0.616,3.83,solid,1
1.3.6.1.4.1.14519.5.2.1.6279.6001.163994693532965040247348251579,IL057_85556,120.97,10.54,6.67,8.6,0.774,0.6323,0.4743,1.2633,0.5437,0.2229,35.0,60.0,-60.0,110.0,0.12,0.88,0.0,0.616,5.22,solid,0
1.3.6.1.4.1.14519.5.2.1.6279.6001.163994693532965040247348251579,Nodule 002,107.8,9.52,6.26,7.89,0.8101,0.6571,0.5251,1.2543,0.3915,0.2038,35.0,60.0,-60.0,110.0,0.12,0.88,0.0,0.616,5.02,solid,1
1.3.6.1.4.1.14519.5.2.1.6279.6001.311476128731958142981941696518,14409,126.91,7.9,7.6,7.75,0.7949,0.9624,0.8864,1.2106,0.2068,0.1423,35.0,60.0,-60.0,110.0,0.12,0.88,0.0,0.616,5.31,solid,1
1.3.6.1.4.1.14519.5.2.1.6279.6001.129055977637338639741695800950,44903,181.1,12.2,10.55,11.37,0.7992,0.8648,0.4017,1.0696,1.0164,0.2466,-220.0,140.0,-520.0,80.0,0.6,0.4,0.0,0.28,4.59,part_solid,1
1.3.6.1.4.1.14519.5.2.1.6279.6001.129055977637338639741695800950,3,28.3,5.93,4.31,5.12,0.7606,0.7273,0.5906,2.0865,0.1599,0.1998,35.0,60.0,-60.0,110.0,0.12,0.88,0.0,0.616,3.22,solid,0
1.3.6.1.4.1.14519.5.2.1.6279.6001.226889213794065160713547677129,3,126.17,7.71,6.05,6.88,0.7597,0.7848,0.9725,1.2692,0.1844,0.1383,350.0,120.0,50.0,550.0,0.1,0.25,0.65,0.175,3.48,calcified,0
1.3.6.1.4.1.14519.5.2.1.6279.6001.226889213794065160713547677129,115479,58.8,6.07,5.52,5.8,0.8289,0.9096,0.8234,1.5003,0.0838,0.123,350.0,120.0,50.0,550.0,0.1,0.25,0.65,0.175,2.7,calcified,0
1.3.6.1.4.1.14519.5.2.1.6279.6001.226889213794065160713547677129,115482,41.04,5.74,4.54,5.14,0.8268,0.7912,0.8717,1.6957,0.0656,0.1193,350.0,120.0,50.0,550.0,0.1,0.25,0.65,0.175,2.39,calcified,0
1.3.6.1.4.1.14519.5.2.1.6279.6001.226889213794065160713547677129,135217,55.74,6.15,5.55,5.85,0.8409,0.9028,0.8132,1.5056,0.0754,0.1165,350.0,120.0,50.0,550.0,0.1,0.25,0.65,0.175,2.65,calcified,0
1.3.6.1.4.1.14519.5.2.1.6279.6001.226889213794065160713547677129,135218,45.94,5.93,4.62,5.27,0.8109,0.7785,0.8434,1.6653,0.0628,0.1137,350.0,120.0,50.0,550.0,0.1,0.25,0.65,0.175,2.49,calcified,0
1.3.6.1.4.1.14519.5.2.1.6279.6001.226889213794065160713547677129,Nodule 001,94.94,7.63,7.05,7.34,0.8189,0.9245,0.6554,1.2945,0.1597,0.1414,350.0,120.0,50.0,550.0,0.1,0.25,0.65,0.175,3.17,calcified,0
1.3.6.1.4.1.14519.5.2.1.6279.6001.219087313261026510628926082729,60267,1118.91,21.78,14.54,18.16,0.6245,0.6674,0.7345,0.7459,4.9302,0.3026,35.0,60.0,-60.0,110.0,0.12,0.88,0.0,0.616,10.96,solid,1
1.3.6.1.4.1.14519.5.2.1.6279.6001.219087313261026510628926082729,Nodule 001,1112.05,21.47,13.6,17.53,0.6592,0.6331,0.6054,0.708,3.374,0.2645,35.0,60.0,-60.0,110.0,0.12,0.88,0.0,0.616,10.94,solid,1
1.3.6.1.4.1.14519.5.2.1.6279.6001.219087313261026510628926082729,0,913.85,20.31,13.1,16.71,0.6779,0.6451,0.7386,0.7351,3.8606,0.2908,35.0,60.0,-60.0,110.0,0.12,0.88,0.0,0.616,10.24,solid,1
1.3.6.1.4.1.14519.5.2.1.6279.6001.219087313261026510628926082729,3,40.18,5.75,5.27,5.51,0.8092,0.917,0.6954,1.7449,0.0953,0.1419,35.0,60.0,-60.0,110.0,0.12,0.88,0.0,0.616,3.62,solid,0
1.3.6.1.4.1.14519.5.2.1.6279.6001.671278273674156798801285503514,Nodule 002,40.57,5.19,4.36,4.78,0.7898,0.8409,1.0,1.782,0.2711,0.2411,35.0,60.0,-60.0,110.0,0.12,0.88,0.0,0.616,3.63,solid,0
1.3.6.1.4.1.14519.5.2.1.6279.6001.292057261351416339496913597985,Nodule 004,88.64,9.5,7.28,8.39,0.8021,0.7661,0.3789,1.3522,0.389,0.2058,35.0,60.0,-60.0,110.0,0.12,0.88,0.0,0.616,4.71,solid,0
1.3.6.1.4.1.14519.5.2.1.6279.6001.292057261351416339496913597985,Nodule 001,175.52,12.16,7.83,10.0,0.7907,0.6439,0.444,1.0923,0.8318,0.2442,35.0,60.0,-60.0,110.0,0.12,0.88,0.0,0.616,5.91,solid,1
1.3.6.1.4.1.14519.5.2.1.6279.6001.292057261351416339496913597985,Nodule 002,71.88,7.24,5.92,6.58,0.8366,0.8171,0.7459,1.3902,0.1522,0.147,35.0,60.0,-60.0,110.0,0.12,0.88,0.0,0.616,4.39,solid,0
1.3.6.1.4.1.14519.5.2.1.6279.6001.292057261351416339496913597985,Nodule 003,2593.96,22.53,20.82,21.68,0.7846,0.9241,0.7189,0.4486,1.124,0.1222,35.0,60.0,-60.0,110.0,0.12,0.88,0.0,0.616,14.5,solid,1
1.3.6.1.4.1.14519.5.2.1.6279.6001.292057261351416339496913597985,59887,2066.97,20.55,18.82,19.69,0.8108,0.9158,0.7881,0.4682,0.7246,0.106,35.0,60.0,-60.0,110.0,0.12,0.88,0.0,0.616,13.45,solid,1
1.3.6.1.4.1.14519.5.2.1.6279.6001.292057261351416339496913597985,59884,55.12,6.37,5.44,5.9,0.8331,0.8539,0.8481,1.5253,0.0998,0.1298,35.0,60.0,-60.0,110.0,0.12,0.88,0.0,0.616,4.02,solid,0
1.3.6.1.4.1.14519.5.2.1.6279.6001.292057261351416339496913597985,59894,63.06,7.38,7.05,7.22,0.7966,0.9553,0.4876,1.5251,0.2351,0.1843,-220.0,140.0,-520.0,80.0,0.6,0.4,0.0,0.28,3.23,part_solid,0
1.3.6.1.4.1.14519.5.2.1.6279.6001.292057261351416339496913597985,59880,141.12,10.57,7.41,8.99,0.8201,0.7012,0.6812,1.1326,0.7792,0.2515,35.0,60.0,-60.0,110.0,0.12,0.88,0.0,0.616,5.5,solid,0
1.3.6.1.4.1.14519.5.2.1.6279.6001.292057261351416339496913597985,59876,124.36,9.3,7.68,8.49,0.7981,0.8258,0.5806,1.2139,0.529,0.225,-220.0,140.0,-520.0,80.0,0.6,0.4,0.0,0.28,4.05,part_solid,0
1.3.6.1.4.1.14519.5.2.1.6279.6001.292057261351416339496913597985,MI014_14587,190.95,11.47,8.82,10.15,0.8508,0.769,0.6275,0.9871,0.6946,0.2181,-220.0,140.0,-520.0,80.0,0.6,0.4,0.0,0.28,4.67,part_solid,0
1.3.6.1.4.1.14519.5.2.1.6279.6001.292057261351416339496913597985,MI014_14584,2421.53,21.04,20.1,20.57,0.8454,0.9555,0.8556,0.426,0.6172,0.093,35.0,60.0,-60.0,110.0,0.12,0.88,0.0,0.616,14.18,solid,1
1.3.6.1.4.1.14519.5.2.1.6279.6001.292057261351416339496913597985,MI014_14593,78.5,9.15,6.6,7.87,0.8023,0.7212,0.5902,1.4077,0.9289,0.3267,-580.0,75.0,-680.0,-450.0,0.95,0.05,0.0,0.035,1.74,pure_ggn,0
1.3.6.1.4.1.14519.5.2.1.6279.6001.292057261351416339496913597985,0,97.02,9.02,7.48,8.25,0.742,0.8299,0.5988,1.4183,0.7191,0.2723,-220.0,140.0,-520.0,80.0,0.6,0.4,0.0,0.28,3.73,part_solid,0
1.3.6.1.4.1.14519.5.2.1.6279.6001.292057261351416339496913597985,3,159.2,10.04,8.79,9.41,0.7518,0.8755,0.5381,1.1868,0.5682,0.2137,-220.0,140.0,-520.0,80.0,0.6,0.4,0.0,0.28,4.4,part_solid,0
1.3.6.1.4.1.14519.5.2.1.6279.6001.292057261351416339496913597985,5,1961.13,20.24,17.98,19.11,0.7899,0.8881,0.8003,0.4891,0.9506,0.1232,35.0,60.0,-60.0,110.0,0.12,0.88,0.0,0.616,13.21,solid,1
1.3.6.1.4.1.14519.5.2.1.6279.6001.292057261351416339496913597985,8,56.89,8.05,5.85,6.95,0.7641,0.727,0.4471,1.6455,0.2761,0.2047,-580.0,75.0,-680.0,-450.0,0.95,0.05,0.0,0.035,1.56,pure_ggn,0
1.3.6.1.4.1.14519.5.2.1.6279.6001.137375498893536422914241295628,Nodule 002,147.29,10.14,8.29,9.21,0.8157,0.8177,0.5327,1.1226,0.4224,0.1883,35.0,60.0,-60.0,110.0,0.12,0.88,0.0,0.616,5.58,solid,0
1.3.6.1.4.1.14519.5.2.1.6279.6001.137375498893536422914241295628,0,99.67,8.27,7.31,7.79,0.8189,0.8831,0.6528,1.2737,0.327,0.1911,35.0,60.0,-60.0,110.0,0.12,0.88,0.0,0.616,4.89,solid,0
1.3.6.1.4.1.14519.5.2.1.6279.6001.179683407589764683292800449011,54880,22.54,4.96,4.47,4.72,0.8384,0.9022,0.6049,2.042,0.0488,0.1219,35.0,60.0,-60.0,110.0,0.12,0.88,0.0,0.616,2.98,solid,0
1.3.6.1.4.1.14519.5.2.1.6279.6001.179683407589764683292800449011,54882,31.6,5.25,4.84,5.05,0.8394,0.923,0.7622,1.8222,0.1476,0.1897,35.0,60.0,-60.0,110.0,0.12,0.88,0.0,0.616,3.34,solid,0
1.3.6.1.4.1.14519.5.2.1.6279.6001.179683407589764683292800449011,Nodule 009,33.32,6.02,5.39,5.7,0.7977,0.8956,0.4985,1.8839,0.2036,0.2141,35.0,60.0,-60.0,110.0,0.12,0.88,0.0,0.616,3.4,solid,0
1.3.6.1.4.1.14519.5.2.1.6279.6001.179683407589764683292800449011,Nodule 011,29.64,6.32,5.42,5.87,0.8771,0.8575,0.4746,1.7815,0.1636,0.1888,35.0,60.0,-60.0,110.0,0.12,0.88,0.0,0.616,3.27,solid,0
1.3.6.1.4.1.14519.5.2.1.6279.6001.156016499715048493339281864474,0,184.36,9.56,7.74,8.65,0.785,0.8097,0.7849,1.0824,0.3662,0.1681,35.0,60.0,-60.0,110.0,0.12,0.88,0.0,0.616,6.01,solid,0
1.3.6.1.4.1.14519.5.2.1.6279.6001.156016499715048493339281864474,2,104.12,7.95,7.27,7.61,0.7942,0.9144,0.6291,1.2943,0.0912,0.1012,35.0,60.0,-60.0,110.0,0.12,0.88,0.0,0.616,4.97,solid,0
1.3.6.1.4.1.14519.5.2.1.6279.6001.156016499715048493339281864474,77879,130.77,8.88,7.9,8.39,0.8422,0.8901,0.5633,1.1313,0.119,0.1062,350.0,120.0,50.0,550.0,0.1,0.25,0.65,0.175,3.52,calcified,0
1.3.6.1.4.1.14519.5.2.1.6279.6001.156016499715048493339281864474,77876,176.09,9.45,9.16,9.31,0.8582,0.9684,0.661,1.0053,0.1844,0.1189,350.0,120.0,50.0,550.0,0.1,0.25,0.65,0.175,3.89,calcified,0
1.3.6.1.4.1.14519.5.2.1.6279.6001.156016499715048493339281864474,75190,92.49,8.15,6.84,7.49,0.8169,0.8397,0.6137,1.309,0.2959,0.1863,35.0,60.0,-60.0,110.0,0.12,0.88,0.0,0.616,4.77,solid,0
1.3.6.1.4.1.14519.5.2.1.6279.6001.156016499715048493339281864474,75187,91.57,7.75,7.06,7.41,0.8539,0.9111,0.6448,1.2566,0.0851,0.1012,350.0,120.0,50.0,550.0,0.1,0.25,0.65,0.175,3.13,calcified,0
1.3.6.1.4.1.14519.5.2.1.6279.6001.156016499715048493339281864474,75184,144.55,9.55,8.98,9.27,0.8459,0.9403,0.5233,1.0894,0.2566,0.1457,350.0,120.0,50.0,550.0,0.1,0.25,0.65,0.175,3.64,calcified,0
1.3.6.1.4.1.14519.5.2.1.6279.6001.156016499715048493339281864474,Nodule 003,186.81,10.21,8.55,9.38,0.8386,0.8376,0.6124,1.0088,0.2784,0.1439,350.0,120.0,50.0,550.0,0.1,0.25,0.65,0.175,3.97,calcified,0
1.3.6.1.4.1.14519.5.2.1.6279.6001.156016499715048493339281864474,Nodule 002,131.69,9.69,7.49,8.59,0.828,0.773,0.5157,1.148,0.1934,0.1336,350.0,120.0,50.0,550.0,0.1,0.25,0.65,0.175,3.53,calcified,0
1.3.6.1.4.1.14519.5.2.1.6279.6001.121824995088859376862458155637,Nodule 003,81.14,9.83,6.57,8.2,0.8246,0.6686,0.3664,1.3546,0.4442,0.2235,35.0,60.0,-60.0,110.0,0.12,0.88,0.0,0.616,4.57,solid,0
1.3.6.1.4.1.14519.5.2.1.6279.6001.121824995088859376862458155637,Nodule 002,88.2,7.95,6.3,7.13,0.8265,0.7926,0.6792,1.3144,0.2023,0.1586,350.0,120.0,50.0,550.0,0.1,0.25,0.65,0.175,3.09,calcified,0
1.3.6.1.4.1.14519.5.2.1.6279.6001.121824995088859376862458155637,79896,79.38,8.44,7.39,7.92,0.8346,0.8763,0.4266,1.3483,0.1746,0.145,350.0,120.0,50.0,550.0,0.1,0.25,0.65,0.175,2.98,calcified,0
1.3.6.1.4.1.14519.5.2.1.6279.6001.121824995088859376862458155637,MI014_14519,23.81,4.94,4.4,4.67,0.8149,0.8894,0.7283,2.0627,0.1106,0.1825,350.0,120.0,50.0,550.0,0.1,0.25,0.65,0.175,2.0,calcified,0
1.3.6.1.4.1.14519.5.2.1.6279.6001.121824995088859376862458155637,0,126.57,9.64,7.07,8.35,0.8048,0.7338,0.5603,1.1968,0.3657,0.1875,35.0,60.0,-60.0,110.0,0.12,0.88,0.0,0.616,5.3,solid,0
1.3.6.1.4.1.14519.5.2.1.6279.6001.121824995088859376862458155637,4,78.5,7.13,6.67,6.9,0.7633,0.9354,0.7571,1.4797,0.3138,0.2031,350.0,120.0,50.0,550.0,0.1,0.25,0.65,0.175,2.97,calcified,0
1.3.6.1.4.1.14519.5.2.1.6279.6001.253317247142837717905329340520,6908,47.77,6.25,4.93,5.59,0.8382,0.7886,0.7994,1.5899,0.134,0.1609,-580.0,75.0,-680.0,-450.0,0.95,0.05,0.0,0.035,1.47,pure_ggn,0
1.3.6.1.4.1.14519.5.2.1.6279.6001.253317247142837717905329340520,6903,152.51,9.96,8.64,9.3,0.8312,0.8671,0.5018,1.0889,0.2354,0.1402,35.0,60.0,-60.0,110.0,0.12,0.88,0.0,0.616,5.64,solid,0
1.3.6.1.4.1.14519.5.2.1.6279.6001.253317247142837717905329340520,6899,415.27,12.76,10.69,11.72,0.8145,0.8375,0.7837,0.7959,0.9522,0.2025,35.0,60.0,-60.0,110.0,0.12,0.88,0.0,0.616,7.88,solid,0
1.3.6.1.4.1.14519.5.2.1.6279.6001.331079701650130000691651987949,Nodule 001,152.82,9.88,6.09,7.98,0.7681,0.6162,0.7591,1.1776,0.5542,0.2166,35.0,60.0,-60.0,110.0,0.12,0.88,0.0,0.616,5.64,solid,0
1.3.6.1.4.1.14519.5.2.1.6279.6001.331079701650130000691651987949,52412,119.9,8.34,5.97,7.15,0.7947,0.7156,0.8243,1.2341,0.2852,0.1719,35.0,60.0,-60.0,110.0,0.12,0.88,0.0,0.616,5.21,solid,0
1.3.6.1.4.1.14519.5.2.1.6279.6001.331079701650130000691651987949,69838,119.28,8.97,5.22,7.09,0.756,0.5821,0.8365,1.2994,0.5366,0.23,35.0,60.0,-60.0,110.0,0.12,0.88,0.0,0.616,5.2,solid,0
1.3.6.1.4.1.14519.5.2.1.6279.6001.743969234977916254223533321294,29630,3242.88,46.32,34.49,40.41,0.7385,0.7447,0.1484,0.4424,17.0186,0.296,35.0,60.0,-60.0,110.0,0.12,0.88,0.0,0.616,15.63,solid,1
1.3.6.1.4.1.14519.5.2.1.6279.6001.877026508860018521147620598474,54846,8708.77,48.18,24.4,36.29,0.6794,0.5065,0.7265,0.346,21.6255,0.3029,35.0,60.0,-60.0,110.0,0.12,0.88,0.0,0.616,21.72,solid,0
1.3.6.1.4.1.14519.5.2.1.6279.6001.877026508860018521147620598474,54850,843.53,15.12,13.86,14.49,0.8283,0.9161,0.7935,0.6179,0.3801,0.1042,35.0,60.0,-60.0,110.0,0.12,0.88,0.0,0.616,9.97,solid,1
1.3.6.1.4.1.14519.5.2.1.6279.6001.877026508860018521147620598474,Nodule 002,153.61,10.99,9.79,10.39,0.8092,0.8909,0.364,1.1159,0.387,0.165,35.0,60.0,-60.0,110.0,0.12,0.88,0.0,0.616,5.65,solid,1
1.3.6.1.4.1.14519.5.2.1.6279.6001.877026508860018521147620598474,Nodule 003,906.99,16.01,14.47,15.24,0.8338,0.9041,0.7497,0.5992,0.6534,0.132,35.0,60.0,-60.0,110.0,0.12,0.88,0.0,0.616,10.22,solid,1
1.3.6.1.4.1.14519.5.2.1.6279.6001.877026508860018521147620598474,Nodule 001,45.81,6.8,6.28,6.54,0.8268,0.9245,0.4415,1.6347,0.1136,0.1402,35.0,60.0,-60.0,110.0,0.12,0.88,0.0,0.616,3.78,solid,0
1.3.6.1.4.1.14519.5.2.1.6279.6001.877026508860018521147620598474,13385,563.01,12.86,11.51,12.19,0.7814,0.8952,0.933,0.7495,0.6363,0.1534,35.0,60.0,-60.0,110.0,0.12,0.88,0.0,0.616,8.72,solid,1
1.3.6.1.4.1.14519.5.2.1.6279.6001.877026508860018521147620598474,3,676.69,13.45,12.91,13.18,0.8183,0.9598,0.8921,0.6732,0.3661,0.1104,35.0,60.0,-60.0,110.0,0.12,0.88,0.0,0.616,9.27,solid,0
1.3.6.1.4.1.14519.5.2.1.6279.6001.877026508860018521147620598474,8,57.57,7.12,6.43,6.78,0.7895,0.9029,0.5614,1.5864,0.2197,0.1833,-220.0,140.0,-520.0,80.0,0.6,0.4,0.0,0.28,3.13,part_solid,0
1.3.6.1.4.1.14519.5.2.1.6279.6001.877026508860018521147620598474,9,25.23,5.65,4.43,5.04,0.7987,0.7841,0.5313,2.0643,0.1249,0.1855,-580.0,75.0,-680.0,-450.0,0.95,0.05,0.0,0.035,1.19,pure_ggn,0
1.3.6.1.4.1.14519.5.2.1.6279.6001.323132750133803288886848693067,80932,199.92,8.65,7.57,8.11,0.8138,0.8747,1.0,1.0163,0.3011,0.1503,350.0,120.0,50.0,550.0,0.1,0.25,0.65,0.175,4.06,calcified,0
1.3.6.1.4.1.14519.5.2.1.6279.6001.323132750133803288886848693067,119117,2815.78,30.24,23.18,26.71,0.7723,0.7666,0.3968,0.4434,4.7807,0.2229,35.0,60.0,-60.0,110.0,0.12,0.88,0.0,0.616,14.91,solid,1
1.3.6.1.4.1.14519.5.2.1.6279.6001.323132750133803288886848693067,0,4702.53,31.81,28.12,29.96,0.7008,0.8842,0.5659,0.4119,8.3513,0.2547,350.0,120.0,50.0,550.0,0.1,0.25,0.65,0.175,11.63,calcified,0
1.3.6.1.4.1.14519.5.2.1.6279.6001.323132750133803288886848693067,3,76.44,6.16,4.69,5.43,0.6926,0.7615,1.0,1.6453,0.6012,0.2705,35.0,60.0,-60.0,110.0,0.12,0.88,0.0,0.616,4.48,solid,0
1.3.6.1.4.1.14519.5.2.1.6279.6001.323132750133803288886848693067,4,165.37,8.78,6.32,7.55,0.7381,0.7205,1.0,1.1936,1.4194,0.3047,35.0,60.0,-60.0,110.0,0.12,0.88,0.0,0.616,5.79,solid,0
1.3.6.1.4.1.14519.5.2.1.6279.6001.323132750133803288886848693067,7,365.29,15.14,10.84,12.99,0.7751,0.7161,0.3964,0.8728,0.8224,0.1898,350.0,120.0,50.0,550.0,0.1,0.25,0.65,0.175,4.96,calcified,0
1.3.6.1.4.1.14519.5.2.1.6279.6001.323132750133803288886848693067,8,217.56,9.76,7.28,8.52,0.7669,0.7461,0.9225,1.0485,0.2934,0.1436,350.0,120.0,50.0,550.0,0.1,0.25,0.65,0.175,4.17,calcified,0
1.3.6.1.4.1.14519.5.2.1.6279.6001.313605260055394498989743099991,1145,103.51,8.08,6.9,7.49,0.8266,0.8531,0.6185,1.246,0.1032,0.1111,-220.0,140.0,-520.0,80.0,0.6,0.4,0.0,0.28,3.81,part_solid,0
1.3.6.1.4.1.14519.5.2.1.6279.6001.313605260055394498989743099991,IL057_202840,60.64,6.53,5.33,5.93,0.8218,0.8159,0.7653,1.4979,0.0757,0.1144,35.0,60.0,-60.0,110.0,0.12,0.88,0.0,0.616,4.15,solid,0
1.3.6.1.4.1.14519.5.2.1.6279.6001.313605260055394498989743099991,11064,93.1,8.01,6.6,7.3,0.8317,0.8237,0.6244,1.2829,0.126,0.1256,35.0,60.0,-60.0,110.0,0.12,0.88,0.0,0.616,4.78,solid,0
1.3.6.1.4.1.14519.5.2.1.6279.6001.404457313935200882843898832756,Nodule 001,1310.65,17.92,15.76,16.84,0.828,0.8793,0.7029,0.5337,0.629,0.1162,35.0,60.0,-60.0,110.0,0.12,0.88,0.0,0.616,11.55,solid,1
1.3.6.1.4.1.14519.5.2.1.6279.6001.404457313935200882843898832756,MI014_14534,971.08,15.86,13.51,14.68,0.8162,0.852,0.7947,0.5983,0.5199,0.1173,350.0,120.0,50.0,550.0,0.1,0.25,0.65,0.175,6.87,calcified,0
1.3.6.1.4.1.14519.5.2.1.6279.6001.404457313935200882843898832756,0,926.98,15.21,12.43,13.82,0.7992,0.817,0.9464,0.6206,0.6043,0.1277,35.0,60.0,-60.0,110.0,0.12,0.88,0.0,0.616,10.29,solid,0
1.3.6.1.4.1.14519.5.2.1.6279.6001.237215747217294006286437405216,0,91.87,6.92,5.9,6.41,0.7758,0.8536,1.0,1.3815,0.2567,0.1738,35.0,60.0,-60.0,110.0,0.12,0.88,0.0,0.616,4.76,solid,0
1.3.6.1.4.1.14519.5.2.1.6279.6001.237215747217294006286437405216,Nodule 001,144.55,8.62,7.71,8.16,0.8137,0.8948,0.7253,1.1325,0.317,0.1708,35.0,60.0,-60.0,110.0,0.12,0.88,0.0,0.616,5.54,solid,1
1.3.6.1.4.1.14519.5.2.1.6279.6001.116492508532884962903000261147,Nodule 003,67.37,7.23,5.66,6.44,0.7999,0.7827,0.6919,1.4857,0.2413,0.1935,35.0,60.0,-60.0,110.0,0.12,0.88,0.0,0.616,4.3,solid,0
1.3.6.1.4.1.14519.5.2.1.6279.6001.124822907934319930841506266464,77253,43.56,6.73,6.67,6.7,0.8187,0.9906,0.416,1.6787,0.153,0.1603,350.0,120.0,50.0,550.0,0.1,0.25,0.65,0.175,2.44,calcified,0
1.3.6.1.4.1.14519.5.2.1.6279.6001.124822907934319930841506266464,77239,131.54,9.95,9.42,9.68,0.8163,0.946,0.422,1.1649,0.4801,0.1963,350.0,120.0,50.0,550.0,0.1,0.25,0.65,0.175,3.53,calcified,0
1.3.6.1.4.1.14519.5.2.1.6279.6001.124822907934319930841506266464,77236,138.06,9.95,8.13,9.04,0.8229,0.8174,0.4926,1.1371,0.3223,0.1663,350.0,120.0,50.0,550.0,0.1,0.25,0.65,0.175,3.59,calcified,0
1.3.6.1.4.1.14519.5.2.1.6279.6001.124822907934319930841506266464,78198,74.43,8.04,6.5,7.27,0.8354,0.8088,0.5227,1.3762,0.196,0.1603,350.0,120.0,50.0,550.0,0.1,0.25,0.65,0.175,2.92,calcified,0
1.3.6.1.4.1.14519.5.2.1.6279.6001.124822907934319930841506266464,78205,35.5,10.37,7.93,9.15,0.6599,0.7648,0.135,2.2297,1.0502,0.3324,-580.0,75.0,-680.0,-450.0,0.95,0.05,0.0,0.035,1.33,pure_ggn,0
1.3.6.1.4.1.14519.5.2.1.6279.6001.124822907934319930841506266464,0,47.51,6.77,5.99,6.38,0.7867,0.8848,0.5174,1.6973,0.1473,0.1598,350.0,120.0,50.0,550.0,0.1,0.25,0.65,0.175,2.51,calcified,0
1.3.6.1.4.1.14519.5.2.1.6279.6001.124822907934319930841506266464,8,19.55,7.04,4.04,5.54,0.7345,0.5744,0.2984,2.4441,0.324,0.2842,35.0,60.0,-60.0,110.0,0.12,0.88,0.0,0.616,2.84,solid,0
1.3.6.1.4.1.14519.5.2.1.6279.6001.124822907934319930841506266464,12,56.08,6.96,6.45,6.7,0.82,0.9277,0.6038,1.5408,0.25,0.1959,35.0,60.0,-60.0,110.0,0.12,0.88,0.0,0.616,4.04,solid,0
1.3.6.1.4.1.14519.5.2.1.6279.6001.124822907934319930841506266464,22,80.78,7.93,6.65,7.29,0.8085,0.8379,0.6176,1.3837,0.2619,0.1816,35.0,60.0,-60.0,110.0,0.12,0.88,0.0,0.616,4.56,solid,0
1.3.6.1.4.1.14519.5.2.1.6279.6001.124822907934319930841506266464,37,101.7,11.41,6.66,9.04,0.7162,0.5838,0.4906,1.4466,1.3734,0.3455,35.0,60.0,-60.0,110.0,0.12,0.88,0.0,0.616,4.93,solid,0
1.3.6.1.4.1.14519.5.2.1.6279.6001.124822907934319930841506266464,38,120.39,9.23,7.02,8.13,0.7681,0.7612,0.6068,1.2751,0.4315,0.2065,35.0,60.0,-60.0,110.0,0.12,0.88,0.0,0.616,5.21,solid,0
1.3.6.1.4.1.14519.5.2.1.6279.6001.124822907934319930841506266464,40,38.07,10.17,8.62,9.4,0.6663,0.8479,0.1376,2.1574,0.8329,0.286,-580.0,75.0,-680.0,-450.0,0.95,0.05,0.0,0.035,1.37,pure_ggn,0
1.3.6.1.4.1.14519.5.2.1.6279.6001.124822907934319930841506266464,41,20.58,6.77,4.43,5.6,0.7709,0.6546,0.3104,2.2891,0.3449,0.2949,35.0,60.0,-60.0,110.0,0.12,0.88,0.0,0.616,2.89,solid,0
1.3.6.1.4.1.14519.5.2.1.6279.6001.955688628308192728558382581802,66119,104.61,7.45,6.89,7.17,0.8476,0.9244,0.8048,1.2109,0.0656,0.0867,35.0,60.0,-60.0,110.0,0.12,0.88,0.0,0.616,4.97,solid,0
1.3.6.1.4.1.14519.5.2.1.6279.6001.955688628308192728558382581802,66114,107.55,8.47,6.7,7.59,0.8053,0.7909,0.7081,1.2628,0.4096,0.2084,35.0,60.0,-60.0,110.0,0.12,0.88,0.0,0.616,5.02,solid,0
1.3.6.1.4.1.14519.5.2.1.6279.6001.955688628308192728558382581802,66107,1175.26,17.08,14.92,16.0,0.8199,0.8732,0.761,0.5589,0.6107,0.1182,35.0,60.0,-60.0,110.0,0.12,0.88,0.0,0.616,11.14,solid,1
1.3.6.1.4.1.14519.5.2.1.6279.6001.955688628308192728558382581802,Nodule 005,98.24,8.39,8.07,8.23,0.8295,0.9608,0.4765,1.2635,0.1991,0.1458,35.0,60.0,-60.0,110.0,0.12,0.88,0.0,0.616,4.87,solid,0
1.3.6.1.4.1.14519.5.2.1.6279.6001.955688628308192728558382581802,Nodule 011,37.97,6.18,5.63,5.9,0.8359,0.9115,0.4857,1.7213,0.1,0.1436,35.0,60.0,-60.0,110.0,0.12,0.88,0.0,0.616,3.55,solid,0
1.3.6.1.4.1.14519.5.2.1.6279.6001.955688628308192728558382581802,Nodule 010,62.72,7.12,5.47,6.29,0.8093,0.7683,0.7023,1.5039,0.4562,0.2632,35.0,60.0,-60.0,110.0,0.12,0.88,0.0,0.616,4.19,solid,0
1.3.6.1.4.1.14519.5.2.1.6279.6001.955688628308192728558382581802,Nodule 002,202.86,11.13,8.72,9.93,0.8069,0.7836,0.5391,1.02,0.5158,0.188,35.0,60.0,-60.0,110.0,0.12,0.88,0.0,0.616,6.2,solid,1
1.3.6.1.4.1.14519.5.2.1.6279.6001.955688628308192728558382581802,Nodule 001,165.86,10.3,9.63,9.96,0.8155,0.9345,0.4854,1.0793,0.5465,0.2002,35.0,60.0,-60.0,110.0,0.12,0.88,0.0,0.616,5.8,solid,1
1.3.6.1.4.1.14519.5.2.1.6279.6001.955688628308192728558382581802,Nodule 003,113.19,8.21,8.13,8.17,0.8431,0.9897,0.6089,1.1857,0.1696,0.1315,35.0,60.0,-60.0,110.0,0.12,0.88,0.0,0.616,5.11,solid,0
1.3.6.1.4.1.14519.5.2.1.6279.6001.955688628308192728558382581802,Nodule 004,75.46,8.34,6.59,7.46,0.8317,0.7895,0.4795,1.3759,0.2858,0.1912,35.0,60.0,-60.0,110.0,0.12,0.88,0.0,0.616,4.46,solid,0
1.3.6.1.4.1.14519.5.2.1.6279.6001.955688628308192728558382581802,Nodule 006,63.94,7.57,6.13,6.85,0.8347,0.809,0.5282,1.4488,0.16,0.1537,35.0,60.0,-60.0,110.0,0.12,0.88,0.0,0.616,4.22,solid,0
1.3.6.1.4.1.14519.5.2.1.6279.6001.955688628308192728558382581802,Nodule 007,1486.17,17.92,16.73,17.33,0.8367,0.9334,0.7811,0.5065,0.5314,0.1025,35.0,60.0,-60.0,110.0,0.12,0.88,0.0,0.616,12.05,solid,1
1.3.6.1.4.1.14519.5.2.1.6279.6001.955688628308192728558382581802,23,30.13,4.92,4.32,4.62,0.8006,0.8765,0.8124,1.9412,0.0838,0.1489,350.0,120.0,50.0,550.0,0.1,0.25,0.65,0.175,2.16,calcified,0
1.3.6.1.4.1.14519.5.2.1.6279.6001.955688628308192728558382581802,34,1005.48,16.28,14.88,15.58,0.8222,0.9139,0.7369,0.5871,0.265,0.0818,35.0,60.0,-60.0,110.0,0.12,0.88,0.0,0.616,10.58,solid,0
1.3.6.1.4.1.14519.5.2.1.6279.6001.130765375502800983459674173881,52442,62.47,6.31,5.68,6.0,0.8046,0.9012,0.7927,1.5148,0.1453,0.1583,-220.0,140.0,-520.0,80.0,0.6,0.4,0.0,0.28,3.22,part_solid,0
1.3.6.1.4.1.14519.5.2.1.6279.6001.130765375502800983459674173881,52429,85.14,7.89,6.46,7.17,0.8208,0.819,0.6341,1.3393,0.2292,0.1733,35.0,60.0,-60.0,110.0,0.12,0.88,0.0,0.616,4.64,solid,0
1.3.6.1.4.1.14519.5.2.1.6279.6001.130765375502800983459674173881,52425,76.56,8.93,5.71,7.32,0.8301,0.6396,0.5598,1.372,0.457,0.2416,35.0,60.0,-60.0,110.0,0.12,0.88,0.0,0.616,4.48,solid,0
1.3.6.1.4.1.14519.5.2.1.6279.6001.130765375502800983459674173881,9873,123.11,9.47,7.06,8.26,0.8239,0.7449,0.5278,1.18,0.2246,0.1508,35.0,60.0,-60.0,110.0,0.12,0.88,0.0,0.616,5.25,solid,0
1.3.6.1.4.1.14519.5.2.1.6279.6001.130765375502800983459674173881,9878,115.76,9.78,6.88,8.33,0.768,0.7031,0.5111,1.2921,0.4597,0.2163,35.0,60.0,-60.0,110.0,0.12,0.88,0.0,0.616,5.14,solid,0
1.3.6.1.4.1.14519.5.2.1.6279.6001.213140617640021803112060161074,13560,2445.1,27.38,21.49,24.43,0.6097,0.785,0.5479,0.5888,5.2226,0.2458,35.0,60.0,-60.0,110.0,0.12,0.88,0.0,0.616,14.22,solid,1
1.3.6.1.4.1.14519.5.2.1.6279.6001.213140617640021803112060161074,13564,247.94,12.1,9.25,10.68,0.7692,0.7645,0.6609,1.0007,1.2318,0.2631,-220.0,140.0,-520.0,80.0,0.6,0.4,0.0,0.28,5.1,part_solid,1
1.3.6.1.4.1.14519.5.2.1.6279.6001.213140617640021803112060161074,Nodule 001,158.76,10.25,8.71,9.48,0.8126,0.8497,0.5852,1.0991,0.9742,0.273,35.0,60.0,-60.0,110.0,0.12,0.88,0.0,0.616,5.72,solid,1
1.3.6.1.4.1.14519.5.2.1.6279.6001.213140617640021803112060161074,Nodule 005,24.99,6.47,5.39,5.93,0.7908,0.8334,0.3093,2.0916,0.1444,0.181,35.0,60.0,-60.0,110.0,0.12,0.88,0.0,0.616,3.09,solid,0
1.3.6.1.4.1.14519.5.2.1.6279.6001.213140617640021803112060161074,Nodule 008,2197.4,27.58,19.18,23.38,0.7387,0.6956,0.4713,0.5035,4.9306,0.2524,35.0,60.0,-60.0,110.0,0.12,0.88,0.0,0.616,13.72,solid,1
1.3.6.1.4.1.14519.5.2.1.6279.6001.213140617640021803112060161074,Nodule 007,60.02,7.21,6.17,6.69,0.8282,0.8557,0.5546,1.4914,0.1827,0.1674,35.0,60.0,-60.0,110.0,0.12,0.88,0.0,0.616,4.13,solid,0
1.3.6.1.4.1.14519.5.2.1.6279.6001.213140617640021803112060161074,14011,1431.78,23.12,15.95,19.53,0.7334,0.6897,0.6055,0.5851,3.4764,0.2452,35.0,60.0,-60.0,110.0,0.12,0.88,0.0,0.616,11.9,solid,1
1.3.6.1.4.1.14519.5.2.1.6279.6001.213140617640021803112060161074,14022,140.63,9.61,8.41,9.01,0.7877,0.8749,0.6245,1.1806,0.9411,0.2783,-580.0,75.0,-680.0,-450.0,0.95,0.05,0.0,0.035,2.11,pure_ggn,1
1.3.6.1.4.1.14519.5.2.1.6279.6001.213140617640021803112060161074,14,356.23,13.13,10.49,11.81,0.7799,0.7994,0.6855,0.8747,1.1326,0.2284,-220.0,140.0,-520.0,80.0,0.6,0.4,0.0,0.28,5.75,part_solid,0
1.3.6.1.4.1.14519.5.2.1.6279.6001.245546033414728092794968890929,IL057_202902,154.35,10.56,8.27,9.41,0.8121,0.7835,0.4737,1.1101,0.4713,0.1971,35.0,60.0,-60.0,110.0,0.12,0.88,0.0,0.616,5.66,solid,0
1.3.6.1.4.1.14519.5.2.1.6279.6001.245248446973732759194067808002,0,106.57,8.1,7.1,7.6,0.8146,0.8761,0.7717,1.2522,0.2253,0.1564,35.0,60.0,-60.0,110.0,0.12,0.88,0.0,0.616,5.01,solid,1
1.3.6.1.4.1.14519.5.2.1.6279.6001.245248446973732759194067808002,Nodule 002,172.88,9.49,8.81,9.15,0.8223,0.9288,0.6586,1.0557,0.5136,0.1995,35.0,60.0,-60.0,110.0,0.12,0.88,0.0,0.616,5.88,solid,1
1.3.6.1.4.1.14519.5.2.1.6279.6001.245248446973732759194067808002,19722,146.08,9.03,7.71,8.37,0.8143,0.8541,0.6923,1.1276,0.266,0.1539,-580.0,75.0,-680.0,-450.0,0.95,0.05,0.0,0.035,2.14,pure_ggn,1
1.3.6.1.4.1.14519.5.2.1.6279.6001.173556680294801532247454313511,Nodule 001,86.06,8.93,7.43,8.18,0.8299,0.8324,0.4201,1.3199,0.2917,0.1802,35.0,60.0,-60.0,110.0,0.12,0.88,0.0,0.616,4.66,solid,1
1.3.6.1.4.1.14519.5.2.1.6279.6001.173556680294801532247454313511,7084,72.58,7.87,7.55,7.71,0.8466,0.9595,0.4768,1.3694,0.3151,0.199,35.0,60.0,-60.0,110.0,0.12,0.88,0.0,0.616,4.4,solid,0
1.3.6.1.4.1.14519.5.2.1.6279.6001.228934821089041845791238006047,Nodule 003,74.11,6.59,5.9,6.25,0.8229,0.8939,0.9477,1.3991,0.2406,0.1835,35.0,60.0,-60.0,110.0,0.12,0.88,0.0,0.616,4.43,solid,0
1.3.6.1.4.1.14519.5.2.1.6279.6001.797637294244261543517154417124,IL057_69885,76.87,7.81,6.24,7.03,0.7451,0.7989,0.6401,1.5264,0.2055,0.1648,-580.0,75.0,-680.0,-450.0,0.95,0.05,0.0,0.035,1.73,pure_ggn,0
1.3.6.1.4.1.14519.5.2.1.6279.6001.797637294244261543517154417124,IL057_69881,143.02,11.94,7.59,9.76,0.7148,0.6357,0.4189,1.2936,0.9504,0.2696,35.0,60.0,-60.0,110.0,0.12,0.88,0.0,0.616,5.52,solid,0
1.3.6.1.4.1.14519.5.2.1.6279.6001.797637294244261543517154417124,Nodule 001,72.27,9.5,9.05,9.28,0.769,0.9523,0.263,1.5098,0.5729,0.235,35.0,60.0,-60.0,110.0,0.12,0.88,0.0,0.616,4.4,solid,0
1.3.6.1.4.1.14519.5.2.1.6279.6001.228049788831266512062175089637,39726,6395.97,32.21,27.35,29.78,0.7302,0.8491,0.652,0.3568,3.1714,0.1496,35.0,60.0,-60.0,110.0,0.12,0.88,0.0,0.616,19.6,solid,1
1.3.6.1.4.1.14519.5.2.1.6279.6001.228049788831266512062175089637,13801,9330.09,35.08,31.51,33.29,0.818,0.8982,0.7697,0.2808,2.1896,0.1106,35.0,60.0,-60.0,110.0,0.12,0.88,0.0,0.616,22.22,solid,1
1.3.6.1.4.1.14519.5.2.1.6279.6001.228049788831266512062175089637,0,7585.2,33.32,28.81,31.07,0.7498,0.8646,0.7202,0.3283,2.9853,0.1381,35.0,60.0,-60.0,110.0,0.12,0.88,0.0,0.616,20.74,solid,0
1.3.6.1.4.1.14519.5.2.1.6279.6001.323859712968543712594665815359,Nodule 002,172.72,9.51,8.24,8.88,0.834,0.8672,0.6574,1.0412,0.2065,0.129,35.0,60.0,-60.0,110.0,0.12,0.88,0.0,0.616,5.88,solid,1
1.3.6.1.4.1.14519.5.2.1.6279.6001.323859712968543712594665815359,Nodule 001,335.65,14.09,8.74,11.42,0.7588,0.6205,0.6209,0.9171,1.8435,0.2941,35.0,60.0,-60.0,110.0,0.12,0.88,0.0,0.616,7.34,solid,1
1.3.6.1.4.1.14519.5.2.1.6279.6001.186809786614942675852829709376,69526,381.46,13.75,12.28,13.01,0.8136,0.8935,0.4365,0.8196,0.2851,0.1116,35.0,60.0,-60.0,110.0,0.12,0.88,0.0,0.616,7.66,solid,1
1.3.6.1.4.1.14519.5.2.1.6279.6001.186809786614942675852829709376,13298,675.46,13.63,11.93,12.78,0.8263,0.8751,0.8801,0.6671,0.3385,0.1069,35.0,60.0,-60.0,110.0,0.12,0.88,0.0,0.616,9.26,solid,1
1.3.6.1.4.1.14519.5.2.1.6279.6001.939152384493874708850321969356,Nodule 002,123.48,9.05,8.18,8.62,0.8049,0.9041,0.5966,1.2065,0.5021,0.2161,35.0,60.0,-60.0,110.0,0.12,0.88,0.0,0.616,5.26,solid,1
1.3.6.1.4.1.14519.5.2.1.6279.6001.939152384493874708850321969356,13414,175.08,10.52,8.83,9.68,0.8394,0.8395,0.5133,1.0299,0.3205,0.1549,35.0,60.0,-60.0,110.0,0.12,0.88,0.0,0.616,5.91,solid,0
1.3.6.1.4.1.14519.5.2.1.6279.6001.939152384493874708850321969356,0,113.78,8.71,6.62,7.66,0.7625,0.7606,0.827,1.3089,0.393,0.1968,35.0,60.0,-60.0,110.0,0.12,0.88,0.0,0.616,5.12,solid,0
1.3.6.1.4.1.14519.5.2.1.6279.6001.139444426690868429919252698606,3,42.19,7.39,4.9,6.14,0.7416,0.6626,0.4736,1.8732,0.2825,0.2269,350.0,120.0,50.0,550.0,0.1,0.25,0.65,0.175,2.42,calcified,0
1.3.6.1.4.1.14519.5.2.1.6279.6001.139444426690868429919252698606,6,25.04,5.8,4.92,5.36,0.782,0.8481,0.4829,2.1139,0.1886,0.2186,350.0,120.0,50.0,550.0,0.1,0.25,0.65,0.175,2.03,calcified,0
1.3.6.1.4.1.14519.5.2.1.6279.6001.224465398054769500989828256685,54769,118.58,10.99,6.24,8.62,0.7879,0.568,0.4548,1.2494,0.6231,0.2384,350.0,120.0,50.0,550.0,0.1,0.25,0.65,0.175,3.41,calcified,0
1.3.6.1.4.1.14519.5.2.1.6279.6001.224465398054769500989828256685,54765,246.47,12.52,9.19,10.85,0.8102,0.7337,0.5591,0.952,0.8631,0.2226,35.0,60.0,-60.0,110.0,0.12,0.88,0.0,0.616,6.62,solid,0
1.3.6.1.4.1.14519.5.2.1.6279.6001.224465398054769500989828256685,54761,401.55,17.69,10.4,14.05,0.7732,0.5882,0.4523,0.8478,2.9885,0.328,35.0,60.0,-60.0,110.0,0.12,0.88,0.0,0.616,7.79,solid,0
1.3.6.1.4.1.14519.5.2.1.6279.6001.224465398054769500989828256685,54758,445.65,12.88,12.08,12.48,0.741,0.9374,0.7763,0.8545,1.2489,0.2216,350.0,120.0,50.0,550.0,0.1,0.25,0.65,0.175,5.3,calcified,0
1.3.6.1.4.1.14519.5.2.1.6279.6001.224465398054769500989828256685,Nodule 004,1856.85,18.64,17.53,18.08,0.7951,0.9402,0.9119,0.4949,1.2197,0.1442,35.0,60.0,-60.0,110.0,0.12,0.88,0.0,0.616,12.98,solid,1
1.3.6.1.4.1.14519.5.2.1.6279.6001.224465398054769500989828256685,14214,1679.23,17.71,16.77,17.24,0.7852,0.9469,0.9597,0.5182,1.3521,0.1559,35.0,60.0,-60.0,110.0,0.12,0.88,0.0,0.616,12.55,solid,1
1.3.6.1.4.1.14519.5.2.1.6279.6001.224465398054769500989828256685,5,90.89,9.83,5.62,7.73,0.7438,0.5719,0.5084,1.4461,0.5247,0.2405,350.0,120.0,50.0,550.0,0.1,0.25,0.65,0.175,3.12,calcified,0
1.3.6.1.4.1.14519.5.2.1.6279.6001.224465398054769500989828256685,6,197.96,11.45,8.33,9.89,0.755,0.7272,0.6113,1.0991,0.8806,0.2439,35.0,60.0,-60.0,110.0,0.12,0.88,0.0,0.616,6.15,solid,0
1.3.6.1.4.1.14519.5.2.1.6279.6001.224465398054769500989828256685,7,436.59,19.36,10.68,15.02,0.7221,0.5516,0.4131,0.8828,3.888,0.3525,35.0,60.0,-60.0,110.0,0.12,0.88,0.0,0.616,8.01,solid,0
1.3.6.1.4.1.14519.5.2.1.6279.6001.224465398054769500989828256685,8,331.73,12.05,11.11,11.58,0.7626,0.9221,0.7469,0.916,1.2634,0.2425,350.0,120.0,50.0,550.0,0.1,0.25,0.65,0.175,4.8,calcified,0
1.3.6.1.4.1.14519.5.2.1.6279.6001.246758220302211646532176593724,60185,64.92,6.66,5.95,6.31,0.8447,0.8933,0.7506,1.4244,0.1075,0.1285,35.0,60.0,-60.0,110.0,0.12,0.88,0.0,0.616,4.24,solid,0
1.3.6.1.4.1.14519.5.2.1.6279.6001.246758220302211646532176593724,60184,72.27,7.76,6.55,7.15,0.8473,0.8437,0.5154,1.3701,0.1082,0.1209,35.0,60.0,-60.0,110.0,0.12,0.88,0.0,0.616,4.4,solid,0
1.3.6.1.4.1.14519.5.2.1.6279.6001.246758220302211646532176593724,13987,34.3,6.28,5.33,5.8,0.8092,0.8486,0.478,1.8392,0.1072,0.1515,350.0,120.0,50.0,550.0,0.1,0.25,0.65,0.175,2.25,calcified,0
1.3.6.1.4.1.14519.5.2.1.6279.6001.246758220302211646532176593724,14934,23.76,6.65,4.21,5.43,0.7079,0.6331,0.6018,2.3762,0.3698,0.2896,-220.0,140.0,-520.0,80.0,0.6,0.4,0.0,0.28,2.33,part_solid,0
1.3.6.1.4.1.14519.5.2.1.6279.6001.246758220302211646532176593724,14940,28.42,5.78,4.44,5.11,0.7917,0.7672,0.6915,2.0017,0.157,0.1969,350.0,120.0,50.0,550.0,0.1,0.25,0.65,0.175,2.12,calcified,0
1.3.6.1.4.1.14519.5.2.1.6279.6001.246758220302211646532176593724,0,49.49,6.36,5.44,5.9,0.7877,0.8554,0.786,1.6722,0.2379,0.204,35.0,60.0,-60.0,110.0,0.12,0.88,0.0,0.616,3.88,solid,0
1.3.6.1.4.1.14519.5.2.1.6279.6001.217697417596902141600884006982,4,75.49,9.25,8.0,8.62,0.7986,0.8651,0.3379,1.4329,0.4804,0.2253,35.0,60.0,-60.0,110.0,0.12,0.88,0.0,0.616,4.46,solid,0
1.3.6.1.4.1.14519.5.2.1.6279.6001.217697417596902141600884006982,6,41.19,6.27,4.83,5.55,0.8135,0.7703,0.6978,1.7212,0.1382,0.168,350.0,120.0,50.0,550.0,0.1,0.25,0.65,0.175,2.4,calcified,0
1.3.6.1.4.1.14519.5.2.1.6279.6001.217697417596902141600884006982,10,59.87,8.33,6.48,7.4,0.7901,0.7784,0.3753,1.5646,0.3243,0.21,35.0,60.0,-60.0,110.0,0.12,0.88,0.0,0.616,4.13,solid,0
1.3.6.1.4.1.14519.5.2.1.6279.6001.217697417596902141600884006982,Nodule 004,100.45,7.94,7.24,7.59,0.8396,0.9127,0.63,1.2391,0.1674,0.1379,350.0,120.0,50.0,550.0,0.1,0.25,0.65,0.175,3.23,calcified,0
1.3.6.1.4.1.14519.5.2.1.6279.6001.217697417596902141600884006982,Nodule 002,67.07,9.49,7.58,8.54,0.7742,0.7989,0.2633,1.5375,0.1663,0.1327,35.0,60.0,-60.0,110.0,0.12,0.88,0.0,0.616,4.29,solid,0
1.3.6.1.4.1.14519.5.2.1.6279.6001.217697417596902141600884006982,Nodule 003,88.05,9.07,8.56,8.81,0.803,0.9436,0.3446,1.3537,0.268,0.1628,35.0,60.0,-60.0,110.0,0.12,0.88,0.0,0.616,4.7,solid,0
1.3.6.1.4.1.14519.5.2.1.6279.6001.217697417596902141600884006982,38026,110.86,10.43,9.07,9.75,0.8074,0.8696,0.3595,1.2468,0.6456,0.2302,35.0,60.0,-60.0,110.0,0.12,0.88,0.0,0.616,5.07,solid,0
1.3.6.1.4.1.14519.5.2.1.6279.6001.217697417596902141600884006982,38032,65.08,9.17,7.67,8.42,0.766,0.8365,0.2727,1.5695,0.1909,0.1445,35.0,60.0,-60.0,110.0,0.12,0.88,0.0,0.616,4.25,solid,0
1.3.6.1.4.1.14519.5.2.1.6279.6001.217697417596902141600884006982,38029,73.35,7.73,6.62,7.18,0.8638,0.8564,0.5659,1.3374,0.1285,0.1307,350.0,120.0,50.0,550.0,0.1,0.25,0.65,0.175,2.9,calcified,0
1.3.6.1.4.1.14519.5.2.1.6279.6001.217697417596902141600884006982,38022,91.11,8.98,7.69,8.33,0.8178,0.8568,0.4178,1.3142,0.2981,0.1778,35.0,60.0,-60.0,110.0,0.12,0.88,0.0,0.616,4.75,solid,0
1.3.6.1.4.1.14519.5.2.1.6279.6001.217697417596902141600884006982,38020,158.18,8.99,5.26,7.12,0.6481,0.5851,1.0,1.3797,1.4592,0.3088,35.0,60.0,-60.0,110.0,0.12,0.88,0.0,0.616,5.71,solid,0
1.3.6.1.4.1.14519.5.2.1.6279.6001.217697417596902141600884006982,25222,89.27,10.48,9.59,10.04,0.751,0.9144,0.2384,1.4408,0.3979,0.1781,35.0,60.0,-60.0,110.0,0.12,0.88,0.0,0.616,4.72,solid,1
1.3.6.1.4.1.14519.5.2.1.6279.6001.217697417596902141600884006982,25227,76.56,7.7,6.77,7.24,0.8446,0.8793,0.5679,1.3484,0.1422,0.1358,350.0,120.0,50.0,550.0,0.1,0.25,0.65,0.175,2.95,calcified,0
1.3.6.1.4.1.14519.5.2.1.6279.6001.168833925301530155818375859047,7,93.1,8.53,7.76,8.15,0.8106,0.91,0.4689,1.3163,0.197,0.1486,35.0,60.0,-60.0,110.0,0.12,0.88,0.0,0.616,4.78,solid,0
1.3.6.1.4.1.14519.5.2.1.6279.6001.168833925301530155818375859047,52405,36.75,5.48,4.87,5.18,0.839,0.8883,0.7296,1.7337,0.0531,0.1127,35.0,60.0,-60.0,110.0,0.12,0.88,0.0,0.616,3.51,solid,0
1.3.6.1.4.1.14519.5.2.1.6279.6001.168833925301530155818375859047,52406,55.86,7.32,5.59,6.46,0.8333,0.7638,0.5461,1.5182,0.1923,0.1799,35.0,60.0,-60.0,110.0,0.12,0.88,0.0,0.616,4.04,solid,0
1.3.6.1.4.1.14519.5.2.1.6279.6001.168833925301530155818375859047,52362,181.79,10.97,8.01,9.49,0.8104,0.7298,0.5468,1.0534,0.4614,0.186,35.0,60.0,-60.0,110.0,0.12,0.88,0.0,0.616,5.98,solid,0
1.3.6.1.4.1.14519.5.2.1.6279.6001.168833925301530155818375859047,60033,294.49,11.03,6.51,8.77,0.7358,0.59,1.0,0.9879,0.9352,0.2247,35.0,60.0,-60.0,110.0,0.12,0.88,0.0,0.616,7.02,solid,0
1.3.6.1.4.1.14519.5.2.1.6279.6001.168833925301530155818375859047,60040,121.52,7.31,6.28,6.8,0.8298,0.8586,1.0,1.1766,0.2268,0.1527,35.0,60.0,-60.0,110.0,0.12,0.88,0.0,0.616,5.23,solid,0
1.3.6.1.4.1.14519.5.2.1.6279.6001.168833925301530155818375859047,60036,312.13,12.91,9.04,10.97,0.8053,0.7002,0.6199,0.8853,0.6807,0.1891,35.0,60.0,-60.0,110.0,0.12,0.88,0.0,0.616,7.16,solid,0
1.3.6.1.4.1.14519.5.2.1.6279.6001.168833925301530155818375859047,60043,97.51,7.71,5.86,6.78,0.823,0.7591,0.7778,1.2766,0.2258,0.1667,35.0,60.0,-60.0,110.0,0.12,0.88,0.0,0.616,4.86,solid,0
1.3.6.1.4.1.14519.5.2.1.6279.6001.168833925301530155818375859047,60048,67.62,6.55,5.26,5.9,0.8146,0.8021,0.9157,1.4572,0.1048,0.1266,35.0,60.0,-60.0,110.0,0.12,0.88,0.0,0.616,4.3,solid,0
1.3.6.1.4.1.14519.5.2.1.6279.6001.168833925301530155818375859047,Nodule 003,302.33,14.05,9.9,11.97,0.7926,0.7043,0.427,0.909,0.9219,0.2148,35.0,60.0,-60.0,110.0,0.12,0.88,0.0,0.616,7.09,solid,1
1.3.6.1.4.1.14519.5.2.1.6279.6001.168833925301530155818375859047,Nodule 004,81.83,7.67,5.53,6.6,0.8054,0.7212,0.7822,1.383,0.4774,0.2495,35.0,60.0,-60.0,110.0,0.12,0.88,0.0,0.616,4.58,solid,0
1.3.6.1.4.1.14519.5.2.1.6279.6001.168833925301530155818375859047,Nodule 007,96.53,7.12,6.77,6.95,0.8306,0.9518,0.8431,1.2692,0.1716,0.145,35.0,60.0,-60.0,110.0,0.12,0.88,0.0,0.616,4.84,solid,0
1.3.6.1.4.1.14519.5.2.1.6279.6001.168833925301530155818375859047,Nodule 006,72.03,7.62,6.91,7.27,0.8144,0.9068,0.5248,1.4271,0.1953,0.164,35.0,60.0,-60.0,110.0,0.12,0.88,0.0,0.616,4.39,solid,0
1.3.6.1.4.1.14519.5.2.1.6279.6001.110678335949765929063942738609,59325,2772.17,26.98,22.6,24.79,0.7207,0.8378,0.5931,0.4777,6.8469,0.2782,35.0,60.0,-60.0,110.0,0.12,0.88,0.0,0.616,14.83,solid,1
1.3.6.1.4.1.14519.5.2.1.6279.6001.110678335949765929063942738609,39625,2207.08,24.97,21.46,23.22,0.7126,0.8596,0.5607,0.5212,6.2611,0.2862,35.0,60.0,-60.0,110.0,0.12,0.88,0.0,0.616,13.74,solid,1
1.3.6.1.4.1.14519.5.2.1.6279.6001.110678335949765929063942738609,9608,2438.61,26.91,21.42,24.16,0.7215,0.7961,0.5575,0.4979,6.6546,0.2819,35.0,60.0,-60.0,110.0,0.12,0.88,0.0,0.616,14.21,solid,1
1.3.6.1.4.1.14519.5.2.1.6279.6001.110678335949765929063942738609,0,2486.5,26.77,23.03,24.9,0.7314,0.8603,0.5229,0.4881,7.1448,0.2874,35.0,60.0,-60.0,110.0,0.12,0.88,0.0,0.616,14.3,solid,1
1.3.6.1.4.1.14519.5.2.1.6279.6001.255409701134762680010928250229,3029,76.44,7.9,5.55,6.73,0.7697,0.7024,0.7592,1.4804,0.3512,0.2148,-580.0,75.0,-680.0,-450.0,0.95,0.05,0.0,0.035,1.72,pure_ggn,0
1.3.6.1.4.1.14519.5.2.1.6279.6001.255409701134762680010928250229,4315,297.92,13.92,9.65,11.78,0.6852,0.6935,0.5748,1.0568,1.4351,0.2638,-580.0,75.0,-680.0,-450.0,0.95,0.05,0.0,0.035,2.71,pure_ggn,0
1.3.6.1.4.1.14519.5.2.1.6279.6001.334517907433161353885866806005,37519,1832.6,24.79,21.56,23.18,0.5914,0.8695,0.5243,0.6682,4.8902,0.258,35.0,60.0,-60.0,110.0,0.12,0.88,0.0,0.616,12.92,solid,1
1.3.6.1.4.1.14519.5.2.1.6279.6001.334517907433161353885866806005,37531,35.28,5.56,4.77,5.17,0.8337,0.8585,0.7193,1.7687,0.0898,0.1431,350.0,120.0,50.0,550.0,0.1,0.25,0.65,0.175,2.28,calcified,0
1.3.6.1.4.1.14519.5.2.1.6279.6001.334517907433161353885866806005,37528,260.43,11.18,9.3,10.24,0.8681,0.8318,0.7156,0.8723,0.1805,0.1041,350.0,120.0,50.0,550.0,0.1,0.25,0.65,0.175,4.43,calcified,0
1.3.6.1.4.1.14519.5.2.1.6279.6001.334517907433161353885866806005,37525,370.68,11.64,10.08,10.86,0.8337,0.866,0.7735,0.8075,0.2568,0.1131,35.0,60.0,-60.0,110.0,0.12,0.88,0.0,0.616,7.58,solid,1
1.3.6.1.4.1.14519.5.2.1.6279.6001.334517907433161353885866806005,37529,48.26,8.36,6.57,7.46,0.7783,0.7858,0.3589,1.7065,0.5713,0.2855,35.0,60.0,-60.0,110.0,0.12,0.88,0.0,0.616,3.84,solid,0
1.3.6.1.4.1.14519.5.2.1.6279.6001.334517907433161353885866806005,Nodule 003,410.37,12.23,10.59,11.41,0.8364,0.8658,0.7361,0.7781,0.4724,0.1475,35.0,60.0,-60.0,110.0,0.12,0.88,0.0,0.616,7.84,solid,1
1.3.6.1.4.1.14519.5.2.1.6279.6001.334517907433161353885866806005,Nodule 005,313.6,11.95,9.68,10.82,0.8411,0.8105,0.6695,0.8463,0.3397,0.1351,350.0,120.0,50.0,550.0,0.1,0.25,0.65,0.175,4.71,calcified,0
1.3.6.1.4.1.14519.5.2.1.6279.6001.334517907433161353885866806005,Nodule 002,1018.22,19.44,15.76,17.6,0.7025,0.8106,0.5659,0.6843,2.3187,0.2284,35.0,60.0,-60.0,110.0,0.12,0.88,0.0,0.616,10.62,solid,1
1.3.6.1.4.1.14519.5.2.1.6279.6001.334517907433161353885866806005,Nodule 009,49.98,8.05,6.23,7.14,0.8147,0.7736,0.3728,1.6114,0.3774,0.2387,35.0,60.0,-60.0,110.0,0.12,0.88,0.0,0.616,3.89,solid,0
1.3.6.1.4.1.14519.5.2.1.6279.6001.334517907433161353885866806005,8345,1071.38,19.01,16.63,17.82,0.6501,0.8751,0.8945,0.7269,3.9783,0.2733,35.0,60.0,-60.0,110.0,0.12,0.88,0.0,0.616,10.8,solid,1
1.3.6.1.4.1.14519.5.2.1.6279.6001.334517907433161353885866806005,8351,401.31,11.61,10.44,11.03,0.8405,0.8996,0.8615,0.78,0.2129,0.1001,35.0,60.0,-60.0,110.0,0.12,0.88,0.0,0.616,7.79,solid,1
1.3.6.1.4.1.14519.5.2.1.6279.6001.334517907433161353885866806005,8352,212.66,9.92,8.39,9.15,0.8398,0.8462,0.8068,0.9647,0.1711,0.1099,350.0,120.0,50.0,550.0,0.1,0.25,0.65,0.175,4.14,calcified,0
1.3.6.1.4.1.14519.5.2.1.6279.6001.334517907433161353885866806005,0,765.38,16.89,15.09,15.99,0.7555,0.8935,0.5329,0.6998,1.1795,0.1797,35.0,60.0,-60.0,110.0,0.12,0.88,0.0,0.616,9.66,solid,1
1.3.6.1.4.1.14519.5.2.1.6279.6001.334517907433161353885866806005,7,167.58,9.1,7.39,8.25,0.7973,0.8124,0.8792,1.1002,0.3364,0.165,350.0,120.0,50.0,550.0,0.1,0.25,0.65,0.175,3.83,calcified,0
1.3.6.1.4.1.14519.5.2.1.6279.6001.201890795870532056891161597218,51550,51.14,7.17,6.76,6.96,0.7252,0.9423,0.4357,1.7965,0.3547,0.2351,-220.0,140.0,-520.0,80.0,0.6,0.4,0.0,0.28,3.01,part_solid,0
1.3.6.1.4.1.14519.5.2.1.6279.6001.201890795870532056891161597218,51551,25.57,4.87,4.37,4.62,0.8453,0.8969,0.7693,1.9418,0.0431,0.111,350.0,120.0,50.0,550.0,0.1,0.25,0.65,0.175,2.04,calcified,0
1.3.6.1.4.1.14519.5.2.1.6279.6001.174692377730646477496286081479,77015,126.42,8.06,6.17,7.12,0.8008,0.7649,0.992,1.2033,0.2002,0.14,350.0,120.0,50.0,550.0,0.1,0.25,0.65,0.175,3.48,calcified,0
1.3.6.1.4.1.14519.5.2.1.6279.6001.174692377730646477496286081479,77013,492.45,14.29,10.88,12.59,0.7678,0.7614,0.6998,0.7976,1.3165,0.2258,35.0,60.0,-60.0,110.0,0.12,0.88,0.0,0.616,8.34,solid,1
1.3.6.1.4.1.14519.5.2.1.6279.6001.174692377730646477496286081479,1,60.76,6.78,6.29,6.53,0.8151,0.9264,0.5896,1.5092,0.0703,0.107,35.0,60.0,-60.0,110.0,0.12,0.88,0.0,0.616,4.15,solid,0
1.3.6.1.4.1.14519.5.2.1.6279.6001.174692377730646477496286081479,Nodule 001,624.75,16.18,14.56,15.37,0.8108,0.9004,0.4946,0.6977,1.6765,0.2274,35.0,60.0,-60.0,110.0,0.12,0.88,0.0,0.616,9.02,solid,1
1.3.6.1.4.1.14519.5.2.1.6279.6001.174692377730646477496286081479,70769,395.92,14.58,12.15,13.37,0.7518,0.8332,0.5486,0.8761,2.1299,0.2914,35.0,60.0,-60.0,110.0,0.12,0.88,0.0,0.616,7.75,solid,1
1.3.6.1.4.1.14519.5.2.1.6279.6001.241570579760883349458693655367,74033,111.96,8.87,6.93,7.9,0.8273,0.781,0.6765,1.2128,0.3348,0.1843,35.0,60.0,-60.0,110.0,0.12,0.88,0.0,0.616,5.09,solid,0
1.3.6.1.4.1.14519.5.2.1.6279.6001.241570579760883349458693655367,Nodule 002,165.62,9.73,8.27,9.0,0.8518,0.8504,0.6166,1.0338,0.2138,0.1316,35.0,60.0,-60.0,110.0,0.12,0.88,0.0,0.616,5.8,solid,1
1.3.6.1.4.1.14519.5.2.1.6279.6001.241570579760883349458693655367,0,138.91,9.22,7.07,8.14,0.7688,0.7668,0.7593,1.2145,0.4919,0.2079,35.0,60.0,-60.0,110.0,0.12,0.88,0.0,0.616,5.47,solid,0
1.3.6.1.4.1.14519.5.2.1.6279.6001.301582691063019848479942618641,Nodule 002,422.47,15.12,12.11,13.61,0.8194,0.8009,0.4961,0.7865,1.3308,0.2271,35.0,60.0,-60.0,110.0,0.12,0.88,0.0,0.616,7.92,solid,1
1.3.6.1.4.1.14519.5.2.1.6279.6001.301582691063019848479942618641,6,290.78,12.97,10.23,11.6,0.8117,0.7893,0.5302,0.8993,0.9874,0.2255,35.0,60.0,-60.0,110.0,0.12,0.88,0.0,0.616,6.99,solid,0
1.3.6.1.4.1.14519.5.2.1.6279.6001.301582691063019848479942618641,58006,476.22,16.38,13.21,14.79,0.8134,0.8064,0.4579,0.7613,1.8138,0.2477,35.0,60.0,-60.0,110.0,0.12,0.88,0.0,0.616,8.24,solid,1
1.3.6.1.4.1.14519.5.2.1.6279.6001.301582691063019848479942618641,78516,1177.53,30.41,15.59,23.0,0.5467,0.5128,0.4522,0.8377,13.2824,0.4301,35.0,60.0,-60.0,110.0,0.12,0.88,0.0,0.616,11.15,solid,0
1.3.6.1.4.1.14519.5.2.1.6279.6001.301582691063019848479942618641,52270,412.21,15.11,12.57,13.84,0.7882,0.8318,0.455,0.8244,1.3858,0.2295,35.0,60.0,-60.0,110.0,0.12,0.88,0.0,0.616,7.86,solid,1
1.3.6.1.4.1.14519.5.2.1.6279.6001.218476624578721885561483687176,55617,158.94,8.68,6.98,7.83,0.8422,0.8043,0.8645,1.0601,0.1674,0.1212,35.0,60.0,-60.0,110.0,0.12,0.88,0.0,0.616,5.72,solid,0
1.3.6.1.4.1.14519.5.2.1.6279.6001.218476624578721885561483687176,55621,99.53,7.88,6.97,7.42,0.8419,0.8851,0.6348,1.2395,0.0911,0.1034,350.0,120.0,50.0,550.0,0.1,0.25,0.65,0.175,3.22,calcified,0
1.3.6.1.4.1.14519.5.2.1.6279.6001.218476624578721885561483687176,55623,61.56,7.22,6.34,6.78,0.8376,0.8777,0.5194,1.4623,0.1468,0.1497,35.0,60.0,-60.0,110.0,0.12,0.88,0.0,0.616,4.17,solid,0
1.3.6.1.4.1.14519.5.2.1.6279.6001.218476624578721885561483687176,Nodule 001,113.01,8.16,6.32,7.24,0.805,0.7748,0.7657,1.2426,0.3003,0.181,35.0,60.0,-60.0,110.0,0.12,0.88,0.0,0.616,5.1,solid,0
1.3.6.1.4.1.14519.5.2.1.6279.6001.218476624578721885561483687176,Nodule 003,74.11,8.01,7.06,7.53,0.8326,0.8808,0.4681,1.3827,0.2353,0.1734,350.0,120.0,50.0,550.0,0.1,0.25,0.65,0.175,2.92,calcified,0
1.3.6.1.4.1.14519.5.2.1.6279.6001.218476624578721885561483687176,Nodule 002,37.36,5.87,5.63,5.75,0.8052,0.9601,0.6391,1.7966,0.3479,0.2698,35.0,60.0,-60.0,110.0,0.12,0.88,0.0,0.616,3.53,solid,0
1.3.6.1.4.1.14519.5.2.1.6279.6001.218476624578721885561483687176,0,86.06,7.66,5.36,6.51,0.7826,0.6996,0.8156,1.3997,0.2346,0.1733,35.0,60.0,-60.0,110.0,0.12,0.88,0.0,0.616,4.66,solid,0
1.3.6.1.4.1.14519.5.2.1.6279.6001.218476624578721885561483687176,3,68.6,7.09,5.26,6.18,0.7937,0.7421,0.8813,1.4883,0.1484,0.147,350.0,120.0,50.0,550.0,0.1,0.25,0.65,0.175,2.84,calcified,0
1.3.6.1.4.1.14519.5.2.1.6279.6001.218476624578721885561483687176,72276,92.79,8.54,7.88,8.21,0.8276,0.9234,0.4392,1.2908,0.1142,0.1112,350.0,120.0,50.0,550.0,0.1,0.25,0.65,0.175,3.14,calcified,0
1.3.6.1.4.1.14519.5.2.1.6279.6001.188619674701053082195613114069,65813,380.97,12.39,11.27,11.83,0.8522,0.9092,0.6456,0.7827,0.1722,0.0894,35.0,60.0,-60.0,110.0,0.12,0.88,0.0,0.616,7.65,solid,1
1.3.6.1.4.1.14519.5.2.1.6279.6001.188619674701053082195613114069,65808,1204.91,18.96,12.66,15.81,0.677,0.6677,0.9494,0.6713,3.0059,0.2411,35.0,60.0,-60.0,110.0,0.12,0.88,0.0,0.616,11.23,solid,1
1.3.6.1.4.1.14519.5.2.1.6279.6001.188619674701053082195613114069,65816,130.09,8.21,7.11,7.66,0.758,0.8667,0.8529,1.2591,0.5472,0.226,35.0,60.0,-60.0,110.0,0.12,0.88,0.0,0.616,5.35,solid,0
1.3.6.1.4.1.14519.5.2.1.6279.6001.188619674701053082195613114069,Nodule 002,1045.66,16.77,12.95,14.86,0.7869,0.7724,0.8946,0.6055,1.685,0.1999,35.0,60.0,-60.0,110.0,0.12,0.88,0.0,0.616,10.71,solid,1
1.3.6.1.4.1.14519.5.2.1.6279.6001.188619674701053082195613114069,Nodule 001,343.24,13.01,10.82,11.92,0.8319,0.8317,0.5379,0.8303,0.4379,0.1449,35.0,60.0,-60.0,110.0,0.12,0.88,0.0,0.616,7.39,solid,1
1.3.6.1.4.1.14519.5.2.1.6279.6001.188619674701053082195613114069,14267,215.11,10.04,8.97,9.51,0.8366,0.8936,0.6973,0.9647,0.1419,0.0989,35.0,60.0,-60.0,110.0,0.12,0.88,0.0,0.616,6.33,solid,1
1.3.6.1.4.1.14519.5.2.1.6279.6001.188619674701053082195613114069,14262,815.6,15.49,11.91,13.7,0.7089,0.7689,1.0,0.7301,2.8506,0.2627,35.0,60.0,-60.0,110.0,0.12,0.88,0.0,0.616,9.86,solid,1
1.3.6.1.4.1.14519.5.2.1.6279.6001.188619674701053082195613114069,0,237.4,10.43,9.47,9.95,0.8253,0.9073,0.671,0.9464,0.1973,0.1132,35.0,60.0,-60.0,110.0,0.12,0.88,0.0,0.616,6.54,solid,0
1.3.6.1.4.1.14519.5.2.1.6279.6001.188619674701053082195613114069,3,705.84,14.03,10.53,12.28,0.7251,0.7505,1.0,0.749,1.88,0.2318,35.0,60.0,-60.0,110.0,0.12,0.88,0.0,0.616,9.4,solid,0
1.3.6.1.4.1.14519.5.2.1.6279.6001.190298296009658115773239776160,IL057_85612,175.48,10.42,8.28,9.35,0.8232,0.7953,0.6001,1.0493,0.2871,0.1478,35.0,60.0,-60.0,110.0,0.12,0.88,0.0,0.616,5.91,solid,1
1.3.6.1.4.1.14519.5.2.1.6279.6001.167237290696350215427953159586,Nodule 001,663.95,16.97,14.3,15.64,0.8265,0.8426,0.4419,0.6707,0.7817,0.1516,35.0,60.0,-60.0,110.0,0.12,0.88,0.0,0.616,9.21,solid,1
1.3.6.1.4.1.14519.5.2.1.6279.6001.167237290696350215427953159586,Nodule 002,4337.42,27.55,24.28,25.91,0.8029,0.8814,0.7261,0.3694,3.5879,0.1823,35.0,60.0,-60.0,110.0,0.12,0.88,0.0,0.616,17.22,solid,1
1.3.6.1.4.1.14519.5.2.1.6279.6001.167237290696350215427953159586,IL057_196088,4345.07,27.93,24.8,26.36,0.794,0.8877,0.7608,0.3733,4.2284,0.1948,35.0,60.0,-60.0,110.0,0.12,0.88,0.0,0.616,17.23,solid,1
1.3.6.1.4.1.14519.5.2.1.6279.6001.167237290696350215427953159586,5316,4560.37,28.9,24.98,26.94,0.748,0.8643,0.7352,0.3899,4.1703,0.1908,35.0,60.0,-60.0,110.0,0.12,0.88,0.0,0.616,17.51,solid,1
1.3.6.1.4.1.14519.5.2.1.6279.6001.167237290696350215427953159586,5334,342.39,15.94,15.64,15.79,0.7315,0.9814,0.2353,0.945,0.4197,0.1154,35.0,60.0,-60.0,110.0,0.12,0.88,0.0,0.616,7.39,solid,1
1.3.6.1.4.1.14519.5.2.1.6279.6001.167237290696350215427953159586,03561,6401.54,31.39,27.14,29.26,0.8125,0.8645,0.8762,0.3206,7.8077,0.229,35.0,60.0,-60.0,110.0,0.12,0.88,0.0,0.616,19.6,solid,1
1.3.6.1.4.1.14519.5.2.1.6279.6001.167237290696350215427953159586,03565,964.69,16.84,16.82,16.83,0.8286,0.9985,0.5938,0.5907,1.3168,0.1782,350.0,120.0,50.0,550.0,0.1,0.25,0.65,0.175,6.86,calcified,0
1.3.6.1.4.1.14519.5.2.1.6279.6001.199670099218798685977406484591,Nodule 014,580.04,16.29,13.11,14.7,0.7555,0.8048,0.6138,0.7675,2.9041,0.3023,35.0,60.0,-60.0,110.0,0.12,0.88,0.0,0.616,8.8,solid,1
1.3.6.1.4.1.14519.5.2.1.6279.6001.199670099218798685977406484591,Nodule 003,37.06,8.51,5.13,6.82,0.764,0.6022,0.2937,1.8986,0.5094,0.294,35.0,60.0,-60.0,110.0,0.12,0.88,0.0,0.616,3.52,solid,0
1.3.6.1.4.1.14519.5.2.1.6279.6001.199670099218798685977406484591,Nodule 013,143.63,9.86,8.66,9.26,0.8345,0.8791,0.5074,1.1066,0.5627,0.2166,35.0,60.0,-60.0,110.0,0.12,0.88,0.0,0.616,5.53,solid,1
1.3.6.1.4.1.14519.5.2.1.6279.6001.199670099218798685977406484591,4771,377.61,18.19,13.04,15.62,0.7441,0.7173,0.2749,0.8992,2.597,0.2927,35.0,60.0,-60.0,110.0,0.12,0.88,0.0,0.616,7.63,solid,1
1.3.6.1.4.1.14519.5.2.1.6279.6001.199670099218798685977406484591,7116,78.4,8.56,5.15,6.86,0.789,0.6013,0.8757,1.4321,0.5765,0.2513,-580.0,75.0,-680.0,-450.0,0.95,0.05,0.0,0.035,1.74,pure_ggn,0
1.3.6.1.4.1.14519.5.2.1.6279.6001.199670099218798685977406484591,IL057_70120,324.32,14.68,11.72,13.2,0.6594,0.7983,0.7663,1.0674,3.6549,0.3722,35.0,60.0,-60.0,110.0,0.12,0.88,0.0,0.616,7.25,solid,1
1.3.6.1.4.1.14519.5.2.1.6279.6001.199670099218798685977406484591,0698,57.27,6.76,4.71,5.73,0.7725,0.6966,0.9249,1.6241,0.456,0.2602,-220.0,140.0,-520.0,80.0,0.6,0.4,0.0,0.28,3.13,part_solid,0
1.3.6.1.4.1.14519.5.2.1.6279.6001.199670099218798685977406484591,0689,141.18,9.29,8.94,9.12,0.8489,0.9625,0.5383,1.094,0.4489,0.1959,35.0,60.0,-60.0,110.0,0.12,0.88,0.0,0.616,5.5,solid,0
1.3.6.1.4.1.14519.5.2.1.6279.6001.199670099218798685977406484591,0701,48.39,6.45,5.95,6.2,0.8474,0.9221,0.5814,1.5661,0.1284,0.1524,-220.0,140.0,-520.0,80.0,0.6,0.4,0.0,0.28,2.96,part_solid,0
1.3.6.1.4.1.14519.5.2.1.6279.6001.146429221666426688999739595820,0,104.86,7.08,6.68,6.88,0.8067,0.9438,0.9884,1.2713,0.1641,0.1359,35.0,60.0,-60.0,110.0,0.12,0.88,0.0,0.616,4.98,solid,0
1.3.6.1.4.1.14519.5.2.1.6279.6001.226383054119800793308721198594,69640,3445.19,35.57,19.37,27.47,0.6662,0.5445,0.5904,0.4806,15.3727,0.3658,-220.0,140.0,-520.0,80.0,0.6,0.4,0.0,0.28,12.26,part_solid,1
1.3.6.1.4.1.14519.5.2.1.6279.6001.226383054119800793308721198594,Nodule 003,49.98,7.06,5.08,6.07,0.8274,0.7198,0.5664,1.5868,0.2555,0.2125,35.0,60.0,-60.0,110.0,0.12,0.88,0.0,0.616,3.89,solid,0
1.3.6.1.4.1.14519.5.2.1.6279.6001.226383054119800793308721198594,Nodule 001,2246.16,24.6,18.94,21.77,0.782,0.7697,0.6097,0.4722,2.7646,0.1952,-220.0,140.0,-520.0,80.0,0.6,0.4,0.0,0.28,10.63,part_solid,1
1.3.6.1.4.1.14519.5.2.1.6279.6001.627998298349675613581885874395,114966,365.98,14.24,13.11,13.68,0.8274,0.9206,0.3932,0.8171,0.6514,0.1618,35.0,60.0,-60.0,110.0,0.12,0.88,0.0,0.616,7.55,solid,1
1.3.6.1.4.1.14519.5.2.1.6279.6001.627998298349675613581885874395,75275,357.23,14.61,12.81,13.71,0.8157,0.8772,0.3833,0.8355,0.8719,0.1875,35.0,60.0,-60.0,110.0,0.12,0.88,0.0,0.616,7.49,solid,1
1.3.6.1.4.1.14519.5.2.1.6279.6001.627998298349675613581885874395,15974,227.41,12.33,10.3,11.32,0.8207,0.8354,0.454,0.9654,0.6357,0.1907,35.0,60.0,-60.0,110.0,0.12,0.88,0.0,0.616,6.44,solid,1
1.3.6.1.4.1.14519.5.2.1.6279.6001.776800177074349870648765614630,Nodule 001,58.8,9.29,8.5,8.89,0.7324,0.9151,0.2154,1.6979,0.08,0.092,-220.0,140.0,-520.0,80.0,0.6,0.4,0.0,0.28,3.16,part_solid,0
1.3.6.1.4.1.14519.5.2.1.6279.6001.776800177074349870648765614630,19649,57.82,9.99,8.06,9.03,0.7019,0.8072,0.2002,1.7817,0.2822,0.1714,-220.0,140.0,-520.0,80.0,0.6,0.4,0.0,0.28,3.14,part_solid,0
1.3.6.1.4.1.14519.5.2.1.6279.6001.299476369290630280560355838785,Nodule 001,39.81,7.02,6.58,6.8,0.7987,0.9376,0.3564,1.7733,0.1429,0.156,35.0,60.0,-60.0,110.0,0.12,0.88,0.0,0.616,3.6,solid,0
1.3.6.1.4.1.14519.5.2.1.6279.6001.299476369290630280560355838785,Nodule 003,85.75,9.19,7.17,8.18,0.7979,0.781,0.4082,1.3744,0.3938,0.2091,35.0,60.0,-60.0,110.0,0.12,0.88,0.0,0.616,4.66,solid,1
1.3.6.1.4.1.14519.5.2.1.6279.6001.299476369290630280560355838785,5749,73.81,9.5,7.02,8.26,0.7528,0.7391,0.3949,1.5314,0.6324,0.2675,35.0,60.0,-60.0,110.0,0.12,0.88,0.0,0.616,4.43,solid,1
1.3.6.1.4.1.14519.5.2.1.6279.6001.299476369290630280560355838785,5756,52.67,7.32,5.87,6.6,0.8301,0.8026,0.5124,1.5542,0.3328,0.2335,35.0,60.0,-60.0,110.0,0.12,0.88,0.0,0.616,3.96,solid,1
1.3.6.1.4.1.14519.5.2.1.6279.6001.299476369290630280560355838785,5765,27.87,6.3,2.98,4.64,0.6934,0.4725,0.7933,2.3004,0.3178,0.2688,35.0,60.0,-60.0,110.0,0.12,0.88,0.0,0.616,3.2,solid,1
1.3.6.1.4.1.14519.5.2.1.6279.6001.299476369290630280560355838785,5772,26.03,7.43,5.08,6.26,0.6605,0.6838,0.3364,2.4705,0.4325,0.2971,-220.0,140.0,-520.0,80.0,0.6,0.4,0.0,0.28,2.41,part_solid,1
1.3.6.1.4.1.14519.5.2.1.6279.6001.927394449308471452920270961822,13041,511.8,15.4,12.93,14.16,0.7344,0.8397,0.5195,0.8233,1.7424,0.2472,35.0,60.0,-60.0,110.0,0.12,0.88,0.0,0.616,8.44,solid,0
1.3.6.1.4.1.14519.5.2.1.6279.6001.927394449308471452920270961822,Nodule 001,199.43,12.8,10.89,11.84,0.7874,0.8511,0.3126,1.0513,0.7833,0.2087,-220.0,140.0,-520.0,80.0,0.6,0.4,0.0,0.28,4.74,part_solid,1
1.3.6.1.4.1.14519.5.2.1.6279.6001.171919524048654494439256263785,Nodule 003,83.91,9.54,5.66,7.6,0.7879,0.5932,0.5242,1.4019,0.6403,0.2773,35.0,60.0,-60.0,110.0,0.12,0.88,0.0,0.616,4.62,solid,0
1.3.6.1.4.1.14519.5.2.1.6279.6001.281489753704424911132261151767,1,292.62,12.53,8.09,10.31,0.7287,0.6458,0.7483,0.9996,1.469,0.2754,35.0,60.0,-60.0,110.0,0.12,0.88,0.0,0.616,7.01,solid,0
1.3.6.1.4.1.14519.5.2.1.6279.6001.281489753704424911132261151767,Nodule 001,142.25,9.49,7.21,8.35,0.81,0.7601,0.6589,1.1436,0.4988,0.2103,35.0,60.0,-60.0,110.0,0.12,0.88,0.0,0.616,5.51,solid,1
1.3.6.1.4.1.14519.5.2.1.6279.6001.162901839201654862079549658100,22090,97.9,7.43,6.83,7.13,0.8429,0.9194,0.7269,1.2448,0.0921,0.1064,350.0,120.0,50.0,550.0,0.1,0.25,0.65,0.175,3.2,calcified,0
1.3.6.1.4.1.14519.5.2.1.6279.6001.210353683590129128335470610043,80506,1255.38,15.41,14.23,14.82,0.833,0.9237,1.0,0.5381,0.5781,0.1127,35.0,60.0,-60.0,110.0,0.12,0.88,0.0,0.616,11.39,solid,1
1.3.6.1.4.1.14519.5.2.1.6279.6001.210353683590129128335470610043,16595,1216.42,18.55,15.02,16.78,0.7807,0.8094,0.6468,0.5803,0.8197,0.1346,35.0,60.0,-60.0,110.0,0.12,0.88,0.0,0.616,11.27,solid,1
1.3.6.1.4.1.14519.5.2.1.6279.6001.210353683590129128335470610043,1,1324.47,15.18,13.93,14.56,0.7931,0.9177,1.0,0.5552,0.7802,0.1291,35.0,60.0,-60.0,110.0,0.12,0.88,0.0,0.616,11.59,solid,0
1.3.6.1.4.1.14519.5.2.1.6279.6001.125124219978170516876304987559,Nodule 004,86.97,11.36,7.37,9.36,0.7584,0.649,0.2642,1.4392,0.6366,0.2376,35.0,60.0,-60.0,110.0,0.12,0.88,0.0,0.616,4.68,solid,0
1.3.6.1.4.1.14519.5.2.1.6279.6001.125124219978170516876304987559,Nodule 005,68.11,8.31,6.1,7.21,0.798,0.7346,0.4814,1.484,0.3703,0.2234,35.0,60.0,-60.0,110.0,0.12,0.88,0.0,0.616,4.31,solid,0
1.3.6.1.4.1.14519.5.2.1.6279.6001.125124219978170516876304987559,Nodule 002,35.03,6.87,4.84,5.86,0.7978,0.7049,0.4367,1.8526,0.1991,0.2048,35.0,60.0,-60.0,110.0,0.12,0.88,0.0,0.616,3.45,solid,0
1.3.6.1.4.1.14519.5.2.1.6279.6001.125124219978170516876304987559,Nodule 009,666.15,17.31,11.91,14.61,0.7324,0.6878,0.5777,0.756,2.1065,0.2563,-220.0,140.0,-520.0,80.0,0.6,0.4,0.0,0.28,7.09,part_solid,1
1.3.6.1.4.1.14519.5.2.1.6279.6001.125124219978170516876304987559,IL057_196732,1124.3,16.94,13.26,15.1,0.6534,0.7826,0.7082,0.7117,1.5905,0.1978,-580.0,75.0,-680.0,-450.0,0.95,0.05,0.0,0.035,4.22,pure_ggn,1
1.3.6.1.4.1.14519.5.2.1.6279.6001.125124219978170516876304987559,IL057_196744,41.65,5.98,5.68,5.83,0.857,0.9489,0.6687,1.6279,0.1157,0.1512,35.0,60.0,-60.0,110.0,0.12,0.88,0.0,0.616,3.66,solid,0
1.3.6.1.4.1.14519.5.2.1.6279.6001.125124219978170516876304987559,IL057_203502,46.06,7.52,5.86,6.69,0.7915,0.7791,0.3989,1.7044,0.2475,0.2041,35.0,60.0,-60.0,110.0,0.12,0.88,0.0,0.616,3.78,solid,0
1.3.6.1.4.1.14519.5.2.1.6279.6001.125124219978170516876304987559,10,783.26,16.05,12.81,14.43,0.7601,0.7979,0.6854,0.6902,1.0747,0.178,-580.0,75.0,-680.0,-450.0,0.95,0.05,0.0,0.035,3.74,pure_ggn,0
1.3.6.1.4.1.14519.5.2.1.6279.6001.227796349777753378641347819780,57684,87.29,7.55,6.24,6.9,0.8142,0.8262,0.7414,1.3389,0.1503,0.1375,35.0,60.0,-60.0,110.0,0.12,0.88,0.0,0.616,4.68,solid,0
1.3.6.1.4.1.14519.5.2.1.6279.6001.227796349777753378641347819780,57681,90.38,9.45,7.2,8.32,0.8229,0.7619,0.5185,1.3096,0.6172,0.2535,35.0,60.0,-60.0,110.0,0.12,0.88,0.0,0.616,4.74,solid,0
1.3.6.1.4.1.14519.5.2.1.6279.6001.227796349777753378641347819780,57675,198.94,9.07,8.09,8.58,0.8195,0.892,0.9263,1.0109,0.254,0.1369,35.0,60.0,-60.0,110.0,0.12,0.88,0.0,0.616,6.16,solid,0
1.3.6.1.4.1.14519.5.2.1.6279.6001.227796349777753378641347819780,57679,161.9,8.57,7.44,8.0,0.8307,0.8678,0.8984,1.0681,0.3039,0.1605,35.0,60.0,-60.0,110.0,0.12,0.88,0.0,0.616,5.75,solid,0
1.3.6.1.4.1.14519.5.2.1.6279.6001.227796349777753378641347819780,40910,29.67,8.37,6.97,7.67,0.6861,0.8326,0.1673,2.2767,0.1585,0.1484,35.0,60.0,-60.0,110.0,0.12,0.88,0.0,0.616,3.27,solid,0
1.3.6.1.4.1.14519.5.2.1.6279.6001.227796349777753378641347819780,40906,26.75,7.33,5.38,6.36,0.7887,0.7341,0.2863,2.0502,0.3477,0.2626,35.0,60.0,-60.0,110.0,0.12,0.88,0.0,0.616,3.16,solid,0
1.3.6.1.4.1.14519.5.2.1.6279.6001.227796349777753378641347819780,40916,189.34,9.45,8.74,9.1,0.836,0.9255,0.7409,1.0074,0.3209,0.1553,35.0,60.0,-60.0,110.0,0.12,0.88,0.0,0.616,6.06,solid,1
1.3.6.1.4.1.14519.5.2.1.6279.6001.227796349777753378641347819780,40954,42.02,6.69,5.77,6.23,0.8181,0.8622,0.5234,1.7004,0.2363,0.208,350.0,120.0,50.0,550.0,0.1,0.25,0.65,0.175,2.41,calcified,0
1.3.6.1.4.1.14519.5.2.1.6279.6001.227796349777753378641347819780,3,34.64,7.56,5.21,6.39,0.7595,0.6899,0.3704,1.9533,0.3576,0.2565,35.0,60.0,-60.0,110.0,0.12,0.88,0.0,0.616,3.44,solid,0
1.3.6.1.4.1.14519.5.2.1.6279.6001.227796349777753378641347819780,4,152.63,8.3,7.25,7.77,0.7865,0.8745,0.9282,1.1505,0.3301,0.1701,35.0,60.0,-60.0,110.0,0.12,0.88,0.0,0.616,5.64,solid,0
1.3.6.1.4.1.14519.5.2.1.6279.6001.227796349777753378641347819780,6,44.93,5.72,5.41,5.56,0.8151,0.946,0.8574,1.6688,0.0967,0.1364,35.0,60.0,-60.0,110.0,0.12,0.88,0.0,0.616,3.75,solid,0
1.3.6.1.4.1.14519.5.2.1.6279.6001.227796349777753378641347819780,12,95.87,8.32,7.68,8.0,0.8243,0.9227,0.5889,1.2819,0.2636,0.1689,35.0,60.0,-60.0,110.0,0.12,0.88,0.0,0.616,4.83,solid,0
1.3.6.1.4.1.14519.5.2.1.6279.6001.227796349777753378641347819780,14,41.85,7.37,6.62,7.0,0.7935,0.8981,0.3798,1.7554,0.3511,0.2378,35.0,60.0,-60.0,110.0,0.12,0.88,0.0,0.616,3.67,solid,0
1.3.6.1.4.1.14519.5.2.1.6279.6001.227796349777753378641347819780,17,171.33,9.08,7.3,8.19,0.7745,0.8037,1.0,1.1242,0.5058,0.1962,35.0,60.0,-60.0,110.0,0.12,0.88,0.0,0.616,5.86,solid,0
1.3.6.1.4.1.14519.5.2.1.6279.6001.153646219551578201092527860224,0,124.46,10.78,8.88,9.83,0.7944,0.8233,0.3709,1.2192,0.6865,0.2368,-580.0,75.0,-680.0,-450.0,0.95,0.05,0.0,0.035,2.03,pure_ggn,0
1.3.6.1.4.1.14519.5.2.1.6279.6001.153646219551578201092527860224,157143,118.09,9.22,7.1,8.16,0.81,0.7695,0.6506,1.2169,0.4841,0.2175,-220.0,140.0,-520.0,80.0,0.6,0.4,0.0,0.28,3.98,part_solid,0
1.3.6.1.4.1.14519.5.2.1.6279.6001.153646219551578201092527860224,Nodule 001,242.55,12.87,9.88,11.38,0.8357,0.7677,0.4662,0.9279,0.9204,0.2276,35.0,60.0,-60.0,110.0,0.12,0.88,0.0,0.616,6.58,solid,0
1.3.6.1.4.1.14519.5.2.1.6279.6001.153646219551578201092527860224,201255,157.29,10.99,9.2,10.1,0.882,0.8376,0.546,1.0157,0.5048,0.1918,35.0,60.0,-60.0,110.0,0.12,0.88,0.0,0.616,5.7,solid,0
1.3.6.1.4.1.14519.5.2.1.6279.6001.153646219551578201092527860224,0,124.46,10.78,8.88,9.83,0.7944,0.8233,0.3709,1.2192,0.6865,0.2368,-580.0,75.0,-680.0,-450.0,0.95,0.05,0.0,0.035,2.03,pure_ggn,0
1.3.6.1.4.1.14519.5.2.1.6279.6001.153646219551578201092527860224,157143,118.09,9.22,7.1,8.16,0.81,0.7695,0.6506,1.2169,0.4841,0.2175,-220.0,140.0,-520.0,80.0,0.6,0.4,0.0,0.28,3.98,part_solid,0
1.3.6.1.4.1.14519.5.2.1.6279.6001.153646219551578201092527860224,Nodule 001,242.55,12.87,9.88,11.38,0.8357,0.7677,0.4662,0.9279,0.9204,0.2276,35.0,60.0,-60.0,110.0,0.12,0.88,0.0,0.616,6.58,solid,0
1.3.6.1.4.1.14519.5.2.1.6279.6001.153646219551578201092527860224,201255,157.29,10.99,9.2,10.1,0.882,0.8376,0.546,1.0157,0.5048,0.1918,35.0,60.0,-60.0,110.0,0.12,0.88,0.0,0.616,5.7,solid,0
1.3.6.1.4.1.14519.5.2.1.6279.6001.153646219551578201092527860224,0,124.46,10.78,8.88,9.83,0.7944,0.8233,0.3709,1.2192,0.6865,0.2368,-580.0,75.0,-680.0,-450.0,0.95,0.05,0.0,0.035,2.03,pure_ggn,0
1.3.6.1.4.1.14519.5.2.1.6279.6001.153646219551578201092527860224,157143,118.09,9.22,7.1,8.16,0.81,0.7695,0.6506,1.2169,0.4841,0.2175,-220.0,140.0,-520.0,80.0,0.6,0.4,0.0,0.28,3.98,part_solid,0
1.3.6.1.4.1.14519.5.2.1.6279.6001.153646219551578201092527860224,Nodule 001,242.55,12.87,9.88,11.38,0.8357,0.7677,0.4662,0.9279,0.9204,0.2276,35.0,60.0,-60.0,110.0,0.12,0.88,0.0,0.616,6.58,solid,0
1.3.6.1.4.1.14519.5.2.1.6279.6001.153646219551578201092527860224,201255,157.29,10.99,9.2,10.1,0.882,0.8376,0.546,1.0157,0.5048,0.1918,35.0,60.0,-60.0,110.0,0.12,0.88,0.0,0.616,5.7,solid,0
1.3.6.1.4.1.14519.5.2.1.6279.6001.153646219551578201092527860224,0,124.46,10.78,8.88,9.83,0.7944,0.8233,0.3709,1.2192,0.6865,0.2368,-580.0,75.0,-680.0,-450.0,0.95,0.05,0.0,0.035,2.03,pure_ggn,0
1.3.6.1.4.1.14519.5.2.1.6279.6001.153646219551578201092527860224,157143,118.09,9.22,7.1,8.16,0.81,0.7695,0.6506,1.2169,0.4841,0.2175,-220.0,140.0,-520.0,80.0,0.6,0.4,0.0,0.28,3.98,part_solid,0
1.3.6.1.4.1.14519.5.2.1.6279.6001.153646219551578201092527860224,Nodule 001,242.55,12.87,9.88,11.38,0.8357,0.7677,0.4662,0.9279,0.9204,0.2276,35.0,60.0,-60.0,110.0,0.12,0.88,0.0,0.616,6.58,solid,0
1.3.6.1.4.1.14519.5.2.1.6279.6001.153646219551578201092527860224,201255,157.29,10.99,9.2,10.1,0.882,0.8376,0.546,1.0157,0.5048,0.1918,35.0,60.0,-60.0,110.0,0.12,0.88,0.0,0.616,5.7,solid,0
1.3.6.1.4.1.14519.5.2.1.6279.6001.153646219551578201092527860224,0,124.46,10.78,8.88,9.83,0.7944,0.8233,0.3709,1.2192,0.6865,0.2368,-580.0,75.0,-680.0,-450.0,0.95,0.05,0.0,0.035,2.03,pure_ggn,0
1.3.6.1.4.1.14519.5.2.1.6279.6001.153646219551578201092527860224,157143,118.09,9.22,7.1,8.16,0.81,0.7695,0.6506,1.2169,0.4841,0.2175,-220.0,140.0,-520.0,80.0,0.6,0.4,0.0,0.28,3.98,part_solid,0
1.3.6.1.4.1.14519.5.2.1.6279.6001.153646219551578201092527860224,Nodule 001,242.55,12.87,9.88,11.38,0.8357,0.7677,0.4662,0.9279,0.9204,0.2276,35.0,60.0,-60.0,110.0,0.12,0.88,0.0,0.616,6.58,solid,0
1.3.6.1.4.1.14519.5.2.1.6279.6001.153646219551578201092527860224,201255,157.29,10.99,9.2,10.1,0.882,0.8376,0.546,1.0157,0.5048,0.1918,35.0,60.0,-60.0,110.0,0.12,0.88,0.0,0.616,5.7,solid,0
1.3.6.1.4.1.14519.5.2.1.6279.6001.272123398257168239653655006815,1,1218.26,19.3,15.32,17.31,0.7936,0.7937,0.6476,0.5706,1.3661,0.1708,35.0,60.0,-60.0,110.0,0.12,0.88,0.0,0.616,11.27,solid,0
1.3.6.1.4.1.14519.5.2.1.6279.6001.272123398257168239653655006815,3,4123.35,27.03,21.1,24.06,0.8065,0.7805,0.74,0.3739,1.8259,0.135,35.0,60.0,-60.0,110.0,0.12,0.88,0.0,0.616,16.93,solid,1
1.3.6.1.4.1.14519.5.2.1.6279.6001.272123398257168239653655006815,162887,1749.3,21.49,18.8,20.15,0.806,0.8751,0.5817,0.498,1.4741,0.1568,35.0,60.0,-60.0,110.0,0.12,0.88,0.0,0.616,12.72,solid,1
1.3.6.1.4.1.14519.5.2.1.6279.6001.272123398257168239653655006815,162885,2559.02,22.36,17.68,20.02,0.7925,0.7908,0.8946,0.4461,1.6572,0.1497,35.0,60.0,-60.0,110.0,0.12,0.88,0.0,0.616,14.44,solid,1
1.3.6.1.4.1.14519.5.2.1.6279.6001.272123398257168239653655006815,167768,1291.15,18.66,15.88,17.27,0.8245,0.8511,0.6699,0.5386,0.848,0.1342,35.0,60.0,-60.0,110.0,0.12,0.88,0.0,0.616,11.5,solid,1
1.3.6.1.4.1.14519.5.2.1.6279.6001.272123398257168239653655006815,167761,3360.17,25.15,20.95,23.05,0.8146,0.8329,0.6958,0.3963,1.3858,0.1258,35.0,60.0,-60.0,110.0,0.12,0.88,0.0,0.616,15.81,solid,1
1.3.6.1.4.1.14519.5.2.1.6279.6001.272123398257168239653655006815,167765,1768.9,22.98,15.82,19.4,0.7299,0.6886,0.6527,0.5478,2.2155,0.1903,35.0,60.0,-60.0,110.0,0.12,0.88,0.0,0.616,12.77,solid,1
1.3.6.1.4.1.14519.5.2.1.6279.6001.272123398257168239653655006815,167770,61.25,7.02,6.08,6.55,0.7695,0.8661,0.7124,1.5943,0.3915,0.247,-580.0,75.0,-680.0,-450.0,0.95,0.05,0.0,0.035,1.6,pure_ggn,0
1.3.6.1.4.1.14519.5.2.1.6279.6001.272123398257168239653655006815,Nodule 003,2759.92,25.86,17.99,21.92,0.7653,0.6956,0.6767,0.4505,2.7984,0.1884,35.0,60.0,-60.0,110.0,0.12,0.88,0.0,0.616,14.81,solid,1
1.3.6.1.4.1.14519.5.2.1.6279.6001.272123398257168239653655006815,Nodule 002,1541.05,20.67,17.34,19.01,0.7852,0.8388,0.6046,0.5332,1.3969,0.1598,35.0,60.0,-60.0,110.0,0.12,0.88,0.0,0.616,12.19,solid,1
1.3.6.1.4.1.14519.5.2.1.6279.6001.272123398257168239653655006815,1,1218.26,19.3,15.32,17.31,0.7936,0.7937,0.6476,0.5706,1.3661,0.1708,35.0,60.0,-60.0,110.0,0.12,0.88,0.0,0.616,11.27,solid,0
1.3.6.1.4.1.14519.5.2.1.6279.6001.272123398257168239653655006815,3,4123.35,27.03,21.1,24.06,0.8065,0.7805,0.74,0.3739,1.8259,0.135,35.0,60.0,-60.0,110.0,0.12,0.88,0.0,0.616,16.93,solid,1
1.3.6.1.4.1.14519.5.2.1.6279.6001.272123398257168239653655006815,162887,1749.3,21.49,18.8,20.15,0.806,0.8751,0.5817,0.498,1.4741,0.1568,35.0,60.0,-60.0,110.0,0.12,0.88,0.0,0.616,12.72,solid,1
1.3.6.1.4.1.14519.5.2.1.6279.6001.272123398257168239653655006815,162885,2559.02,22.36,17.68,20.02,0.7925,0.7908,0.8946,0.4461,1.6572,0.1497,35.0,60.0,-60.0,110.0,0.12,0.88,0.0,0.616,14.44,solid,1
1.3.6.1.4.1.14519.5.2.1.6279.6001.272123398257168239653655006815,167768,1291.15,18.66,15.88,17.27,0.8245,0.8511,0.6699,0.5386,0.848,0.1342,35.0,60.0,-60.0,110.0,0.12,0.88,0.0,0.616,11.5,solid,1
1.3.6.1.4.1.14519.5.2.1.6279.6001.272123398257168239653655006815,167761,3360.17,25.15,20.95,23.05,0.8146,0.8329,0.6958,0.3963,1.3858,0.1258,35.0,60.0,-60.0,110.0,0.12,0.88,0.0,0.616,15.81,solid,1
1.3.6.1.4.1.14519.5.2.1.6279.6001.272123398257168239653655006815,167765,1768.9,22.98,15.82,19.4,0.7299,0.6886,0.6527,0.5478,2.2155,0.1903,35.0,60.0,-60.0,110.0,0.12,0.88,0.0,0.616,12.77,solid,1
1.3.6.1.4.1.14519.5.2.1.6279.6001.272123398257168239653655006815,167770,61.25,7.02,6.08,6.55,0.7695,0.8661,0.7124,1.5943,0.3915,0.247,-580.0,75.0,-680.0,-450.0,0.95,0.05,0.0,0.035,1.6,pure_ggn,0
1.3.6.1.4.1.14519.5.2.1.6279.6001.272123398257168239653655006815,Nodule 003,2759.92,25.86,17.99,21.92,0.7653,0.6956,0.6767,0.4505,2.7984,0.1884,35.0,60.0,-60.0,110.0,0.12,0.88,0.0,0.616,14.81,solid,1
1.3.6.1.4.1.14519.5.2.1.6279.6001.272123398257168239653655006815,Nodule 002,1541.05,20.67,17.34,19.01,0.7852,0.8388,0.6046,0.5332,1.3969,0.1598,35.0,60.0,-60.0,110.0,0.12,0.88,0.0,0.616,12.19,solid,1
1.3.6.1.4.1.14519.5.2.1.6279.6001.272123398257168239653655006815,1,1218.26,19.3,15.32,17.31,0.7936,0.7937,0.6476,0.5706,1.3661,0.1708,35.0,60.0,-60.0,110.0,0.12,0.88,0.0,0.616,11.27,solid,0
1.3.6.1.4.1.14519.5.2.1.6279.6001.272123398257168239653655006815,3,4123.35,27.03,21.1,24.06,0.8065,0.7805,0.74,0.3739,1.8259,0.135,35.0,60.0,-60.0,110.0,0.12,0.88,0.0,0.616,16.93,solid,1
1.3.6.1.4.1.14519.5.2.1.6279.6001.272123398257168239653655006815,162887,1749.3,21.49,18.8,20.15,0.806,0.8751,0.5817,0.498,1.4741,0.1568,35.0,60.0,-60.0,110.0,0.12,0.88,0.0,0.616,12.72,solid,1
1.3.6.1.4.1.14519.5.2.1.6279.6001.272123398257168239653655006815,162885,2559.02,22.36,17.68,20.02,0.7925,0.7908,0.8946,0.4461,1.6572,0.1497,35.0,60.0,-60.0,110.0,0.12,0.88,0.0,0.616,14.44,solid,1
1.3.6.1.4.1.14519.5.2.1.6279.6001.272123398257168239653655006815,167768,1291.15,18.66,15.88,17.27,0.8245,0.8511,0.6699,0.5386,0.848,0.1342,35.0,60.0,-60.0,110.0,0.12,0.88,0.0,0.616,11.5,solid,1
1.3.6.1.4.1.14519.5.2.1.6279.6001.272123398257168239653655006815,167761,3360.17,25.15,20.95,23.05,0.8146,0.8329,0.6958,0.3963,1.3858,0.1258,35.0,60.0,-60.0,110.0,0.12,0.88,0.0,0.616,15.81,solid,1
1.3.6.1.4.1.14519.5.2.1.6279.6001.272123398257168239653655006815,167765,1768.9,22.98,15.82,19.4,0.7299,0.6886,0.6527,0.5478,2.2155,0.1903,35.0,60.0,-60.0,110.0,0.12,0.88,0.0,0.616,12.77,solid,1
1.3.6.1.4.1.14519.5.2.1.6279.6001.272123398257168239653655006815,167770,61.25,7.02,6.08,6.55,0.7695,0.8661,0.7124,1.5943,0.3915,0.247,-580.0,75.0,-680.0,-450.0,0.95,0.05,0.0,0.035,1.6,pure_ggn,0
1.3.6.1.4.1.14519.5.2.1.6279.6001.272123398257168239653655006815,Nodule 003,2759.92,25.86,17.99,21.92,0.7653,0.6956,0.6767,0.4505,2.7984,0.1884,35.0,60.0,-60.0,110.0,0.12,0.88,0.0,0.616,14.81,solid,1
1.3.6.1.4.1.14519.5.2.1.6279.6001.272123398257168239653655006815,Nodule 002,1541.05,20.67,17.34,19.01,0.7852,0.8388,0.6046,0.5332,1.3969,0.1598,35.0,60.0,-60.0,110.0,0.12,0.88,0.0,0.616,12.19,solid,1
1.3.6.1.4.1.14519.5.2.1.6279.6001.272123398257168239653655006815,1,1218.26,19.3,15.32,17.31,0.7936,0.7937,0.6476,0.5706,1.3661,0.1708,35.0,60.0,-60.0,110.0,0.12,0.88,0.0,0.616,11.27,solid,0
1.3.6.1.4.1.14519.5.2.1.6279.6001.272123398257168239653655006815,3,4123.35,27.03,21.1,24.06,0.8065,0.7805,0.74,0.3739,1.8259,0.135,35.0,60.0,-60.0,110.0,0.12,0.88,0.0,0.616,16.93,solid,1
1.3.6.1.4.1.14519.5.2.1.6279.6001.272123398257168239653655006815,162887,1749.3,21.49,18.8,20.15,0.806,0.8751,0.5817,0.498,1.4741,0.1568,35.0,60.0,-60.0,110.0,0.12,0.88,0.0,0.616,12.72,solid,1
1.3.6.1.4.1.14519.5.2.1.6279.6001.272123398257168239653655006815,162885,2559.02,22.36,17.68,20.02,0.7925,0.7908,0.8946,0.4461,1.6572,0.1497,35.0,60.0,-60.0,110.0,0.12,0.88,0.0,0.616,14.44,solid,1
1.3.6.1.4.1.14519.5.2.1.6279.6001.272123398257168239653655006815,167768,1291.15,18.66,15.88,17.27,0.8245,0.8511,0.6699,0.5386,0.848,0.1342,35.0,60.0,-60.0,110.0,0.12,0.88,0.0,0.616,11.5,solid,1
1.3.6.1.4.1.14519.5.2.1.6279.6001.272123398257168239653655006815,167761,3360.17,25.15,20.95,23.05,0.8146,0.8329,0.6958,0.3963,1.3858,0.1258,35.0,60.0,-60.0,110.0,0.12,0.88,0.0,0.616,15.81,solid,1
1.3.6.1.4.1.14519.5.2.1.6279.6001.272123398257168239653655006815,167765,1768.9,22.98,15.82,19.4,0.7299,0.6886,0.6527,0.5478,2.2155,0.1903,35.0,60.0,-60.0,110.0,0.12,0.88,0.0,0.616,12.77,solid,1
1.3.6.1.4.1.14519.5.2.1.6279.6001.272123398257168239653655006815,167770,61.25,7.02,6.08,6.55,0.7695,0.8661,0.7124,1.5943,0.3915,0.247,-580.0,75.0,-680.0,-450.0,0.95,0.05,0.0,0.035,1.6,pure_ggn,0
1.3.6.1.4.1.14519.5.2.1.6279.6001.272123398257168239653655006815,Nodule 003,2759.92,25.86,17.99,21.92,0.7653,0.6956,0.6767,0.4505,2.7984,0.1884,35.0,60.0,-60.0,110.0,0.12,0.88,0.0,0.616,14.81,solid,1
1.3.6.1.4.1.14519.5.2.1.6279.6001.272123398257168239653655006815,Nodule 002,1541.05,20.67,17.34,19.01,0.7852,0.8388,0.6046,0.5332,1.3969,0.1598,35.0,60.0,-60.0,110.0,0.12,0.88,0.0,0.616,12.19,solid,1
1.3.6.1.4.1.14519.5.2.1.6279.6001.550599855064600241623943717588,162810,62.47,9.49,6.99,8.24,0.7787,0.7367,0.2634,1.5651,0.3003,0.1869,35.0,60.0,-60.0,110.0,0.12,0.88,0.0,0.616,4.19,solid,0
1.3.6.1.4.1.14519.5.2.1.6279.6001.550599855064600241623943717588,Nodule 001,62.47,9.48,7.03,8.25,0.773,0.7412,0.2638,1.5767,0.3403,0.1992,35.0,60.0,-60.0,110.0,0.12,0.88,0.0,0.616,4.19,solid,0
1.3.6.1.4.1.14519.5.2.1.6279.6001.550599855064600241623943717588,162810,62.47,9.49,6.99,8.24,0.7787,0.7367,0.2634,1.5651,0.3003,0.1869,35.0,60.0,-60.0,110.0,0.12,0.88,0.0,0.616,4.19,solid,0
1.3.6.1.4.1.14519.5.2.1.6279.6001.550599855064600241623943717588,Nodule 001,62.47,9.48,7.03,8.25,0.773,0.7412,0.2638,1.5767,0.3403,0.1992,35.0,60.0,-60.0,110.0,0.12,0.88,0.0,0.616,4.19,solid,0
1.3.6.1.4.1.14519.5.2.1.6279.6001.550599855064600241623943717588,162810,62.47,9.49,6.99,8.24,0.7787,0.7367,0.2634,1.5651,0.3003,0.1869,35.0,60.0,-60.0,110.0,0.12,0.88,0.0,0.616,4.19,solid,0
1.3.6.1.4.1.14519.5.2.1.6279.6001.550599855064600241623943717588,Nodule 001,62.47,9.48,7.03,8.25,0.773,0.7412,0.2638,1.5767,0.3403,0.1992,35.0,60.0,-60.0,110.0,0.12,0.88,0.0,0.616,4.19,solid,0
1.3.6.1.4.1.14519.5.2.1.6279.6001.855232435861303786204450738044,0,10781.84,38.84,27.65,33.25,0.6565,0.7117,0.8367,0.3334,11.007,0.2296,35.0,60.0,-60.0,110.0,0.12,0.88,0.0,0.616,23.32,solid,0
1.3.6.1.4.1.14519.5.2.1.6279.6001.855232435861303786204450738044,0,10781.84,38.84,27.65,33.25,0.6565,0.7117,0.8367,0.3334,11.007,0.2296,35.0,60.0,-60.0,110.0,0.12,0.88,0.0,0.616,23.32,solid,0
1.3.6.1.4.1.14519.5.2.1.6279.6001.855232435861303786204450738044,0,10781.84,38.84,27.65,33.25,0.6565,0.7117,0.8367,0.3334,11.007,0.2296,35.0,60.0,-60.0,110.0,0.12,0.88,0.0,0.616,23.32,solid,0
1.3.6.1.4.1.14519.5.2.1.6279.6001.332510758903897288735539953182,80964,250.63,14.98,7.62,11.3,0.7575,0.5083,0.6007,1.0126,2.6094,0.3613,350.0,120.0,50.0,550.0,0.1,0.25,0.65,0.175,4.38,calcified,0
1.3.6.1.4.1.14519.5.2.1.6279.6001.332510758903897288735539953182,80973,106.57,7.59,6.4,6.99,0.8492,0.8425,0.7905,1.2011,0.0593,0.0851,350.0,120.0,50.0,550.0,0.1,0.25,0.65,0.175,3.29,calcified,0
1.3.6.1.4.1.14519.5.2.1.6279.6001.332510758903897288735539953182,15679,112.45,6.99,5.72,6.35,0.7763,0.8178,1.0,1.2906,0.3832,0.197,350.0,120.0,50.0,550.0,0.1,0.25,0.65,0.175,3.35,calcified,0
1.3.6.1.4.1.14519.5.2.1.6279.6001.332510758903897288735539953182,0,83.79,7.16,5.32,6.24,0.7676,0.7428,0.8382,1.4397,0.1647,0.1541,-220.0,140.0,-520.0,80.0,0.6,0.4,0.0,0.28,3.55,part_solid,0
1.3.6.1.4.1.14519.5.2.1.6279.6001.332510758903897288735539953182,1,108.78,7.54,6.6,7.07,0.7729,0.8759,0.7959,1.3107,0.1795,0.1482,35.0,60.0,-60.0,110.0,0.12,0.88,0.0,0.616,5.04,solid,0
1.3.6.1.4.1.14519.5.2.1.6279.6001.332510758903897288735539953182,3,185.22,8.55,6.88,7.72,0.7804,0.8047,1.0,1.0871,0.2934,0.1526,35.0,60.0,-60.0,110.0,0.12,0.88,0.0,0.616,6.02,solid,0
1.3.6.1.4.1.14519.5.2.1.6279.6001.332510758903897288735539953182,6,191.83,8.16,7.23,7.69,0.7597,0.8857,1.0,1.1037,0.3043,0.1555,35.0,60.0,-60.0,110.0,0.12,0.88,0.0,0.616,6.09,solid,0
1.3.6.1.4.1.14519.5.2.1.6279.6001.675543413149938600000570588203,Nodule 002,96.14,10.46,7.1,8.78,0.7746,0.6793,0.3443,1.3629,0.4668,0.2146,35.0,60.0,-60.0,110.0,0.12,0.88,0.0,0.616,4.84,solid,1
1.3.6.1.4.1.14519.5.2.1.6279.6001.675543413149938600000570588203,Nodule 003,7684.43,43.27,28.37,35.82,0.673,0.6557,0.4992,0.3642,14.5966,0.2836,35.0,60.0,-60.0,110.0,0.12,0.88,0.0,0.616,20.83,solid,1
1.3.6.1.4.1.14519.5.2.1.6279.6001.675543413149938600000570588203,IL057_85805,80.7,9.38,6.46,7.92,0.8059,0.6888,0.3836,1.3886,0.2206,0.1609,35.0,60.0,-60.0,110.0,0.12,0.88,0.0,0.616,4.56,solid,0
1.3.6.1.4.1.14519.5.2.1.6279.6001.675543413149938600000570588203,IL057_85802,4672.84,36.37,22.91,29.64,0.628,0.6299,0.5445,0.4606,12.7718,0.3167,35.0,60.0,-60.0,110.0,0.12,0.88,0.0,0.616,17.65,solid,1
1.3.6.1.4.1.14519.5.2.1.6279.6001.675543413149938600000570588203,MI014_16865,6801.98,45.76,27.09,36.42,0.713,0.5922,0.4327,0.358,18.0851,0.3107,35.0,60.0,-60.0,110.0,0.12,0.88,0.0,0.616,20.0,solid,1
1.3.6.1.4.1.14519.5.2.1.6279.6001.675543413149938600000570588203,MI014_18185,128.33,9.46,8.04,8.75,0.846,0.8503,0.5711,1.1332,0.2387,0.1474,35.0,60.0,-60.0,110.0,0.12,0.88,0.0,0.616,5.32,solid,0
1.3.6.1.4.1.14519.5.2.1.6279.6001.675543413149938600000570588203,0,67.47,8.71,6.23,7.47,0.7777,0.7147,0.4131,1.5274,0.2652,0.1873,35.0,60.0,-60.0,110.0,0.12,0.88,0.0,0.616,4.3,solid,0
1.3.6.1.4.1.14519.5.2.1.6279.6001.397062004302272014259317520874,Nodule 001,165.37,9.01,8.0,8.5,0.8306,0.8877,0.7771,1.0607,0.239,0.1412,35.0,60.0,-60.0,110.0,0.12,0.88,0.0,0.616,5.79,solid,1
1.3.6.1.4.1.14519.5.2.1.6279.6001.142485715518010940961688015191,Nodule 002,90.65,8.39,7.6,8.0,0.8131,0.9058,0.4766,1.324,0.2275,0.1601,35.0,60.0,-60.0,110.0,0.12,0.88,0.0,0.616,4.74,solid,0
1.3.6.1.4.1.14519.5.2.1.6279.6001.142485715518010940961688015191,Nodule 001,72.03,9.28,7.37,8.33,0.7981,0.7949,0.3234,1.4563,0.3138,0.1867,35.0,60.0,-60.0,110.0,0.12,0.88,0.0,0.616,4.39,solid,0
1.3.6.1.4.1.14519.5.2.1.6279.6001.142485715518010940961688015191,Nodule 007,143.57,9.02,8.62,8.82,0.8276,0.9555,0.6652,1.1159,0.5547,0.2186,35.0,60.0,-60.0,110.0,0.12,0.88,0.0,0.616,5.53,solid,0
1.3.6.1.4.1.14519.5.2.1.6279.6001.142485715518010940961688015191,IL057_167521,65.41,9.17,7.12,8.15,0.7606,0.7763,0.3271,1.5779,0.4897,0.241,35.0,60.0,-60.0,110.0,0.12,0.88,0.0,0.616,4.25,solid,0
1.3.6.1.4.1.14519.5.2.1.6279.6001.142485715518010940961688015191,IL057_168523,78.4,8.97,6.79,7.88,0.7974,0.7576,0.4461,1.4171,0.457,0.231,35.0,60.0,-60.0,110.0,0.12,0.88,0.0,0.616,4.52,solid,0
1.3.6.1.4.1.14519.5.2.1.6279.6001.142485715518010940961688015191,15,265.58,13.67,10.23,11.95,0.7924,0.7482,0.5122,0.9495,2.0225,0.3188,35.0,60.0,-60.0,110.0,0.12,0.88,0.0,0.616,6.79,solid,0
1.3.6.1.4.1.14519.5.2.1.6279.6001.141511313712034597336182402384,57005,3936.38,31.46,26.43,28.94,0.676,0.8401,0.5165,0.4531,6.583,0.2354,-220.0,140.0,-520.0,80.0,0.6,0.4,0.0,0.28,12.82,part_solid,1
1.3.6.1.4.1.14519.5.2.1.6279.6001.141511313712034597336182402384,57015,60.18,6.84,5.94,6.39,0.8509,0.868,0.6394,1.4503,0.1019,0.1276,35.0,60.0,-60.0,110.0,0.12,0.88,0.0,0.616,4.14,solid,0
1.3.6.1.4.1.14519.5.2.1.6279.6001.141511313712034597336182402384,Nodule 006,46.55,6.51,5.65,6.08,0.8448,0.8686,0.5763,1.5913,0.1236,0.1503,35.0,60.0,-60.0,110.0,0.12,0.88,0.0,0.616,3.8,solid,0
1.3.6.1.4.1.14519.5.2.1.6279.6001.141511313712034597336182402384,Nodule 005,3322.97,29.2,23.18,26.19,0.7594,0.7938,0.5992,0.4268,5.3585,0.231,35.0,60.0,-60.0,110.0,0.12,0.88,0.0,0.616,15.75,solid,1
1.3.6.1.4.1.14519.5.2.1.6279.6001.141511313712034597336182402384,2,272.41,11.35,10.44,10.89,0.7338,0.9196,0.7709,1.0167,1.3873,0.268,35.0,60.0,-60.0,110.0,0.12,0.88,0.0,0.616,6.84,solid,0
1.3.6.1.4.1.14519.5.2.1.6279.6001.141511313712034597336182402384,5,54.05,6.59,5.49,6.04,0.8072,0.8327,0.6641,1.5846,0.1043,0.1337,35.0,60.0,-60.0,110.0,0.12,0.88,0.0,0.616,3.99,solid,0
1.3.6.1.4.1.14519.5.2.1.6279.6001.141511313712034597336182402384,7,2711.54,26.99,21.85,24.42,0.7926,0.8096,0.602,0.4375,4.6472,0.2302,35.0,60.0,-60.0,110.0,0.12,0.88,0.0,0.616,14.72,solid,1
1.3.6.1.4.1.14519.5.2.1.6279.6001.141511313712034597336182402384,44303,3337.82,29.19,24.63,26.91,0.7803,0.8438,0.4924,0.4147,4.3972,0.2079,35.0,60.0,-60.0,110.0,0.12,0.88,0.0,0.616,15.78,solid,1
1.3.6.1.4.1.14519.5.2.1.6279.6001.229096941293122177107846044795,Nodule 004,124.8,10.42,9.31,9.86,0.8106,0.8934,0.3456,1.1938,0.3411,0.1656,35.0,60.0,-60.0,110.0,0.12,0.88,0.0,0.616,5.28,solid,0
1.3.6.1.4.1.14519.5.2.1.6279.6001.229096941293122177107846044795,Nodule 005,245.64,16.46,11.1,13.78,0.7496,0.6743,0.2187,1.0302,1.3005,0.2335,35.0,60.0,-60.0,110.0,0.12,0.88,0.0,0.616,6.61,solid,0
1.3.6.1.4.1.14519.5.2.1.6279.6001.229096941293122177107846044795,Nodule 002,424.24,14.54,11.36,12.95,0.815,0.7815,0.4953,0.7897,1.0475,0.2094,35.0,60.0,-60.0,110.0,0.12,0.88,0.0,0.616,7.93,solid,1
1.3.6.1.4.1.14519.5.2.1.6279.6001.229096941293122177107846044795,Nodule 001,2727.14,23.47,23.3,23.39,0.698,0.9929,0.6902,0.4959,3.8081,0.216,35.0,60.0,-60.0,110.0,0.12,0.88,0.0,0.616,14.75,solid,1
1.3.6.1.4.1.14519.5.2.1.6279.6001.229096941293122177107846044795,Nodule 006,263.72,13.03,9.26,11.15,0.8247,0.7108,0.5524,0.9144,0.8879,0.2217,35.0,60.0,-60.0,110.0,0.12,0.88,0.0,0.616,6.77,solid,0
1.3.6.1.4.1.14519.5.2.1.6279.6001.229096941293122177107846044795,22020,512.0,16.01,13.94,14.97,0.7643,0.8709,0.4498,0.7909,1.7129,0.2397,35.0,60.0,-60.0,110.0,0.12,0.88,0.0,0.616,8.45,solid,1
1.3.6.1.4.1.14519.5.2.1.6279.6001.229096941293122177107846044795,22040,208.59,13.63,11.13,12.38,0.7627,0.8166,0.2642,1.0691,0.4894,0.1588,35.0,60.0,-60.0,110.0,0.12,0.88,0.0,0.616,6.26,solid,0
1.3.6.1.4.1.14519.5.2.1.6279.6001.229096941293122177107846044795,22000,2761.1,30.94,20.57,25.76,0.6817,0.6647,0.698,0.5057,12.3922,0.3462,35.0,60.0,-60.0,110.0,0.12,0.88,0.0,0.616,14.81,solid,1
1.3.6.1.4.1.14519.5.2.1.6279.6001.229096941293122177107846044795,22024,188.75,15.53,9.23,12.38,0.7378,0.5939,0.2318,1.1426,1.4118,0.2688,35.0,60.0,-60.0,110.0,0.12,0.88,0.0,0.616,6.06,solid,0
1.3.6.1.4.1.14519.5.2.1.6279.6001.229096941293122177107846044795,22026,57.82,10.26,7.62,8.94,0.7147,0.7428,0.1949,1.7499,0.3067,0.1795,35.0,60.0,-60.0,110.0,0.12,0.88,0.0,0.616,4.08,solid,0
1.3.6.1.4.1.14519.5.2.1.6279.6001.229096941293122177107846044795,1,204.62,9.76,8.94,9.35,0.8208,0.9161,0.7376,0.9998,0.2065,0.122,35.0,60.0,-60.0,110.0,0.12,0.88,0.0,0.616,6.22,solid,0
1.3.6.1.4.1.14519.5.2.1.6279.6001.100621383016233746780170740405,5158,542.43,13.14,11.77,12.45,0.805,0.8955,0.761,0.7366,0.5267,0.1417,35.0,60.0,-60.0,110.0,0.12,0.88,0.0,0.616,8.61,solid,1
1.3.6.1.4.1.14519.5.2.1.6279.6001.100621383016233746780170740405,5162,5256.23,27.71,26.42,27.06,0.8231,0.9533,0.7939,0.3379,0.8119,0.0823,35.0,60.0,-60.0,110.0,0.12,0.88,0.0,0.616,18.35,solid,1
1.3.6.1.4.1.14519.5.2.1.6279.6001.100621383016233746780170740405,5171,4880.4,25.77,24.65,25.21,0.7871,0.9566,0.9703,0.3622,1.5051,0.1151,35.0,60.0,-60.0,110.0,0.12,0.88,0.0,0.616,17.91,solid,1
1.3.6.1.4.1.14519.5.2.1.6279.6001.100621383016233746780170740405,5175,3867.57,24.48,23.2,23.84,0.764,0.9477,0.8577,0.4032,1.7295,0.1322,35.0,60.0,-60.0,110.0,0.12,0.88,0.0,0.616,16.57,solid,1
1.3.6.1.4.1.14519.5.2.1.6279.6001.100621383016233746780170740405,Nodule 001,4264.47,25.41,24.1,24.75,0.7934,0.9485,0.8658,0.3759,1.8906,0.1343,35.0,60.0,-60.0,110.0,0.12,0.88,0.0,0.616,17.12,solid,1
1.3.6.1.4.1.14519.5.2.1.6279.6001.100621383016233746780170740405,Nodule 002,6523.12,29.07,28.12,28.59,0.8097,0.9671,0.8599,0.3197,1.877,0.1168,35.0,60.0,-60.0,110.0,0.12,0.88,0.0,0.616,19.72,solid,1
1.3.6.1.4.1.14519.5.2.1.6279.6001.100621383016233746780170740405,Nodule 003,6484.17,30.63,29.21,29.92,0.8107,0.9537,0.7182,0.3199,1.6152,0.1077,35.0,60.0,-60.0,110.0,0.12,0.88,0.0,0.616,19.69,solid,1
1.3.6.1.4.1.14519.5.2.1.6279.6001.100621383016233746780170740405,Nodule 004,643.12,14.42,12.78,13.6,0.8048,0.8866,0.6937,0.6961,0.7564,0.1592,35.0,60.0,-60.0,110.0,0.12,0.88,0.0,0.616,9.11,solid,1
1.3.6.1.4.1.14519.5.2.1.6279.6001.100621383016233746780170740405,1636,5391.71,28.26,26.71,27.48,0.8064,0.9451,0.7786,0.342,0.9376,0.0874,35.0,60.0,-60.0,110.0,0.12,0.88,0.0,0.616,18.51,solid,1
1.3.6.1.4.1.14519.5.2.1.6279.6001.100621383016233746780170740405,3,3840.13,25.32,23.03,24.18,0.8135,0.9099,0.7505,0.3796,1.5206,0.1252,35.0,60.0,-60.0,110.0,0.12,0.88,0.0,0.616,16.53,solid,0
1.3.6.1.4.1.14519.5.2.1.6279.6001.100621383016233746780170740405,4,4852.96,26.05,24.84,25.45,0.7961,0.9534,0.9596,0.3588,1.7212,0.1229,35.0,60.0,-60.0,110.0,0.12,0.88,0.0,0.616,17.87,solid,0
1.3.6.1.4.1.14519.5.2.1.6279.6001.100225287222365663678666836860,Nodule 001,154.79,9.71,8.24,8.97,0.8247,0.8491,0.5564,1.0921,0.2846,0.1552,35.0,60.0,-60.0,110.0,0.12,0.88,0.0,0.616,5.67,solid,1
1.3.6.1.4.1.14519.5.2.1.6279.6001.100225287222365663678666836860,22134,67.91,7.36,7.05,7.2,0.8291,0.9577,0.4892,1.4296,0.1007,0.1196,35.0,60.0,-60.0,110.0,0.12,0.88,0.0,0.616,4.31,solid,0
1.3.6.1.4.1.14519.5.2.1.6279.6001.100225287222365663678666836860,22127,126.57,9.71,7.22,8.47,0.841,0.7438,0.556,1.1453,0.2959,0.1663,35.0,60.0,-60.0,110.0,0.12,0.88,0.0,0.616,5.3,solid,0
1.3.6.1.4.1.14519.5.2.1.6279.6001.100225287222365663678666836860,2141,159.64,9.17,7.59,8.38,0.8349,0.8277,0.7856,1.0677,0.1085,0.0965,35.0,60.0,-60.0,110.0,0.12,0.88,0.0,0.616,5.73,solid,1
1.3.6.1.4.1.14519.5.2.1.6279.6001.100225287222365663678666836860,0,102.31,7.98,6.82,7.4,0.7919,0.854,0.6766,1.3056,0.1775,0.1439,35.0,60.0,-60.0,110.0,0.12,0.88,0.0,0.616,4.94,solid,0
1.3.6.1.4.1.14519.5.2.1.6279.6001.686768766518862600747989429768,10738,1864.69,21.75,19.3,20.52,0.817,0.8874,0.5518,0.4809,0.942,0.1229,350.0,120.0,50.0,550.0,0.1,0.25,0.65,0.175,8.54,calcified,0
1.3.6.1.4.1.14519.5.2.1.6279.6001.686768766518862600747989429768,27151,77.91,7.61,5.53,6.57,0.8053,0.7266,0.7883,1.4061,0.1254,0.1308,35.0,60.0,-60.0,110.0,0.12,0.88,0.0,0.616,4.51,solid,0
1.3.6.1.4.1.14519.5.2.1.6279.6001.686768766518862600747989429768,21396,1112.79,17.74,16.49,17.12,0.8447,0.9296,0.6764,0.5525,0.804,0.135,350.0,120.0,50.0,550.0,0.1,0.25,0.65,0.175,7.19,calcified,0
1.3.6.1.4.1.14519.5.2.1.6279.6001.686768766518862600747989429768,2613,106.57,7.22,7.06,7.14,0.7927,0.9781,0.8314,1.2867,0.1345,0.1271,35.0,60.0,-60.0,110.0,0.12,0.88,0.0,0.616,5.01,solid,0
1.3.6.1.4.1.14519.5.2.1.6279.6001.686768766518862600747989429768,2544,396.16,12.11,10.28,11.19,0.8097,0.8489,0.7434,0.8133,0.2612,0.1122,35.0,60.0,-60.0,110.0,0.12,0.88,0.0,0.616,7.75,solid,1
1.3.6.1.4.1.14519.5.2.1.6279.6001.686768766518862600747989429768,11,310.17,10.92,9.39,10.15,0.7802,0.8601,0.8245,0.9157,0.3222,0.1347,35.0,60.0,-60.0,110.0,0.12,0.88,0.0,0.616,7.15,solid,1
1.3.6.1.4.1.14519.5.2.1.6279.6001.686768766518862600747989429768,13,1938.93,19.53,16.37,17.95,0.6852,0.8381,1.0,0.566,4.4447,0.2505,35.0,60.0,-60.0,110.0,0.12,0.88,0.0,0.616,13.16,solid,1
1.3.6.1.4.1.14519.5.2.1.6279.6001.216882370221919561230873289517,4764,50.84,6.74,6.22,6.48,0.8373,0.9232,0.5562,1.5591,0.2179,0.1929,350.0,120.0,50.0,550.0,0.1,0.25,0.65,0.175,2.57,calcified,0
1.3.6.1.4.1.14519.5.2.1.6279.6001.216882370221919561230873289517,Nodule 015,32.16,5.78,5.03,5.41,0.8305,0.8696,0.6486,1.8313,0.2366,0.2353,350.0,120.0,50.0,550.0,0.1,0.25,0.65,0.175,2.21,calcified,0
1.3.6.1.4.1.14519.5.2.1.6279.6001.216882370221919561230873289517,IL057_106041,41.96,7.38,6.62,7.0,0.7971,0.896,0.3386,1.7459,0.2069,0.1834,350.0,120.0,50.0,550.0,0.1,0.25,0.65,0.175,2.41,calcified,0
1.3.6.1.4.1.14519.5.2.1.6279.6001.216882370221919561230873289517,5084,20.82,5.4,4.95,5.18,0.8151,0.9161,0.4626,2.1565,0.1363,0.1981,350.0,120.0,50.0,550.0,0.1,0.25,0.65,0.175,1.91,calcified,0
1.3.6.1.4.1.14519.5.2.1.6279.6001.120301525825493211649827266081,80437,33.81,8.62,5.58,7.1,0.7389,0.6471,0.2319,2.0239,0.306,0.2261,35.0,60.0,-60.0,110.0,0.12,0.88,0.0,0.616,3.41,solid,0
1.3.6.1.4.1.14519.5.2.1.6279.6001.120301525825493211649827266081,80434,105.84,8.07,6.71,7.39,0.8388,0.8314,0.7434,1.2188,0.157,0.1346,35.0,60.0,-60.0,110.0,0.12,0.88,0.0,0.616,4.99,solid,0
1.3.6.1.4.1.14519.5.2.1.6279.6001.120301525825493211649827266081,80420,151.41,12.68,6.89,9.78,0.7652,0.5432,0.4732,1.1857,1.4132,0.3238,35.0,60.0,-60.0,110.0,0.12,0.88,0.0,0.616,5.63,solid,0
1.3.6.1.4.1.14519.5.2.1.6279.6001.120301525825493211649827266081,85706,126.42,14.63,11.69,13.16,0.6386,0.7992,0.1367,1.5088,0.4766,0.1512,35.0,60.0,-60.0,110.0,0.12,0.88,0.0,0.616,5.3,solid,0
1.3.6.1.4.1.14519.5.2.1.6279.6001.120301525825493211649827266081,131266,410.86,14.85,13.15,14.0,0.7805,0.8855,0.404,0.8334,0.9711,0.195,35.0,60.0,-60.0,110.0,0.12,0.88,0.0,0.616,7.85,solid,1
1.3.6.1.4.1.14519.5.2.1.6279.6001.120301525825493211649827266081,131268,149.2,8.7,7.94,8.32,0.8247,0.9132,0.6897,1.1056,0.1916,0.1347,35.0,60.0,-60.0,110.0,0.12,0.88,0.0,0.616,5.6,solid,0
1.3.6.1.4.1.14519.5.2.1.6279.6001.120301525825493211649827266081,16526,313.11,13.94,8.97,11.45,0.7093,0.6436,0.6459,1.004,1.8716,0.3021,-220.0,140.0,-520.0,80.0,0.6,0.4,0.0,0.28,5.51,part_solid,1
1.3.6.1.4.1.14519.5.2.1.6279.6001.120301525825493211649827266081,16529,346.18,10.85,9.95,10.4,0.7942,0.9174,0.8295,0.8672,0.4788,0.1591,35.0,60.0,-60.0,110.0,0.12,0.88,0.0,0.616,7.41,solid,1
1.3.6.1.4.1.14519.5.2.1.6279.6001.120301525825493211649827266081,16522,488.77,13.75,12.82,13.28,0.7758,0.9323,0.6547,0.7914,0.91,0.1873,35.0,60.0,-60.0,110.0,0.12,0.88,0.0,0.616,8.32,solid,1
1.3.6.1.4.1.14519.5.2.1.6279.6001.120301525825493211649827266081,16535,313.84,17.47,11.33,14.4,0.7687,0.6483,0.3434,0.9257,4.1163,0.4066,35.0,60.0,-60.0,110.0,0.12,0.88,0.0,0.616,7.17,solid,0
1.3.6.1.4.1.14519.5.2.1.6279.6001.120301525825493211649827266081,16545,105.1,9.31,6.54,7.93,0.6973,0.7017,0.6441,1.4696,0.6276,0.2564,35.0,60.0,-60.0,110.0,0.12,0.88,0.0,0.616,4.98,solid,1
1.3.6.1.4.1.14519.5.2.1.6279.6001.120301525825493211649827266081,7,250.63,12.72,9.55,11.13,0.7684,0.7505,0.4717,0.9982,0.9066,0.2316,35.0,60.0,-60.0,110.0,0.12,0.88,0.0,0.616,6.66,solid,1
1.3.6.1.4.1.14519.5.2.1.6279.6001.120301525825493211649827266081,15,370.44,10.79,8.36,9.57,0.7536,0.7753,1.0,0.8936,0.7654,0.1919,35.0,60.0,-60.0,110.0,0.12,0.88,0.0,0.616,7.58,solid,0
1.3.6.1.4.1.14519.5.2.1.6279.6001.120301525825493211649827266081,17,418.21,12.74,10.62,11.68,0.7914,0.8341,0.7066,0.8171,0.5263,0.154,35.0,60.0,-60.0,110.0,0.12,0.88,0.0,0.616,7.89,solid,0
1.3.6.1.4.1.14519.5.2.1.6279.6001.803987517543436570820681016103,50002,158.64,10.5,10.12,10.31,0.8246,0.9646,0.4002,1.0833,0.3041,0.1467,350.0,120.0,50.0,550.0,0.1,0.25,0.65,0.175,3.76,calcified,0
1.3.6.1.4.1.14519.5.2.1.6279.6001.803987517543436570820681016103,49999,268.74,18.24,14.65,16.44,0.8019,0.8032,0.2303,0.9345,4.1422,0.3638,-220.0,140.0,-520.0,80.0,0.6,0.4,0.0,0.28,5.24,part_solid,1
1.3.6.1.4.1.14519.5.2.1.6279.6001.803987517543436570820681016103,50010,51.28,8.15,6.73,7.44,0.8194,0.8251,0.3435,1.5886,0.3903,0.2354,350.0,120.0,50.0,550.0,0.1,0.25,0.65,0.175,2.58,calcified,0
1.3.6.1.4.1.14519.5.2.1.6279.6001.803987517543436570820681016103,51701,50.08,8.99,7.16,8.08,0.7914,0.7962,0.3114,1.6578,0.5884,0.2708,35.0,60.0,-60.0,110.0,0.12,0.88,0.0,0.616,3.89,solid,0
1.3.6.1.4.1.14519.5.2.1.6279.6001.803987517543436570820681016103,34039,85.24,8.74,8.15,8.44,0.8209,0.9322,0.4004,1.3385,0.2857,0.1744,350.0,120.0,50.0,550.0,0.1,0.25,0.65,0.175,3.05,calcified,0
1.3.6.1.4.1.14519.5.2.1.6279.6001.803987517543436570820681016103,34046,24.35,7.69,6.54,7.11,0.712,0.85,0.182,2.3432,0.2669,0.2099,350.0,120.0,50.0,550.0,0.1,0.25,0.65,0.175,2.01,calcified,0
1.3.6.1.4.1.14519.5.2.1.6279.6001.803987517543436570820681016103,34096,108.9,14.37,8.5,11.43,0.7055,0.5914,0.1949,1.4354,1.7061,0.3245,35.0,60.0,-60.0,110.0,0.12,0.88,0.0,0.616,5.04,solid,0
1.3.6.1.4.1.14519.5.2.1.6279.6001.803987517543436570820681016103,13132,118.51,11.34,10.74,11.04,0.759,0.9475,0.247,1.2971,0.5411,0.1892,35.0,60.0,-60.0,110.0,0.12,0.88,0.0,0.616,5.19,solid,0
1.3.6.1.4.1.14519.5.2.1.6279.6001.803987517543436570820681016103,13365,78.55,8.42,7.75,8.08,0.84,0.92,0.4157,1.3442,0.2335,0.1639,35.0,60.0,-60.0,110.0,0.12,0.88,0.0,0.616,4.52,solid,0
1.3.6.1.4.1.14519.5.2.1.6279.6001.803987517543436570820681016103,0,51.11,7.32,6.39,6.85,0.8228,0.873,0.4784,1.5839,0.3186,0.2251,350.0,120.0,50.0,550.0,0.1,0.25,0.65,0.175,2.58,calcified,0
1.3.6.1.4.1.14519.5.2.1.6279.6001.803987517543436570820681016103,4,66.54,10.8,8.81,9.81,0.6923,0.8152,0.1944,1.7239,0.8012,0.2635,35.0,60.0,-60.0,110.0,0.12,0.88,0.0,0.616,4.28,solid,0
1.3.6.1.4.1.14519.5.2.1.6279.6001.803987517543436570820681016103,8,64.31,10.63,9.03,9.83,0.6804,0.8496,0.1975,1.774,1.0844,0.3097,35.0,60.0,-60.0,110.0,0.12,0.88,0.0,0.616,4.23,solid,0
1.3.6.1.4.1.14519.5.2.1.6279.6001.842980983137518332429408284002,Nodule 002,24.99,5.24,5.17,5.21,0.8287,0.9875,0.5725,1.996,0.2172,0.2416,35.0,60.0,-60.0,110.0,0.12,0.88,0.0,0.616,3.09,solid,0
1.3.6.1.4.1.14519.5.2.1.6279.6001.842980983137518332429408284002,Nodule 001,41.89,7.25,5.61,6.43,0.8163,0.774,0.4137,1.7057,0.1963,0.1878,35.0,60.0,-60.0,110.0,0.12,0.88,0.0,0.616,3.67,solid,0
1.3.6.1.4.1.14519.5.2.1.6279.6001.534006575256943390479252771547,141153,1872.57,26.22,21.67,23.94,0.6717,0.8266,0.6198,0.5841,7.7074,0.3122,35.0,60.0,-60.0,110.0,0.12,0.88,0.0,0.616,13.01,solid,1
1.3.6.1.4.1.14519.5.2.1.6279.6001.534006575256943390479252771547,141164,232.75,12.06,11.04,11.55,0.8279,0.9153,0.4145,0.9496,0.4893,0.165,35.0,60.0,-60.0,110.0,0.12,0.88,0.0,0.616,6.49,solid,0
1.3.6.1.4.1.14519.5.2.1.6279.6001.534006575256943390479252771547,166858,1711.02,26.99,21.09,24.04,0.7277,0.7814,0.4168,0.5556,6.9819,0.3068,35.0,60.0,-60.0,110.0,0.12,0.88,0.0,0.616,12.63,solid,1
1.3.6.1.4.1.14519.5.2.1.6279.6001.534006575256943390479252771547,166863,791.5,17.88,13.56,15.72,0.802,0.7586,0.5244,0.6519,1.2349,0.1832,-580.0,75.0,-680.0,-450.0,0.95,0.05,0.0,0.035,3.75,pure_ggn,1
1.3.6.1.4.1.14519.5.2.1.6279.6001.534006575256943390479252771547,166874,80.08,10.31,6.25,8.28,0.7536,0.6062,0.3637,1.4888,0.7509,0.2832,35.0,60.0,-60.0,110.0,0.12,0.88,0.0,0.616,4.55,solid,0
1.3.6.1.4.1.14519.5.2.1.6279.6001.534006575256943390479252771547,166869,182.37,9.91,9.74,9.82,0.8376,0.9831,0.5678,1.0182,0.3391,0.1561,35.0,60.0,-60.0,110.0,0.12,0.88,0.0,0.616,5.99,solid,1
1.3.6.1.4.1.14519.5.2.1.6279.6001.534006575256943390479252771547,Nodule 003,96.01,8.67,6.69,7.68,0.8179,0.7709,0.5764,1.2912,0.291,0.1809,35.0,60.0,-60.0,110.0,0.12,0.88,0.0,0.616,4.83,solid,0
1.3.6.1.4.1.14519.5.2.1.6279.6001.534006575256943390479252771547,Nodule 002,242.55,11.45,10.62,11.03,0.8339,0.9269,0.4912,0.9299,0.309,0.1343,35.0,60.0,-60.0,110.0,0.12,0.88,0.0,0.616,6.58,solid,1
1.3.6.1.4.1.14519.5.2.1.6279.6001.534006575256943390479252771547,Nodule 001,1608.27,26.84,20.89,23.86,0.6195,0.7783,0.4425,0.6662,8.4182,0.3396,35.0,60.0,-60.0,110.0,0.12,0.88,0.0,0.616,12.37,solid,1
1.3.6.1.4.1.14519.5.2.1.6279.6001.534006575256943390479252771547,0,824.27,15.05,14.31,14.68,0.8146,0.9509,0.7062,0.6332,0.7462,0.1461,-580.0,75.0,-680.0,-450.0,0.95,0.05,0.0,0.035,3.81,pure_ggn,0
1.3.6.1.4.1.14519.5.2.1.6279.6001.534006575256943390479252771547,4,1410.28,20.66,17.78,19.22,0.8246,0.8607,0.5144,0.523,1.2479,0.1523,-580.0,75.0,-680.0,-450.0,0.95,0.05,0.0,0.035,4.55,pure_ggn,0
1.3.6.1.4.1.14519.5.2.1.6279.6001.534006575256943390479252771547,7,286.65,11.93,11.5,11.71,0.8013,0.9632,0.4713,0.9153,0.263,0.1167,35.0,60.0,-60.0,110.0,0.12,0.88,0.0,0.616,6.96,solid,0
1.3.6.1.4.1.14519.5.2.1.6279.6001.302876782304722412779805665588,29844,1468.53,22.14,17.17,19.65,0.7616,0.7751,0.5419,0.5586,2.8329,0.2239,350.0,120.0,50.0,550.0,0.1,0.25,0.65,0.175,7.89,calcified,0
1.3.6.1.4.1.14519.5.2.1.6279.6001.302876782304722412779805665588,12803,1081.18,19.32,14.61,16.96,0.8208,0.7559,0.621,0.574,1.3122,0.1724,350.0,120.0,50.0,550.0,0.1,0.25,0.65,0.175,7.12,calcified,0
1.3.6.1.4.1.14519.5.2.1.6279.6001.302876782304722412779805665588,0,719.56,15.41,13.98,14.7,0.8165,0.9072,0.584,0.6609,0.2596,0.0898,350.0,120.0,50.0,550.0,0.1,0.25,0.65,0.175,6.22,calcified,0
1.3.6.1.4.1.14519.5.2.1.6279.6001.339882192295517122002429068974,60319,238.63,10.47,8.51,9.49,0.7965,0.813,0.7642,0.9788,0.42,0.1649,35.0,60.0,-60.0,110.0,0.12,0.88,0.0,0.616,6.55,solid,0
1.3.6.1.4.1.14519.5.2.1.6279.6001.339882192295517122002429068974,Nodule 001,180.56,11.15,7.95,9.55,0.8013,0.7134,0.5382,1.0677,0.7382,0.233,35.0,60.0,-60.0,110.0,0.12,0.88,0.0,0.616,5.97,solid,1
1.3.6.1.4.1.14519.5.2.1.6279.6001.282779922503707013097174625409,Nodule 002,75.95,8.69,7.82,8.25,0.8015,0.8994,0.3596,1.4247,0.2782,0.1767,35.0,60.0,-60.0,110.0,0.12,0.88,0.0,0.616,4.47,solid,0
1.3.6.1.4.1.14519.5.2.1.6279.6001.282779922503707013097174625409,3,101.67,8.39,7.34,7.87,0.8091,0.8748,0.6704,1.2807,0.419,0.2103,35.0,60.0,-60.0,110.0,0.12,0.88,0.0,0.616,4.93,solid,0
1.3.6.1.4.1.14519.5.2.1.6279.6001.282779922503707013097174625409,14787,171.04,10.22,9.21,9.72,0.8398,0.9012,0.5501,1.0374,0.4088,0.1737,35.0,60.0,-60.0,110.0,0.12,0.88,0.0,0.616,5.86,solid,0
1.3.6.1.4.1.14519.5.2.1.6279.6001.282779922503707013097174625409,14808,43.33,6.83,5.68,6.25,0.8473,0.831,0.5491,1.625,0.2012,0.1899,35.0,60.0,-60.0,110.0,0.12,0.88,0.0,0.616,3.71,solid,0
1.3.6.1.4.1.14519.5.2.1.6279.6001.282779922503707013097174625409,14783,55.12,8.81,7.06,7.94,0.7791,0.802,0.2838,1.631,0.2242,0.1662,35.0,60.0,-60.0,110.0,0.12,0.88,0.0,0.616,4.02,solid,0
1.3.6.1.4.1.14519.5.2.1.6279.6001.282779922503707013097174625409,7271,28.17,5.87,4.38,5.12,0.7823,0.7457,0.7457,2.0316,0.1876,0.2086,35.0,60.0,-60.0,110.0,0.12,0.88,0.0,0.616,3.21,solid,0
1.3.6.1.4.1.14519.5.2.1.6279.6001.282779922503707013097174625409,7261,53.59,7.86,6.43,7.15,0.8347,0.8185,0.4772,1.5367,0.328,0.2184,-220.0,140.0,-520.0,80.0,0.6,0.4,0.0,0.28,3.06,part_solid,0
1.3.6.1.4.1.14519.5.2.1.6279.6001.254138388912084634057282064266,IL057_196336,608.82,21.78,11.25,16.52,0.7372,0.5167,0.3444,0.774,3.802,0.3188,35.0,60.0,-60.0,110.0,0.12,0.88,0.0,0.616,8.95,solid,1
1.3.6.1.4.1.14519.5.2.1.6279.6001.198016798894102791158686961192,52621,167.04,9.22,7.83,8.53,0.8159,0.8495,0.759,1.0762,0.4033,0.1824,35.0,60.0,-60.0,110.0,0.12,0.88,0.0,0.616,5.81,solid,0
1.3.6.1.4.1.14519.5.2.1.6279.6001.198016798894102791158686961192,13024,142.0,9.09,7.83,8.46,0.8207,0.8611,0.77,1.1294,0.3567,0.1765,35.0,60.0,-60.0,110.0,0.12,0.88,0.0,0.616,5.51,solid,1
1.3.6.1.4.1.14519.5.2.1.6279.6001.198016798894102791158686961192,0,127.77,8.19,6.93,7.56,0.7878,0.8455,0.8544,1.2188,0.2899,0.1674,35.0,60.0,-60.0,110.0,0.12,0.88,0.0,0.616,5.32,solid,0
1.3.6.1.4.1.14519.5.2.1.6279.6001.126704785377921920210612476953,Nodule 003,152.51,9.39,7.56,8.47,0.8232,0.8051,0.6658,1.0996,0.5685,0.223,35.0,60.0,-60.0,110.0,0.12,0.88,0.0,0.616,5.64,solid,1
1.3.6.1.4.1.14519.5.2.1.6279.6001.196251645377731223510086726530,2,141.18,8.85,7.07,7.96,0.799,0.7988,0.9177,1.1624,0.3706,0.1789,35.0,60.0,-60.0,110.0,0.12,0.88,0.0,0.616,5.5,solid,0
1.3.6.1.4.1.14519.5.2.1.6279.6001.196251645377731223510086726530,Nodule 001,176.86,10.49,8.05,9.27,0.8261,0.7672,0.5957,1.0428,0.6271,0.2178,35.0,60.0,-60.0,110.0,0.12,0.88,0.0,0.616,5.93,solid,1
1.3.6.1.4.1.14519.5.2.1.6279.6001.196251645377731223510086726530,38075,738.52,25.82,17.39,21.6,0.6153,0.6733,0.3389,0.8695,9.8221,0.4218,35.0,60.0,-60.0,110.0,0.12,0.88,0.0,0.616,9.54,solid,1
1.3.6.1.4.1.14519.5.2.1.6279.6001.196251645377731223510086726530,38081,151.9,9.51,8.33,8.92,0.8512,0.8764,0.5915,1.0648,0.2477,0.1439,350.0,120.0,50.0,550.0,0.1,0.25,0.65,0.175,3.7,calcified,0
1.3.6.1.4.1.14519.5.2.1.6279.6001.196251645377731223510086726530,51714,142.87,8.87,7.69,8.28,0.8438,0.8668,0.7043,1.0964,0.1502,0.1166,350.0,120.0,50.0,550.0,0.1,0.25,0.65,0.175,3.63,calcified,0
1.3.6.1.4.1.14519.5.2.1.6279.6001.156579001330474859527530187095,Nodule 001,115.61,10.35,8.98,9.66,0.7427,0.8682,0.3625,1.3366,0.9667,0.2861,-220.0,140.0,-520.0,80.0,0.6,0.4,0.0,0.28,3.95,part_solid,1
1.3.6.1.4.1.14519.5.2.1.6279.6001.230180665627287711381156820813,10784,701.92,14.53,11.42,12.98,0.7676,0.7865,0.8261,0.7089,0.6078,0.1412,-220.0,140.0,-520.0,80.0,0.6,0.4,0.0,0.28,7.21,part_solid,1
1.3.6.1.4.1.14519.5.2.1.6279.6001.230180665627287711381156820813,10788,423.36,9.93,9.31,9.62,0.8203,0.9373,1.0,0.7851,0.878,0.1969,35.0,60.0,-60.0,110.0,0.12,0.88,0.0,0.616,7.93,solid,0
1.3.6.1.4.1.14519.5.2.1.6279.6001.230180665627287711381156820813,15014,676.93,15.04,10.85,12.95,0.7698,0.7211,0.7977,0.7154,1.0735,0.1877,35.0,60.0,-60.0,110.0,0.12,0.88,0.0,0.616,9.27,solid,1
1.3.6.1.4.1.14519.5.2.1.6279.6001.230180665627287711381156820813,15018,415.27,10.58,9.78,10.18,0.8203,0.9247,1.0,0.7902,0.4649,0.1471,35.0,60.0,-60.0,110.0,0.12,0.88,0.0,0.616,7.88,solid,0
1.3.6.1.4.1.14519.5.2.1.6279.6001.230180665627287711381156820813,2645,873.91,16.57,12.47,14.52,0.7841,0.7529,0.7244,0.6451,0.833,0.1527,35.0,60.0,-60.0,110.0,0.12,0.88,0.0,0.616,10.09,solid,1
1.3.6.1.4.1.14519.5.2.1.6279.6001.230180665627287711381156820813,2649,553.45,11.34,10.92,11.13,0.8054,0.9631,1.0,0.7313,0.5647,0.1493,35.0,60.0,-60.0,110.0,0.12,0.88,0.0,0.616,8.67,solid,1
1.3.6.1.4.1.14519.5.2.1.6279.6001.230180665627287711381156820813,4,400.57,9.97,9.5,9.74,0.7775,0.9527,1.0,0.8438,0.4451,0.1455,35.0,60.0,-60.0,110.0,0.12,0.88,0.0,0.616,7.78,solid,0
1.3.6.1.4.1.14519.5.2.1.6279.6001.765459236550358748053283544075,49940,257.43,10.37,9.15,9.76,0.8365,0.8827,0.7957,0.9088,0.3496,0.1465,35.0,60.0,-60.0,110.0,0.12,0.88,0.0,0.616,6.72,solid,0
1.3.6.1.4.1.14519.5.2.1.6279.6001.765459236550358748053283544075,49929,3901.56,30.9,17.98,24.44,0.6206,0.5819,0.971,0.495,12.3048,0.3076,35.0,60.0,-60.0,110.0,0.12,0.88,0.0,0.616,16.62,solid,1
1.3.6.1.4.1.14519.5.2.1.6279.6001.765459236550358748053283544075,49943,208.37,10.78,7.11,8.95,0.7071,0.6594,0.9043,1.1537,0.9487,0.2433,35.0,60.0,-60.0,110.0,0.12,0.88,0.0,0.616,6.26,solid,1
1.3.6.1.4.1.14519.5.2.1.6279.6001.765459236550358748053283544075,49936,372.83,11.52,9.77,10.65,0.7579,0.8486,1.0,0.8865,1.7639,0.2747,35.0,60.0,-60.0,110.0,0.12,0.88,0.0,0.616,7.6,solid,1
1.3.6.1.4.1.14519.5.2.1.6279.6001.765459236550358748053283544075,Nodule 002,322.11,11.34,10.11,10.73,0.8063,0.8913,0.7273,0.875,0.6164,0.1801,35.0,60.0,-60.0,110.0,0.12,0.88,0.0,0.616,7.24,solid,1
1.3.6.1.4.1.14519.5.2.1.6279.6001.765459236550358748053283544075,Nodule 004,541.51,14.03,11.44,12.73,0.8088,0.815,0.9087,0.7335,2.1361,0.2688,35.0,60.0,-60.0,110.0,0.12,0.88,0.0,0.616,8.6,solid,1
1.3.6.1.4.1.14519.5.2.1.6279.6001.765459236550358748053283544075,12580,3758.97,30.9,19.37,25.14,0.7777,0.6267,0.6552,0.3999,4.8846,0.217,35.0,60.0,-60.0,110.0,0.12,0.88,0.0,0.616,16.41,solid,1
1.3.6.1.4.1.14519.5.2.1.6279.6001.765459236550358748053283544075,12584,312.56,11.45,9.43,10.44,0.7565,0.8237,0.9826,0.9419,1.5512,0.2721,35.0,60.0,-60.0,110.0,0.12,0.88,0.0,0.616,7.16,solid,0
1.3.6.1.4.1.14519.5.2.1.6279.6001.765459236550358748053283544075,12588,163.17,9.05,8.0,8.52,0.8259,0.8837,0.8289,1.0716,0.2955,0.156,35.0,60.0,-60.0,110.0,0.12,0.88,0.0,0.616,5.77,solid,1
1.3.6.1.4.1.14519.5.2.1.6279.6001.765459236550358748053283544075,0,206.17,9.67,8.32,8.99,0.8046,0.8602,0.7757,1.0174,0.3561,0.1605,35.0,60.0,-60.0,110.0,0.12,0.88,0.0,0.616,6.24,solid,0
1.3.6.1.4.1.14519.5.2.1.6279.6001.624425075947752229712087113746,Nodule 003,7049.88,33.17,27.56,30.37,0.8138,0.831,0.6783,0.3099,2.5227,0.1313,35.0,60.0,-60.0,110.0,0.12,0.88,0.0,0.616,20.24,solid,1
1.3.6.1.4.1.14519.5.2.1.6279.6001.624425075947752229712087113746,Nodule 004,41.65,7.63,6.47,7.05,0.795,0.8484,0.3277,1.755,0.2907,0.2166,35.0,60.0,-60.0,110.0,0.12,0.88,0.0,0.616,3.66,solid,0
1.3.6.1.4.1.14519.5.2.1.6279.6001.624425075947752229712087113746,Nodule 002,128.01,10.36,6.72,8.54,0.8094,0.6488,0.4826,1.1855,0.5843,0.2322,35.0,60.0,-60.0,110.0,0.12,0.88,0.0,0.616,5.32,solid,0
1.3.6.1.4.1.14519.5.2.1.6279.6001.624425075947752229712087113746,52242,6092.84,31.6,26.55,29.07,0.8175,0.8403,0.6725,0.3239,2.1075,0.1253,35.0,60.0,-60.0,110.0,0.12,0.88,0.0,0.616,19.28,solid,1
1.3.6.1.4.1.14519.5.2.1.6279.6001.624425075947752229712087113746,57987,5793.33,30.18,25.17,27.68,0.7982,0.8339,0.7455,0.3373,2.2094,0.1313,35.0,60.0,-60.0,110.0,0.12,0.88,0.0,0.616,18.96,solid,1
1.3.6.1.4.1.14519.5.2.1.6279.6001.991510467496831189331312523884,Nodule 001,1073.83,17.89,15.14,16.52,0.7923,0.8461,0.6707,0.5961,1.0449,0.1562,35.0,60.0,-60.0,110.0,0.12,0.88,0.0,0.616,10.81,solid,1
1.3.6.1.4.1.14519.5.2.1.6279.6001.991510467496831189331312523884,13284,723.97,19.16,15.72,17.44,0.7228,0.8207,0.4698,0.7451,2.9399,0.2671,350.0,120.0,50.0,550.0,0.1,0.25,0.65,0.175,6.23,calcified,0
1.3.6.1.4.1.14519.5.2.1.6279.6001.991510467496831189331312523884,MI014_7878,918.01,22.06,13.06,17.56,0.7282,0.592,0.5439,0.6833,3.4219,0.2693,350.0,120.0,50.0,550.0,0.1,0.25,0.65,0.175,6.74,calcified,0
1.3.6.1.4.1.14519.5.2.1.6279.6001.991510467496831189331312523884,0,1067.22,16.95,15.42,16.19,0.8133,0.9099,0.7079,0.5818,1.1816,0.168,35.0,60.0,-60.0,110.0,0.12,0.88,0.0,0.616,10.79,solid,1
1.3.6.1.4.1.14519.5.2.1.6279.6001.118140393257625250121502185026,Nodule 003,441.0,13.5,10.4,11.95,0.8323,0.7704,0.8,0.7634,0.8108,0.1829,35.0,60.0,-60.0,110.0,0.12,0.88,0.0,0.616,8.04,solid,1
1.3.6.1.4.1.14519.5.2.1.6279.6001.118140393257625250121502185026,13457,472.75,14.59,12.21,13.4,0.8332,0.8367,0.4935,0.7451,0.3231,0.1121,350.0,120.0,50.0,550.0,0.1,0.25,0.65,0.175,5.41,calcified,0
1.3.6.1.4.1.14519.5.2.1.6279.6001.118140393257625250121502185026,13468,636.8,13.98,12.27,13.12,0.8175,0.8775,0.7725,0.6876,0.4714,0.1275,35.0,60.0,-60.0,110.0,0.12,0.88,0.0,0.616,9.08,solid,1
1.3.6.1.4.1.14519.5.2.1.6279.6001.118140393257625250121502185026,1468,39.25,6.49,5.19,5.84,0.8131,0.7995,0.5549,1.7502,0.2013,0.2058,35.0,60.0,-60.0,110.0,0.12,0.88,0.0,0.616,3.59,solid,0
1.3.6.1.4.1.14519.5.2.1.6279.6001.881807066375601978080868510714,16649,217.56,11.26,10.32,10.79,0.8263,0.9166,0.5329,0.9731,0.6393,0.2018,35.0,60.0,-60.0,110.0,0.12,0.88,0.0,0.616,6.35,solid,1
1.3.6.1.4.1.14519.5.2.1.6279.6001.230675342744370103160629638194,Nodule 005,84.83,8.64,6.38,7.51,0.816,0.738,0.5788,1.3488,0.4078,0.2211,35.0,60.0,-60.0,110.0,0.12,0.88,0.0,0.616,4.64,solid,0
1.3.6.1.4.1.14519.5.2.1.6279.6001.206097113343059612247503064658,Nodule 001,5284.89,30.58,25.99,28.29,0.7884,0.8498,0.7193,0.3521,3.8803,0.1763,35.0,60.0,-60.0,110.0,0.12,0.88,0.0,0.616,18.39,solid,1
1.3.6.1.4.1.14519.5.2.1.6279.6001.206097113343059612247503064658,IL057_166336,4767.21,32.78,26.12,29.45,0.7174,0.797,0.6407,0.4005,6.4077,0.2227,35.0,60.0,-60.0,110.0,0.12,0.88,0.0,0.616,17.77,solid,1
1.3.6.1.4.1.14519.5.2.1.6279.6001.206097113343059612247503064658,0,4994.81,29.86,24.62,27.24,0.7625,0.8243,0.7367,0.371,3.7112,0.176,35.0,60.0,-60.0,110.0,0.12,0.88,0.0,0.616,18.05,solid,1
1.3.6.1.4.1.14519.5.2.1.6279.6001.206097113343059612247503064658,1,57.57,8.9,6.39,7.65,0.7816,0.718,0.4492,1.6024,0.8905,0.3394,35.0,60.0,-60.0,110.0,0.12,0.88,0.0,0.616,4.08,solid,0
1.3.6.1.4.1.14519.5.2.1.6279.6001.413896555982844732694353377538,Nodule 003,87.22,8.35,7.05,7.7,0.8224,0.8443,0.4791,1.3259,0.1089,0.1153,35.0,60.0,-60.0,110.0,0.12,0.88,0.0,0.616,4.68,solid,0
1.3.6.1.4.1.14519.5.2.1.6279.6001.413896555982844732694353377538,Nodule 005,286.16,12.53,12.06,12.3,0.8553,0.963,0.4789,0.8581,0.6923,0.1849,-220.0,140.0,-520.0,80.0,0.6,0.4,0.0,0.28,5.35,part_solid,1
1.3.6.1.4.1.14519.5.2.1.6279.6001.413896555982844732694353377538,Nodule 002,79.87,7.13,5.6,6.36,0.8174,0.7854,0.8417,1.3737,0.1199,0.1283,35.0,60.0,-60.0,110.0,0.12,0.88,0.0,0.616,4.55,solid,0
1.3.6.1.4.1.14519.5.2.1.6279.6001.413896555982844732694353377538,58756,35.77,8.28,6.09,7.18,0.7637,0.7349,0.2415,1.922,0.1681,0.166,35.0,60.0,-60.0,110.0,0.12,0.88,0.0,0.616,3.48,solid,0
1.3.6.1.4.1.14519.5.2.1.6279.6001.413896555982844732694353377538,58733,77.42,8.44,6.39,7.42,0.8051,0.7574,0.4739,1.4093,0.2332,0.175,-220.0,140.0,-520.0,80.0,0.6,0.4,0.0,0.28,3.46,part_solid,0
1.3.6.1.4.1.14519.5.2.1.6279.6001.413896555982844732694353377538,MI014_14437,154.35,9.75,8.66,9.21,0.8266,0.8878,0.6152,1.0907,0.3252,0.1628,-220.0,140.0,-520.0,80.0,0.6,0.4,0.0,0.28,4.35,part_solid,1
1.3.6.1.4.1.14519.5.2.1.6279.6001.413896555982844732694353377538,0,86.73,7.76,6.58,7.17,0.7329,0.8487,0.7734,1.4907,0.4145,0.22,35.0,60.0,-60.0,110.0,0.12,0.88,0.0,0.616,4.67,solid,0
1.3.6.1.4.1.14519.5.2.1.6279.6001.413896555982844732694353377538,3,198.45,10.94,9.18,10.06,0.8379,0.8393,0.5486,0.9895,0.325,0.1497,-580.0,75.0,-680.0,-450.0,0.95,0.05,0.0,0.035,2.37,pure_ggn,0
1.3.6.1.4.1.14519.5.2.1.6279.6001.106719103982792863757268101375,Nodule 001,1258.32,18.3,16.23,17.26,0.7218,0.8867,0.7104,0.6206,1.5803,0.1817,35.0,60.0,-60.0,110.0,0.12,0.88,0.0,0.616,11.4,solid,1
1.3.6.1.4.1.14519.5.2.1.6279.6001.106719103982792863757268101375,1574,1708.63,20.15,16.75,18.45,0.7415,0.8312,0.7939,0.5455,1.2337,0.1451,35.0,60.0,-60.0,110.0,0.12,0.88,0.0,0.616,12.62,solid,1
1.3.6.1.4.1.14519.5.2.1.6279.6001.106719103982792863757268101375,0,779.83,16.92,12.97,14.95,0.7611,0.7669,0.8275,0.6903,1.5047,0.2005,-220.0,140.0,-520.0,80.0,0.6,0.4,0.0,0.28,7.47,part_solid,1
1.3.6.1.4.1.14519.5.2.1.6279.6001.177785764461425908755977367558,Nodule 001,75.8,7.77,6.94,7.36,0.8408,0.8923,0.5628,1.3591,0.2696,0.186,35.0,60.0,-60.0,110.0,0.12,0.88,0.0,0.616,4.47,solid,0
1.3.6.1.4.1.14519.5.2.1.6279.6001.177785764461425908755977367558,CA006_29719,31.24,6.5,4.3,5.4,0.8202,0.6615,0.5772,1.8722,0.2488,0.2381,35.0,60.0,-60.0,110.0,0.12,0.88,0.0,0.616,3.32,solid,0
1.3.6.1.4.1.14519.5.2.1.6279.6001.177785764461425908755977367558,0,62.17,7.7,5.62,6.66,0.8079,0.7306,0.6496,1.5111,0.1948,0.1682,35.0,60.0,-60.0,110.0,0.12,0.88,0.0,0.616,4.18,solid,0
1.3.6.1.4.1.14519.5.2.1.6279.6001.110835886706944718242055570943,38539,615.93,19.08,10.03,14.55,0.4734,0.5256,0.7862,1.2006,5.1987,0.372,35.0,60.0,-60.0,110.0,0.12,0.88,0.0,0.616,8.98,solid,0
1.3.6.1.4.1.14519.5.2.1.6279.6001.110835886706944718242055570943,38544,455.7,13.47,11.05,12.26,0.821,0.8201,0.6682,0.7655,0.4664,0.1407,35.0,60.0,-60.0,110.0,0.12,0.88,0.0,0.616,8.12,solid,1
1.3.6.1.4.1.14519.5.2.1.6279.6001.110835886706944718242055570943,19365,552.72,14.73,12.34,13.53,0.8375,0.8377,0.6112,0.7036,0.673,0.1566,35.0,60.0,-60.0,110.0,0.12,0.88,0.0,0.616,8.66,solid,1
1.3.6.1.4.1.14519.5.2.1.6279.6001.110835886706944718242055570943,7,454.23,13.45,11.04,12.25,0.82,0.8212,0.6691,0.7672,0.4742,0.142,35.0,60.0,-60.0,110.0,0.12,0.88,0.0,0.616,8.11,solid,0
1.3.6.1.4.1.14519.5.2.1.6279.6001.218225745759901171776512645078,80729,180.07,7.94,7.29,7.62,0.8306,0.9185,1.0,1.031,0.1812,0.1212,350.0,120.0,50.0,550.0,0.1,0.25,0.65,0.175,3.92,calcified,0
1.3.6.1.4.1.14519.5.2.1.6279.6001.218225745759901171776512645078,80724,205.06,8.35,7.42,7.89,0.8181,0.8883,1.0,1.0024,0.3151,0.1553,350.0,120.0,50.0,550.0,0.1,0.25,0.65,0.175,4.09,calcified,0
1.3.6.1.4.1.14519.5.2.1.6279.6001.218225745759901171776512645078,80731,169.78,8.01,7.31,7.66,0.7887,0.9123,1.0,1.1073,0.2111,0.1318,35.0,60.0,-60.0,110.0,0.12,0.88,0.0,0.616,5.85,solid,0
1.3.6.1.4.1.14519.5.2.1.6279.6001.218225745759901171776512645078,80739,105.84,7.37,6.61,6.99,0.8388,0.8974,0.8141,1.2188,0.0828,0.1009,-220.0,140.0,-520.0,80.0,0.6,0.4,0.0,0.28,3.84,part_solid,0
1.3.6.1.4.1.14519.5.2.1.6279.6001.218225745759901171776512645078,80726,249.9,11.82,6.79,9.31,0.7785,0.5741,0.7612,0.9862,0.7575,0.2158,35.0,60.0,-60.0,110.0,0.12,0.88,0.0,0.616,6.65,solid,0
1.3.6.1.4.1.14519.5.2.1.6279.6001.218225745759901171776512645078,80719,357.94,14.95,10.77,12.86,0.7935,0.7206,0.4014,0.8584,0.8007,0.1891,35.0,60.0,-60.0,110.0,0.12,0.88,0.0,0.616,7.5,solid,0
1.3.6.1.4.1.14519.5.2.1.6279.6001.218225745759901171776512645078,85278,124.95,7.94,7.14,7.54,0.8348,0.8988,0.7554,1.1588,0.0413,0.0671,350.0,120.0,50.0,550.0,0.1,0.25,0.65,0.175,3.47,calcified,0
1.3.6.1.4.1.14519.5.2.1.6279.6001.218225745759901171776512645078,16821,158.02,10.13,5.64,7.89,0.7416,0.5564,0.888,1.2062,0.9431,0.27,350.0,120.0,50.0,550.0,0.1,0.25,0.65,0.175,3.75,calcified,0
1.3.6.1.4.1.14519.5.2.1.6279.6001.218225745759901171776512645078,16810,195.51,10.38,6.46,8.42,0.7533,0.6222,0.867,1.106,0.6409,0.2127,-220.0,140.0,-520.0,80.0,0.6,0.4,0.0,0.28,4.71,part_solid,0
1.3.6.1.4.1.14519.5.2.1.6279.6001.218225745759901171776512645078,16811,207.27,8.89,8.38,8.63,0.8282,0.9424,1.0,0.9867,0.213,0.1249,350.0,120.0,50.0,550.0,0.1,0.25,0.65,0.175,4.11,calcified,0
1.3.6.1.4.1.14519.5.2.1.6279.6001.218225745759901171776512645078,5,116.86,6.76,6.07,6.42,0.7638,0.8976,1.0,1.295,0.327,0.181,350.0,120.0,50.0,550.0,0.1,0.25,0.65,0.175,3.39,calcified,0
1.3.6.1.4.1.14519.5.2.1.6279.6001.218225745759901171776512645078,9,125.68,9.96,4.83,7.39,0.6694,0.4848,0.9038,1.4421,0.8544,0.2667,35.0,60.0,-60.0,110.0,0.12,0.88,0.0,0.616,5.29,solid,0
1.3.6.1.4.1.14519.5.2.1.6279.6001.161633200801003804714818844696,Nodule 001,78.71,8.32,6.82,7.57,0.823,0.8196,0.451,1.3711,0.1536,0.1386,35.0,60.0,-60.0,110.0,0.12,0.88,0.0,0.616,4.52,solid,0
1.3.6.1.4.1.14519.5.2.1.6279.6001.314917368146772872954571551463,122592,40.67,8.55,6.55,7.55,0.7481,0.7655,0.2339,1.8797,0.1511,0.1494,35.0,60.0,-60.0,110.0,0.12,0.88,0.0,0.616,3.63,solid,0
1.3.6.1.4.1.14519.5.2.1.6279.6001.314917368146772872954571551463,122596,34.79,7.85,6.11,6.98,0.7737,0.7778,0.2547,1.9146,0.1311,0.1511,35.0,60.0,-60.0,110.0,0.12,0.88,0.0,0.616,3.45,solid,0
1.3.6.1.4.1.14519.5.2.1.6279.6001.314917368146772872954571551463,0,131.07,6.49,5.74,6.11,0.7269,0.8838,1.0,1.3096,0.0687,0.0801,35.0,60.0,-60.0,110.0,0.12,0.88,0.0,0.616,5.36,solid,0
1.3.6.1.4.1.14519.5.2.1.6279.6001.534083630500464995109143618896,IL057_157313,161.09,9.44,8.15,8.8,0.846,0.8626,0.6617,1.0506,0.1992,0.1286,350.0,120.0,50.0,550.0,0.1,0.25,0.65,0.175,3.78,calcified,0
1.3.6.1.4.1.14519.5.2.1.6279.6001.534083630500464995109143618896,IL057_203654,135.97,10.15,8.59,9.37,0.8464,0.8464,0.4926,1.1111,0.3535,0.1705,350.0,120.0,50.0,550.0,0.1,0.25,0.65,0.175,3.57,calcified,0
1.3.6.1.4.1.14519.5.2.1.6279.6001.534083630500464995109143618896,7506,142.41,8.98,7.76,8.37,0.857,0.8637,0.696,1.0806,0.1855,0.1292,350.0,120.0,50.0,550.0,0.1,0.25,0.65,0.175,3.62,calcified,0
1.3.6.1.4.1.14519.5.2.1.6279.6001.534083630500464995109143618896,7513,66.76,7.53,5.65,6.59,0.8439,0.7499,0.6637,1.4125,0.2039,0.171,350.0,120.0,50.0,550.0,0.1,0.25,0.65,0.175,2.82,calcified,0
1.3.6.1.4.1.14519.5.2.1.6279.6001.534083630500464995109143618896,54510,157.72,9.35,8.07,8.71,0.8494,0.8633,0.6685,1.0538,0.2009,0.1302,350.0,120.0,50.0,550.0,0.1,0.25,0.65,0.175,3.75,calcified,0
1.3.6.1.4.1.14519.5.2.1.6279.6001.534083630500464995109143618896,54512,76.26,8.34,5.9,7.12,0.8201,0.7079,0.5996,1.3905,0.3075,0.1975,350.0,120.0,50.0,550.0,0.1,0.25,0.65,0.175,2.94,calcified,0
1.3.6.1.4.1.14519.5.2.1.6279.6001.534083630500464995109143618896,Nodule 002,57.27,9.51,6.39,7.95,0.7742,0.6716,0.2629,1.6205,0.234,0.1691,-220.0,140.0,-520.0,80.0,0.6,0.4,0.0,0.28,3.13,part_solid,1
1.3.6.1.4.1.14519.5.2.1.6279.6001.534083630500464995109143618896,Nodule 004,75.03,7.23,6.37,6.8,0.8095,0.8805,0.6913,1.4164,0.2349,0.1794,350.0,120.0,50.0,550.0,0.1,0.25,0.65,0.175,2.93,calcified,0
1.3.6.1.4.1.14519.5.2.1.6279.6001.534083630500464995109143618896,Nodule 001,171.81,9.72,8.24,8.98,0.8402,0.8482,0.6433,1.0354,0.3231,0.1607,350.0,120.0,50.0,550.0,0.1,0.25,0.65,0.175,3.86,calcified,0
1.3.6.1.4.1.14519.5.2.1.6279.6001.776429308535398795601496131524,174159,67.07,8.38,5.95,7.16,0.8197,0.7099,0.5223,1.452,0.3706,0.2241,35.0,60.0,-60.0,110.0,0.12,0.88,0.0,0.616,4.29,solid,0
1.3.6.1.4.1.14519.5.2.1.6279.6001.238855414831158993232534884296,Nodule 001,166.29,11.63,9.13,10.38,0.8094,0.7849,0.3762,1.0864,0.5294,0.1912,35.0,60.0,-60.0,110.0,0.12,0.88,0.0,0.616,5.81,solid,1
1.3.6.1.4.1.14519.5.2.1.6279.6001.119304665257760307862874140576,60335,2476.46,22.59,18.41,20.5,0.8283,0.8147,0.7524,0.4316,0.8217,0.1072,350.0,120.0,50.0,550.0,0.1,0.25,0.65,0.175,9.39,calcified,0
1.3.6.1.4.1.14519.5.2.1.6279.6001.119304665257760307862874140576,Nodule 002,3127.91,24.99,20.88,22.94,0.8276,0.8353,0.6802,0.3996,1.1398,0.1161,35.0,60.0,-60.0,110.0,0.12,0.88,0.0,0.616,15.44,solid,1
1.3.6.1.4.1.14519.5.2.1.6279.6001.119304665257760307862874140576,Nodule 003,38.71,5.8,4.94,5.37,0.8101,0.8526,0.6902,1.7648,0.2324,0.2259,35.0,60.0,-60.0,110.0,0.12,0.88,0.0,0.616,3.57,solid,0
1.3.6.1.4.1.14519.5.2.1.6279.6001.119304665257760307862874140576,13942,3245.02,25.54,21.21,23.38,0.8339,0.8306,0.6656,0.3917,1.06,0.1104,350.0,120.0,50.0,550.0,0.1,0.25,0.65,0.175,10.27,calcified,0
1.3.6.1.4.1.14519.5.2.1.6279.6001.119304665257760307862874140576,0,2716.8,23.35,19.24,21.3,0.8102,0.824,0.728,0.4278,0.9606,0.1123,350.0,120.0,50.0,550.0,0.1,0.25,0.65,0.175,9.68,calcified,0
1.3.6.1.4.1.14519.5.2.1.6279.6001.119304665257760307862874140576,3,32.09,6.21,4.07,5.14,0.7505,0.6562,0.6442,2.0276,0.2185,0.2253,350.0,120.0,50.0,550.0,0.1,0.25,0.65,0.175,2.21,calcified,0
1.3.6.1.4.1.14519.5.2.1.6279.6001.119304665257760307862874140576,4,69.82,7.9,6.01,6.96,0.7515,0.7601,0.6326,1.5627,0.4261,0.2396,350.0,120.0,50.0,550.0,0.1,0.25,0.65,0.175,2.86,calcified,0
1.3.6.1.4.1.14519.5.2.1.6279.6001.119304665257760307862874140576,5,34.54,6.03,4.6,5.31,0.7631,0.7625,0.6634,1.9459,0.1592,0.1867,350.0,120.0,50.0,550.0,0.1,0.25,0.65,0.175,2.26,calcified,0
1.3.6.1.4.1.14519.5.2.1.6279.6001.119304665257760307862874140576,6,15.92,4.4,3.88,4.14,0.7824,0.883,0.6818,2.4569,0.0835,0.177,35.0,60.0,-60.0,110.0,0.12,0.88,0.0,0.616,2.66,solid,0
1.3.6.1.4.1.14519.5.2.1.6279.6001.888291896309937415860209787179,9180,39.51,7.56,6.5,7.03,0.7849,0.8592,0.3305,1.809,0.413,0.2614,-580.0,75.0,-680.0,-450.0,0.95,0.05,0.0,0.035,1.38,pure_ggn,0
1.3.6.1.4.1.14519.5.2.1.6279.6001.152944699527354927160275613434,12396,508.62,15.99,11.79,13.89,0.7287,0.7374,0.563,0.8314,1.8691,0.2579,35.0,60.0,-60.0,110.0,0.12,0.88,0.0,0.616,8.43,solid,0
1.3.6.1.4.1.14519.5.2.1.6279.6001.152944699527354927160275613434,12418,158.76,15.69,13.73,14.71,0.6162,0.8751,0.1275,1.4495,0.478,0.1353,-580.0,75.0,-680.0,-450.0,0.95,0.05,0.0,0.035,2.2,pure_ggn,0
1.3.6.1.4.1.14519.5.2.1.6279.6001.152944699527354927160275613434,16384,89.18,14.28,9.41,11.85,0.5988,0.6586,0.14,1.8078,1.6734,0.3214,35.0,60.0,-60.0,110.0,0.12,0.88,0.0,0.616,4.72,solid,1
1.3.6.1.4.1.14519.5.2.1.6279.6001.252358625003143649770119512644,0,171.19,13.57,9.86,11.71,0.7436,0.7265,0.2763,1.1713,0.9536,0.2328,-220.0,140.0,-520.0,80.0,0.6,0.4,0.0,0.28,4.51,part_solid,0
1.3.6.1.4.1.14519.5.2.1.6279.6001.252358625003143649770119512644,7,282.36,11.05,10.07,10.56,0.7914,0.9115,0.6789,0.9314,0.4233,0.1548,-220.0,140.0,-520.0,80.0,0.6,0.4,0.0,0.28,5.33,part_solid,0
1.3.6.1.4.1.14519.5.2.1.6279.6001.252358625003143649770119512644,Nodule 004,367.35,13.69,11.31,12.5,0.7971,0.8259,0.5478,0.8472,1.2063,0.2314,-220.0,140.0,-520.0,80.0,0.6,0.4,0.0,0.28,5.81,part_solid,1
1.3.6.1.4.1.14519.5.2.1.6279.6001.252358625003143649770119512644,Nodule 002,32.62,7.03,5.51,6.27,0.8187,0.785,0.3559,1.8487,0.2462,0.2198,35.0,60.0,-60.0,110.0,0.12,0.88,0.0,0.616,3.37,solid,0
1.3.6.1.4.1.14519.5.2.1.6279.6001.156181515927698299507377083373,80919,834.22,14.77,13.21,13.99,0.8376,0.8944,0.8122,0.6133,0.3333,0.0993,350.0,120.0,50.0,550.0,0.1,0.25,0.65,0.175,6.53,calcified,0
1.3.6.1.4.1.14519.5.2.1.6279.6001.156181515927698299507377083373,0,764.4,14.32,12.86,13.59,0.8066,0.8984,0.8382,0.6557,0.2069,0.0799,350.0,120.0,50.0,550.0,0.1,0.25,0.65,0.175,6.35,calcified,0
1.3.6.1.4.1.14519.5.2.1.6279.6001.275124131364875117499826877835,80601,416.75,11.87,10.42,11.15,0.8339,0.8777,0.7581,0.7764,0.1984,0.0973,350.0,120.0,50.0,550.0,0.1,0.25,0.65,0.175,5.18,calcified,0
1.3.6.1.4.1.14519.5.2.1.6279.6001.275124131364875117499826877835,92973,87.71,11.31,10.4,10.85,0.6968,0.9199,0.1769,1.5621,0.0468,0.0574,350.0,120.0,50.0,550.0,0.1,0.25,0.65,0.175,3.08,calcified,0
1.3.6.1.4.1.14519.5.2.1.6279.6001.275124131364875117499826877835,16693,177.13,10.55,7.77,9.16,0.7953,0.7361,0.5685,1.0827,0.3445,0.1663,-220.0,140.0,-520.0,80.0,0.6,0.4,0.0,0.28,4.56,part_solid,0
1.3.6.1.4.1.14519.5.2.1.6279.6001.275124131364875117499826877835,16690,275.62,9.63,8.95,9.29,0.8148,0.9286,0.9341,0.912,0.1913,0.1092,350.0,120.0,50.0,550.0,0.1,0.25,0.65,0.175,4.52,calcified,0
1.3.6.1.4.1.14519.5.2.1.6279.6001.275124131364875117499826877835,0,208.74,9.71,7.73,8.72,0.7593,0.7961,0.9271,1.0736,0.2985,0.1458,35.0,60.0,-60.0,110.0,0.12,0.88,0.0,0.616,6.26,solid,1
1.3.6.1.4.1.14519.5.2.1.6279.6001.275124131364875117499826877835,1,200.65,8.14,7.72,7.93,0.7547,0.9475,1.0,1.0946,0.1553,0.1086,350.0,120.0,50.0,550.0,0.1,0.25,0.65,0.175,4.06,calcified,0
1.3.6.1.4.1.14519.5.2.1.6279.6001.137763212752154081977261297097,56430,256.27,13.31,8.74,11.02,0.8038,0.6565,0.6764,0.9472,1.6425,0.2915,350.0,120.0,50.0,550.0,0.1,0.25,0.65,0.175,4.41,calcified,0
1.3.6.1.4.1.14519.5.2.1.6279.6001.137763212752154081977261297097,56433,42.87,7.69,6.39,7.04,0.8059,0.8314,0.3904,1.7146,0.4403,0.2655,350.0,120.0,50.0,550.0,0.1,0.25,0.65,0.175,2.43,calcified,0
1.3.6.1.4.1.14519.5.2.1.6279.6001.137763212752154081977261297097,56427,696.78,15.81,12.2,14.01,0.7676,0.7717,0.6956,0.7107,0.6361,0.1407,35.0,60.0,-60.0,110.0,0.12,0.88,0.0,0.616,9.36,solid,1
1.3.6.1.4.1.14519.5.2.1.6279.6001.137763212752154081977261297097,57237,1257.58,21.59,16.32,18.95,0.7446,0.7559,0.5558,0.6017,2.4554,0.2172,35.0,60.0,-60.0,110.0,0.12,0.88,0.0,0.616,11.39,solid,1
1.3.6.1.4.1.14519.5.2.1.6279.6001.137763212752154081977261297097,57238,3293.53,27.41,23.09,25.25,0.5977,0.8423,0.6933,0.5438,4.5023,0.2124,-220.0,140.0,-520.0,80.0,0.6,0.4,0.0,0.28,12.08,part_solid,1
1.3.6.1.4.1.14519.5.2.1.6279.6001.137763212752154081977261297097,Nodule 002,3368.01,23.47,22.52,23.0,0.7486,0.9594,0.8521,0.431,1.9539,0.148,35.0,60.0,-60.0,110.0,0.12,0.88,0.0,0.616,15.82,solid,1
1.3.6.1.4.1.14519.5.2.1.6279.6001.137763212752154081977261297097,Nodule 001,940.8,17.88,14.47,16.17,0.8003,0.8094,0.5594,0.6167,0.8244,0.1447,35.0,60.0,-60.0,110.0,0.12,0.88,0.0,0.616,10.34,solid,1
1.3.6.1.4.1.14519.5.2.1.6279.6001.137763212752154081977261297097,Nodule 003,1376.16,23.07,17.05,20.06,0.7667,0.7392,0.4769,0.5671,2.7595,0.2223,35.0,60.0,-60.0,110.0,0.12,0.88,0.0,0.616,11.74,solid,1
1.3.6.1.4.1.14519.5.2.1.6279.6001.137763212752154081977261297097,Nodule 005,350.59,15.63,9.9,12.76,0.8192,0.6338,0.576,0.8372,2.5954,0.3264,350.0,120.0,50.0,550.0,0.1,0.25,0.65,0.175,4.89,calcified,0
1.3.6.1.4.1.14519.5.2.1.6279.6001.137763212752154081977261297097,13515,4425.68,42.24,20.62,31.43,0.7223,0.4882,0.4972,0.4078,18.4885,0.3556,35.0,60.0,-60.0,110.0,0.12,0.88,0.0,0.616,17.33,solid,1
1.3.6.1.4.1.14519.5.2.1.6279.6001.137763212752154081977261297097,13524,617.64,14.53,11.66,13.1,0.7998,0.8024,0.757,0.71,0.4775,0.1287,35.0,60.0,-60.0,110.0,0.12,0.88,0.0,0.616,8.99,solid,1
1.3.6.1.4.1.14519.5.2.1.6279.6001.278010349511857248000260557753,0,247.91,14.27,10.33,12.3,0.7138,0.7236,0.3942,1.0785,1.5469,0.2773,35.0,60.0,-60.0,110.0,0.12,0.88,0.0,0.616,6.63,solid,0
1.3.6.1.4.1.14519.5.2.1.6279.6001.278010349511857248000260557753,Nodule 001,119.59,11.45,8.97,10.21,0.7673,0.7832,0.2729,1.2793,0.3921,0.1703,35.0,60.0,-60.0,110.0,0.12,0.88,0.0,0.616,5.2,solid,1
1.3.6.1.4.1.14519.5.2.1.6279.6001.317087518531899043292346860596,Nodule 004,573.76,17.62,13.85,15.73,0.7638,0.7857,0.3902,0.762,1.7922,0.2331,-220.0,140.0,-520.0,80.0,0.6,0.4,0.0,0.28,6.74,part_solid,1
1.3.6.1.4.1.14519.5.2.1.6279.6001.317087518531899043292346860596,9719,1154.72,19.23,16.37,17.8,0.7712,0.8512,0.5526,0.5977,1.2877,0.1663,-220.0,140.0,-520.0,80.0,0.6,0.4,0.0,0.28,8.52,part_solid,1
1.3.6.1.4.1.14519.5.2.1.6279.6001.317087518531899043292346860596,20937,733.77,20.43,13.24,16.83,0.6924,0.6479,0.3671,0.7743,4.3933,0.3461,-580.0,75.0,-680.0,-450.0,0.95,0.05,0.0,0.035,3.66,pure_ggn,0
1.3.6.1.4.1.14519.5.2.1.6279.6001.317087518531899043292346860596,20924,588.31,16.05,13.0,14.52,0.8319,0.8097,0.5062,0.6937,0.8281,0.1651,-220.0,140.0,-520.0,80.0,0.6,0.4,0.0,0.28,6.8,part_solid,1
1.3.6.1.4.1.14519.5.2.1.6279.6001.313835996725364342034830119490,Nodule 004,24.19,6.5,4.25,5.37,0.8098,0.654,0.3848,2.0648,0.2085,0.2301,35.0,60.0,-60.0,110.0,0.12,0.88,0.0,0.616,3.05,solid,0
1.3.6.1.4.1.14519.5.2.1.6279.6001.313835996725364342034830119490,Nodule 001,43.18,6.73,6.15,6.44,0.8192,0.9145,0.4646,1.6827,0.2593,0.2143,35.0,60.0,-60.0,110.0,0.12,0.88,0.0,0.616,3.7,solid,0
1.3.6.1.4.1.14519.5.2.1.6279.6001.313835996725364342034830119490,Nodule 002,1462.04,20.54,14.75,17.65,0.7996,0.718,0.6998,0.5329,1.4144,0.1641,35.0,60.0,-60.0,110.0,0.12,0.88,0.0,0.616,11.98,solid,1
1.3.6.1.4.1.14519.5.2.1.6279.6001.313835996725364342034830119490,0,1031.91,17.09,12.86,14.98,0.7774,0.7528,0.8412,0.6156,1.3777,0.1824,35.0,60.0,-60.0,110.0,0.12,0.88,0.0,0.616,10.67,solid,0
1.3.6.1.4.1.14519.5.2.1.6279.6001.313835996725364342034830119490,44242,1351.02,19.77,15.3,17.53,0.8157,0.774,0.664,0.5363,1.5142,0.1751,35.0,60.0,-60.0,110.0,0.12,0.88,0.0,0.616,11.67,solid,1
1.3.6.1.4.1.14519.5.2.1.6279.6001.219349715895470349269596532320,IL057_195913,552.17,14.59,12.18,13.39,0.791,0.8347,0.6852,0.7452,0.7332,0.1622,-580.0,75.0,-680.0,-450.0,0.95,0.05,0.0,0.035,3.33,pure_ggn,1
1.3.6.1.4.1.14519.5.2.1.6279.6001.219349715895470349269596532320,Nodule 001,540.22,15.26,13.56,14.41,0.8077,0.8889,0.4915,0.7351,0.7372,0.159,35.0,60.0,-60.0,110.0,0.12,0.88,0.0,0.616,8.6,solid,1
1.3.6.1.4.1.14519.5.2.1.6279.6001.219349715895470349269596532320,81363,727.96,16.07,14.34,15.21,0.7959,0.8922,0.5445,0.6754,0.7445,0.1485,-580.0,75.0,-680.0,-450.0,0.95,0.05,0.0,0.035,3.65,pure_ggn,1
1.3.6.1.4.1.14519.5.2.1.6279.6001.296738183013079390785739615169,5251,1853.42,22.39,21.05,21.72,0.7949,0.94,0.5582,0.4952,3.7269,0.2359,-580.0,75.0,-680.0,-450.0,0.95,0.05,0.0,0.035,4.99,pure_ggn,1
1.3.6.1.4.1.14519.5.2.1.6279.6001.296738183013079390785739615169,5291,851.37,21.38,15.78,18.58,0.7554,0.738,0.3507,0.6754,2.5884,0.2384,-220.0,140.0,-520.0,80.0,0.6,0.4,0.0,0.28,7.69,part_solid,1
1.3.6.1.4.1.14519.5.2.1.6279.6001.296738183013079390785739615169,Nodule 002,897.31,20.78,15.06,17.92,0.7943,0.7245,0.4211,0.6313,3.2535,0.2742,-220.0,140.0,-520.0,80.0,0.6,0.4,0.0,0.28,7.83,part_solid,1
1.3.6.1.4.1.14519.5.2.1.6279.6001.296738183013079390785739615169,Nodule 003,1174.47,23.0,20.87,21.93,0.8168,0.9075,0.3805,0.5611,5.6769,0.3095,-220.0,140.0,-520.0,80.0,0.6,0.4,0.0,0.28,8.56,part_solid,1
1.3.6.1.4.1.14519.5.2.1.6279.6001.296738183013079390785739615169,IL057_196104,867.61,22.2,20.21,21.21,0.7666,0.9106,0.2816,0.6614,3.9157,0.2678,-580.0,75.0,-680.0,-450.0,0.95,0.05,0.0,0.035,3.87,pure_ggn,1
1.3.6.1.4.1.14519.5.2.1.6279.6001.296738183013079390785739615169,IL057_196108,728.57,19.14,13.69,16.42,0.748,0.7151,0.4571,0.7185,2.9197,0.2808,-220.0,140.0,-520.0,80.0,0.6,0.4,0.0,0.28,7.3,part_solid,1
1.3.6.1.4.1.14519.5.2.1.6279.6001.296738183013079390785739615169,03496,1181.21,22.5,18.64,20.57,0.7874,0.8284,0.3888,0.581,3.3041,0.2448,-580.0,75.0,-680.0,-450.0,0.95,0.05,0.0,0.035,4.29,pure_ggn,0
1.3.6.1.4.1.14519.5.2.1.6279.6001.231939547329414331267567352432,69780,845.25,13.28,11.49,12.38,0.7729,0.8654,1.0,0.6617,2.1139,0.233,350.0,120.0,50.0,550.0,0.1,0.25,0.65,0.175,6.56,calcified,0
1.3.6.1.4.1.14519.5.2.1.6279.6001.231939547329414331267567352432,69781,269.75,14.32,10.86,12.59,0.8079,0.7584,0.4189,0.9264,1.4089,0.2618,-220.0,140.0,-520.0,80.0,0.6,0.4,0.0,0.28,5.24,part_solid,0
1.3.6.1.4.1.14519.5.2.1.6279.6001.231939547329414331267567352432,50516,762.19,25.83,10.2,18.02,0.709,0.395,0.3484,0.7467,5.8153,0.3515,35.0,60.0,-60.0,110.0,0.12,0.88,0.0,0.616,9.64,solid,0
1.3.6.1.4.1.14519.5.2.1.6279.6001.231939547329414331267567352432,50518,771.75,13.78,11.83,12.81,0.8222,0.8585,1.0,0.6412,0.7386,0.1475,350.0,120.0,50.0,550.0,0.1,0.25,0.65,0.175,6.37,calcified,0
1.3.6.1.4.1.14519.5.2.1.6279.6001.231939547329414331267567352432,13436,671.05,13.65,11.8,12.73,0.8312,0.8644,0.8788,0.6645,0.6998,0.1529,350.0,120.0,50.0,550.0,0.1,0.25,0.65,0.175,6.08,calcified,0
1.3.6.1.4.1.14519.5.2.1.6279.6001.231939547329414331267567352432,3,113.19,7.21,5.29,6.25,0.7387,0.7341,1.0,1.3534,0.5195,0.2282,35.0,60.0,-60.0,110.0,0.12,0.88,0.0,0.616,5.11,solid,0
1.3.6.1.4.1.14519.5.2.1.6279.6001.231939547329414331267567352432,6,804.82,13.24,11.41,12.32,0.7849,0.8617,1.0,0.6624,1.1854,0.1862,350.0,120.0,50.0,550.0,0.1,0.25,0.65,0.175,6.46,calcified,0
1.3.6.1.4.1.14519.5.2.1.6279.6001.138904664700896606480369521124,Nodule 005,134.95,12.24,9.52,10.88,0.7614,0.7776,0.2942,1.2382,1.2027,0.2892,-220.0,140.0,-520.0,80.0,0.6,0.4,0.0,0.28,4.16,part_solid,1
1.3.6.1.4.1.14519.5.2.1.6279.6001.138904664700896606480369521124,Nodule 004,121.72,8.59,8.06,8.33,0.8279,0.9385,0.6286,1.1787,0.2696,0.1625,35.0,60.0,-60.0,110.0,0.12,0.88,0.0,0.616,5.23,solid,0
1.3.6.1.4.1.14519.5.2.1.6279.6001.138904664700896606480369521124,Nodule 003,210.8,10.67,7.91,9.29,0.8261,0.741,0.6745,0.9836,0.333,0.1542,350.0,120.0,50.0,550.0,0.1,0.25,0.65,0.175,4.13,calcified,0
1.3.6.1.4.1.14519.5.2.1.6279.6001.138904664700896606480369521124,Nodule 001,1319.03,22.56,13.67,18.11,0.7333,0.6061,0.798,0.6013,5.629,0.3109,350.0,120.0,50.0,550.0,0.1,0.25,0.65,0.175,7.61,calcified,0
1.3.6.1.4.1.14519.5.2.1.6279.6001.138904664700896606480369521124,IL057_85831,870.98,18.61,13.47,16.04,0.7986,0.7239,0.677,0.6341,2.6963,0.2576,350.0,120.0,50.0,550.0,0.1,0.25,0.65,0.175,6.63,calcified,0
1.3.6.1.4.1.14519.5.2.1.6279.6001.138904664700896606480369521124,IL057_85835,153.91,9.66,6.8,8.23,0.821,0.704,0.7456,1.0991,0.2943,0.1601,350.0,120.0,50.0,550.0,0.1,0.25,0.65,0.175,3.72,calcified,0
1.3.6.1.4.1.14519.5.2.1.6279.6001.138904664700896606480369521124,MI014_16900,151.7,13.64,9.03,11.33,0.7359,0.6622,0.264,1.2321,1.1049,0.2612,-220.0,140.0,-520.0,80.0,0.6,0.4,0.0,0.28,4.33,part_solid,0
1.3.6.1.4.1.14519.5.2.1.6279.6001.138904664700896606480369521124,MI014_16898,171.99,10.23,7.03,8.63,0.7913,0.6873,0.7036,1.0989,0.3769,0.1727,350.0,120.0,50.0,550.0,0.1,0.25,0.65,0.175,3.86,calcified,0
1.3.6.1.4.1.14519.5.2.1.6279.6001.138904664700896606480369521124,MI014_16894,880.24,20.83,12.39,16.61,0.7843,0.5948,0.6914,0.6434,4.3193,0.3135,350.0,120.0,50.0,550.0,0.1,0.25,0.65,0.175,6.65,calcified,0
1.3.6.1.4.1.14519.5.2.1.6279.6001.334022941831199910030220864961,Nodule 001,134.95,8.09,7.27,7.68,0.8177,0.8992,0.8904,1.153,0.1874,0.1339,35.0,60.0,-60.0,110.0,0.12,0.88,0.0,0.616,5.41,solid,0
1.3.6.1.4.1.14519.5.2.1.6279.6001.334022941831199910030220864961,MI014_16852,81.58,6.46,5.96,6.21,0.8312,0.9224,1.0,1.3414,0.1659,0.1478,350.0,120.0,50.0,550.0,0.1,0.25,0.65,0.175,3.01,calcified,0
1.3.6.1.4.1.14519.5.2.1.6279.6001.179730018513720561213088132029,Nodule 001,86.67,8.32,6.09,7.2,0.8255,0.7318,0.6011,1.3238,0.2652,0.1817,350.0,120.0,50.0,550.0,0.1,0.25,0.65,0.175,3.07,calcified,0
1.3.6.1.4.1.14519.5.2.1.6279.6001.179730018513720561213088132029,9206,135.06,7.99,6.77,7.38,0.8307,0.8464,0.9382,1.1347,0.2579,0.1566,350.0,120.0,50.0,550.0,0.1,0.25,0.65,0.175,3.56,calcified,0
1.3.6.1.4.1.14519.5.2.1.6279.6001.179730018513720561213088132029,IL057_160787,103.21,8.14,7.17,7.66,0.8514,0.8808,0.6141,1.2108,0.0719,0.0899,350.0,120.0,50.0,550.0,0.1,0.25,0.65,0.175,3.26,calcified,0
1.3.6.1.4.1.14519.5.2.1.6279.6001.179730018513720561213088132029,53933,88.2,7.57,6.51,7.04,0.8497,0.859,0.6602,1.2787,0.0669,0.0922,350.0,120.0,50.0,550.0,0.1,0.25,0.65,0.175,3.09,calcified,0
1.3.6.1.4.1.14519.5.2.1.6279.6001.315770913282450940389971401304,Nodule 003,108.41,9.15,6.89,8.02,0.826,0.7538,0.5467,1.2278,0.3591,0.1936,35.0,60.0,-60.0,110.0,0.12,0.88,0.0,0.616,5.03,solid,1
1.3.6.1.4.1.14519.5.2.1.6279.6001.315770913282450940389971401304,Nodule 001,55.74,8.2,7.66,7.93,0.7663,0.9344,0.3049,1.6522,0.2806,0.1895,35.0,60.0,-60.0,110.0,0.12,0.88,0.0,0.616,4.03,solid,1
1.3.6.1.4.1.14519.5.2.1.6279.6001.170765551637157813497344006818,1,282.97,9.39,9.04,9.22,0.8028,0.9622,0.9581,0.9176,0.2535,0.1257,35.0,60.0,-60.0,110.0,0.12,0.88,0.0,0.616,6.93,solid,0
1.3.6.1.4.1.14519.5.2.1.6279.6001.140239815496047437552471323962,Nodule 001,1127.73,21.2,16.49,18.85,0.7798,0.7779,0.4245,0.5958,1.6773,0.1837,35.0,60.0,-60.0,110.0,0.12,0.88,0.0,0.616,10.99,solid,1
1.3.6.1.4.1.14519.5.2.1.6279.6001.140239815496047437552471323962,IL057_159975,1044.92,20.61,15.94,18.28,0.8067,0.7736,0.4367,0.5908,1.7648,0.1947,35.0,60.0,-60.0,110.0,0.12,0.88,0.0,0.616,10.71,solid,1
1.3.6.1.4.1.14519.5.2.1.6279.6001.140239815496047437552471323962,MI014_19969,1348.48,21.78,17.1,19.44,0.8172,0.7853,0.5051,0.5356,1.8773,0.1863,35.0,60.0,-60.0,110.0,0.12,0.88,0.0,0.616,11.66,solid,1
1.3.6.1.4.1.14519.5.2.1.6279.6001.140239815496047437552471323962,0,1693.19,22.79,18.53,20.66,0.6549,0.813,0.5705,0.6196,3.5619,0.2392,35.0,60.0,-60.0,110.0,0.12,0.88,0.0,0.616,12.58,solid,1
1.3.6.1.4.1.14519.5.2.1.6279.6001.246225645401227472829175288633,13251,245.49,10.05,9.08,9.57,0.7941,0.9031,0.7957,0.9726,0.2544,0.1275,35.0,60.0,-60.0,110.0,0.12,0.88,0.0,0.616,6.61,solid,0
1.3.6.1.4.1.14519.5.2.1.6279.6001.246225645401227472829175288633,Nodule 001,279.79,12.36,10.71,11.54,0.7619,0.8668,0.4855,0.9704,0.7519,0.2005,35.0,60.0,-60.0,110.0,0.12,0.88,0.0,0.616,6.9,solid,1
1.3.6.1.4.1.14519.5.2.1.6279.6001.246225645401227472829175288633,2339,279.05,10.23,8.78,9.51,0.7979,0.8587,0.9776,0.9275,0.9914,0.2357,35.0,60.0,-60.0,110.0,0.12,0.88,0.0,0.616,6.9,solid,0
1.3.6.1.4.1.14519.5.2.1.6279.6001.640729228179368154416184318668,75389,196.71,11.89,10.85,11.37,0.7918,0.9123,0.3533,1.0502,0.3226,0.1373,35.0,60.0,-60.0,110.0,0.12,0.88,0.0,0.616,6.14,solid,0
1.3.6.1.4.1.14519.5.2.1.6279.6001.640729228179368154416184318668,15956,157.27,11.49,9.44,10.47,0.7855,0.8217,0.3655,1.1406,0.5241,0.1899,35.0,60.0,-60.0,110.0,0.12,0.88,0.0,0.616,5.7,solid,1
1.3.6.1.4.1.14519.5.2.1.6279.6001.640729228179368154416184318668,2,186.76,11.4,10.01,10.7,0.7426,0.8774,0.4911,1.1392,1.0327,0.2561,35.0,60.0,-60.0,110.0,0.12,0.88,0.0,0.616,6.03,solid,0
1.3.6.1.4.1.14519.5.2.1.6279.6001.265133389948279331857097127422,Nodule 003,209.02,10.82,9.69,10.25,0.8326,0.8948,0.5197,0.9787,0.466,0.1756,35.0,60.0,-60.0,110.0,0.12,0.88,0.0,0.616,6.26,solid,1
1.3.6.1.4.1.14519.5.2.1.6279.6001.265133389948279331857097127422,Nodule 001,45.78,8.7,6.44,7.57,0.8005,0.7402,0.2874,1.6888,0.5104,0.2674,35.0,60.0,-60.0,110.0,0.12,0.88,0.0,0.616,3.78,solid,1
1.3.6.1.4.1.14519.5.2.1.6279.6001.211956804948320236390242845468,34999,4887.5,28.83,24.51,26.67,0.5656,0.8501,0.9018,0.5039,11.9364,0.3246,35.0,60.0,-60.0,110.0,0.12,0.88,0.0,0.616,17.92,solid,1
1.3.6.1.4.1.14519.5.2.1.6279.6001.211956804948320236390242845468,35003,579.67,16.76,12.88,14.82,0.6314,0.7686,0.7159,0.9186,3.1312,0.3,35.0,60.0,-60.0,110.0,0.12,0.88,0.0,0.616,8.8,solid,1
1.3.6.1.4.1.14519.5.2.1.6279.6001.211956804948320236390242845468,35128,412.58,13.67,9.83,11.75,0.7334,0.7196,0.9512,0.8858,1.5842,0.2505,35.0,60.0,-60.0,110.0,0.12,0.88,0.0,0.616,7.86,solid,0
1.3.6.1.4.1.14519.5.2.1.6279.6001.211956804948320236390242845468,35129,177.87,11.84,7.12,9.48,0.6944,0.6011,0.929,1.2383,1.7689,0.3219,35.0,60.0,-60.0,110.0,0.12,0.88,0.0,0.616,5.94,solid,0
1.3.6.1.4.1.14519.5.2.1.6279.6001.211956804948320236390242845468,Nodule 002,845.0,21.26,13.75,17.51,0.754,0.6468,0.4233,0.6784,3.0033,0.2651,35.0,60.0,-60.0,110.0,0.12,0.88,0.0,0.616,9.98,solid,1
1.3.6.1.4.1.14519.5.2.1.6279.6001.211956804948320236390242845468,Nodule 001,847.7,16.6,13.94,15.27,0.774,0.8398,0.7229,0.6602,2.2164,0.2413,35.0,60.0,-60.0,110.0,0.12,0.88,0.0,0.616,9.99,solid,1
1.3.6.1.4.1.14519.5.2.1.6279.6001.211956804948320236390242845468,8200,4865.7,28.73,24.54,26.63,0.5823,0.8542,0.905,0.4901,11.0669,0.3057,35.0,60.0,-60.0,110.0,0.12,0.88,0.0,0.616,17.89,solid,1
1.3.6.1.4.1.14519.5.2.1.6279.6001.211956804948320236390242845468,8203,815.6,17.57,15.12,16.35,0.6074,0.8605,0.7397,0.8521,3.3837,0.2843,35.0,60.0,-60.0,110.0,0.12,0.88,0.0,0.616,9.86,solid,1
1.3.6.1.4.1.14519.5.2.1.6279.6001.211956804948320236390242845468,8208,591.67,20.81,10.64,15.73,0.6537,0.5113,0.4805,0.8812,4.1805,0.3357,35.0,60.0,-60.0,110.0,0.12,0.88,0.0,0.616,8.86,solid,1
1.3.6.1.4.1.14519.5.2.1.6279.6001.211956804948320236390242845468,0,480.93,13.02,10.4,11.71,0.7828,0.7989,0.7683,0.7885,0.6154,0.1602,350.0,120.0,50.0,550.0,0.1,0.25,0.65,0.175,5.44,calcified,0
1.3.6.1.4.1.14519.5.2.1.6279.6001.211956804948320236390242845468,2,6090.7,30.93,26.66,28.79,0.6537,0.8617,1.0,0.4051,7.8258,0.2284,350.0,120.0,50.0,550.0,0.1,0.25,0.65,0.175,12.67,calcified,0
1.3.6.1.4.1.14519.5.2.1.6279.6001.211956804948320236390242845468,4,817.81,17.41,14.99,16.2,0.6105,0.8612,0.7469,0.847,3.2622,0.2813,35.0,60.0,-60.0,110.0,0.12,0.88,0.0,0.616,9.87,solid,1
1.3.6.1.4.1.14519.5.2.1.6279.6001.328695385904874796172316226975,69771,4230.38,32.22,27.72,29.97,0.7903,0.8603,0.4268,0.3784,4.717,0.1969,-220.0,140.0,-520.0,80.0,0.6,0.4,0.0,0.28,13.13,part_solid,1
1.3.6.1.4.1.14519.5.2.1.6279.6001.235364978775280910367690540811,IL057_156959,1650.99,24.97,15.36,20.16,0.7404,0.6152,0.6509,0.5526,7.799,0.3413,35.0,60.0,-60.0,110.0,0.12,0.88,0.0,0.616,12.48,solid,1
1.3.6.1.4.1.14519.5.2.1.6279.6001.235364978775280910367690540811,Nodule 005,1026.86,20.49,15.95,18.22,0.7892,0.7785,0.4271,0.6074,2.0025,0.2081,35.0,60.0,-60.0,110.0,0.12,0.88,0.0,0.616,10.65,solid,1
1.3.6.1.4.1.14519.5.2.1.6279.6001.235364978775280910367690540811,9104,1679.17,25.88,15.42,20.65,0.7609,0.5956,0.821,0.5347,12.1679,0.3898,35.0,60.0,-60.0,110.0,0.12,0.88,0.0,0.616,12.55,solid,1
1.3.6.1.4.1.14519.5.2.1.6279.6001.219254430927834326484477690403,Nodule 003,129.21,9.32,7.73,8.53,0.8302,0.8291,0.5792,1.1523,0.3166,0.1725,35.0,60.0,-60.0,110.0,0.12,0.88,0.0,0.616,5.34,solid,1
1.3.6.1.4.1.14519.5.2.1.6279.6001.219254430927834326484477690403,Nodule 001,97.02,8.62,6.91,7.77,0.8134,0.8008,0.6261,1.2939,0.4926,0.2338,35.0,60.0,-60.0,110.0,0.12,0.88,0.0,0.616,4.85,solid,0
1.3.6.1.4.1.14519.5.2.1.6279.6001.219254430927834326484477690403,68431,109.81,8.76,8.02,8.39,0.8151,0.9154,0.6162,1.239,0.4585,0.2115,35.0,60.0,-60.0,110.0,0.12,0.88,0.0,0.616,5.06,solid,0
1.3.6.1.4.1.14519.5.2.1.6279.6001.219254430927834326484477690403,0,116.42,8.46,6.02,7.24,0.7598,0.7121,0.8515,1.3034,0.2429,0.1575,35.0,60.0,-60.0,110.0,0.12,0.88,0.0,0.616,5.15,solid,0
1.3.6.1.4.1.14519.5.2.1.6279.6001.219254430927834326484477690403,1,83.79,8.53,7.67,8.1,0.7924,0.8999,0.4222,1.3946,0.2117,0.1563,35.0,60.0,-60.0,110.0,0.12,0.88,0.0,0.616,4.62,solid,0
1.3.6.1.4.1.14519.5.2.1.6279.6001.338875090785618956575597613546,Nodule 002,78.4,7.47,6.36,6.92,0.8248,0.8516,0.6692,1.37,0.1826,0.16,35.0,60.0,-60.0,110.0,0.12,0.88,0.0,0.616,4.52,solid,0
1.3.6.1.4.1.14519.5.2.1.6279.6001.338875090785618956575597613546,Nodule 004,63.09,7.56,5.33,6.45,0.8041,0.7048,0.6611,1.5107,0.3393,0.2299,35.0,60.0,-60.0,110.0,0.12,0.88,0.0,0.616,4.2,solid,0
1.3.6.1.4.1.14519.5.2.1.6279.6001.338875090785618956575597613546,Nodule 007,216.82,10.2,8.12,9.16,0.8348,0.7966,0.7354,0.9642,0.1852,0.1149,35.0,60.0,-60.0,110.0,0.12,0.88,0.0,0.616,6.34,solid,1
1.3.6.1.4.1.14519.5.2.1.6279.6001.338875090785618956575597613546,Nodule 001,67.99,6.51,5.93,6.22,0.8111,0.9115,0.7685,1.4608,0.125,0.1427,35.0,60.0,-60.0,110.0,0.12,0.88,0.0,0.616,4.31,solid,0
1.3.6.1.4.1.14519.5.2.1.6279.6001.338875090785618956575597613546,Nodule 005,131.07,9.58,6.84,8.21,0.7787,0.7139,0.7831,1.2226,0.6259,0.2358,35.0,60.0,-60.0,110.0,0.12,0.88,0.0,0.616,5.36,solid,0
1.3.6.1.4.1.14519.5.2.1.6279.6001.338875090785618956575597613546,7128,31.24,5.83,4.38,5.1,0.8695,0.7509,0.8579,1.7661,0.0705,0.1292,35.0,60.0,-60.0,110.0,0.12,0.88,0.0,0.616,3.32,solid,0
1.3.6.1.4.1.14519.5.2.1.6279.6001.338875090785618956575597613546,7108,64.31,7.41,5.74,6.57,0.8103,0.7746,0.6751,1.4896,0.2416,0.1921,35.0,60.0,-60.0,110.0,0.12,0.88,0.0,0.616,4.23,solid,0
1.3.6.1.4.1.14519.5.2.1.6279.6001.338875090785618956575597613546,9329,41.65,5.58,4.6,5.09,0.8131,0.8255,0.8968,1.7157,0.1088,0.154,35.0,60.0,-60.0,110.0,0.12,0.88,0.0,0.616,3.66,solid,0
1.3.6.1.4.1.14519.5.2.1.6279.6001.338875090785618956575597613546,IL057_75239,105.96,10.6,6.14,8.37,0.7831,0.5791,0.7075,1.305,1.0307,0.2974,35.0,60.0,-60.0,110.0,0.12,0.88,0.0,0.616,5.0,solid,0
1.3.6.1.4.1.14519.5.2.1.6279.6001.338875090785618956575597613546,IL057_75242,101.67,7.81,7.4,7.61,0.8265,0.9471,0.64,1.2537,0.1168,0.1173,-220.0,140.0,-520.0,80.0,0.6,0.4,0.0,0.28,3.79,part_solid,0
1.3.6.1.4.1.14519.5.2.1.6279.6001.338875090785618956575597613546,IL057_75254,74.11,7.31,5.91,6.61,0.8219,0.8083,0.6838,1.4008,0.2309,0.1854,-580.0,75.0,-680.0,-450.0,0.95,0.05,0.0,0.035,1.7,pure_ggn,0
1.3.6.1.4.1.14519.5.2.1.6279.6001.338875090785618956575597613546,IL057_75246,99.22,8.14,6.7,7.42,0.8306,0.8235,0.6141,1.2576,0.1344,0.1279,-220.0,140.0,-520.0,80.0,0.6,0.4,0.0,0.28,3.76,part_solid,0
1.3.6.1.4.1.14519.5.2.1.6279.6001.338875090785618956575597613546,IL057_75251,31.85,7.2,6.48,6.84,0.769,0.8995,0.2776,1.9839,0.1101,0.1424,35.0,60.0,-60.0,110.0,0.12,0.88,0.0,0.616,3.35,solid,0
1.3.6.1.4.1.14519.5.2.1.6279.6001.338875090785618956575597613546,IL057_75258,41.16,8.29,6.83,7.56,0.7574,0.8236,0.2412,1.8493,0.092,0.1165,35.0,60.0,-60.0,110.0,0.12,0.88,0.0,0.616,3.64,solid,0
1.3.6.1.4.1.14519.5.2.1.6279.6001.305887072264491016857673607285,Nodule 001,135.97,12.15,7.06,9.6,0.7704,0.5811,0.4116,1.2207,0.9402,0.2689,35.0,60.0,-60.0,110.0,0.12,0.88,0.0,0.616,5.43,solid,1
1.3.6.1.4.1.14519.5.2.1.6279.6001.305887072264491016857673607285,4064,79.32,11.06,6.06,8.56,0.7511,0.5483,0.3391,1.4986,0.8123,0.2862,35.0,60.0,-60.0,110.0,0.12,0.88,0.0,0.616,4.54,solid,0
1.3.6.1.4.1.14519.5.2.1.6279.6001.334105754605642100456249422350,IL057_160789,60.94,7.43,6.51,6.97,0.8546,0.876,0.5044,1.438,0.1439,0.1462,350.0,120.0,50.0,550.0,0.1,0.25,0.65,0.175,2.73,calcified,0
1.3.6.1.4.1.14519.5.2.1.6279.6001.334105754605642100456249422350,Nodule 001,58.49,7.32,6.18,6.75,0.8342,0.8452,0.5125,1.4934,0.1466,0.151,35.0,60.0,-60.0,110.0,0.12,0.88,0.0,0.616,4.1,solid,0
1.3.6.1.4.1.14519.5.2.1.6279.6001.334105754605642100456249422350,7430,57.27,7.09,6.32,6.71,0.8604,0.8909,0.5287,1.4581,0.1007,0.1263,350.0,120.0,50.0,550.0,0.1,0.25,0.65,0.175,2.67,calcified,0
1.3.6.1.4.1.14519.5.2.1.6279.6001.334105754605642100456249422350,54778,44.71,5.93,5.7,5.82,0.8503,0.9611,0.6322,1.6024,0.0602,0.1094,350.0,120.0,50.0,550.0,0.1,0.25,0.65,0.175,2.46,calcified,0
1.3.6.1.4.1.14519.5.2.1.6279.6001.750792629100457382099842515038,37490,2055.24,22.59,19.15,20.87,0.8282,0.8479,0.6309,0.4593,0.9225,0.1178,35.0,60.0,-60.0,110.0,0.12,0.88,0.0,0.616,13.42,solid,1
1.3.6.1.4.1.14519.5.2.1.6279.6001.750792629100457382099842515038,37492,160.05,10.72,8.06,9.39,0.7808,0.7522,0.5598,1.1408,0.7185,0.2351,35.0,60.0,-60.0,110.0,0.12,0.88,0.0,0.616,5.73,solid,0
1.3.6.1.4.1.14519.5.2.1.6279.6001.750792629100457382099842515038,Nodule 004,158.21,11.58,7.66,9.62,0.8038,0.6618,0.4534,1.1124,0.9246,0.2642,35.0,60.0,-60.0,110.0,0.12,0.88,0.0,0.616,5.71,solid,1
1.3.6.1.4.1.14519.5.2.1.6279.6001.750792629100457382099842515038,Nodule 001,1962.82,22.27,18.67,20.47,0.8232,0.8383,0.64,0.4692,1.1084,0.1315,-220.0,140.0,-520.0,80.0,0.6,0.4,0.0,0.28,10.16,part_solid,1
1.3.6.1.4.1.14519.5.2.1.6279.6001.750792629100457382099842515038,8311,1783.29,21.22,17.92,19.57,0.8303,0.8445,0.6715,0.4803,0.8566,0.1198,35.0,60.0,-60.0,110.0,0.12,0.88,0.0,0.616,12.8,solid,1
1.3.6.1.4.1.14519.5.2.1.6279.6001.750792629100457382099842515038,9,98.12,9.16,5.89,7.52,0.7739,0.6431,0.5734,1.3549,0.423,0.2173,35.0,60.0,-60.0,110.0,0.12,0.88,0.0,0.616,4.87,solid,0
1.3.6.1.4.1.14519.5.2.1.6279.6001.117040183261056772902616195387,56593,4333.31,23.54,12.63,18.08,0.6052,0.5363,1.0,0.4901,22.8829,0.3739,35.0,60.0,-60.0,110.0,0.12,0.88,0.0,0.616,17.21,solid,1
1.3.6.1.4.1.14519.5.2.1.6279.6001.117040183261056772902616195387,56608,58.31,5.87,5.28,5.58,0.8323,0.8996,1.0,1.4984,0.0753,0.1125,35.0,60.0,-60.0,110.0,0.12,0.88,0.0,0.616,4.09,solid,0
1.3.6.1.4.1.14519.5.2.1.6279.6001.117040183261056772902616195387,56610,43.85,5.88,5.61,5.74,0.8234,0.954,0.6807,1.6654,0.0913,0.1349,350.0,120.0,50.0,550.0,0.1,0.25,0.65,0.175,2.45,calcified,0
1.3.6.1.4.1.14519.5.2.1.6279.6001.117040183261056772902616195387,56605,303.06,10.13,9.64,9.88,0.8424,0.9511,0.8883,0.8546,0.0764,0.0663,35.0,60.0,-60.0,110.0,0.12,0.88,0.0,0.616,7.09,solid,1
1.3.6.1.4.1.14519.5.2.1.6279.6001.117040183261056772902616195387,56600,580.4,13.87,12.23,13.05,0.8555,0.8821,0.7211,0.6776,0.1467,0.0728,35.0,60.0,-60.0,110.0,0.12,0.88,0.0,0.616,8.81,solid,1
1.3.6.1.4.1.14519.5.2.1.6279.6001.117040183261056772902616195387,Nodule 006,52.67,6.29,5.91,6.1,0.8408,0.9393,0.6355,1.5344,0.0834,0.1213,350.0,120.0,50.0,550.0,0.1,0.25,0.65,0.175,2.6,calcified,0
1.3.6.1.4.1.14519.5.2.1.6279.6001.117040183261056772902616195387,Nodule 007,50.22,6.31,5.73,6.02,0.8392,0.9089,0.6342,1.5618,0.1259,0.1514,35.0,60.0,-60.0,110.0,0.12,0.88,0.0,0.616,3.89,solid,0
1.3.6.1.4.1.14519.5.2.1.6279.6001.117040183261056772902616195387,Nodule 004,395.92,11.3,10.91,11.1,0.8395,0.9659,0.7968,0.7845,0.3341,0.1266,35.0,60.0,-60.0,110.0,0.12,0.88,0.0,0.616,7.75,solid,1
1.3.6.1.4.1.14519.5.2.1.6279.6001.117040183261056772902616195387,Nodule 002,77.91,6.76,5.8,6.28,0.8201,0.8581,0.888,1.3807,0.2644,0.1911,35.0,60.0,-60.0,110.0,0.12,0.88,0.0,0.616,4.51,solid,0
1.3.6.1.4.1.14519.5.2.1.6279.6001.117040183261056772902616195387,15103,45.32,5.97,5.44,5.7,0.8242,0.9109,0.67,1.6457,0.0749,0.121,350.0,120.0,50.0,550.0,0.1,0.25,0.65,0.175,2.47,calcified,0
1.3.6.1.4.1.14519.5.2.1.6279.6001.135657246677982059395844827629,Nodule 002,2579.41,23.55,21.93,22.74,0.8387,0.931,0.6114,0.4204,0.5645,0.0854,350.0,120.0,50.0,550.0,0.1,0.25,0.65,0.175,9.52,calcified,0
1.3.6.1.4.1.14519.5.2.1.6279.6001.135657246677982059395844827629,10210,148.18,9.95,8.38,9.16,0.7844,0.8417,0.5427,1.1651,0.3614,0.1734,-580.0,75.0,-680.0,-450.0,0.95,0.05,0.0,0.035,2.15,pure_ggn,1
1.3.6.1.4.1.14519.5.2.1.6279.6001.135657246677982059395844827629,10184,1797.52,20.01,19.74,19.87,0.8258,0.9867,0.6298,0.4816,0.2977,0.0705,350.0,120.0,50.0,550.0,0.1,0.25,0.65,0.175,8.44,calcified,0
1.3.6.1.4.1.14519.5.2.1.6279.6001.323646598927268841433920119813,206742,8828.08,38.07,33.52,35.79,0.7308,0.8804,0.5516,0.3202,7.2726,0.1992,-580.0,75.0,-680.0,-450.0,0.95,0.05,0.0,0.035,8.39,pure_ggn,1
1.3.6.1.4.1.14519.5.2.1.6279.6001.323646598927268841433920119813,206746,1588.33,18.59,16.68,17.63,0.7634,0.8973,0.807,0.5429,2.135,0.1979,35.0,60.0,-60.0,110.0,0.12,0.88,0.0,0.616,12.32,solid,1
1.3.6.1.4.1.14519.5.2.1.6279.6001.323646598927268841433920119813,196444,1134.11,16.36,15.94,16.15,0.7741,0.9742,0.7336,0.5991,0.5447,0.1135,35.0,60.0,-60.0,110.0,0.12,0.88,0.0,0.616,11.01,solid,1
1.3.6.1.4.1.14519.5.2.1.6279.6001.323646598927268841433920119813,196439,7139.79,37.01,32.2,34.6,0.6776,0.8701,0.4864,0.3706,9.3786,0.2388,-220.0,140.0,-520.0,80.0,0.6,0.4,0.0,0.28,15.63,part_solid,1
1.3.6.1.4.1.14519.5.2.1.6279.6001.323646598927268841433920119813,20785,1513.36,18.1,16.42,17.26,0.7944,0.9069,0.8286,0.5302,0.8016,0.1242,35.0,60.0,-60.0,110.0,0.12,0.88,0.0,0.616,12.12,solid,1
1.3.6.1.4.1.14519.5.2.1.6279.6001.323646598927268841433920119813,1,7657.23,38.05,30.51,34.28,0.802,0.8018,0.4731,0.3059,3.6791,0.1477,-580.0,75.0,-680.0,-450.0,0.95,0.05,0.0,0.035,8.0,pure_ggn,0
1.3.6.1.4.1.14519.5.2.1.6279.6001.116703382344406837243058680403,Nodule 001,144.09,12.44,8.44,10.44,0.7625,0.6782,0.402,1.2098,1.554,0.3333,35.0,60.0,-60.0,110.0,0.12,0.88,0.0,0.616,5.53,solid,0
1.3.6.1.4.1.14519.5.2.1.6279.6001.265960756233787099041040311282,141452,58.19,10.42,8.15,9.29,0.7074,0.7828,0.18,1.7642,0.3721,0.1865,-220.0,140.0,-520.0,80.0,0.6,0.4,0.0,0.28,3.15,part_solid,0
1.3.6.1.4.1.14519.5.2.1.6279.6001.265960756233787099041040311282,8,93.25,11.23,7.99,9.61,0.7648,0.7116,0.2784,1.3945,0.8018,0.2617,-580.0,75.0,-680.0,-450.0,0.95,0.05,0.0,0.035,1.84,pure_ggn,0
1.3.6.1.4.1.14519.5.2.1.6279.6001.265960756233787099041040311282,Nodule 004,71.05,9.3,8.33,8.81,0.7667,0.8957,0.2688,1.5229,0.2439,0.1571,35.0,60.0,-60.0,110.0,0.12,0.88,0.0,0.616,4.37,solid,1
1.3.6.1.4.1.14519.5.2.1.6279.6001.265960756233787099041040311282,167071,68.75,11.53,8.77,10.15,0.678,0.7605,0.1626,1.7411,0.5775,0.2136,-580.0,75.0,-680.0,-450.0,0.95,0.05,0.0,0.035,1.66,pure_ggn,0
1.3.6.1.4.1.14519.5.2.1.6279.6001.147325126373007278009743173696,IL057_69766,41.34,9.83,5.99,7.91,0.7288,0.6099,0.2543,1.9189,0.8174,0.327,35.0,60.0,-60.0,110.0,0.12,0.88,0.0,0.616,3.65,solid,0
1.3.6.1.4.1.14519.5.2.1.6279.6001.147325126373007278009743173696,IL057_77440,46.86,6.59,5.85,6.22,0.8248,0.888,0.5688,1.6263,0.1784,0.1799,35.0,60.0,-60.0,110.0,0.12,0.88,0.0,0.616,3.81,solid,0
1.3.6.1.4.1.14519.5.2.1.6279.6001.300246184547502297539521283806,0,41.16,6.0,4.27,5.14,0.7683,0.7119,0.9999,1.8231,0.136,0.1614,35.0,60.0,-60.0,110.0,0.12,0.88,0.0,0.616,3.64,solid,0
1.3.6.1.4.1.14519.5.2.1.6279.6001.300246184547502297539521283806,3,60.27,6.82,5.58,6.2,0.7899,0.8187,0.8802,1.5614,0.2709,0.2003,35.0,60.0,-60.0,110.0,0.12,0.88,0.0,0.616,4.14,solid,0
1.3.6.1.4.1.14519.5.2.1.6279.6001.300246184547502297539521283806,37608,56.35,6.91,5.93,6.42,0.8556,0.8579,0.5789,1.4742,0.1689,0.17,35.0,60.0,-60.0,110.0,0.12,0.88,0.0,0.616,4.05,solid,0
1.3.6.1.4.1.14519.5.2.1.6279.6001.300246184547502297539521283806,37606,79.38,7.99,6.92,7.45,0.8288,0.866,0.5007,1.3576,0.2186,0.1696,35.0,60.0,-60.0,110.0,0.12,0.88,0.0,0.616,4.54,solid,0
1.3.6.1.4.1.14519.5.2.1.6279.6001.300246184547502297539521283806,37600,2848.86,25.45,13.18,19.31,0.517,0.5179,1.0,0.6598,11.6797,0.3394,-220.0,140.0,-520.0,80.0,0.6,0.4,0.0,0.28,11.51,part_solid,0
1.3.6.1.4.1.14519.5.2.1.6279.6001.300246184547502297539521283806,37604,337.12,12.1,8.52,10.31,0.6211,0.7042,1.0,1.1187,1.9836,0.2891,35.0,60.0,-60.0,110.0,0.12,0.88,0.0,0.616,7.35,solid,0
1.3.6.1.4.1.14519.5.2.1.6279.6001.300246184547502297539521283806,25438,47.53,8.41,7.85,8.13,0.7512,0.9342,0.2379,1.7772,0.0802,0.1013,-220.0,140.0,-520.0,80.0,0.6,0.4,0.0,0.28,2.94,part_solid,1
1.3.6.1.4.1.14519.5.2.1.6279.6001.259227883564429312164962953756,54987,1203.26,19.25,12.7,15.98,0.7808,0.66,0.7792,0.5823,1.7103,0.1933,35.0,60.0,-60.0,110.0,0.12,0.88,0.0,0.616,11.23,solid,1
1.3.6.1.4.1.14519.5.2.1.6279.6001.259227883564429312164962953756,Nodule 001,1421.92,19.19,16.01,17.6,0.8133,0.8342,0.7165,0.5288,1.1615,0.1515,35.0,60.0,-60.0,110.0,0.12,0.88,0.0,0.616,11.87,solid,1
1.3.6.1.4.1.14519.5.2.1.6279.6001.259227883564429312164962953756,35097,1189.78,20.26,14.91,17.58,0.7763,0.736,0.5554,0.5879,1.5971,0.1837,35.0,60.0,-60.0,110.0,0.12,0.88,0.0,0.616,11.19,solid,1
1.3.6.1.4.1.14519.5.2.1.6279.6001.762989635154095750732267242621,70065,1263.46,18.27,17.38,17.82,0.8278,0.951,0.6568,0.5404,1.2312,0.1595,35.0,60.0,-60.0,110.0,0.12,0.88,0.0,0.616,11.41,solid,1
1.3.6.1.4.1.14519.5.2.1.6279.6001.762989635154095750732267242621,70069,920.22,17.71,16.41,17.06,0.7771,0.9264,0.5082,0.6398,1.4048,0.1859,-220.0,140.0,-520.0,80.0,0.6,0.4,0.0,0.28,7.89,part_solid,1
1.3.6.1.4.1.14519.5.2.1.6279.6001.762989635154095750732267242621,1,1096.62,17.33,15.08,16.2,0.7878,0.8699,0.6925,0.5953,1.3717,0.1803,35.0,60.0,-60.0,110.0,0.12,0.88,0.0,0.616,10.89,solid,0
1.3.6.1.4.1.14519.5.2.1.6279.6001.762989635154095750732267242621,2,571.09,15.42,14.29,14.86,0.7198,0.9266,0.5835,0.8098,2.6234,0.2931,35.0,60.0,-60.0,110.0,0.12,0.88,0.0,0.616,8.76,solid,1
1.3.6.1.4.1.14519.5.2.1.6279.6001.275766318636944297772360944907,2,331.21,20.42,9.64,15.03,0.755,0.4721,0.3366,0.9257,4.6817,0.3927,35.0,60.0,-60.0,110.0,0.12,0.88,0.0,0.616,7.3,solid,0
1.3.6.1.4.1.14519.5.2.1.6279.6001.275766318636944297772360944907,5,343.46,11.6,10.02,10.81,0.7857,0.864,0.8085,0.8788,0.7488,0.1918,350.0,120.0,50.0,550.0,0.1,0.25,0.65,0.175,4.86,calcified,0
1.3.6.1.4.1.14519.5.2.1.6279.6001.275766318636944297772360944907,142102,352.95,12.55,9.61,11.08,0.7815,0.7658,0.7471,0.8756,0.8486,0.2009,350.0,120.0,50.0,550.0,0.1,0.25,0.65,0.175,4.9,calcified,0
1.3.6.1.4.1.14519.5.2.1.6279.6001.275766318636944297772360944907,159523,421.25,14.18,11.26,12.72,0.7981,0.794,0.5731,0.8083,0.986,0.2015,350.0,120.0,50.0,550.0,0.1,0.25,0.65,0.175,5.2,calcified,0
1.3.6.1.4.1.14519.5.2.1.6279.6001.275766318636944297772360944907,Nodule 004,408.54,12.85,10.7,11.78,0.8139,0.8328,0.7296,0.8007,0.8469,0.1926,35.0,60.0,-60.0,110.0,0.12,0.88,0.0,0.616,7.83,solid,0
1.3.6.1.4.1.14519.5.2.1.6279.6001.275766318636944297772360944907,Nodule 003,24.81,6.04,4.77,5.41,0.8213,0.79,0.4139,2.0189,0.205,0.2282,35.0,60.0,-60.0,110.0,0.12,0.88,0.0,0.616,3.08,solid,0
1.3.6.1.4.1.14519.5.2.1.6279.6001.216652640878960522552873394709,4026,119.44,10.8,7.73,9.27,0.6909,0.7157,0.4629,1.4212,0.8329,0.2699,-580.0,75.0,-680.0,-450.0,0.95,0.05,0.0,0.035,2.0,pure_ggn,0
1.3.6.1.4.1.14519.5.2.1.6279.6001.216652640878960522552873394709,4009,19.6,4.16,3.32,3.74,0.6743,0.7978,1.0,2.6602,0.0444,0.1184,-580.0,75.0,-680.0,-450.0,0.95,0.05,0.0,0.035,1.09,pure_ggn,0
1.3.6.1.4.1.14519.5.2.1.6279.6001.244447966386688625240438849169,55102,54.63,7.21,4.4,5.8,0.7423,0.6098,0.8322,1.7168,0.4291,0.2571,35.0,60.0,-60.0,110.0,0.12,0.88,0.0,0.616,4.01,solid,0
1.3.6.1.4.1.14519.5.2.1.6279.6001.244447966386688625240438849169,Nodule 004,122.01,10.02,8.32,9.17,0.8381,0.8301,0.4989,1.1634,1.2219,0.3278,35.0,60.0,-60.0,110.0,0.12,0.88,0.0,0.616,5.24,solid,1
1.3.6.1.4.1.14519.5.2.1.6279.6001.244447966386688625240438849169,13328,59.04,7.18,6.04,6.61,0.7814,0.8411,0.6961,1.5894,0.2813,0.2042,35.0,60.0,-60.0,110.0,0.12,0.88,0.0,0.616,4.11,solid,1
1.3.6.1.4.1.14519.5.2.1.6279.6001.244447966386688625240438849169,0,69.09,8.0,6.56,7.28,0.798,0.8196,0.6247,1.4768,0.4329,0.2359,35.0,60.0,-60.0,110.0,0.12,0.88,0.0,0.616,4.33,solid,0
1.3.6.1.4.1.14519.5.2.1.6279.6001.592821488053137951302246128864,Nodule 002,1037.23,17.98,16.76,17.37,0.8066,0.9322,0.6006,0.5923,1.0888,0.1572,35.0,60.0,-60.0,110.0,0.12,0.88,0.0,0.616,10.69,solid,1
1.3.6.1.4.1.14519.5.2.1.6279.6001.592821488053137951302246128864,10320,793.8,17.71,13.89,15.8,0.8155,0.7845,0.5083,0.6404,0.8256,0.1507,35.0,60.0,-60.0,110.0,0.12,0.88,0.0,0.616,9.77,solid,1
1.3.6.1.4.1.14519.5.2.1.6279.6001.458525794434429386945463560826,Nodule 001,168.9,13.48,10.2,11.84,0.7568,0.7563,0.2782,1.1561,1.349,0.2773,35.0,60.0,-60.0,110.0,0.12,0.88,0.0,0.616,5.84,solid,1
1.3.6.1.4.1.14519.5.2.1.6279.6001.458525794434429386945463560826,37896,126.63,10.72,8.55,9.64,0.8608,0.7975,0.5246,1.1187,0.7666,0.2456,35.0,60.0,-60.0,110.0,0.12,0.88,0.0,0.616,5.3,solid,1
1.3.6.1.4.1.14519.5.2.1.6279.6001.458525794434429386945463560826,51548,74.88,6.52,5.87,6.2,0.8392,0.8997,0.9581,1.3673,0.1365,0.1381,35.0,60.0,-60.0,110.0,0.12,0.88,0.0,0.616,4.45,solid,0
1.3.6.1.4.1.14519.5.2.1.6279.6001.458525794434429386945463560826,25093,131.38,11.55,10.96,11.25,0.7746,0.9493,0.2706,1.2281,0.6665,0.2057,35.0,60.0,-60.0,110.0,0.12,0.88,0.0,0.616,5.37,solid,1
1.3.6.1.4.1.14519.5.2.1.6279.6001.458525794434429386945463560826,0,114.23,11.22,8.3,9.76,0.771,0.74,0.39,1.2927,0.9983,0.2854,35.0,60.0,-60.0,110.0,0.12,0.88,0.0,0.616,5.12,solid,1
1.3.6.1.4.1.14519.5.2.1.6279.6001.254473943359963613733707320244,IL057_85580,64.31,7.34,6.85,7.1,0.7958,0.9334,0.5108,1.5168,0.2012,0.1692,35.0,60.0,-60.0,110.0,0.12,0.88,0.0,0.616,4.23,solid,0
1.3.6.1.4.1.14519.5.2.1.6279.6001.254473943359963613733707320244,Nodule 004,253.57,14.76,8.02,11.39,0.7731,0.5432,0.4234,0.9883,1.499,0.2821,35.0,60.0,-60.0,110.0,0.12,0.88,0.0,0.616,6.68,solid,0
1.3.6.1.4.1.14519.5.2.1.6279.6001.254473943359963613733707320244,Nodule 002,63.39,8.36,5.46,6.91,0.8075,0.653,0.4486,1.5021,0.2417,0.1872,35.0,60.0,-60.0,110.0,0.12,0.88,0.0,0.616,4.21,solid,0
1.3.6.1.4.1.14519.5.2.1.6279.6001.254473943359963613733707320244,Nodule 006,158.33,10.52,8.49,9.51,0.8358,0.8071,0.4752,1.0695,0.3722,0.1709,35.0,60.0,-60.0,110.0,0.12,0.88,0.0,0.616,5.71,solid,1
1.3.6.1.4.1.14519.5.2.1.6279.6001.765930210026773090100532964804,35062,620.34,16.96,15.17,16.06,0.7949,0.8948,0.5308,0.7134,2.777,0.2828,35.0,60.0,-60.0,110.0,0.12,0.88,0.0,0.616,9.0,solid,1
1.3.6.1.4.1.14519.5.2.1.6279.6001.765930210026773090100532964804,35057,2989.98,24.71,20.17,22.44,0.7535,0.8165,0.7285,0.4455,1.919,0.1517,35.0,60.0,-60.0,110.0,0.12,0.88,0.0,0.616,15.21,solid,1
1.3.6.1.4.1.14519.5.2.1.6279.6001.765930210026773090100532964804,35068,62.96,6.77,6.11,6.44,0.8286,0.9025,0.7384,1.4671,0.165,0.1585,35.0,60.0,-60.0,110.0,0.12,0.88,0.0,0.616,4.2,solid,0
1.3.6.1.4.1.14519.5.2.1.6279.6001.765930210026773090100532964804,Nodule 002,3946.95,27.48,25.36,26.42,0.8144,0.9227,0.5822,0.3758,1.3991,0.1162,35.0,60.0,-60.0,110.0,0.12,0.88,0.0,0.616,16.68,solid,1
1.3.6.1.4.1.14519.5.2.1.6279.6001.765930210026773090100532964804,8259,3086.02,27.41,21.16,24.29,0.782,0.7719,0.6201,0.4247,2.454,0.1655,35.0,60.0,-60.0,110.0,0.12,0.88,0.0,0.616,15.37,solid,1
1.3.6.1.4.1.14519.5.2.1.6279.6001.765930210026773090100532964804,13,37.24,5.57,4.75,5.16,0.77,0.8518,0.8973,1.8806,0.1358,0.1686,35.0,60.0,-60.0,110.0,0.12,0.88,0.0,0.616,3.53,solid,0
1.3.6.1.4.1.14519.5.2.1.6279.6001.137009552031052971596477963106,204225,279.3,11.44,7.49,9.46,0.8044,0.6549,0.7868,0.9197,0.6584,0.1998,35.0,60.0,-60.0,110.0,0.12,0.88,0.0,0.616,6.9,solid,0
1.3.6.1.4.1.14519.5.2.1.6279.6001.137009552031052971596477963106,204219,2699.65,23.39,20.94,22.16,0.8304,0.8954,0.6414,0.4182,0.7287,0.0972,35.0,60.0,-60.0,110.0,0.12,0.88,0.0,0.616,14.7,solid,1
1.3.6.1.4.1.14519.5.2.1.6279.6001.137009552031052971596477963106,204223,2335.83,20.78,20.16,20.47,0.8426,0.9705,0.722,0.4325,0.5033,0.0859,35.0,60.0,-60.0,110.0,0.12,0.88,0.0,0.616,14.01,solid,1
1.3.6.1.4.1.14519.5.2.1.6279.6001.137009552031052971596477963106,204214,3829.35,26.41,23.61,25.01,0.8457,0.8939,0.6816,0.3655,0.9926,0.1007,35.0,60.0,-60.0,110.0,0.12,0.88,0.0,0.616,16.52,solid,1
1.3.6.1.4.1.14519.5.2.1.6279.6001.137009552031052971596477963106,196432,1798.54,20.55,20.2,20.37,0.845,0.9831,0.584,0.4706,0.5156,0.0919,350.0,120.0,50.0,550.0,0.1,0.25,0.65,0.175,8.44,calcified,0
1.3.6.1.4.1.14519.5.2.1.6279.6001.137009552031052971596477963106,196423,2510.76,23.66,20.33,22.0,0.8273,0.8593,0.6339,0.4301,1.1251,0.1227,350.0,120.0,50.0,550.0,0.1,0.25,0.65,0.175,9.43,calcified,0
1.3.6.1.4.1.14519.5.2.1.6279.6001.137009552031052971596477963106,196428,2483.56,23.08,20.59,21.84,0.8218,0.8918,0.6498,0.4345,0.7716,0.1021,350.0,120.0,50.0,550.0,0.1,0.25,0.65,0.175,9.4,calcified,0
1.3.6.1.4.1.14519.5.2.1.6279.6001.137009552031052971596477963106,216840,201.39,11.74,7.83,9.78,0.822,0.6666,0.5111,1.0037,0.6132,0.2106,350.0,120.0,50.0,550.0,0.1,0.25,0.65,0.175,4.07,calcified,0
1.3.6.1.4.1.14519.5.2.1.6279.6001.137009552031052971596477963106,15602,2405.65,20.36,18.78,19.57,0.8003,0.9225,0.8841,0.451,0.6537,0.0973,35.0,60.0,-60.0,110.0,0.12,0.88,0.0,0.616,14.15,solid,1
1.3.6.1.4.1.14519.5.2.1.6279.6001.137009552031052971596477963106,15598,3160.5,24.18,20.73,22.45,0.8071,0.8574,0.7445,0.4083,0.7102,0.0918,35.0,60.0,-60.0,110.0,0.12,0.88,0.0,0.616,15.49,solid,1
1.3.6.1.4.1.14519.5.2.1.6279.6001.137009552031052971596477963106,15612,3921.22,26.47,23.96,25.22,0.8029,0.9051,0.6799,0.3819,1.2734,0.1132,35.0,60.0,-60.0,110.0,0.12,0.88,0.0,0.616,16.65,solid,1
1.3.6.1.4.1.14519.5.2.1.6279.6001.137009552031052971596477963106,3,318.99,12.56,7.95,10.26,0.7669,0.6331,0.7163,0.9229,0.7246,0.1978,35.0,60.0,-60.0,110.0,0.12,0.88,0.0,0.616,7.21,solid,0
1.3.6.1.4.1.14519.5.2.1.6279.6001.107109359065300889765026303943,81146,3381.0,26.12,22.19,24.16,0.7147,0.8496,0.8135,0.4508,6.58,0.2544,35.0,60.0,-60.0,110.0,0.12,0.88,0.0,0.616,15.84,solid,1
1.3.6.1.4.1.14519.5.2.1.6279.6001.107109359065300889765026303943,81150,92.49,6.88,6.49,6.68,0.8119,0.9436,0.9087,1.3171,0.3071,0.1946,35.0,60.0,-60.0,110.0,0.12,0.88,0.0,0.616,4.77,solid,0
1.3.6.1.4.1.14519.5.2.1.6279.6001.107109359065300889765026303943,IL057_195816,2873.54,25.4,19.66,22.53,0.7071,0.7741,0.8366,0.481,6.9052,0.2716,35.0,60.0,-60.0,110.0,0.12,0.88,0.0,0.616,15.01,solid,1
1.3.6.1.4.1.14519.5.2.1.6279.6001.107109359065300889765026303943,Nodule 001,3181.63,27.66,20.99,24.33,0.7269,0.7587,0.7682,0.4523,7.5671,0.2748,35.0,60.0,-60.0,110.0,0.12,0.88,0.0,0.616,15.53,solid,1
1.3.6.1.4.1.14519.5.2.1.6279.6001.107109359065300889765026303943,5811,3192.66,28.42,20.88,24.65,0.64,0.7346,0.9236,0.5132,9.9745,0.2958,35.0,60.0,-60.0,110.0,0.12,0.88,0.0,0.616,15.54,solid,1
1.3.6.1.4.1.14519.5.2.1.6279.6001.226152078193253087875725735761,Nodule 001,558.35,14.02,13.06,13.54,0.8011,0.9318,0.6419,0.7331,0.8174,0.1714,35.0,60.0,-60.0,110.0,0.12,0.88,0.0,0.616,8.69,solid,1
1.3.6.1.4.1.14519.5.2.1.6279.6001.139030456172925758598108159491,49963,998.87,17.1,16.16,16.63,0.7885,0.9453,0.7019,0.6135,1.0314,0.1562,-220.0,140.0,-520.0,80.0,0.6,0.4,0.0,0.28,8.11,part_solid,1
1.3.6.1.4.1.14519.5.2.1.6279.6001.139030456172925758598108159491,49969,57.33,10.87,7.25,9.06,0.7003,0.6671,0.1839,1.7908,0.4211,0.2065,35.0,60.0,-60.0,110.0,0.12,0.88,0.0,0.616,4.07,solid,0
1.3.6.1.4.1.14519.5.2.1.6279.6001.139030456172925758598108159491,Nodule 001,202.86,11.02,8.36,9.69,0.8384,0.7586,0.5446,0.9817,0.3021,0.1487,35.0,60.0,-60.0,110.0,0.12,0.88,0.0,0.616,6.2,solid,1
1.3.6.1.4.1.14519.5.2.1.6279.6001.139030456172925758598108159491,Nodule 003,1167.91,19.71,17.58,18.64,0.8233,0.8923,0.4567,0.5578,0.6259,0.1137,35.0,60.0,-60.0,110.0,0.12,0.88,0.0,0.616,11.12,solid,1
1.3.6.1.4.1.14519.5.2.1.6279.6001.139030456172925758598108159491,12609,1078.24,17.3,16.57,16.93,0.8293,0.9578,0.6937,0.5687,0.6985,0.1263,35.0,60.0,-60.0,110.0,0.12,0.88,0.0,0.616,10.83,solid,1
1.3.6.1.4.1.14519.5.2.1.6279.6001.139030456172925758598108159491,12612,262.39,9.57,7.26,8.42,0.7262,0.7583,1.0,1.0403,1.3653,0.2706,-220.0,140.0,-520.0,80.0,0.6,0.4,0.0,0.28,5.2,part_solid,0
1.3.6.1.4.1.14519.5.2.1.6279.6001.139030456172925758598108159491,12617,48.02,8.97,7.37,8.17,0.7308,0.8223,0.223,1.8205,0.1602,0.1421,35.0,60.0,-60.0,110.0,0.12,0.88,0.0,0.616,3.84,solid,1
1.3.6.1.4.1.14519.5.2.1.6279.6001.139030456172925758598108159491,1,96.28,8.56,6.58,7.57,0.8511,0.7689,0.7008,1.2397,0.3433,0.198,35.0,60.0,-60.0,110.0,0.12,0.88,0.0,0.616,4.84,solid,0
1.3.6.1.4.1.14519.5.2.1.6279.6001.139030456172925758598108159491,2,218.29,10.87,9.26,10.07,0.7886,0.852,0.552,1.0184,0.3057,0.1453,-580.0,75.0,-680.0,-450.0,0.95,0.05,0.0,0.035,2.44,pure_ggn,0
1.3.6.1.4.1.14519.5.2.1.6279.6001.892375496445736188832556446335,IL057_195832,3311.48,22.99,20.55,21.77,0.7291,0.894,1.0,0.445,2.2386,0.1577,35.0,60.0,-60.0,110.0,0.12,0.88,0.0,0.616,15.74,solid,1
1.3.6.1.4.1.14519.5.2.1.6279.6001.892375496445736188832556446335,IL057_195834,41.04,7.4,6.17,6.78,0.8005,0.8341,0.338,1.7515,0.1704,0.1704,35.0,60.0,-60.0,110.0,0.12,0.88,0.0,0.616,3.64,solid,0
1.3.6.1.4.1.14519.5.2.1.6279.6001.892375496445736188832556446335,4344,3310.87,22.86,21.12,21.99,0.7605,0.9239,0.9296,0.4267,1.8019,0.1427,35.0,60.0,-60.0,110.0,0.12,0.88,0.0,0.616,15.73,solid,1
1.3.6.1.4.1.14519.5.2.1.6279.6001.892375496445736188832556446335,81163,3698.89,23.7,21.63,22.67,0.7557,0.9126,1.0,0.4138,2.327,0.1554,35.0,60.0,-60.0,110.0,0.12,0.88,0.0,0.616,16.33,solid,1
1.3.6.1.4.1.14519.5.2.1.6279.6001.892375496445736188832556446335,Nodule 002,3766.57,23.42,21.56,22.49,0.7516,0.9206,1.0,0.4135,2.4332,0.1593,35.0,60.0,-60.0,110.0,0.12,0.88,0.0,0.616,16.43,solid,1
1.3.6.1.4.1.14519.5.2.1.6279.6001.303066851236267189733420290986,1,121.27,9.62,6.2,7.91,0.7698,0.6447,0.6236,1.2691,0.4121,0.1994,-580.0,75.0,-680.0,-450.0,0.95,0.05,0.0,0.035,2.01,pure_ggn,0
1.3.6.1.4.1.14519.5.2.1.6279.6001.303066851236267189733420290986,5,415.27,15.05,9.74,12.4,0.7846,0.6472,0.5315,0.8262,0.9153,0.197,350.0,120.0,50.0,550.0,0.1,0.25,0.65,0.175,5.18,calcified,0
1.3.6.1.4.1.14519.5.2.1.6279.6001.303066851236267189733420290986,7,202.86,11.98,8.73,10.36,0.7952,0.7287,0.5007,1.035,0.7773,0.2235,-580.0,75.0,-680.0,-450.0,0.95,0.05,0.0,0.035,2.38,pure_ggn,0
1.3.6.1.4.1.14519.5.2.1.6279.6001.329624439086643515259182406526,IL057_69758,109.33,12.7,10.18,11.44,0.7214,0.8017,0.1969,1.4019,1.0475,0.2586,-580.0,75.0,-680.0,-450.0,0.95,0.05,0.0,0.035,1.94,pure_ggn,0
1.3.6.1.4.1.14519.5.2.1.6279.6001.329624439086643515259182406526,Nodule 001,195.69,10.14,7.53,8.84,0.8351,0.7425,0.7394,0.9974,0.3985,0.1727,35.0,60.0,-60.0,110.0,0.12,0.88,0.0,0.616,6.13,solid,0
1.3.6.1.4.1.14519.5.2.1.6279.6001.141345499716190654505508410197,0652,175.48,11.34,7.16,9.25,0.7876,0.6312,0.5511,1.0968,0.5051,0.194,35.0,60.0,-60.0,110.0,0.12,0.88,0.0,0.616,5.91,solid,0
1.3.6.1.4.1.14519.5.2.1.6279.6001.141345499716190654505508410197,Nodule 013,65.84,9.37,7.83,8.6,0.7721,0.8355,0.2667,1.5512,0.2317,0.1579,-220.0,140.0,-520.0,80.0,0.6,0.4,0.0,0.28,3.28,part_solid,1
1.3.6.1.4.1.14519.5.2.1.6279.6001.141345499716190654505508410197,Nodule 003,242.24,13.29,9.97,11.63,0.813,0.7506,0.3764,0.9542,0.5168,0.1676,35.0,60.0,-60.0,110.0,0.12,0.88,0.0,0.616,6.58,solid,0
1.3.6.1.4.1.14519.5.2.1.6279.6001.134519406153127654901640638633,Nodule 008,907.11,19.31,15.99,17.65,0.8128,0.828,0.453,0.6146,1.5505,0.1896,35.0,60.0,-60.0,110.0,0.12,0.88,0.0,0.616,10.22,solid,1
1.3.6.1.4.1.14519.5.2.1.6279.6001.134519406153127654901640638633,Nodule 002,69.82,9.41,7.97,8.69,0.7748,0.8473,0.2658,1.5157,0.1677,0.1326,35.0,60.0,-60.0,110.0,0.12,0.88,0.0,0.616,4.35,solid,0
1.3.6.1.4.1.14519.5.2.1.6279.6001.134519406153127654901640638633,Nodule 004,192.94,13.22,7.68,10.45,0.8003,0.5809,0.4727,1.0457,1.3766,0.2928,35.0,60.0,-60.0,110.0,0.12,0.88,0.0,0.616,6.1,solid,0
1.3.6.1.4.1.14519.5.2.1.6279.6001.134519406153127654901640638633,IL057_167441,716.93,17.79,14.54,16.16,0.8201,0.8176,0.492,0.6589,1.3102,0.189,350.0,120.0,50.0,550.0,0.1,0.25,0.65,0.175,6.21,calcified,0
1.3.6.1.4.1.14519.5.2.1.6279.6001.134519406153127654901640638633,IL057_167460,28.48,6.63,4.98,5.8,0.7941,0.7506,0.3771,1.9942,0.1522,0.186,35.0,60.0,-60.0,110.0,0.12,0.88,0.0,0.616,3.22,solid,0
1.3.6.1.4.1.14519.5.2.1.6279.6001.134519406153127654901640638633,IL057_167448,66.76,7.24,5.72,6.48,0.8162,0.79,0.6911,1.4604,0.297,0.2086,35.0,60.0,-60.0,110.0,0.12,0.88,0.0,0.616,4.28,solid,0
1.3.6.1.4.1.14519.5.2.1.6279.6001.134519406153127654901640638633,IL057_167456,38.89,7.32,5.98,6.65,0.7888,0.8167,0.3414,1.8095,0.1989,0.1878,35.0,60.0,-60.0,110.0,0.12,0.88,0.0,0.616,3.58,solid,0
1.3.6.1.4.1.14519.5.2.1.6279.6001.134519406153127654901640638633,IL057_168519,52.67,6.7,5.98,6.34,0.8437,0.8936,0.5601,1.529,0.0958,0.1284,35.0,60.0,-60.0,110.0,0.12,0.88,0.0,0.616,3.96,solid,0
1.3.6.1.4.1.14519.5.2.1.6279.6001.134519406153127654901640638633,MI014_17743,782.16,18.06,14.98,16.52,0.806,0.8291,0.4844,0.6512,1.3666,0.1886,350.0,120.0,50.0,550.0,0.1,0.25,0.65,0.175,6.39,calcified,0
1.3.6.1.4.1.14519.5.2.1.6279.6001.134519406153127654901640638633,MI014_17749,82.99,7.69,5.89,6.79,0.8256,0.766,0.8132,1.3428,0.3136,0.1968,350.0,120.0,50.0,550.0,0.1,0.25,0.65,0.175,3.03,calcified,0
1.3.6.1.4.1.14519.5.2.1.6279.6001.134519406153127654901640638633,0,818.61,19.29,15.07,17.18,0.77,0.7813,0.4536,0.6714,2.0496,0.2241,350.0,120.0,50.0,550.0,0.1,0.25,0.65,0.175,6.49,calcified,0
1.3.6.1.4.1.14519.5.2.1.6279.6001.134519406153127654901640638633,11,215.29,11.38,8.08,9.73,0.7748,0.7098,0.6591,1.0413,1.0363,0.2603,350.0,120.0,50.0,550.0,0.1,0.25,0.65,0.175,4.16,calcified,0
1.3.6.1.4.1.14519.5.2.1.6279.6001.227968442353440630355230778531,13443,1434.23,18.45,15.61,17.03,0.7883,0.8459,0.8671,0.544,0.8686,0.1309,35.0,60.0,-60.0,110.0,0.12,0.88,0.0,0.616,11.91,solid,1
1.3.6.1.4.1.14519.5.2.1.6279.6001.227968442353440630355230778531,13446,365.78,14.36,10.24,12.3,0.7961,0.7127,0.5569,0.8494,1.3041,0.2396,35.0,60.0,-60.0,110.0,0.12,0.88,0.0,0.616,7.55,solid,1
1.3.6.1.4.1.14519.5.2.1.6279.6001.227968442353440630355230778531,Nodule 001,1524.14,19.89,15.73,17.81,0.7802,0.7907,0.754,0.5386,1.3291,0.1588,35.0,60.0,-60.0,110.0,0.12,0.88,0.0,0.616,12.15,solid,1
1.3.6.1.4.1.14519.5.2.1.6279.6001.227968442353440630355230778531,13871,1678.49,19.51,17.51,18.51,0.8405,0.8971,1.0,0.4841,2.8216,0.2147,35.0,60.0,-60.0,110.0,0.12,0.88,0.0,0.616,12.55,solid,1
1.3.6.1.4.1.14519.5.2.1.6279.6001.227968442353440630355230778531,0,1488.62,18.86,16.32,17.59,0.7874,0.8649,0.7952,0.5379,0.7989,0.1244,35.0,60.0,-60.0,110.0,0.12,0.88,0.0,0.616,12.05,solid,0
1.3.6.1.4.1.14519.5.2.1.6279.6001.115386642382564804180764325545,8,1538.6,18.41,15.68,17.05,0.7373,0.852,0.9847,0.5682,3.7318,0.254,35.0,60.0,-60.0,110.0,0.12,0.88,0.0,0.616,12.19,solid,0
1.3.6.1.4.1.14519.5.2.1.6279.6001.115386642382564804180764325545,142116,1506.44,18.3,14.29,16.3,0.7457,0.7812,1.0,0.5658,5.2498,0.3172,35.0,60.0,-60.0,110.0,0.12,0.88,0.0,0.616,12.1,solid,0
1.3.6.1.4.1.14519.5.2.1.6279.6001.115386642382564804180764325545,142122,26.64,4.99,4.35,4.67,0.8545,0.8729,0.752,1.8948,0.0396,0.1051,350.0,120.0,50.0,550.0,0.1,0.25,0.65,0.175,2.07,calcified,0
1.3.6.1.4.1.14519.5.2.1.6279.6001.115386642382564804180764325545,142127,32.62,5.36,4.16,4.76,0.8116,0.7752,0.8155,1.865,0.0928,0.1499,350.0,120.0,50.0,550.0,0.1,0.25,0.65,0.175,2.22,calcified,0
1.3.6.1.4.1.14519.5.2.1.6279.6001.115386642382564804180764325545,Nodule 007,1149.51,17.27,13.93,15.6,0.7776,0.8067,0.9408,0.5937,2.7922,0.243,35.0,60.0,-60.0,110.0,0.12,0.88,0.0,0.616,11.06,solid,1
1.3.6.1.4.1.14519.5.2.1.6279.6001.115386642382564804180764325545,Nodule 005,146.69,11.02,6.51,8.77,0.795,0.5901,0.5669,1.1533,0.9104,0.2742,35.0,60.0,-60.0,110.0,0.12,0.88,0.0,0.616,5.57,solid,0
1.3.6.1.4.1.14519.5.2.1.6279.6001.115386642382564804180764325545,Nodule 004,41.96,6.31,4.49,5.4,0.8211,0.7105,0.6929,1.695,0.1786,0.1895,35.0,60.0,-60.0,110.0,0.12,0.88,0.0,0.616,3.67,solid,0
1.3.6.1.4.1.14519.5.2.1.6279.6001.115386642382564804180764325545,Nodule 002,29.86,5.43,4.69,5.06,0.8341,0.8641,0.6908,1.8689,0.1043,0.1615,350.0,120.0,50.0,550.0,0.1,0.25,0.65,0.175,2.15,calcified,0
1.3.6.1.4.1.14519.5.2.1.6279.6001.975254950136384517744116790879,Nodule 001,241.94,10.18,9.55,9.87,0.8157,0.9389,0.737,0.9514,0.3725,0.1562,35.0,60.0,-60.0,110.0,0.12,0.88,0.0,0.616,6.58,solid,1
1.3.6.1.4.1.14519.5.2.1.6279.6001.665044273312514967270866833277,112040,89.67,6.7,6.07,6.38,0.8234,0.9063,0.8961,1.3122,0.034,0.0687,350.0,120.0,50.0,550.0,0.1,0.25,0.65,0.175,3.11,calcified,0
1.3.6.1.4.1.14519.5.2.1.6279.6001.665044273312514967270866833277,131280,75.7,6.07,5.79,5.93,0.8177,0.9543,0.9891,1.3981,0.0395,0.0782,350.0,120.0,50.0,550.0,0.1,0.25,0.65,0.175,2.94,calcified,0
1.3.6.1.4.1.14519.5.2.1.6279.6001.299806338046301317870803017534,4652,206.11,12.4,6.36,9.38,0.7562,0.5127,0.6046,1.0827,0.7555,0.2218,35.0,60.0,-60.0,110.0,0.12,0.88,0.0,0.616,6.24,solid,0
1.3.6.1.4.1.14519.5.2.1.6279.6001.299806338046301317870803017534,4657,141.79,12.05,6.45,9.25,0.7781,0.5352,0.4148,1.1919,0.9477,0.2758,35.0,60.0,-60.0,110.0,0.12,0.88,0.0,0.616,5.5,solid,0
1.3.6.1.4.1.14519.5.2.1.6279.6001.299806338046301317870803017534,4663,49.92,6.33,5.93,6.13,0.8314,0.9361,0.5925,1.5798,0.1146,0.1443,350.0,120.0,50.0,550.0,0.1,0.25,0.65,0.175,2.56,calcified,0
1.3.6.1.4.1.14519.5.2.1.6279.6001.299806338046301317870803017534,IL057_69664,188.04,12.81,8.17,10.49,0.7938,0.6377,0.3902,1.0634,0.7284,0.2175,35.0,60.0,-60.0,110.0,0.12,0.88,0.0,0.616,6.05,solid,0
1.3.6.1.4.1.14519.5.2.1.6279.6001.299806338046301317870803017534,IL057_69670,90.04,13.39,7.9,10.65,0.7015,0.5904,0.1867,1.538,1.3766,0.3148,35.0,60.0,-60.0,110.0,0.12,0.88,0.0,0.616,4.73,solid,0
1.3.6.1.4.1.14519.5.2.1.6279.6001.299806338046301317870803017534,IL057_91907,55.43,9.26,6.5,7.88,0.7612,0.7018,0.2701,1.6661,0.2525,0.178,35.0,60.0,-60.0,110.0,0.12,0.88,0.0,0.616,4.03,solid,0
1.3.6.1.4.1.14519.5.2.1.6279.6001.299806338046301317870803017534,IL057_91908,31.24,6.91,5.29,6.1,0.806,0.7655,0.3617,1.9052,0.1454,0.1735,35.0,60.0,-60.0,110.0,0.12,0.88,0.0,0.616,3.32,solid,0
1.3.6.1.4.1.14519.5.2.1.6279.6001.299806338046301317870803017534,Nodule 010,85.75,9.49,7.04,8.26,0.8223,0.7419,0.3952,1.3336,0.3768,0.2026,35.0,60.0,-60.0,110.0,0.12,0.88,0.0,0.616,4.66,solid,1
1.3.6.1.4.1.14519.5.2.1.6279.6001.299806338046301317870803017534,Nodule 005,71.36,8.06,6.56,7.31,0.8137,0.8142,0.4655,1.4328,0.2404,0.1804,35.0,60.0,-60.0,110.0,0.12,0.88,0.0,0.616,4.38,solid,0
1.3.6.1.4.1.14519.5.2.1.6279.6001.299806338046301317870803017534,Nodule 004,139.34,12.43,6.42,9.43,0.7722,0.5164,0.4021,1.208,1.2646,0.3164,35.0,60.0,-60.0,110.0,0.12,0.88,0.0,0.616,5.47,solid,0
1.3.6.1.4.1.14519.5.2.1.6279.6001.299806338046301317870803017534,Nodule 002,77.17,8.53,6.52,7.52,0.8169,0.7644,0.4398,1.3905,0.193,0.1561,35.0,60.0,-60.0,110.0,0.12,0.88,0.0,0.616,4.49,solid,0
1.3.6.1.4.1.14519.5.2.1.6279.6001.214800939017429618305208626314,Nodule 007,124.8,9.42,6.62,8.02,0.812,0.7029,0.5734,1.1917,0.3153,0.1781,-220.0,140.0,-520.0,80.0,0.6,0.4,0.0,0.28,4.06,part_solid,0
1.3.6.1.4.1.14519.5.2.1.6279.6001.214800939017429618305208626314,Nodule 008,115.98,8.81,7.71,8.26,0.8495,0.8753,0.6129,1.1673,0.4925,0.2226,35.0,60.0,-60.0,110.0,0.12,0.88,0.0,0.616,5.15,solid,1
1.3.6.1.4.1.14519.5.2.1.6279.6001.214800939017429618305208626314,Nodule 004,66.15,6.46,5.9,6.18,0.8381,0.9129,0.8359,1.4267,0.0906,0.1192,35.0,60.0,-60.0,110.0,0.12,0.88,0.0,0.616,4.27,solid,0
1.3.6.1.4.1.14519.5.2.1.6279.6001.214800939017429618305208626314,Nodule 003,238.58,12.47,11.66,12.07,0.8166,0.935,0.4329,0.9548,0.714,0.1938,35.0,60.0,-60.0,110.0,0.12,0.88,0.0,0.616,6.55,solid,1
1.3.6.1.4.1.14519.5.2.1.6279.6001.214800939017429618305208626314,21527,47.19,6.72,6.15,6.44,0.8855,0.9152,0.8031,1.5113,0.1688,0.1651,35.0,60.0,-60.0,110.0,0.12,0.88,0.0,0.616,3.81,solid,0
1.3.6.1.4.1.14519.5.2.1.6279.6001.214800939017429618305208626314,21528,54.39,9.13,8.01,8.57,0.7429,0.8774,0.219,1.7181,0.0677,0.0877,35.0,60.0,-60.0,110.0,0.12,0.88,0.0,0.616,4.0,solid,0
1.3.6.1.4.1.14519.5.2.1.6279.6001.214800939017429618305208626314,21533,74.09,8.11,6.57,7.34,0.8134,0.8104,0.6661,1.4155,0.4948,0.2496,35.0,60.0,-60.0,110.0,0.12,0.88,0.0,0.616,4.43,solid,0
1.3.6.1.4.1.14519.5.2.1.6279.6001.214800939017429618305208626314,21534,107.6,9.17,7.83,8.5,0.8439,0.854,0.5886,1.2047,0.5298,0.2282,35.0,60.0,-60.0,110.0,0.12,0.88,0.0,0.616,5.02,solid,0
1.3.6.1.4.1.14519.5.2.1.6279.6001.214800939017429618305208626314,21535,78.06,9.34,6.35,7.85,0.8,0.6798,0.3854,1.4145,0.297,0.1889,35.0,60.0,-60.0,110.0,0.12,0.88,0.0,0.616,4.51,solid,0
1.3.6.1.4.1.14519.5.2.1.6279.6001.214800939017429618305208626314,6,215.21,8.35,7.61,7.98,0.7643,0.9108,1.0,1.0559,0.5617,0.1946,350.0,120.0,50.0,550.0,0.1,0.25,0.65,0.175,4.16,calcified,0
1.3.6.1.4.1.14519.5.2.1.6279.6001.163901773171373940247829492387,76661,5993.43,31.92,27.91,29.91,0.8332,0.8746,0.5953,0.3195,1.273,0.0971,35.0,60.0,-60.0,110.0,0.12,0.88,0.0,0.616,19.18,solid,1
1.3.6.1.4.1.14519.5.2.1.6279.6001.163901773171373940247829492387,Nodule 001,6531.7,33.19,29.75,31.47,0.8437,0.8965,0.5724,0.3066,1.7285,0.1088,35.0,60.0,-60.0,110.0,0.12,0.88,0.0,0.616,19.73,solid,1
1.3.6.1.4.1.14519.5.2.1.6279.6001.163901773171373940247829492387,15270,5190.08,30.87,26.17,28.52,0.8083,0.8478,0.6156,0.3456,1.5474,0.1116,35.0,60.0,-60.0,110.0,0.12,0.88,0.0,0.616,18.28,solid,1
1.3.6.1.4.1.14519.5.2.1.6279.6001.163901773171373940247829492387,0,124.95,8.72,7.08,7.9,0.7973,0.8119,0.688,1.2132,0.2406,0.1545,35.0,60.0,-60.0,110.0,0.12,0.88,0.0,0.616,5.28,solid,0
1.3.6.1.4.1.14519.5.2.1.6279.6001.163901773171373940247829492387,2,1283.06,17.41,13.33,15.37,0.7658,0.7653,0.9762,0.5812,2.1154,0.209,-580.0,75.0,-680.0,-450.0,0.95,0.05,0.0,0.035,4.41,pure_ggn,0
1.3.6.1.4.1.14519.5.2.1.6279.6001.163901773171373940247829492387,3,5298.61,30.29,26.64,28.47,0.8363,0.8794,0.6272,0.3317,1.2391,0.1001,35.0,60.0,-60.0,110.0,0.12,0.88,0.0,0.616,18.4,solid,0
1.3.6.1.4.1.14519.5.2.1.6279.6001.163901773171373940247829492387,5,60.27,7.52,6.47,7.0,0.8077,0.8604,0.5318,1.527,0.1621,0.1528,35.0,60.0,-60.0,110.0,0.12,0.88,0.0,0.616,4.14,solid,0
1.3.6.1.4.1.14519.5.2.1.6279.6001.123654356399290048011621921476,3959,88.2,6.75,5.28,6.01,0.7853,0.7822,1.0,1.3834,0.2268,0.168,35.0,60.0,-60.0,110.0,0.12,0.88,0.0,0.616,4.7,solid,0
1.3.6.1.4.1.14519.5.2.1.6279.6001.293757615532132808762625441831,Nodule 001,122.5,9.35,8.37,8.86,0.7996,0.8951,0.5346,1.2178,0.5519,0.2253,35.0,60.0,-60.0,110.0,0.12,0.88,0.0,0.616,5.24,solid,1
1.3.6.1.4.1.14519.5.2.1.6279.6001.293757615532132808762625441831,Nodule 003,331.06,23.86,10.08,16.97,0.7509,0.4225,0.262,0.931,6.5176,0.4158,35.0,60.0,-60.0,110.0,0.12,0.88,0.0,0.616,7.3,solid,1
1.3.6.1.4.1.14519.5.2.1.6279.6001.293757615532132808762625441831,15561,68.91,8.35,7.62,7.99,0.7947,0.9122,0.3741,1.4844,0.2262,0.1643,350.0,120.0,50.0,550.0,0.1,0.25,0.65,0.175,2.85,calcified,0
1.3.6.1.4.1.14519.5.2.1.6279.6001.293757615532132808762625441831,0,43.49,6.52,5.68,6.1,0.7413,0.8713,0.7674,1.855,0.3025,0.2297,350.0,120.0,50.0,550.0,0.1,0.25,0.65,0.175,2.44,calcified,0
1.3.6.1.4.1.14519.5.2.1.6279.6001.293757615532132808762625441831,1,142.87,12.34,8.16,10.25,0.7782,0.6614,0.3547,1.1887,0.9056,0.254,-580.0,75.0,-680.0,-450.0,0.95,0.05,0.0,0.035,2.12,pure_ggn,0
1.3.6.1.4.1.14519.5.2.1.6279.6001.293757615532132808762625441831,9895,130.31,11.7,7.82,9.76,0.7073,0.6684,0.3741,1.3486,0.8686,0.2599,35.0,60.0,-60.0,110.0,0.12,0.88,0.0,0.616,5.35,solid,1
1.3.6.1.4.1.14519.5.2.1.6279.6001.293757615532132808762625441831,9889,32.92,6.15,5.38,5.76,0.7546,0.8738,0.6096,1.9995,0.2709,0.2382,350.0,120.0,50.0,550.0,0.1,0.25,0.65,0.175,2.22,calcified,0
1.3.6.1.4.1.14519.5.2.1.6279.6001.217589936421986638139451480826,Nodule 013,97.08,10.87,7.0,8.94,0.7791,0.644,0.3448,1.3505,0.7706,0.2697,35.0,60.0,-60.0,110.0,0.12,0.88,0.0,0.616,4.85,solid,0
1.3.6.1.4.1.14519.5.2.1.6279.6001.217589936421986638139451480826,Nodule 004,50.22,7.43,5.59,6.51,0.8159,0.7518,0.5047,1.6065,0.2746,0.2145,35.0,60.0,-60.0,110.0,0.12,0.88,0.0,0.616,3.89,solid,0
1.3.6.1.4.1.14519.5.2.1.6279.6001.217589936421986638139451480826,Nodule 003,53.29,7.42,6.71,7.07,0.8048,0.9043,0.5052,1.5969,0.4707,0.2676,35.0,60.0,-60.0,110.0,0.12,0.88,0.0,0.616,3.97,solid,0
1.3.6.1.4.1.14519.5.2.1.6279.6001.217589936421986638139451480826,4831,122.81,10.13,9.04,9.59,0.7923,0.892,0.37,1.228,0.3403,0.1675,35.0,60.0,-60.0,110.0,0.12,0.88,0.0,0.616,5.25,solid,1
1.3.6.1.4.1.14519.5.2.1.6279.6001.217589936421986638139451480826,0830,113.92,8.35,7.48,7.91,0.8343,0.895,0.5986,1.1957,0.1618,0.1305,350.0,120.0,50.0,550.0,0.1,0.25,0.65,0.175,3.36,calcified,0
1.3.6.1.4.1.14519.5.2.1.6279.6001.217589936421986638139451480826,0821,168.13,8.96,8.8,8.88,0.842,0.982,0.6975,1.0406,0.128,0.1021,350.0,120.0,50.0,550.0,0.1,0.25,0.65,0.175,3.83,calcified,0
1.3.6.1.4.1.14519.5.2.1.6279.6001.217589936421986638139451480826,0835,79.93,8.6,6.35,7.48,0.8357,0.7383,0.5812,1.3434,0.3108,0.1944,35.0,60.0,-60.0,110.0,0.12,0.88,0.0,0.616,4.55,solid,0
1.3.6.1.4.1.14519.5.2.1.6279.6001.217589936421986638139451480826,IL057_69368,108.72,9.86,6.75,8.3,0.555,0.6848,0.6341,1.8258,0.7775,0.2674,35.0,60.0,-60.0,110.0,0.12,0.88,0.0,0.616,5.04,solid,0
1.3.6.1.4.1.14519.5.2.1.6279.6001.217589936421986638139451480826,IL057_69379,66.15,9.98,5.92,7.95,0.7219,0.5933,0.3758,1.6565,0.8048,0.3085,35.0,60.0,-60.0,110.0,0.12,0.88,0.0,0.616,4.27,solid,0
1.3.6.1.4.1.14519.5.2.1.6279.6001.217589936421986638139451480826,IL057_69375,113.01,10.79,8.24,9.51,0.8114,0.7641,0.3477,1.2327,0.4716,0.1997,35.0,60.0,-60.0,110.0,0.12,0.88,0.0,0.616,5.1,solid,0
1.3.6.1.4.1.14519.5.2.1.6279.6001.217589936421986638139451480826,IL057_69392,30.01,7.3,4.63,5.96,0.7938,0.6347,0.3426,1.9603,0.2033,0.2074,35.0,60.0,-60.0,110.0,0.12,0.88,0.0,0.616,3.28,solid,0
1.3.6.1.4.1.14519.5.2.1.6279.6001.655242448149322898770987310561,5235,6988.62,33.65,26.73,30.19,0.7564,0.7943,0.743,0.3344,3.978,0.1629,35.0,60.0,-60.0,110.0,0.12,0.88,0.0,0.616,20.18,solid,1
1.3.6.1.4.1.14519.5.2.1.6279.6001.655242448149322898770987310561,Nodule 001,4939.2,37.71,27.97,32.84,0.6827,0.7417,0.3314,0.416,6.5763,0.2137,35.0,60.0,-60.0,110.0,0.12,0.88,0.0,0.616,17.98,solid,1
1.3.6.1.4.1.14519.5.2.1.6279.6001.655242448149322898770987310561,Nodule 002,441.61,14.06,12.61,13.33,0.8036,0.8972,0.5335,0.7902,1.5556,0.2501,35.0,60.0,-60.0,110.0,0.12,0.88,0.0,0.616,8.04,solid,1
1.3.6.1.4.1.14519.5.2.1.6279.6001.655242448149322898770987310561,IL057_196321,5200.74,32.16,22.66,27.41,0.656,0.7046,0.7773,0.4255,8.9338,0.2731,35.0,60.0,-60.0,110.0,0.12,0.88,0.0,0.616,18.29,solid,1
1.3.6.1.4.1.14519.5.2.1.6279.6001.655242448149322898770987310561,03477,8998.85,36.33,30.11,33.22,0.7537,0.8286,0.688,0.3085,4.738,0.1644,35.0,60.0,-60.0,110.0,0.12,0.88,0.0,0.616,21.96,solid,1
1.3.6.1.4.1.14519.5.2.1.6279.6001.174935793360491516757154875981,Nodule 003,122.6,8.32,7.59,7.96,0.824,0.9117,0.6487,1.1814,0.1322,0.1167,35.0,60.0,-60.0,110.0,0.12,0.88,0.0,0.616,5.24,solid,0
1.3.6.1.4.1.14519.5.2.1.6279.6001.174935793360491516757154875981,Nodule 002,130.54,7.72,7.24,7.48,0.8275,0.9381,0.9329,1.152,0.1349,0.1159,35.0,60.0,-60.0,110.0,0.12,0.88,0.0,0.616,5.36,solid,0
1.3.6.1.4.1.14519.5.2.1.6279.6001.174935793360491516757154875981,Nodule 004,44.98,6.64,5.85,6.24,0.8075,0.8805,0.5423,1.684,0.2551,0.2194,35.0,60.0,-60.0,110.0,0.12,0.88,0.0,0.616,3.75,solid,0
1.3.6.1.4.1.14519.5.2.1.6279.6001.242624386080831911167122628616,57945,205.46,15.3,8.44,11.87,0.7303,0.5519,0.549,1.1222,3.8115,0.437,350.0,120.0,50.0,550.0,0.1,0.25,0.65,0.175,4.09,calcified,0
1.3.6.1.4.1.14519.5.2.1.6279.6001.242624386080831911167122628616,57939,295.15,14.27,9.67,11.97,0.8166,0.6772,0.5886,0.8895,1.3821,0.2549,35.0,60.0,-60.0,110.0,0.12,0.88,0.0,0.616,7.03,solid,0
1.3.6.1.4.1.14519.5.2.1.6279.6001.242624386080831911167122628616,80010,59.34,12.08,5.71,8.9,0.7948,0.473,0.2897,1.56,1.5747,0.3904,350.0,120.0,50.0,550.0,0.1,0.25,0.65,0.175,2.71,calcified,0
1.3.6.1.4.1.14519.5.2.1.6279.6001.242624386080831911167122628616,50471,40.65,8.63,5.64,7.13,0.8181,0.6533,0.3246,1.7192,0.6039,0.307,350.0,120.0,50.0,550.0,0.1,0.25,0.65,0.175,2.39,calcified,0
1.3.6.1.4.1.14519.5.2.1.6279.6001.242624386080831911167122628616,50474,404.05,15.82,11.26,13.54,0.8298,0.7118,0.4866,0.7883,1.4355,0.2356,35.0,60.0,-60.0,110.0,0.12,0.88,0.0,0.616,7.8,solid,1
1.3.6.1.4.1.14519.5.2.1.6279.6001.242624386080831911167122628616,13709,431.67,15.99,11.13,13.56,0.8121,0.6961,0.5254,0.7879,1.533,0.2399,35.0,60.0,-60.0,110.0,0.12,0.88,0.0,0.616,7.98,solid,1
1.3.6.1.4.1.14519.5.2.1.6279.6001.242624386080831911167122628616,17079,195.68,12.22,9.19,10.71,0.7663,0.7521,0.6299,1.087,1.943,0.338,350.0,120.0,50.0,550.0,0.1,0.25,0.65,0.175,4.03,calcified,0
1.3.6.1.4.1.14519.5.2.1.6279.6001.242624386080831911167122628616,0,135.66,10.99,8.35,9.67,0.7311,0.7592,0.7641,1.2874,1.8145,0.3506,350.0,120.0,50.0,550.0,0.1,0.25,0.65,0.175,3.57,calcified,0
1.3.6.1.4.1.14519.5.2.1.6279.6001.293042942258944468818728122049,80986,6192.37,45.84,22.88,34.36,0.6591,0.4992,0.5891,0.3996,25.3356,0.3705,35.0,60.0,-60.0,110.0,0.12,0.88,0.0,0.616,19.39,solid,1
1.3.6.1.4.1.14519.5.2.1.6279.6001.293042942258944468818728122049,80993,143.32,7.58,6.9,7.24,0.8169,0.9106,1.0,1.1313,0.1202,0.1032,350.0,120.0,50.0,550.0,0.1,0.25,0.65,0.175,3.63,calcified,0
1.3.6.1.4.1.14519.5.2.1.6279.6001.293042942258944468818728122049,85533,55.86,9.46,7.94,8.7,0.7418,0.8398,0.2115,1.7053,0.0704,0.0881,350.0,120.0,50.0,550.0,0.1,0.25,0.65,0.175,2.65,calcified,0
1.3.6.1.4.1.14519.5.2.1.6279.6001.293042942258944468818728122049,85528,3763.2,35.6,18.74,27.17,0.6474,0.5263,0.7584,0.4803,21.5772,0.4004,35.0,60.0,-60.0,110.0,0.12,0.88,0.0,0.616,16.42,solid,1
1.3.6.1.4.1.14519.5.2.1.6279.6001.293042942258944468818728122049,15704,166.11,9.33,8.05,8.69,0.8434,0.8631,0.6433,1.0431,0.1389,0.1104,350.0,120.0,50.0,550.0,0.1,0.25,0.65,0.175,3.81,calcified,0
1.3.6.1.4.1.14519.5.2.1.6279.6001.293042942258944468818728122049,0,234.46,9.86,7.95,8.9,0.7582,0.8055,0.9124,1.0343,0.2974,0.142,350.0,120.0,50.0,550.0,0.1,0.25,0.65,0.175,4.28,calcified,0
1.3.6.1.4.1.14519.5.2.1.6279.6001.293042942258944468818728122049,1,4068.96,34.83,20.39,27.61,0.7069,0.5855,0.8613,0.4285,17.7095,0.3481,35.0,60.0,-60.0,110.0,0.12,0.88,0.0,0.616,16.85,solid,1
1.3.6.1.4.1.14519.5.2.1.6279.6001.200725988589959521302320481687,Nodule 002,361.62,11.21,10.24,10.73,0.8296,0.913,0.8026,0.8182,0.2514,0.1132,35.0,60.0,-60.0,110.0,0.12,0.88,0.0,0.616,7.52,solid,1
1.3.6.1.4.1.14519.5.2.1.6279.6001.200725988589959521302320481687,Nodule 001,451.58,13.17,11.13,12.15,0.8211,0.8453,0.6833,0.7676,0.4726,0.1415,35.0,60.0,-60.0,110.0,0.12,0.88,0.0,0.616,8.1,solid,1
1.3.6.1.4.1.14519.5.2.1.6279.6001.200725988589959521302320481687,44874,309.58,11.42,10.82,11.12,0.7914,0.9474,0.6302,0.9033,0.3886,0.1444,35.0,60.0,-60.0,110.0,0.12,0.88,0.0,0.616,7.14,solid,1
1.3.6.1.4.1.14519.5.2.1.6279.6001.200725988589959521302320481687,44871,261.07,10.04,9.3,9.67,0.865,0.9262,0.8965,0.8747,0.0619,0.0619,350.0,120.0,50.0,550.0,0.1,0.25,0.65,0.175,4.44,calcified,0
1.3.6.1.4.1.14519.5.2.1.6279.6001.200725988589959521302320481687,MI014_13985,299.0,10.22,9.31,9.76,0.8415,0.9112,0.8809,0.8594,0.0797,0.0678,350.0,120.0,50.0,550.0,0.1,0.25,0.65,0.175,4.64,calcified,0
1.3.6.1.4.1.14519.5.2.1.6279.6001.200725988589959521302320481687,0,235.93,9.21,8.12,8.66,0.8107,0.8816,0.9772,0.9654,0.1409,0.0977,350.0,120.0,50.0,550.0,0.1,0.25,0.65,0.175,4.29,calcified,0
1.3.6.1.4.1.14519.5.2.1.6279.6001.200725988589959521302320481687,1,343.54,11.48,9.92,10.7,0.7965,0.8637,0.784,0.8669,0.3741,0.1383,35.0,60.0,-60.0,110.0,0.12,0.88,0.0,0.616,7.39,solid,0
1.3.6.1.4.1.14519.5.2.1.6279.6001.466284753932369813717081722101,Nodule 002,51.2,7.73,6.25,6.99,0.8088,0.808,0.388,1.6101,0.2435,0.1936,35.0,60.0,-60.0,110.0,0.12,0.88,0.0,0.616,3.92,solid,1
1.3.6.1.4.1.14519.5.2.1.6279.6001.466284753932369813717081722101,IL057_220586,37.97,6.35,5.8,6.07,0.8303,0.9133,0.4726,1.7329,0.1066,0.1454,350.0,120.0,50.0,550.0,0.1,0.25,0.65,0.175,2.33,calcified,0
1.3.6.1.4.1.14519.5.2.1.6279.6001.309955999522338651429118207446,3,481.12,11.78,10.23,11.01,0.7774,0.8682,0.9546,0.7939,0.6548,0.1654,35.0,60.0,-60.0,110.0,0.12,0.88,0.0,0.616,8.27,solid,0
1.3.6.1.4.1.14519.5.2.1.6279.6001.309955999522338651429118207446,12,480.81,14.71,11.02,12.87,0.8112,0.7497,0.5525,0.7609,0.5527,0.1469,35.0,60.0,-60.0,110.0,0.12,0.88,0.0,0.616,8.27,solid,0
1.3.6.1.4.1.14519.5.2.1.6279.6001.309955999522338651429118207446,74387,392.31,11.92,10.29,11.11,0.8341,0.8634,0.7864,0.792,0.3385,0.1266,350.0,120.0,50.0,550.0,0.1,0.25,0.65,0.175,5.08,calcified,0
1.3.6.1.4.1.14519.5.2.1.6279.6001.309955999522338651429118207446,74915,60.48,7.69,6.64,7.16,0.8143,0.8627,0.4875,1.513,0.2666,0.1943,35.0,60.0,-60.0,110.0,0.12,0.88,0.0,0.616,4.14,solid,0
1.3.6.1.4.1.14519.5.2.1.6279.6001.309955999522338651429118207446,Nodule 004,287.72,12.53,9.6,11.07,0.8248,0.7658,0.5485,0.8882,0.5018,0.1656,35.0,60.0,-60.0,110.0,0.12,0.88,0.0,0.616,6.97,solid,1
1.3.6.1.4.1.14519.5.2.1.6279.6001.309955999522338651429118207446,Nodule 010,497.35,12.03,11.08,11.56,0.8255,0.9206,0.883,0.7394,0.7333,0.173,350.0,120.0,50.0,550.0,0.1,0.25,0.65,0.175,5.5,calcified,0
1.3.6.1.4.1.14519.5.2.1.6279.6001.309955999522338651429118207446,Nodule 003,51.91,7.24,6.48,6.86,0.8164,0.8944,0.4314,1.5879,0.1403,0.1478,35.0,60.0,-60.0,110.0,0.12,0.88,0.0,0.616,3.94,solid,0
1.3.6.1.4.1.14519.5.2.1.6279.6001.309955999522338651429118207446,Nodule 005,70.44,8.85,7.37,8.11,0.8194,0.8318,0.3529,1.4292,0.3386,0.1984,35.0,60.0,-60.0,110.0,0.12,0.88,0.0,0.616,4.36,solid,0
1.3.6.1.4.1.14519.5.2.1.6279.6001.309955999522338651429118207446,Nodule 006,246.07,12.93,10.68,11.8,0.8074,0.8265,0.3868,0.9558,0.5945,0.1778,35.0,60.0,-60.0,110.0,0.12,0.88,0.0,0.616,6.62,solid,1
1.3.6.1.4.1.14519.5.2.1.6279.6001.309955999522338651429118207446,Nodule 008,90.34,7.55,7.17,7.36,0.8302,0.9496,0.662,1.2982,0.1747,0.1448,35.0,60.0,-60.0,110.0,0.12,0.88,0.0,0.616,4.74,solid,0
1.3.6.1.4.1.14519.5.2.1.6279.6001.309955999522338651429118207446,Nodule 002,510.06,15.3,12.02,13.66,0.8144,0.7861,0.4903,0.7432,0.644,0.1538,35.0,60.0,-60.0,110.0,0.12,0.88,0.0,0.616,8.43,solid,1
1.3.6.1.4.1.14519.5.2.1.6279.6001.309955999522338651429118207446,Nodule 001,56.2,8.91,6.94,7.92,0.7744,0.7794,0.2807,1.6304,0.2949,0.1914,35.0,60.0,-60.0,110.0,0.12,0.88,0.0,0.616,4.04,solid,0
1.3.6.1.4.1.14519.5.2.1.6279.6001.309955999522338651429118207446,70630,324.32,12.57,10.54,11.56,0.8172,0.8386,0.5469,0.8614,0.3982,0.1417,35.0,60.0,-60.0,110.0,0.12,0.88,0.0,0.616,7.25,solid,1
1.3.6.1.4.1.14519.5.2.1.6279.6001.309955999522338651429118207446,70632,425.53,12.06,10.47,11.26,0.8312,0.8683,0.8293,0.7735,0.413,0.1362,350.0,120.0,50.0,550.0,0.1,0.25,0.65,0.175,5.22,calcified,0
1.3.6.1.4.1.14519.5.2.1.6279.6001.401389720232123950202941034290,Nodule 002,135.67,9.91,7.43,8.67,0.8017,0.7499,0.5676,1.1739,0.5388,0.2187,35.0,60.0,-60.0,110.0,0.12,0.88,0.0,0.616,5.42,solid,1
1.3.6.1.4.1.14519.5.2.1.6279.6001.401389720232123950202941034290,37940,108.26,8.52,7.12,7.82,0.8196,0.8362,0.6604,1.238,0.2928,0.1752,35.0,60.0,-60.0,110.0,0.12,0.88,0.0,0.616,5.03,solid,0
1.3.6.1.4.1.14519.5.2.1.6279.6001.401389720232123950202941034290,51549,10.72,3.65,3.04,3.34,0.8104,0.8342,0.8572,2.7064,0.0403,0.1423,350.0,120.0,50.0,550.0,0.1,0.25,0.65,0.175,1.53,calcified,0
1.3.6.1.4.1.14519.5.2.1.6279.6001.401389720232123950202941034290,25141,100.76,8.85,6.8,7.82,0.8245,0.7683,0.5652,1.2605,0.4291,0.2158,35.0,60.0,-60.0,110.0,0.12,0.88,0.0,0.616,4.91,solid,0
1.3.6.1.4.1.14519.5.2.1.6279.6001.139889514693390832525232698200,Nodule 001,23.12,5.14,4.28,4.71,0.8269,0.8312,0.6074,2.0528,0.101,0.1729,35.0,60.0,-60.0,110.0,0.12,0.88,0.0,0.616,3.01,solid,0
1.3.6.1.4.1.14519.5.2.1.6279.6001.316643107252485100789257057503,80757,423.36,12.83,9.72,11.27,0.814,0.7582,0.7017,0.7912,0.3664,0.1306,35.0,60.0,-60.0,110.0,0.12,0.88,0.0,0.616,7.93,solid,0
1.3.6.1.4.1.14519.5.2.1.6279.6001.316643107252485100789257057503,80768,171.99,9.35,8.28,8.81,0.8355,0.8852,0.6416,1.0408,0.1152,0.0993,350.0,120.0,50.0,550.0,0.1,0.25,0.65,0.175,3.86,calcified,0
1.3.6.1.4.1.14519.5.2.1.6279.6001.316643107252485100789257057503,80770,137.44,8.21,6.26,7.24,0.7839,0.7622,1.0,1.1955,0.3759,0.1868,350.0,120.0,50.0,550.0,0.1,0.25,0.65,0.175,3.58,calcified,0
1.3.6.1.4.1.14519.5.2.1.6279.6001.316643107252485100789257057503,80771,125.68,8.2,7.28,7.74,0.8438,0.8877,0.7317,1.1441,0.1191,0.1124,350.0,120.0,50.0,550.0,0.1,0.25,0.65,0.175,3.48,calcified,0
1.3.6.1.4.1.14519.5.2.1.6279.6001.316643107252485100789257057503,15484,87.46,6.88,5.96,6.42,0.8287,0.867,0.8725,1.3146,0.0643,0.0945,350.0,120.0,50.0,550.0,0.1,0.25,0.65,0.175,3.08,calcified,0
1.3.6.1.4.1.14519.5.2.1.6279.6001.316643107252485100789257057503,15487,82.32,6.59,5.95,6.27,0.843,0.903,0.9111,1.3187,0.0668,0.0982,350.0,120.0,50.0,550.0,0.1,0.25,0.65,0.175,3.02,calcified,0
1.3.6.1.4.1.14519.5.2.1.6279.6001.316643107252485100789257057503,15544,115.39,7.24,5.49,6.36,0.7862,0.758,1.0,1.2634,0.2891,0.1738,350.0,120.0,50.0,550.0,0.1,0.25,0.65,0.175,3.38,calcified,0
1.3.6.1.4.1.14519.5.2.1.6279.6001.316643107252485100789257057503,0,44.1,4.64,4.33,4.49,0.7342,0.9331,1.0,1.8644,0.6007,0.3129,350.0,120.0,50.0,550.0,0.1,0.25,0.65,0.175,2.45,calcified,0
1.3.6.1.4.1.14519.5.2.1.6279.6001.316643107252485100789257057503,1,32.34,4.42,3.96,4.19,0.8119,0.8958,1.0,1.8695,0.0225,0.0733,35.0,60.0,-60.0,110.0,0.12,0.88,0.0,0.616,3.36,solid,0
1.3.6.1.4.1.14519.5.2.1.6279.6001.316643107252485100789257057503,2,438.79,11.67,7.56,9.62,0.6773,0.6484,1.0,0.9396,2.2602,0.2882,35.0,60.0,-60.0,110.0,0.12,0.88,0.0,0.616,8.02,solid,0
1.3.6.1.4.1.14519.5.2.1.6279.6001.316643107252485100789257057503,3,494.65,14.99,10.43,12.71,0.7454,0.6956,0.8005,0.8204,2.0638,0.275,35.0,60.0,-60.0,110.0,0.12,0.88,0.0,0.616,8.35,solid,0
1.3.6.1.4.1.14519.5.2.1.6279.6001.316643107252485100789257057503,4,96.28,7.56,6.61,7.09,0.8061,0.8743,0.7934,1.3089,0.2159,0.1633,-220.0,140.0,-520.0,80.0,0.6,0.4,0.0,0.28,3.72,part_solid,0
1.3.6.1.4.1.14519.5.2.1.6279.6001.316643107252485100789257057503,5,131.56,8.07,7.59,7.83,0.7709,0.94,0.7434,1.2333,0.1297,0.1162,35.0,60.0,-60.0,110.0,0.12,0.88,0.0,0.616,5.37,solid,0
1.3.6.1.4.1.14519.5.2.1.6279.6001.316643107252485100789257057503,7,80.11,6.84,5.58,6.21,0.7836,0.8164,0.8775,1.4316,0.105,0.1235,-220.0,140.0,-520.0,80.0,0.6,0.4,0.0,0.28,3.5,part_solid,0
1.3.6.1.4.1.14519.5.2.1.6279.6001.316643107252485100789257057503,8,141.12,8.29,6.58,7.43,0.8048,0.7939,1.0,1.1542,0.2542,0.1497,-220.0,140.0,-520.0,80.0,0.6,0.4,0.0,0.28,4.23,part_solid,0
1.3.6.1.4.1.14519.5.2.1.6279.6001.316643107252485100789257057503,11,261.66,12.72,9.39,11.06,0.8053,0.7386,0.4718,0.9389,0.6983,0.2031,35.0,60.0,-60.0,110.0,0.12,0.88,0.0,0.616,6.75,solid,0
1.3.6.1.4.1.14519.5.2.1.6279.6001.316643107252485100789257057503,18,52.92,5.99,4.63,5.31,0.7782,0.7732,1.0,1.6553,0.1,0.1338,35.0,60.0,-60.0,110.0,0.12,0.88,0.0,0.616,3.96,solid,0
1.3.6.1.4.1.14519.5.2.1.6279.6001.316643107252485100789257057503,20,65.41,6.67,5.01,5.84,0.7743,0.7513,0.899,1.55,0.171,0.1663,35.0,60.0,-60.0,110.0,0.12,0.88,0.0,0.616,4.25,solid,0
1.3.6.1.4.1.14519.5.2.1.6279.6001.316643107252485100789257057503,21,99.22,5.87,5.68,5.78,0.7607,0.9678,1.0,1.3732,0.4115,0.2138,350.0,120.0,50.0,550.0,0.1,0.25,0.65,0.175,3.21,calcified,0
1.3.6.1.4.1.14519.5.2.1.6279.6001.316643107252485100789257057503,23,53.65,5.62,5.06,5.34,0.7877,0.9001,1.0,1.6277,0.0574,0.1022,-220.0,140.0,-520.0,80.0,0.6,0.4,0.0,0.28,3.06,part_solid,0
1.3.6.1.4.1.14519.5.2.1.6279.6001.247769845138587733933485039556,0,130.16,9.33,6.13,7.73,0.7392,0.6567,0.7368,1.2908,0.4718,0.2089,35.0,60.0,-60.0,110.0,0.12,0.88,0.0,0.616,5.35,solid,0
1.3.6.1.4.1.14519.5.2.1.6279.6001.247769845138587733933485039556,2,206.26,9.58,9.28,9.43,0.7881,0.968,0.7175,1.0386,0.234,0.1287,35.0,60.0,-60.0,110.0,0.12,0.88,0.0,0.616,6.24,solid,0
1.3.6.1.4.1.14519.5.2.1.6279.6001.247769845138587733933485039556,3,37.36,6.71,4.75,5.73,0.7452,0.7074,0.559,1.9411,0.2333,0.2149,35.0,60.0,-60.0,110.0,0.12,0.88,0.0,0.616,3.53,solid,0
1.3.6.1.4.1.14519.5.2.1.6279.6001.247769845138587733933485039556,8,20.52,4.72,4.19,4.46,0.7969,0.8863,0.6615,2.2166,0.0861,0.1664,35.0,60.0,-60.0,110.0,0.12,0.88,0.0,0.616,2.89,solid,0
1.3.6.1.4.1.14519.5.2.1.6279.6001.247769845138587733933485039556,74366,50.22,7.36,5.62,6.49,0.8286,0.7637,0.5097,1.5818,0.2482,0.2031,35.0,60.0,-60.0,110.0,0.12,0.88,0.0,0.616,3.89,solid,0
1.3.6.1.4.1.14519.5.2.1.6279.6001.247769845138587733933485039556,Nodule 004,151.9,9.84,7.05,8.45,0.8071,0.7165,0.6351,1.123,0.4286,0.1925,35.0,60.0,-60.0,110.0,0.12,0.88,0.0,0.616,5.63,solid,0
1.3.6.1.4.1.14519.5.2.1.6279.6001.247769845138587733933485039556,Nodule 003,172.57,10.46,9.37,9.91,0.8063,0.8959,0.4782,1.0773,0.3735,0.1646,35.0,60.0,-60.0,110.0,0.12,0.88,0.0,0.616,5.88,solid,1
1.3.6.1.4.1.14519.5.2.1.6279.6001.247769845138587733933485039556,Nodule 002,71.05,8.27,6.6,7.43,0.8156,0.7981,0.4535,1.4316,0.2651,0.1853,35.0,60.0,-60.0,110.0,0.12,0.88,0.0,0.616,4.37,solid,0
1.3.6.1.4.1.14519.5.2.1.6279.6001.300146276266881736689307479986,Nodule 002,347.95,14.57,10.74,12.66,0.7803,0.7373,0.494,0.8811,1.8199,0.2888,35.0,60.0,-60.0,110.0,0.12,0.88,0.0,0.616,7.43,solid,1
1.3.6.1.4.1.14519.5.2.1.6279.6001.300146276266881736689307479986,22066,114.22,10.66,6.58,8.62,0.816,0.6173,0.5064,1.2215,0.5454,0.2251,35.0,60.0,-60.0,110.0,0.12,0.88,0.0,0.616,5.12,solid,0
1.3.6.1.4.1.14519.5.2.1.6279.6001.300146276266881736689307479986,0,124.8,11.53,6.72,9.12,0.8087,0.5825,0.4685,1.1966,1.0783,0.3025,-220.0,140.0,-520.0,80.0,0.6,0.4,0.0,0.28,4.06,part_solid,0
1.3.6.1.4.1.14519.5.2.1.6279.6001.300146276266881736689307479986,2,347.95,14.57,10.74,12.66,0.7803,0.7373,0.494,0.8811,1.8199,0.2888,35.0,60.0,-60.0,110.0,0.12,0.88,0.0,0.616,7.43,solid,0
1.3.6.1.4.1.14519.5.2.1.6279.6001.199171741859530285887752432478,74048,45.57,6.2,5.39,5.79,0.8531,0.8698,0.6456,1.5871,0.0713,0.1173,350.0,120.0,50.0,550.0,0.1,0.25,0.65,0.175,2.48,calcified,0
1.3.6.1.4.1.14519.5.2.1.6279.6001.199171741859530285887752432478,Nodule 002,67.13,7.05,5.81,6.43,0.8242,0.8238,0.709,1.4436,0.2475,0.1912,35.0,60.0,-60.0,110.0,0.12,0.88,0.0,0.616,4.29,solid,0
1.3.6.1.4.1.14519.5.2.1.6279.6001.199171741859530285887752432478,Nodule 005,113.43,9.01,7.32,8.16,0.8234,0.8127,0.555,1.2132,0.2749,0.1667,35.0,60.0,-60.0,110.0,0.12,0.88,0.0,0.616,5.11,solid,0
1.3.6.1.4.1.14519.5.2.1.6279.6001.199171741859530285887752432478,Nodule 001,65.9,6.18,6.01,6.1,0.8268,0.9725,0.809,1.448,0.1219,0.1388,35.0,60.0,-60.0,110.0,0.12,0.88,0.0,0.616,4.26,solid,0
1.3.6.1.4.1.14519.5.2.1.6279.6001.199171741859530285887752432478,2,58.31,6.7,5.78,6.24,0.7626,0.8628,0.7465,1.6354,0.3217,0.2233,35.0,60.0,-60.0,110.0,0.12,0.88,0.0,0.616,4.09,solid,0
1.3.6.1.4.1.14519.5.2.1.6279.6001.199171741859530285887752432478,3,36.01,5.24,5.04,5.14,0.7994,0.9609,0.7628,1.8319,0.1128,0.1613,350.0,120.0,50.0,550.0,0.1,0.25,0.65,0.175,2.29,calcified,0
1.3.6.1.4.1.14519.5.2.1.6279.6001.144883090372691745980459537053,5384,3137.84,26.14,22.46,24.3,0.7912,0.8591,0.6217,0.4175,2.5588,0.1691,-220.0,140.0,-520.0,80.0,0.6,0.4,0.0,0.28,11.88,part_solid,1
1.3.6.1.4.1.14519.5.2.1.6279.6001.144883090372691745980459537053,5418,51.45,11.55,8.8,10.18,0.7459,0.762,0.2164,1.7431,1.0668,0.2977,-580.0,75.0,-680.0,-450.0,0.95,0.05,0.0,0.035,1.51,pure_ggn,0
1.3.6.1.4.1.14519.5.2.1.6279.6001.144883090372691745980459537053,IL057_196144,2931.42,26.03,20.96,23.49,0.7621,0.8053,0.6724,0.4434,3.4285,0.1995,-580.0,75.0,-680.0,-450.0,0.95,0.05,0.0,0.035,5.81,pure_ggn,1
1.3.6.1.4.1.14519.5.2.1.6279.6001.144883090372691745980459537053,Nodule 001,2547.39,25.26,22.49,23.87,0.7684,0.8902,0.4949,0.4608,2.7827,0.1862,35.0,60.0,-60.0,110.0,0.12,0.88,0.0,0.616,14.42,solid,1
1.3.6.1.4.1.14519.5.2.1.6279.6001.144883090372691745980459537053,Nodule 007,133.52,12.81,10.97,11.89,0.7159,0.8564,0.1952,1.3216,0.2833,0.1268,35.0,60.0,-60.0,110.0,0.12,0.88,0.0,0.616,5.4,solid,0
1.3.6.1.4.1.14519.5.2.1.6279.6001.194488534645348916700259325236,56093,109.94,8.38,6.71,7.54,0.8475,0.8011,0.6716,1.1911,0.1462,0.1257,35.0,60.0,-60.0,110.0,0.12,0.88,0.0,0.616,5.06,solid,0
1.3.6.1.4.1.14519.5.2.1.6279.6001.194488534645348916700259325236,56098,48.54,5.95,5.38,5.67,0.8592,0.9046,0.7353,1.5429,0.0702,0.1154,350.0,120.0,50.0,550.0,0.1,0.25,0.65,0.175,2.53,calcified,0
1.3.6.1.4.1.14519.5.2.1.6279.6001.194488534645348916700259325236,56101,38.74,6.63,5.46,6.05,0.8108,0.823,0.5652,1.7628,0.2944,0.2374,-220.0,140.0,-520.0,80.0,0.6,0.4,0.0,0.28,2.75,part_solid,0
1.3.6.1.4.1.14519.5.2.1.6279.6001.194488534645348916700259325236,56096,107.65,9.13,5.83,7.48,0.7691,0.6385,0.9588,1.3218,0.8292,0.2715,35.0,60.0,-60.0,110.0,0.12,0.88,0.0,0.616,5.02,solid,0
1.3.6.1.4.1.14519.5.2.1.6279.6001.194488534645348916700259325236,56088,199.06,9.38,8.17,8.78,0.8048,0.8717,0.9997,1.0291,0.9652,0.2554,350.0,120.0,50.0,550.0,0.1,0.25,0.65,0.175,4.05,calcified,0
1.3.6.1.4.1.14519.5.2.1.6279.6001.194488534645348916700259325236,0,79.32,7.18,6.3,6.74,0.8204,0.8774,0.6966,1.372,0.101,0.118,35.0,60.0,-60.0,110.0,0.12,0.88,0.0,0.616,4.54,solid,0
1.3.6.1.4.1.14519.5.2.1.6279.6001.194488534645348916700259325236,7,120.51,8.05,6.84,7.45,0.7745,0.8506,0.932,1.2641,0.8981,0.293,350.0,120.0,50.0,550.0,0.1,0.25,0.65,0.175,3.43,calcified,0
1.3.6.1.4.1.14519.5.2.1.6279.6001.194488534645348916700259325236,33977,725.97,15.8,13.34,14.57,0.8337,0.8439,0.6724,0.6454,0.7416,0.149,350.0,120.0,50.0,550.0,0.1,0.25,0.65,0.175,6.24,calcified,0
1.3.6.1.4.1.14519.5.2.1.6279.6001.194488534645348916700259325236,33978,429.36,13.74,12.05,12.9,0.8279,0.8767,0.5457,0.7743,0.5629,0.1524,350.0,120.0,50.0,550.0,0.1,0.25,0.65,0.175,5.24,calcified,0
1.3.6.1.4.1.14519.5.2.1.6279.6001.194488534645348916700259325236,33979,182.22,9.21,8.18,8.69,0.8088,0.8876,0.8142,1.0546,0.6597,0.2241,350.0,120.0,50.0,550.0,0.1,0.25,0.65,0.175,3.93,calcified,0
1.3.6.1.4.1.14519.5.2.1.6279.6001.194488534645348916700259325236,Nodule 005,46.55,6.12,5.71,5.92,0.8448,0.9322,0.6123,1.5913,0.1297,0.1564,350.0,120.0,50.0,550.0,0.1,0.25,0.65,0.175,2.5,calcified,0
1.3.6.1.4.1.14519.5.2.1.6279.6001.252697338970999211181671881792,Nodule 001,108.41,8.44,7.6,8.02,0.8324,0.9006,0.5923,1.2184,0.25,0.1626,35.0,60.0,-60.0,110.0,0.12,0.88,0.0,0.616,5.03,solid,1
1.3.6.1.4.1.14519.5.2.1.6279.6001.252697338970999211181671881792,7190,140.57,8.57,7.65,8.11,0.8045,0.8931,0.7292,1.1561,0.2134,0.1412,-220.0,140.0,-520.0,80.0,0.6,0.4,0.0,0.28,4.22,part_solid,0
1.3.6.1.4.1.14519.5.2.1.6279.6001.674809958213117379592437424616,15416,30.87,6.81,6.2,6.51,0.7883,0.911,0.2938,1.9556,0.0394,0.0888,35.0,60.0,-60.0,110.0,0.12,0.88,0.0,0.616,3.31,solid,0
1.3.6.1.4.1.14519.5.2.1.6279.6001.674809958213117379592437424616,10565,61.25,7.59,5.58,6.59,0.6496,0.7356,0.6588,1.8887,0.6369,0.3168,-580.0,75.0,-680.0,-450.0,0.95,0.05,0.0,0.035,1.6,pure_ggn,0
1.3.6.1.4.1.14519.5.2.1.6279.6001.164988920331211858091402361989,39966,52.99,7.02,6.59,6.81,0.8452,0.9383,0.4983,1.5234,0.1846,0.1704,350.0,120.0,50.0,550.0,0.1,0.25,0.65,0.175,2.61,calcified,0
1.3.6.1.4.1.14519.5.2.1.6279.6001.164988920331211858091402361989,39932,206.66,10.66,7.67,9.16,0.8237,0.7194,0.7223,0.993,0.2978,0.1448,35.0,60.0,-60.0,110.0,0.12,0.88,0.0,0.616,6.24,solid,1
1.3.6.1.4.1.14519.5.2.1.6279.6001.164988920331211858091402361989,3,278.52,11.32,8.27,9.79,0.7705,0.7304,0.9276,0.961,0.5029,0.1667,35.0,60.0,-60.0,110.0,0.12,0.88,0.0,0.616,6.89,solid,0
1.3.6.1.4.1.14519.5.2.1.6279.6001.222052723822248889877676736332,Nodule 004,34.15,6.02,4.56,5.29,0.8333,0.7579,0.6228,1.7887,0.1324,0.1737,350.0,120.0,50.0,550.0,0.1,0.25,0.65,0.175,2.25,calcified,0
1.3.6.1.4.1.14519.5.2.1.6279.6001.222052723822248889877676736332,Nodule 001,658.74,16.23,11.87,14.05,0.7551,0.7315,0.6162,0.736,2.0193,0.2605,35.0,60.0,-60.0,110.0,0.12,0.88,0.0,0.616,9.19,solid,1
1.3.6.1.4.1.14519.5.2.1.6279.6001.222052723822248889877676736332,33740,693.35,13.76,13.33,13.55,0.7863,0.9685,0.9082,0.6949,0.8325,0.1623,35.0,60.0,-60.0,110.0,0.12,0.88,0.0,0.616,9.34,solid,1
1.3.6.1.4.1.14519.5.2.1.6279.6001.222052723822248889877676736332,52779,742.81,14.07,13.82,13.95,0.7364,0.9822,0.7993,0.7251,1.909,0.2517,35.0,60.0,-60.0,110.0,0.12,0.88,0.0,0.616,9.56,solid,1
1.3.6.1.4.1.14519.5.2.1.6279.6001.222052723822248889877676736332,52785,37.82,5.61,4.4,5.0,0.847,0.7848,0.892,1.701,0.1346,0.1703,35.0,60.0,-60.0,110.0,0.12,0.88,0.0,0.616,3.54,solid,0
1.3.6.1.4.1.14519.5.2.1.6279.6001.222052723822248889877676736332,52784,57.42,7.38,6.09,6.74,0.7848,0.8253,0.5081,1.5973,0.2628,0.2004,35.0,60.0,-60.0,110.0,0.12,0.88,0.0,0.616,4.07,solid,0
1.3.6.1.4.1.14519.5.2.1.6279.6001.275755514659958628040305922764,77343,329.11,12.36,9.92,11.14,0.8175,0.8026,0.6231,0.8568,0.4881,0.158,350.0,120.0,50.0,550.0,0.1,0.25,0.65,0.175,4.79,calcified,0
1.3.6.1.4.1.14519.5.2.1.6279.6001.275755514659958628040305922764,77347,229.47,10.83,9.91,10.37,0.819,0.9152,0.7112,0.9645,0.6006,0.1919,350.0,120.0,50.0,550.0,0.1,0.25,0.65,0.175,4.25,calcified,0
1.3.6.1.4.1.14519.5.2.1.6279.6001.275755514659958628040305922764,77353,140.29,8.9,8.37,8.63,0.8669,0.9398,0.6291,1.0737,0.1478,0.1147,350.0,120.0,50.0,550.0,0.1,0.25,0.65,0.175,3.61,calcified,0
1.3.6.1.4.1.14519.5.2.1.6279.6001.275755514659958628040305922764,77361,37.73,5.59,5.33,5.46,0.8535,0.9534,0.6257,1.6894,0.0386,0.092,35.0,60.0,-60.0,110.0,0.12,0.88,0.0,0.616,3.54,solid,0
1.3.6.1.4.1.14519.5.2.1.6279.6001.275755514659958628040305922764,74852,348.49,14.73,12.01,13.37,0.7824,0.8157,0.4278,0.8783,1.498,0.2507,350.0,120.0,50.0,550.0,0.1,0.25,0.65,0.175,4.88,calcified,0
1.3.6.1.4.1.14519.5.2.1.6279.6001.275755514659958628040305922764,74850,295.67,12.28,10.36,11.32,0.8334,0.8431,0.5129,0.871,0.2944,0.125,350.0,120.0,50.0,550.0,0.1,0.25,0.65,0.175,4.62,calcified,0
1.3.6.1.4.1.14519.5.2.1.6279.6001.275755514659958628040305922764,92960,121.76,8.78,8.3,8.54,0.8616,0.9449,0.5582,1.1324,0.1047,0.0997,350.0,120.0,50.0,550.0,0.1,0.25,0.65,0.175,3.44,calcified,0
1.3.6.1.4.1.14519.5.2.1.6279.6001.275755514659958628040305922764,10109,235.64,11.9,10.51,11.2,0.7901,0.8834,0.5296,0.991,0.883,0.2248,350.0,120.0,50.0,550.0,0.1,0.25,0.65,0.175,4.29,calcified,0
1.3.6.1.4.1.14519.5.2.1.6279.6001.275755514659958628040305922764,10136,271.83,11.81,9.06,10.43,0.8131,0.7676,0.6522,0.9182,0.4949,0.1684,350.0,120.0,50.0,550.0,0.1,0.25,0.65,0.175,4.5,calcified,0
1.3.6.1.4.1.14519.5.2.1.6279.6001.275755514659958628040305922764,2,34.47,6.58,5.01,5.79,0.809,0.7604,0.5316,1.8367,0.2436,0.2259,35.0,60.0,-60.0,110.0,0.12,0.88,0.0,0.616,3.44,solid,0
1.3.6.1.4.1.14519.5.2.1.6279.6001.275755514659958628040305922764,4,153.66,11.89,7.39,9.64,0.7693,0.6213,0.5299,1.1736,1.2416,0.3011,350.0,120.0,50.0,550.0,0.1,0.25,0.65,0.175,3.72,calcified,0
1.3.6.1.4.1.14519.5.2.1.6279.6001.275755514659958628040305922764,6,343.0,12.45,10.36,11.41,0.8003,0.8317,0.6182,0.8633,0.5138,0.1595,350.0,120.0,50.0,550.0,0.1,0.25,0.65,0.175,4.86,calcified,0
1.3.6.1.4.1.14519.5.2.1.6279.6001.275755514659958628040305922764,7,158.64,10.59,7.83,9.21,0.7876,0.7394,0.5286,1.1342,0.5029,0.1997,35.0,60.0,-60.0,110.0,0.12,0.88,0.0,0.616,5.71,solid,0
1.3.6.1.4.1.14519.5.2.1.6279.6001.275755514659958628040305922764,8,80.26,7.09,6.57,6.83,0.8294,0.9266,0.7898,1.3517,0.0949,0.1123,350.0,120.0,50.0,550.0,0.1,0.25,0.65,0.175,2.99,calcified,0
1.3.6.1.4.1.14519.5.2.1.6279.6001.245349763807614756148761326488,IL057_196357,42.26,6.49,4.21,5.35,0.7612,0.6491,0.7705,1.8238,0.2397,0.222,350.0,120.0,50.0,550.0,0.1,0.25,0.65,0.175,2.42,calcified,0
1.3.6.1.4.1.14519.5.2.1.6279.6001.245349763807614756148761326488,IL057_196358,24.5,6.03,5.69,5.86,0.7915,0.9436,0.3316,2.1036,0.0681,0.1308,-580.0,75.0,-680.0,-450.0,0.95,0.05,0.0,0.035,1.18,pure_ggn,0
1.3.6.1.4.1.14519.5.2.1.6279.6001.245349763807614756148761326488,5350,18.62,7.15,3.67,5.41,0.7441,0.5142,0.2799,2.4522,0.3554,0.3213,350.0,120.0,50.0,550.0,0.1,0.25,0.65,0.175,1.84,calcified,0
1.3.6.1.4.1.14519.5.2.1.6279.6001.669518152156802508672627785405,4889,53.9,6.74,4.57,5.65,0.7616,0.6774,0.7417,1.681,0.1277,0.153,-220.0,140.0,-520.0,80.0,0.6,0.4,0.0,0.28,3.07,part_solid,0
1.3.6.1.4.1.14519.5.2.1.6279.6001.669518152156802508672627785405,Nodule 003,86.36,7.8,6.23,7.01,0.8106,0.7984,0.6413,1.3497,0.1537,0.1434,35.0,60.0,-60.0,110.0,0.12,0.88,0.0,0.616,4.67,solid,0
1.3.6.1.4.1.14519.5.2.1.6279.6001.219281726101239572270900838145,201261,61.74,7.04,6.1,6.57,0.8343,0.866,0.5682,1.4666,0.0805,0.114,-580.0,75.0,-680.0,-450.0,0.95,0.05,0.0,0.035,1.6,pure_ggn,0
1.3.6.1.4.1.14519.5.2.1.6279.6001.225227615446398900698431118292,Nodule 004,2097.05,22.27,19.77,21.02,0.8246,0.8876,0.5892,0.4582,0.8626,0.1133,35.0,60.0,-60.0,110.0,0.12,0.88,0.0,0.616,13.51,solid,1
1.3.6.1.4.1.14519.5.2.1.6279.6001.225227615446398900698431118292,Nodule 001,139.8,10.61,8.4,9.5,0.7721,0.7916,0.4714,1.2068,0.7745,0.249,35.0,60.0,-60.0,110.0,0.12,0.88,0.0,0.616,5.48,solid,1
1.3.6.1.4.1.14519.5.2.1.6279.6001.225227615446398900698431118292,Nodule 002,25.72,5.83,5.13,5.48,0.8293,0.8789,0.4285,1.9754,0.1456,0.1902,35.0,60.0,-60.0,110.0,0.12,0.88,0.0,0.616,3.12,solid,0
1.3.6.1.4.1.14519.5.2.1.6279.6001.225227615446398900698431118292,20996,188.65,11.79,10.56,11.17,0.8081,0.896,0.3712,1.0435,0.4308,0.1616,35.0,60.0,-60.0,110.0,0.12,0.88,0.0,0.616,6.05,solid,0
1.3.6.1.4.1.14519.5.2.1.6279.6001.225227615446398900698431118292,20984,1772.27,20.64,18.93,19.79,0.8278,0.9172,0.6359,0.4827,0.647,0.1038,35.0,60.0,-60.0,110.0,0.12,0.88,0.0,0.616,12.78,solid,1
1.3.6.1.4.1.14519.5.2.1.6279.6001.225227615446398900698431118292,5,62.32,7.42,6.02,6.72,0.8117,0.8107,0.5892,1.5028,0.2131,0.1776,35.0,60.0,-60.0,110.0,0.12,0.88,0.0,0.616,4.19,solid,0
1.3.6.1.4.1.14519.5.2.1.6279.6001.225227615446398900698431118292,8,85.6,8.49,8.09,8.29,0.7968,0.9535,0.4419,1.3772,0.2696,0.1708,35.0,60.0,-60.0,110.0,0.12,0.88,0.0,0.616,4.65,solid,0
1.3.6.1.4.1.14519.5.2.1.6279.6001.225227615446398900698431118292,10362,125.87,10.71,8.85,9.78,0.8071,0.8266,0.4085,1.1956,0.6903,0.2348,35.0,60.0,-60.0,110.0,0.12,0.88,0.0,0.616,5.29,solid,0
1.3.6.1.4.1.14519.5.2.1.6279.6001.225227615446398900698431118292,10359,105.5,9.7,6.3,8.0,0.7969,0.6496,0.5157,1.2843,0.5293,0.2348,35.0,60.0,-60.0,110.0,0.12,0.88,0.0,0.616,4.99,solid,0
1.3.6.1.4.1.14519.5.2.1.6279.6001.225227615446398900698431118292,10355,86.82,9.39,7.42,8.4,0.7947,0.79,0.3993,1.3743,0.5131,0.2338,35.0,60.0,-60.0,110.0,0.12,0.88,0.0,0.616,4.67,solid,0
1.3.6.1.4.1.14519.5.2.1.6279.6001.225227615446398900698431118292,10351,1842.71,22.0,19.09,20.55,0.8048,0.8679,0.5682,0.4901,0.9481,0.1226,35.0,60.0,-60.0,110.0,0.12,0.88,0.0,0.616,12.94,solid,0
1.3.6.1.4.1.14519.5.2.1.6279.6001.325164338773720548739146851679,0,2329.18,23.48,19.24,21.36,0.7007,0.8194,0.7185,0.5206,3.2216,0.2098,-580.0,75.0,-680.0,-450.0,0.95,0.05,0.0,0.035,5.38,pure_ggn,0
1.3.6.1.4.1.14519.5.2.1.6279.6001.325164338773720548739146851679,2,3034.94,37.35,23.23,30.29,0.7446,0.6219,0.2677,0.4486,8.6162,0.2687,-580.0,75.0,-680.0,-450.0,0.95,0.05,0.0,0.035,5.88,pure_ggn,0
1.3.6.1.4.1.14519.5.2.1.6279.6001.325164338773720548739146851679,5,146.39,8.78,7.51,8.15,0.7853,0.8559,0.7831,1.1684,0.3643,0.1799,35.0,60.0,-60.0,110.0,0.12,0.88,0.0,0.616,5.56,solid,0
1.3.6.1.4.1.14519.5.2.1.6279.6001.325164338773720548739146851679,Nodule 003,98.77,8.79,7.22,8.01,0.8226,0.8213,0.4977,1.2719,0.3296,0.1889,35.0,60.0,-60.0,110.0,0.12,0.88,0.0,0.616,4.88,solid,0
1.3.6.1.4.1.14519.5.2.1.6279.6001.325164338773720548739146851679,Nodule 002,1584.84,20.07,17.95,19.01,0.7978,0.8943,0.6852,0.5199,2.2789,0.2005,35.0,60.0,-60.0,110.0,0.12,0.88,0.0,0.616,12.31,solid,1
1.3.6.1.4.1.14519.5.2.1.6279.6001.340158437895922179455019686521,Nodule 001,224.47,11.99,9.38,10.69,0.8078,0.7819,0.4502,0.985,0.4422,0.1662,35.0,60.0,-60.0,110.0,0.12,0.88,0.0,0.616,6.42,solid,1
1.3.6.1.4.1.14519.5.2.1.6279.6001.340158437895922179455019686521,Nodule 003,103.19,9.16,8.78,8.97,0.8202,0.959,0.3931,1.2571,0.2672,0.1603,35.0,60.0,-60.0,110.0,0.12,0.88,0.0,0.616,4.95,solid,0
1.3.6.1.4.1.14519.5.2.1.6279.6001.340158437895922179455019686521,0,111.13,9.06,6.58,7.82,0.7854,0.727,0.5962,1.2806,0.2844,0.174,35.0,60.0,-60.0,110.0,0.12,0.88,0.0,0.616,5.08,solid,0
1.3.6.1.4.1.14519.5.2.1.6279.6001.216252660192313507027754194207,34925,235.44,10.79,9.89,10.34,0.8328,0.9171,0.6489,0.9404,0.4549,0.1685,350.0,120.0,50.0,550.0,0.1,0.25,0.65,0.175,4.29,calcified,0
1.3.6.1.4.1.14519.5.2.1.6279.6001.216252660192313507027754194207,Nodule 003,149.2,10.4,8.43,9.42,0.8293,0.8107,0.4806,1.0995,0.3898,0.1769,35.0,60.0,-60.0,110.0,0.12,0.88,0.0,0.616,5.6,solid,1
1.3.6.1.4.1.14519.5.2.1.6279.6001.216252660192313507027754194207,Nodule 002,524.54,14.88,13.38,14.13,0.8207,0.8994,0.5376,0.7306,1.2013,0.2054,35.0,60.0,-60.0,110.0,0.12,0.88,0.0,0.616,8.51,solid,1
1.3.6.1.4.1.14519.5.2.1.6279.6001.216252660192313507027754194207,0,121.52,9.65,7.68,8.66,0.8111,0.7961,0.5183,1.2038,0.3597,0.1826,35.0,60.0,-60.0,110.0,0.12,0.88,0.0,0.616,5.23,solid,0
1.3.6.1.4.1.14519.5.2.1.6279.6001.216252660192313507027754194207,3,436.83,13.31,11.81,12.56,0.8008,0.8879,0.6764,0.7959,0.7288,0.1737,350.0,120.0,50.0,550.0,0.1,0.25,0.65,0.175,5.27,calcified,0
1.3.6.1.4.1.14519.5.2.1.6279.6001.273525289046256012743471155680,57119,46.55,6.55,5.61,6.08,0.8075,0.8558,0.6107,1.6647,0.2221,0.201,35.0,60.0,-60.0,110.0,0.12,0.88,0.0,0.616,3.8,solid,0
1.3.6.1.4.1.14519.5.2.1.6279.6001.273525289046256012743471155680,Nodule 002,32.09,7.39,6.4,6.9,0.7662,0.8651,0.2705,1.9861,0.3077,0.231,35.0,60.0,-60.0,110.0,0.12,0.88,0.0,0.616,3.35,solid,0
1.3.6.1.4.1.14519.5.2.1.6279.6001.273525289046256012743471155680,13592,24206.98,45.39,39.2,42.3,0.6627,0.8635,0.9032,0.2523,11.791,0.1889,350.0,120.0,50.0,550.0,0.1,0.25,0.65,0.175,20.08,calcified,1
1.3.6.1.4.1.14519.5.2.1.6279.6001.215104063467523905369326175410,11415,32.83,7.94,5.75,6.85,0.767,0.7236,0.2518,1.9692,0.1756,0.1782,35.0,60.0,-60.0,110.0,0.12,0.88,0.0,0.616,3.38,solid,0
1.3.6.1.4.1.14519.5.2.1.6279.6001.215104063467523905369326175410,9788,95.55,8.3,6.29,7.29,0.8196,0.7577,0.6026,1.2906,0.1394,0.1318,35.0,60.0,-60.0,110.0,0.12,0.88,0.0,0.616,4.83,solid,0
1.3.6.1.4.1.14519.5.2.1.6279.6001.136830368929967292376608088362,Nodule 001,51.91,8.73,6.79,7.76,0.7965,0.7785,0.2865,1.6275,0.3088,0.2004,35.0,60.0,-60.0,110.0,0.12,0.88,0.0,0.616,3.94,solid,0
1.3.6.1.4.1.14519.5.2.1.6279.6001.102133688497886810253331438797,13368,65.9,6.77,6.15,6.46,0.8413,0.9078,0.7387,1.4231,0.1318,0.1401,35.0,60.0,-60.0,110.0,0.12,0.88,0.0,0.616,4.26,solid,0
1.3.6.1.4.1.14519.5.2.1.6279.6001.102133688497886810253331438797,Nodule 002,36.75,6.44,5.36,5.9,0.826,0.8324,0.4658,1.7611,0.1451,0.1733,35.0,60.0,-60.0,110.0,0.12,0.88,0.0,0.616,3.51,solid,0
1.3.6.1.4.1.14519.5.2.1.6279.6001.102133688497886810253331438797,2,70.56,6.61,6.37,6.49,0.8084,0.9641,0.7563,1.4476,0.1946,0.1676,35.0,60.0,-60.0,110.0,0.12,0.88,0.0,0.616,4.36,solid,0
1.3.6.1.4.1.14519.5.2.1.6279.6001.121391737347333465796214915391,IL057_202829,6401.24,40.4,26.22,33.31,0.6366,0.6488,1.0,0.4091,44.1223,0.4165,-220.0,140.0,-520.0,80.0,0.6,0.4,0.0,0.28,15.07,part_solid,1
1.3.6.1.4.1.14519.5.2.1.6279.6001.121391737347333465796214915391,Nodule 001,2709.09,25.59,23.73,24.66,0.7467,0.9273,0.6838,0.4646,8.046,0.2979,35.0,60.0,-60.0,110.0,0.12,0.88,0.0,0.616,14.72,solid,1
1.3.6.1.4.1.14519.5.2.1.6279.6001.114195693932194925962391697338,Nodule 001,119.44,12.92,9.74,11.33,0.7144,0.7537,0.1934,1.3746,0.4641,0.17,35.0,60.0,-60.0,110.0,0.12,0.88,0.0,0.616,5.2,solid,1
1.3.6.1.4.1.14519.5.2.1.6279.6001.114195693932194925962391697338,IL057_69738,76.87,10.38,8.1,9.24,0.7314,0.7801,0.2409,1.555,0.2553,0.154,-220.0,140.0,-520.0,80.0,0.6,0.4,0.0,0.28,3.45,part_solid,1
1.3.6.1.4.1.14519.5.2.1.6279.6001.253322967203074795232627653819,2,56.04,7.98,5.95,6.97,0.7702,0.7465,0.4701,1.6408,0.3677,0.2327,35.0,60.0,-60.0,110.0,0.12,0.88,0.0,0.616,4.04,solid,0
1.3.6.1.4.1.14519.5.2.1.6279.6001.253322967203074795232627653819,5,85.29,7.73,6.93,7.33,0.8063,0.8955,0.6465,1.3625,0.2004,0.1562,35.0,60.0,-60.0,110.0,0.12,0.88,0.0,0.616,4.65,solid,0
1.3.6.1.4.1.14519.5.2.1.6279.6001.253322967203074795232627653819,69129,69.06,8.41,6.21,7.31,0.7981,0.739,0.4461,1.477,0.2892,0.1957,35.0,60.0,-60.0,110.0,0.12,0.88,0.0,0.616,4.33,solid,0
1.3.6.1.4.1.14519.5.2.1.6279.6001.253322967203074795232627653819,Nodule 003,37.67,6.64,5.77,6.21,0.8392,0.8696,0.4707,1.7191,0.2166,0.2042,35.0,60.0,-60.0,110.0,0.12,0.88,0.0,0.616,3.54,solid,0
1.3.6.1.4.1.14519.5.2.1.6279.6001.253322967203074795232627653819,Nodule 002,114.84,8.6,7.85,8.23,0.8358,0.9123,0.5812,1.1904,0.2732,0.1652,35.0,60.0,-60.0,110.0,0.12,0.88,0.0,0.616,5.13,solid,0
1.3.6.1.4.1.14519.5.2.1.6279.6001.253322967203074795232627653819,Nodule 005,99.22,9.32,7.17,8.25,0.8127,0.7697,0.4695,1.2853,0.3936,0.2022,35.0,60.0,-60.0,110.0,0.12,0.88,0.0,0.616,4.89,solid,1
1.3.6.1.4.1.14519.5.2.1.6279.6001.253322967203074795232627653819,Nodule 001,185.59,10.7,9.83,10.26,0.8036,0.918,0.5256,1.0551,0.8118,0.2344,35.0,60.0,-60.0,110.0,0.12,0.88,0.0,0.616,6.02,solid,1
1.3.6.1.4.1.14519.5.2.1.6279.6001.253322967203074795232627653819,69736,293.54,11.0,10.39,10.69,0.7481,0.9443,0.9091,0.9727,0.8989,0.2159,-220.0,140.0,-520.0,80.0,0.6,0.4,0.0,0.28,5.39,part_solid,0
1.3.6.1.4.1.14519.5.2.1.6279.6001.253322967203074795232627653819,69741,110.4,7.69,7.37,7.53,0.8644,0.9587,0.8941,1.1663,0.1831,0.1379,35.0,60.0,-60.0,110.0,0.12,0.88,0.0,0.616,5.06,solid,0
1.3.6.1.4.1.14519.5.2.1.6279.6001.658611160253017715059194304729,Nodule 003,241.17,12.49,9.77,11.13,0.717,0.7827,0.7008,1.0835,2.4805,0.356,35.0,60.0,-60.0,110.0,0.12,0.88,0.0,0.616,6.57,solid,1
1.3.6.1.4.1.14519.5.2.1.6279.6001.658611160253017715059194304729,Nodule 002,123.27,12.91,8.04,10.48,0.7576,0.6227,0.2904,1.2826,1.3874,0.3153,-220.0,140.0,-520.0,80.0,0.6,0.4,0.0,0.28,4.04,part_solid,1
1.3.6.1.4.1.14519.5.2.1.6279.6001.658611160253017715059194304729,14566,92.79,12.1,8.03,10.07,0.6423,0.6639,0.2583,1.6631,1.1363,0.2986,35.0,60.0,-60.0,110.0,0.12,0.88,0.0,0.616,4.78,solid,0
1.3.6.1.4.1.14519.5.2.1.6279.6001.658611160253017715059194304729,0,123.27,12.91,8.04,10.48,0.7576,0.6227,0.2904,1.2826,1.3874,0.3153,35.0,60.0,-60.0,110.0,0.12,0.88,0.0,0.616,5.25,solid,1
1.3.6.1.4.1.14519.5.2.1.6279.6001.658611160253017715059194304729,1,92.33,12.1,7.96,10.03,0.6425,0.6577,0.2582,1.6654,1.1404,0.2999,35.0,60.0,-60.0,110.0,0.12,0.88,0.0,0.616,4.77,solid,1
1.3.6.1.4.1.14519.5.2.1.6279.6001.309672797925724868457151381131,IL057_201278,987.84,21.42,17.75,19.59,0.7933,0.8288,0.4202,0.6121,4.0858,0.286,350.0,120.0,50.0,550.0,0.1,0.25,0.65,0.175,6.91,calcified,0
1.3.6.1.4.1.14519.5.2.1.6279.6001.309672797925724868457151381131,MI014_17880,263.62,12.3,10.83,11.57,0.8206,0.8807,0.569,0.919,1.1467,0.2471,350.0,120.0,50.0,550.0,0.1,0.25,0.65,0.175,4.45,calcified,0
1.3.6.1.4.1.14519.5.2.1.6279.6001.309672797925724868457151381131,8,110.25,9.41,7.91,8.66,0.7641,0.8406,0.6379,1.32,0.9858,0.3011,350.0,120.0,50.0,550.0,0.1,0.25,0.65,0.175,3.33,calcified,0
1.3.6.1.4.1.14519.5.2.1.6279.6001.146603910507557786636779705509,IL057_39121,80.36,10.75,10.18,10.47,0.6938,0.9465,0.186,1.6152,0.13,0.0994,-580.0,75.0,-680.0,-450.0,0.95,0.05,0.0,0.035,1.75,pure_ggn,0
1.3.6.1.4.1.14519.5.2.1.6279.6001.146603910507557786636779705509,Nodule 002,84.52,7.96,5.94,6.95,0.8173,0.7461,0.6278,1.3482,0.2032,0.1659,35.0,60.0,-60.0,110.0,0.12,0.88,0.0,0.616,4.63,solid,0
1.3.6.1.4.1.14519.5.2.1.6279.6001.240630002689062442926543993263,Nodule 001,194.77,10.21,8.5,9.35,0.8113,0.8327,0.7349,1.0283,0.5738,0.2018,35.0,60.0,-60.0,110.0,0.12,0.88,0.0,0.616,6.12,solid,0
1.3.6.1.4.1.14519.5.2.1.6279.6001.151764021165118974848436095034,76634,100.2,7.77,7.35,7.56,0.8419,0.9462,0.6438,1.2368,0.2129,0.1554,350.0,120.0,50.0,550.0,0.1,0.25,0.65,0.175,3.22,calcified,0
1.3.6.1.4.1.14519.5.2.1.6279.6001.151764021165118974848436095034,76643,46.79,6.9,4.9,5.9,0.8038,0.7097,0.5795,1.6695,0.2044,0.195,35.0,60.0,-60.0,110.0,0.12,0.88,0.0,0.616,3.8,solid,0
1.3.6.1.4.1.14519.5.2.1.6279.6001.151764021165118974848436095034,76632,204.08,9.53,8.84,9.18,0.8568,0.928,0.7349,0.9587,0.0977,0.0842,350.0,120.0,50.0,550.0,0.1,0.25,0.65,0.175,4.09,calcified,0
1.3.6.1.4.1.14519.5.2.1.6279.6001.151764021165118974848436095034,Nodule 001,36.5,5.55,5.15,5.35,0.824,0.9275,0.7207,1.7691,0.1262,0.1683,35.0,60.0,-60.0,110.0,0.12,0.88,0.0,0.616,3.5,solid,0
1.3.6.1.4.1.14519.5.2.1.6279.6001.151764021165118974848436095034,Nodule 002,94.32,9.83,6.02,7.92,0.7744,0.613,0.5089,1.3718,0.6857,0.2699,35.0,60.0,-60.0,110.0,0.12,0.88,0.0,0.616,4.81,solid,0
1.3.6.1.4.1.14519.5.2.1.6279.6001.151764021165118974848436095034,Nodule 006,96.53,7.88,7.01,7.44,0.8328,0.8892,0.6345,1.2658,0.1998,0.1532,35.0,60.0,-60.0,110.0,0.12,0.88,0.0,0.616,4.84,solid,0
1.3.6.1.4.1.14519.5.2.1.6279.6001.151764021165118974848436095034,15893,267.29,10.2,9.11,9.65,0.8297,0.8935,0.7846,0.9049,0.1076,0.082,350.0,120.0,50.0,550.0,0.1,0.25,0.65,0.175,4.47,calcified,0
1.3.6.1.4.1.14519.5.2.1.6279.6001.151764021165118974848436095034,15894,103.88,8.04,7.32,7.68,0.8263,0.9111,0.6222,1.245,0.1661,0.1357,350.0,120.0,50.0,550.0,0.1,0.25,0.65,0.175,3.26,calcified,0
1.3.6.1.4.1.14519.5.2.1.6279.6001.151764021165118974848436095034,4,88.93,7.16,7.07,7.12,0.8036,0.9867,0.6979,1.3482,0.162,0.1423,350.0,120.0,50.0,550.0,0.1,0.25,0.65,0.175,3.1,calcified,0
1.3.6.1.4.1.14519.5.2.1.6279.6001.151764021165118974848436095034,5,55.12,6.13,5.54,5.84,0.8223,0.9039,0.8153,1.5452,0.0778,0.1157,35.0,60.0,-60.0,110.0,0.12,0.88,0.0,0.616,4.02,solid,0
1.3.6.1.4.1.14519.5.2.1.6279.6001.151764021165118974848436095034,8,227.11,9.09,8.73,8.91,0.7966,0.9605,0.8803,0.995,0.1903,0.1154,350.0,120.0,50.0,550.0,0.1,0.25,0.65,0.175,4.23,calcified,0
1.3.6.1.4.1.14519.5.2.1.6279.6001.151764021165118974848436095034,12,54.39,5.78,5.53,5.66,0.7728,0.9555,0.8643,1.6517,0.1541,0.163,35.0,60.0,-60.0,110.0,0.12,0.88,0.0,0.616,4.0,solid,0
1.3.6.1.4.1.14519.5.2.1.6279.6001.142154819868944114554521645782,77425,416.57,12.77,10.66,11.71,0.8142,0.8353,0.7677,0.7953,0.6966,0.1756,35.0,60.0,-60.0,110.0,0.12,0.88,0.0,0.616,7.88,solid,1
1.3.6.1.4.1.14519.5.2.1.6279.6001.390513733720659266816639651938,IL057_196385,26.64,6.7,4.37,5.54,0.7901,0.653,0.3733,2.0493,0.1912,0.2166,35.0,60.0,-60.0,110.0,0.12,0.88,0.0,0.616,3.15,solid,0
1.3.6.1.4.1.14519.5.2.1.6279.6001.390513733720659266816639651938,Nodule 001,36.44,8.48,4.8,6.64,0.7655,0.5656,0.2949,1.9054,0.4727,0.2879,35.0,60.0,-60.0,110.0,0.12,0.88,0.0,0.616,3.5,solid,0
1.3.6.1.4.1.14519.5.2.1.6279.6001.390513733720659266816639651938,Nodule 002,62.78,7.29,6.51,6.9,0.8201,0.8927,0.5141,1.4836,0.181,0.1646,35.0,60.0,-60.0,110.0,0.12,0.88,0.0,0.616,4.2,solid,1
1.3.6.1.4.1.14519.5.2.1.6279.6001.149893110752986700464921264055,13391,3665.81,27.52,23.43,25.48,0.8003,0.8514,0.6132,0.3919,1.8159,0.1355,35.0,60.0,-60.0,110.0,0.12,0.88,0.0,0.616,16.28,solid,1
1.3.6.1.4.1.14519.5.2.1.6279.6001.149893110752986700464921264055,13398,38.28,6.17,5.2,5.68,0.8624,0.8423,0.6078,1.6638,0.0859,0.1336,350.0,120.0,50.0,550.0,0.1,0.25,0.65,0.175,2.34,calcified,0
1.3.6.1.4.1.14519.5.2.1.6279.6001.149893110752986700464921264055,13395,119.59,9.25,6.77,8.01,0.8259,0.7318,0.6754,1.1884,0.4576,0.2097,350.0,120.0,50.0,550.0,0.1,0.25,0.65,0.175,3.42,calcified,0
1.3.6.1.4.1.14519.5.2.1.6279.6001.149893110752986700464921264055,39880,4001.62,27.96,23.93,25.94,0.8144,0.8558,0.6483,0.374,2.1401,0.1438,35.0,60.0,-60.0,110.0,0.12,0.88,0.0,0.616,16.76,solid,1
1.3.6.1.4.1.14519.5.2.1.6279.6001.149893110752986700464921264055,Nodule 005,69.82,7.53,6.94,7.23,0.833,0.9226,0.4983,1.4098,0.149,0.1421,35.0,60.0,-60.0,110.0,0.12,0.88,0.0,0.616,4.35,solid,0
1.3.6.1.4.1.14519.5.2.1.6279.6001.149893110752986700464921264055,Nodule 006,4348.29,30.03,25.1,27.57,0.7999,0.8359,0.5619,0.3704,2.4995,0.1492,35.0,60.0,-60.0,110.0,0.12,0.88,0.0,0.616,17.23,solid,1
1.3.6.1.4.1.14519.5.2.1.6279.6001.149893110752986700464921264055,5,39.2,5.83,5.45,5.64,0.7962,0.9362,0.6437,1.7881,0.1265,0.1623,350.0,120.0,50.0,550.0,0.1,0.25,0.65,0.175,2.36,calcified,0
1.3.6.1.4.1.14519.5.2.1.6279.6001.664989286137882319237192185951,163530,61.86,8.65,7.67,8.16,0.7799,0.8864,0.2889,1.5678,0.0854,0.1003,35.0,60.0,-60.0,110.0,0.12,0.88,0.0,0.616,4.18,solid,0
1.3.6.1.4.1.14519.5.2.1.6279.6001.664989286137882319237192185951,Nodule 001,60.64,8.46,8.05,8.25,0.7799,0.9512,0.2956,1.5784,0.1682,0.1402,35.0,60.0,-60.0,110.0,0.12,0.88,0.0,0.616,4.15,solid,0
1.3.6.1.4.1.14519.5.2.1.6279.6001.129650136453746261130135157590,MI014_685,252.69,10.07,8.25,9.16,0.8208,0.8188,0.8934,0.9319,0.307,0.1394,350.0,120.0,50.0,550.0,0.1,0.25,0.65,0.175,4.39,calcified,0
1.3.6.1.4.1.14519.5.2.1.6279.6001.170052181746004939527661217512,Nodule 003,54.51,6.27,5.38,5.82,0.8162,0.8579,0.798,1.5625,0.1323,0.1508,35.0,60.0,-60.0,110.0,0.12,0.88,0.0,0.616,4.0,solid,0
1.3.6.1.4.1.14519.5.2.1.6279.6001.170052181746004939527661217512,Nodule 001,168.74,13.65,9.22,11.43,0.7546,0.6752,0.2747,1.1598,0.9285,0.2343,35.0,60.0,-60.0,110.0,0.12,0.88,0.0,0.616,5.83,solid,1
1.3.6.1.4.1.14519.5.2.1.6279.6001.232071262560365924176679652948,13102,1365.63,18.94,15.51,17.23,0.7307,0.819,1.0,0.5965,5.4997,0.3046,-220.0,140.0,-520.0,80.0,0.6,0.4,0.0,0.28,9.01,part_solid,1
1.3.6.1.4.1.14519.5.2.1.6279.6001.232071262560365924176679652948,Nodule 002,513.27,16.89,12.42,14.65,0.7857,0.7352,0.4144,0.7687,1.5914,0.2322,35.0,60.0,-60.0,110.0,0.12,0.88,0.0,0.616,8.45,solid,1
1.3.6.1.4.1.14519.5.2.1.6279.6001.232071262560365924176679652948,Nodule 001,458.39,14.6,11.01,12.81,0.8149,0.7537,0.6163,0.7697,1.4719,0.2413,35.0,60.0,-60.0,110.0,0.12,0.88,0.0,0.616,8.14,solid,1
1.3.6.1.4.1.14519.5.2.1.6279.6001.232071262560365924176679652948,0,812.66,15.93,12.95,14.44,0.6679,0.8132,1.0,0.7758,6.6911,0.368,-580.0,75.0,-680.0,-450.0,0.95,0.05,0.0,0.035,3.79,pure_ggn,0
1.3.6.1.4.1.14519.5.2.1.6279.6001.898642529028521482602829374444,56449,157.04,10.25,9.66,9.95,0.7993,0.9432,0.5856,1.1214,0.8236,0.2459,35.0,60.0,-60.0,110.0,0.12,0.88,0.0,0.616,5.7,solid,0
1.3.6.1.4.1.14519.5.2.1.6279.6001.898642529028521482602829374444,56453,132.3,9.97,8.37,9.17,0.7605,0.8403,0.6021,1.2479,0.8123,0.26,35.0,60.0,-60.0,110.0,0.12,0.88,0.0,0.616,5.38,solid,0
1.3.6.1.4.1.14519.5.2.1.6279.6001.898642529028521482602829374444,0,101.18,8.7,7.59,8.14,0.8041,0.8716,0.5745,1.2906,0.4041,0.2055,35.0,60.0,-60.0,110.0,0.12,0.88,0.0,0.616,4.92,solid,0
1.3.6.1.4.1.14519.5.2.1.6279.6001.100398138793540579077826395208,Nodule 003,208.15,12.79,9.59,11.19,0.7499,0.7496,0.4222,1.0881,1.1743,0.2666,35.0,60.0,-60.0,110.0,0.12,0.88,0.0,0.616,6.26,solid,1
1.3.6.1.4.1.14519.5.2.1.6279.6001.100398138793540579077826395208,3,83.79,7.7,6.09,6.9,0.7981,0.7904,0.7009,1.3847,0.2132,0.167,35.0,60.0,-60.0,110.0,0.12,0.88,0.0,0.616,4.62,solid,0
1.3.6.1.4.1.14519.5.2.1.6279.6001.109203031650348694844047454215,80824,104.37,7.14,6.86,7.0,0.8457,0.9608,0.8403,1.2146,0.0756,0.0966,350.0,120.0,50.0,550.0,0.1,0.25,0.65,0.175,3.27,calcified,0
1.3.6.1.4.1.14519.5.2.1.6279.6001.109203031650348694844047454215,15546,82.32,6.55,6.08,6.31,0.843,0.9275,0.916,1.3187,0.0399,0.0756,350.0,120.0,50.0,550.0,0.1,0.25,0.65,0.175,3.02,calcified,0
1.3.6.1.4.1.14519.5.2.1.6279.6001.220596530836092324070084384692,Nodule 001,9013.55,43.54,28.6,36.07,0.7396,0.6569,0.5282,0.3142,11.11,0.2406,35.0,60.0,-60.0,110.0,0.12,0.88,0.0,0.616,21.97,solid,1
1.3.6.1.4.1.14519.5.2.1.6279.6001.220596530836092324070084384692,1746,8102.15,42.23,27.65,34.94,0.643,0.6546,0.5683,0.3745,11.1913,0.247,35.0,60.0,-60.0,110.0,0.12,0.88,0.0,0.616,21.2,solid,1
1.3.6.1.4.1.14519.5.2.1.6279.6001.220596530836092324070084384692,6,8516.2,43.04,29.62,36.33,0.73,0.6883,0.488,0.3244,9.2051,0.2199,-220.0,140.0,-520.0,80.0,0.6,0.4,0.0,0.28,16.58,part_solid,1
1.3.6.1.4.1.14519.5.2.1.6279.6001.114914167428485563471327801935,14498,346.37,14.55,10.82,12.69,0.8327,0.7434,0.6013,0.8269,1.5091,0.2513,35.0,60.0,-60.0,110.0,0.12,0.88,0.0,0.616,7.41,solid,1
1.3.6.1.4.1.14519.5.2.1.6279.6001.114914167428485563471327801935,14494,110.1,8.58,7.98,8.28,0.8248,0.9305,0.583,1.2233,0.2862,0.1695,35.0,60.0,-60.0,110.0,0.12,0.88,0.0,0.616,5.06,solid,0
1.3.6.1.4.1.14519.5.2.1.6279.6001.114914167428485563471327801935,14515,42.42,7.76,5.94,6.85,0.8001,0.7648,0.4832,1.7332,0.4475,0.2644,-580.0,75.0,-680.0,-450.0,0.95,0.05,0.0,0.035,1.42,pure_ggn,0
1.3.6.1.4.1.14519.5.2.1.6279.6001.114914167428485563471327801935,Nodule 002,121.89,8.69,8.22,8.46,0.8236,0.946,0.5753,1.1843,0.435,0.2045,35.0,60.0,-60.0,110.0,0.12,0.88,0.0,0.616,5.23,solid,1
1.3.6.1.4.1.14519.5.2.1.6279.6001.114914167428485563471327801935,Nodule 001,387.71,13.83,11.7,12.77,0.8131,0.846,0.5875,0.8156,1.3949,0.2417,35.0,60.0,-60.0,110.0,0.12,0.88,0.0,0.616,7.7,solid,1
1.3.6.1.4.1.14519.5.2.1.6279.6001.114914167428485563471327801935,9601,354.33,14.81,10.31,12.56,0.8019,0.6962,0.6754,0.8522,1.9298,0.2804,35.0,60.0,-60.0,110.0,0.12,0.88,0.0,0.616,7.47,solid,0
1.3.6.1.4.1.14519.5.2.1.6279.6001.114914167428485563471327801935,9597,81.31,7.7,6.73,7.21,0.829,0.8743,0.6497,1.3466,0.2215,0.1668,35.0,60.0,-60.0,110.0,0.12,0.88,0.0,0.616,4.57,solid,0
1.3.6.1.4.1.14519.5.2.1.6279.6001.304700823314998198591652152637,4,240.79,10.14,7.39,8.77,0.7739,0.7282,1.0,1.0045,0.733,0.2119,35.0,60.0,-60.0,110.0,0.12,0.88,0.0,0.616,6.57,solid,0
1.3.6.1.4.1.14519.5.2.1.6279.6001.213854687290736562463866711534,57729,811.19,16.9,15.18,16.04,0.8291,0.8982,0.5799,0.6254,0.9537,0.1594,350.0,120.0,50.0,550.0,0.1,0.25,0.65,0.175,6.47,calcified,0
1.3.6.1.4.1.14519.5.2.1.6279.6001.213854687290736562463866711534,131287,994.36,18.61,17.0,17.8,0.8269,0.9136,0.4891,0.586,1.0158,0.1512,350.0,120.0,50.0,550.0,0.1,0.25,0.65,0.175,6.93,calcified,0
1.3.6.1.4.1.14519.5.2.1.6279.6001.213854687290736562463866711534,131291,168.07,15.19,12.41,13.8,0.6568,0.8174,0.1844,1.3343,1.9083,0.2907,35.0,60.0,-60.0,110.0,0.12,0.88,0.0,0.616,5.83,solid,0
1.3.6.1.4.1.14519.5.2.1.6279.6001.213854687290736562463866711534,131299,87.29,9.51,5.39,7.45,0.7865,0.5666,0.5153,1.386,0.4727,0.2331,35.0,60.0,-60.0,110.0,0.12,0.88,0.0,0.616,4.68,solid,0
1.3.6.1.4.1.14519.5.2.1.6279.6001.213854687290736562463866711534,131328,52.82,10.39,6.6,8.49,0.7265,0.6351,0.2022,1.774,0.5248,0.2399,35.0,60.0,-60.0,110.0,0.12,0.88,0.0,0.616,3.96,solid,0
1.3.6.1.4.1.14519.5.2.1.6279.6001.213854687290736562463866711534,131331,62.6,7.26,5.39,6.33,0.8265,0.742,0.6745,1.4737,0.1833,0.168,35.0,60.0,-60.0,110.0,0.12,0.88,0.0,0.616,4.19,solid,0
1.3.6.1.4.1.14519.5.2.1.6279.6001.213854687290736562463866711534,9314,625.63,15.41,13.67,14.54,0.8233,0.8871,0.636,0.6868,0.9012,0.1688,35.0,60.0,-60.0,110.0,0.12,0.88,0.0,0.616,9.03,solid,1
1.3.6.1.4.1.14519.5.2.1.6279.6001.213854687290736562463866711534,4,842.06,16.03,15.49,15.76,0.8241,0.9659,0.6548,0.6215,0.6412,0.1312,350.0,120.0,50.0,550.0,0.1,0.25,0.65,0.175,6.55,calcified,0
1.3.6.1.4.1.14519.5.2.1.6279.6001.213854687290736562463866711534,6,41.16,6.23,5.17,5.7,0.7971,0.8299,0.6739,1.7571,0.2194,0.2087,35.0,60.0,-60.0,110.0,0.12,0.88,0.0,0.616,3.64,solid,0
1.3.6.1.4.1.14519.5.2.1.6279.6001.213854687290736562463866711534,9,117.99,11.67,5.69,8.68,0.7034,0.4875,0.5997,1.4017,1.7887,0.3776,35.0,60.0,-60.0,110.0,0.12,0.88,0.0,0.616,5.18,solid,0
1.3.6.1.4.1.14519.5.2.1.6279.6001.182192086929819295877506541021,13,27.41,6.57,5.36,5.97,0.7663,0.815,0.3803,2.0931,0.2995,0.2558,35.0,60.0,-60.0,110.0,0.12,0.88,0.0,0.616,3.18,solid,0
1.3.6.1.4.1.14519.5.2.1.6279.6001.182192086929819295877506541021,Nodule 006,208.4,12.79,12.02,12.4,0.742,0.9397,0.2932,1.0993,0.8803,0.2129,-220.0,140.0,-520.0,80.0,0.6,0.4,0.0,0.28,4.81,part_solid,0
1.3.6.1.4.1.14519.5.2.1.6279.6001.182192086929819295877506541021,Nodule 024,129.85,9.7,8.21,8.95,0.8386,0.8466,0.5801,1.1387,0.7646,0.2578,35.0,60.0,-60.0,110.0,0.12,0.88,0.0,0.616,5.35,solid,1
1.3.6.1.4.1.14519.5.2.1.6279.6001.182192086929819295877506541021,Nodule 020,129.54,14.99,8.59,11.79,0.8049,0.573,0.2919,1.1874,2.3638,0.3683,35.0,60.0,-60.0,110.0,0.12,0.88,0.0,0.616,5.34,solid,1
1.3.6.1.4.1.14519.5.2.1.6279.6001.182192086929819295877506541021,37672,39.35,7.3,5.49,6.4,0.7899,0.7525,0.4281,1.7998,0.3538,0.2524,35.0,60.0,-60.0,110.0,0.12,0.88,0.0,0.616,3.59,solid,0
1.3.6.1.4.1.14519.5.2.1.6279.6001.182192086929819295877506541021,37663,215.45,18.01,11.72,14.86,0.6611,0.6503,0.3122,1.2202,3.6629,0.3676,-220.0,140.0,-520.0,80.0,0.6,0.4,0.0,0.28,4.87,part_solid,0
1.3.6.1.4.1.14519.5.2.1.6279.6001.182192086929819295877506541021,37659,204.88,13.6,9.85,11.72,0.6549,0.7241,0.4596,1.2526,1.5792,0.2922,-220.0,140.0,-520.0,80.0,0.6,0.4,0.0,0.28,4.79,part_solid,0
1.3.6.1.4.1.14519.5.2.1.6279.6001.182192086929819295877506541021,49455,148.53,12.7,10.94,11.82,0.742,0.8615,0.2461,1.2306,0.7665,0.2099,35.0,60.0,-60.0,110.0,0.12,0.88,0.0,0.616,5.59,solid,0
1.3.6.1.4.1.14519.5.2.1.6279.6001.182192086929819295877506541021,51527,17.61,6.17,4.54,5.36,0.7496,0.7364,0.3038,2.4796,0.1893,0.2272,-220.0,140.0,-520.0,80.0,0.6,0.4,0.0,0.28,2.11,part_solid,0
1.3.6.1.4.1.14519.5.2.1.6279.6001.182192086929819295877506541021,25497,87.43,9.05,6.04,7.55,0.8034,0.668,0.5526,1.3562,0.3625,0.2052,35.0,60.0,-60.0,110.0,0.12,0.88,0.0,0.616,4.69,solid,0
1.3.6.1.4.1.14519.5.2.1.6279.6001.199975006921901879512837687266,IL057_166425,135.36,10.62,10.27,10.45,0.7823,0.967,0.353,1.2039,0.5221,0.1941,-580.0,75.0,-680.0,-450.0,0.95,0.05,0.0,0.035,2.08,pure_ggn,1
1.3.6.1.4.1.14519.5.2.1.6279.6001.199975006921901879512837687266,IL057_166426,304.41,13.41,11.11,12.26,0.7992,0.8283,0.466,0.8995,0.7463,0.1892,-580.0,75.0,-680.0,-450.0,0.95,0.05,0.0,0.035,2.73,pure_ggn,1
1.3.6.1.4.1.14519.5.2.1.6279.6001.419601611032172899567156073142,Nodule 001,62.47,7.26,6.64,6.95,0.8393,0.9145,0.5165,1.4521,0.1211,0.1337,35.0,60.0,-60.0,110.0,0.12,0.88,0.0,0.616,4.19,solid,0
1.3.6.1.4.1.14519.5.2.1.6279.6001.330643702676971528301859647742,Nodule 004,33.07,7.6,4.82,6.21,0.7905,0.6349,0.329,1.9058,0.2726,0.2324,35.0,60.0,-60.0,110.0,0.12,0.88,0.0,0.616,3.39,solid,0
1.3.6.1.4.1.14519.5.2.1.6279.6001.768276876111112560631432843476,77394,344.71,13.31,11.14,12.23,0.8756,0.8368,0.5784,0.7877,0.5493,0.1593,350.0,120.0,50.0,550.0,0.1,0.25,0.65,0.175,4.87,calcified,0
1.3.6.1.4.1.14519.5.2.1.6279.6001.768276876111112560631432843476,77399,12.35,4.47,3.41,3.94,0.8264,0.7638,0.6263,2.5317,0.0822,0.1874,350.0,120.0,50.0,550.0,0.1,0.25,0.65,0.175,1.6,calcified,0
1.3.6.1.4.1.14519.5.2.1.6279.6001.768276876111112560631432843476,74881,265.65,13.48,11.28,12.38,0.8169,0.8373,0.3636,0.9208,0.5276,0.1608,350.0,120.0,50.0,550.0,0.1,0.25,0.65,0.175,4.46,calcified,0
1.3.6.1.4.1.14519.5.2.1.6279.6001.768276876111112560631432843476,10149,307.5,13.27,9.84,11.55,0.8264,0.7412,0.5274,0.867,0.5242,0.163,350.0,120.0,50.0,550.0,0.1,0.25,0.65,0.175,4.68,calcified,0
1.3.6.1.4.1.14519.5.2.1.6279.6001.768276876111112560631432843476,1,442.47,14.52,11.36,12.94,0.8148,0.782,0.5302,0.7789,0.656,0.1626,350.0,120.0,50.0,550.0,0.1,0.25,0.65,0.175,5.29,calcified,0
1.3.6.1.4.1.14519.5.2.1.6279.6001.768276876111112560631432843476,2,36.02,6.33,5.66,6.0,0.8102,0.8936,0.4421,1.8075,0.1074,0.1476,350.0,120.0,50.0,550.0,0.1,0.25,0.65,0.175,2.29,calcified,0
1.3.6.1.4.1.14519.5.2.1.6279.6001.450501966058662668272378865145,15254,1020.42,15.35,12.44,13.89,0.7708,0.8103,1.0,0.6232,2.6249,0.2429,350.0,120.0,50.0,550.0,0.1,0.25,0.65,0.175,6.99,calcified,0
1.3.6.1.4.1.14519.5.2.1.6279.6001.450501966058662668272378865145,15263,72.27,7.93,5.67,6.8,0.7798,0.7153,0.6303,1.4889,0.3314,0.2179,350.0,120.0,50.0,550.0,0.1,0.25,0.65,0.175,2.89,calcified,0
1.3.6.1.4.1.14519.5.2.1.6279.6001.450501966058662668272378865145,11806,105.35,8.7,6.92,7.81,0.6468,0.7957,0.8622,1.5832,0.3167,0.1767,350.0,120.0,50.0,550.0,0.1,0.25,0.65,0.175,3.28,calcified,0
1.3.6.1.4.1.14519.5.2.1.6279.6001.450501966058662668272378865145,11800,861.17,15.28,9.87,12.58,0.6462,0.646,1.0,0.7866,5.4974,0.3373,350.0,120.0,50.0,550.0,0.1,0.25,0.65,0.175,6.6,calcified,0
1.3.6.1.4.1.14519.5.2.1.6279.6001.450501966058662668272378865145,11794,71.05,6.77,5.81,6.29,0.81,0.8594,0.739,1.4415,0.059,0.0965,350.0,120.0,50.0,550.0,0.1,0.25,0.65,0.175,2.87,calcified,0
1.3.6.1.4.1.14519.5.2.1.6279.6001.450501966058662668272378865145,Nodule 002,85.75,7.5,6.35,6.92,0.8476,0.847,0.6669,1.2939,0.1213,0.1287,35.0,60.0,-60.0,110.0,0.12,0.88,0.0,0.616,4.66,solid,0
1.3.6.1.4.1.14519.5.2.1.6279.6001.450501966058662668272378865145,Nodule 001,657.21,11.92,9.98,10.95,0.7284,0.8374,1.0,0.7637,3.7204,0.3173,35.0,60.0,-60.0,110.0,0.12,0.88,0.0,0.616,9.18,solid,1
1.3.6.1.4.1.14519.5.2.1.6279.6001.323535944958374186208096541480,Nodule 001,94.63,8.3,7.45,7.87,0.802,0.8973,0.6026,1.3232,0.5739,0.2542,35.0,60.0,-60.0,110.0,0.12,0.88,0.0,0.616,4.81,solid,1
1.3.6.1.4.1.14519.5.2.1.6279.6001.323535944958374186208096541480,IL057_161478,232.44,13.15,8.4,10.78,0.6922,0.6387,0.4752,1.1362,1.1534,0.2595,35.0,60.0,-60.0,110.0,0.12,0.88,0.0,0.616,6.49,solid,1
1.3.6.1.4.1.14519.5.2.1.6279.6001.323535944958374186208096541480,3435,159.56,11.22,6.88,9.05,0.7046,0.6133,0.5571,1.2655,0.882,0.2629,35.0,60.0,-60.0,110.0,0.12,0.88,0.0,0.616,5.73,solid,1
1.3.6.1.4.1.14519.5.2.1.6279.6001.220747560179730541133819705549,54938,3007.62,22.59,20.72,21.66,0.7914,0.917,0.7967,0.4233,0.8274,0.1007,35.0,60.0,-60.0,110.0,0.12,0.88,0.0,0.616,15.24,solid,1
1.3.6.1.4.1.14519.5.2.1.6279.6001.220747560179730541133819705549,44230,2493.12,23.22,21.23,22.22,0.7937,0.9143,0.6461,0.4493,1.1782,0.1249,35.0,60.0,-60.0,110.0,0.12,0.88,0.0,0.616,14.31,solid,1
1.3.6.1.4.1.14519.5.2.1.6279.6001.220747560179730541133819705549,44234,172.72,10.49,8.38,9.43,0.7575,0.7989,0.5722,1.1463,0.5431,0.2062,35.0,60.0,-60.0,110.0,0.12,0.88,0.0,0.616,5.88,solid,0
1.3.6.1.4.1.14519.5.2.1.6279.6001.220747560179730541133819705549,13224,3705.13,25.02,23.15,24.08,0.8092,0.9253,0.7195,0.3862,1.0377,0.1049,35.0,60.0,-60.0,110.0,0.12,0.88,0.0,0.616,16.34,solid,1
1.3.6.1.4.1.14519.5.2.1.6279.6001.220747560179730541133819705549,0,2302.75,20.05,18.85,19.45,0.7801,0.9399,0.8975,0.4694,1.0062,0.1222,35.0,60.0,-60.0,110.0,0.12,0.88,0.0,0.616,13.94,solid,1
1.3.6.1.4.1.14519.5.2.1.6279.6001.220747560179730541133819705549,1,197.71,10.0,8.88,9.44,0.7954,0.8884,0.6,1.0436,0.1637,0.1118,35.0,60.0,-60.0,110.0,0.12,0.88,0.0,0.616,6.15,solid,0
1.3.6.1.4.1.14519.5.2.1.6279.6001.631047517458234322522264161877,Nodule 001,94.63,8.94,6.43,7.68,0.8106,0.7193,0.5596,1.3092,0.4489,0.2264,35.0,60.0,-60.0,110.0,0.12,0.88,0.0,0.616,4.81,solid,0
1.3.6.1.4.1.14519.5.2.1.6279.6001.631047517458234322522264161877,0738,72.58,8.62,5.3,6.96,0.7978,0.6144,0.5799,1.4531,0.4711,0.2498,35.0,60.0,-60.0,110.0,0.12,0.88,0.0,0.616,4.4,solid,0
1.3.6.1.4.1.14519.5.2.1.6279.6001.631047517458234322522264161877,IL057_72247,56.96,8.38,5.63,7.01,0.8156,0.6721,0.4475,1.541,0.4533,0.2593,35.0,60.0,-60.0,110.0,0.12,0.88,0.0,0.616,4.06,solid,0
1.3.6.1.4.1.14519.5.2.1.6279.6001.801945620899034889998809817499,IL057_172180,2929.28,33.45,19.33,26.39,0.6919,0.5781,0.4485,0.4885,7.4537,0.2729,35.0,60.0,-60.0,110.0,0.12,0.88,0.0,0.616,15.1,solid,1
1.3.6.1.4.1.14519.5.2.1.6279.6001.801945620899034889998809817499,Nodule 001,2733.28,33.67,18.53,26.1,0.7368,0.5503,0.3712,0.4694,6.9425,0.2688,35.0,60.0,-60.0,110.0,0.12,0.88,0.0,0.616,14.76,solid,1
1.3.6.1.4.1.14519.5.2.1.6279.6001.801945620899034889998809817499,73955,3224.51,36.5,21.02,28.76,0.7055,0.5759,0.411,0.464,10.617,0.3048,35.0,60.0,-60.0,110.0,0.12,0.88,0.0,0.616,15.6,solid,1
1.3.6.1.4.1.14519.5.2.1.6279.6001.801945620899034889998809817499,0192,3096.49,33.63,20.18,26.91,0.7688,0.6001,0.4088,0.4316,6.7445,0.2563,35.0,60.0,-60.0,110.0,0.12,0.88,0.0,0.616,15.39,solid,1
1.3.6.1.4.1.14519.5.2.1.6279.6001.323302986710576400812869264321,4295,48.51,5.97,4.66,5.31,0.7666,0.7816,1.0,1.7297,0.2776,0.222,-580.0,75.0,-680.0,-450.0,0.95,0.05,0.0,0.035,1.48,pure_ggn,0
1.3.6.1.4.1.14519.5.2.1.6279.6001.323302986710576400812869264321,4280,233.73,10.59,8.52,9.55,0.8224,0.8042,0.7553,0.9546,0.5089,0.1812,35.0,60.0,-60.0,110.0,0.12,0.88,0.0,0.616,6.5,solid,0
1.3.6.1.4.1.14519.5.2.1.6279.6001.323302986710576400812869264321,3247,48.02,7.08,4.57,5.83,0.7124,0.6457,0.8471,1.8677,0.3753,0.2472,35.0,60.0,-60.0,110.0,0.12,0.88,0.0,0.616,3.84,solid,0
1.3.6.1.4.1.14519.5.2.1.6279.6001.323302986710576400812869264321,0,102.41,8.65,6.0,7.32,0.6909,0.6932,0.925,1.4961,0.7381,0.2694,35.0,60.0,-60.0,110.0,0.12,0.88,0.0,0.616,4.94,solid,0
1.3.6.1.4.1.14519.5.2.1.6279.6001.724251104254976962355686318345,13492,139.83,8.01,7.77,7.89,0.8456,0.9692,0.8423,1.1018,0.148,0.1182,35.0,60.0,-60.0,110.0,0.12,0.88,0.0,0.616,5.48,solid,0
1.3.6.1.4.1.14519.5.2.1.6279.6001.724251104254976962355686318345,Nodule 002,334.06,12.82,9.67,11.25,0.8219,0.7543,0.6434,0.848,0.7972,0.198,35.0,60.0,-60.0,110.0,0.12,0.88,0.0,0.616,7.32,solid,0
1.3.6.1.4.1.14519.5.2.1.6279.6001.724251104254976962355686318345,Nodule 001,150.67,8.66,7.58,8.12,0.8346,0.8753,0.7797,1.0889,0.3602,0.1789,35.0,60.0,-60.0,110.0,0.12,0.88,0.0,0.616,5.62,solid,1
1.3.6.1.4.1.14519.5.2.1.6279.6001.724251104254976962355686318345,13899,227.67,11.88,7.91,9.89,0.7524,0.6656,0.6315,1.0526,0.8058,0.2236,35.0,60.0,-60.0,110.0,0.12,0.88,0.0,0.616,6.45,solid,1
1.3.6.1.4.1.14519.5.2.1.6279.6001.724251104254976962355686318345,13902,128.07,7.71,7.46,7.59,0.8158,0.9673,0.8753,1.176,0.3337,0.181,35.0,60.0,-60.0,110.0,0.12,0.88,0.0,0.616,5.32,solid,1
1.3.6.1.4.1.14519.5.2.1.6279.6001.724251104254976962355686318345,5,294.37,13.44,8.51,10.97,0.7485,0.6334,0.5582,0.9713,0.844,0.21,35.0,60.0,-60.0,110.0,0.12,0.88,0.0,0.616,7.02,solid,0
1.3.6.1.4.1.14519.5.2.1.6279.6001.724251104254976962355686318345,6,106.21,7.7,7.32,7.51,0.8376,0.9509,0.7791,1.2191,0.2066,0.1505,35.0,60.0,-60.0,110.0,0.12,0.88,0.0,0.616,5.0,solid,0
1.3.6.1.4.1.14519.5.2.1.6279.6001.223098610241551815995595311693,161959,662.72,13.69,13.1,13.39,0.8266,0.9571,0.7306,0.6711,0.3776,0.1127,35.0,60.0,-60.0,110.0,0.12,0.88,0.0,0.616,9.2,solid,1
1.3.6.1.4.1.14519.5.2.1.6279.6001.223098610241551815995595311693,13141,587.26,13.09,12.47,12.78,0.7984,0.9522,0.7637,0.7233,0.2843,0.1018,35.0,60.0,-60.0,110.0,0.12,0.88,0.0,0.616,8.84,solid,1
1.3.6.1.4.1.14519.5.2.1.6279.6001.223098610241551815995595311693,0,122.01,9.22,7.33,8.27,0.7926,0.7947,0.5424,1.2302,0.3099,0.174,-580.0,75.0,-680.0,-450.0,0.95,0.05,0.0,0.035,2.01,pure_ggn,0
1.3.6.1.4.1.14519.5.2.1.6279.6001.300392272203629213913702120739,5293,136.46,11.72,8.75,10.23,0.7867,0.7466,0.3413,1.194,0.7941,0.2416,-220.0,140.0,-520.0,80.0,0.6,0.4,0.0,0.28,4.18,part_solid,0
1.3.6.1.4.1.14519.5.2.1.6279.6001.300392272203629213913702120739,Nodule 010,57.33,7.53,5.84,6.68,0.8086,0.7755,0.5315,1.5511,0.2167,0.1837,35.0,60.0,-60.0,110.0,0.12,0.88,0.0,0.616,4.07,solid,1
1.3.6.1.4.1.14519.5.2.1.6279.6001.300392272203629213913702120739,0,36.99,6.01,5.45,5.73,0.8049,0.9066,0.6653,1.8031,0.1161,0.1543,35.0,60.0,-60.0,110.0,0.12,0.88,0.0,0.616,3.52,solid,0
1.3.6.1.4.1.14519.5.2.1.6279.6001.300392272203629213913702120739,4,23.52,6.38,3.77,5.08,0.7379,0.5919,0.6273,2.2875,0.3013,0.275,35.0,60.0,-60.0,110.0,0.12,0.88,0.0,0.616,3.02,solid,0
1.3.6.1.4.1.14519.5.2.1.6279.6001.780558315515979171413904604168,140846,2248.12,21.68,19.51,20.6,0.8466,0.9,0.6918,0.436,0.3769,0.0745,350.0,120.0,50.0,550.0,0.1,0.25,0.65,0.175,9.09,calcified,0
1.3.6.1.4.1.14519.5.2.1.6279.6001.780558315515979171413904604168,159039,2227.54,22.46,20.18,21.32,0.8265,0.8985,0.6235,0.448,0.514,0.0861,350.0,120.0,50.0,550.0,0.1,0.25,0.65,0.175,9.06,calcified,0
1.3.6.1.4.1.14519.5.2.1.6279.6001.780558315515979171413904604168,19065,2504.63,21.67,19.14,20.41,0.8505,0.8833,0.8305,0.4187,0.4565,0.0798,350.0,120.0,50.0,550.0,0.1,0.25,0.65,0.175,9.42,calcified,0
1.3.6.1.4.1.14519.5.2.1.6279.6001.780558315515979171413904604168,0,2393.4,21.25,19.24,20.24,0.8342,0.905,0.7528,0.4334,0.4331,0.0791,350.0,120.0,50.0,550.0,0.1,0.25,0.65,0.175,9.28,calcified,0
1.3.6.1.4.1.14519.5.2.1.6279.6001.266009527139315622265711325223,03710,630.87,16.22,14.13,15.18,0.7801,0.8709,0.6164,0.7228,2.6002,0.2799,35.0,60.0,-60.0,110.0,0.12,0.88,0.0,0.616,9.05,solid,1
1.3.6.1.4.1.14519.5.2.1.6279.6001.266009527139315622265711325223,03706,8660.44,35.54,23.64,29.59,0.5457,0.6651,1.0,0.4316,26.2636,0.3467,-220.0,140.0,-520.0,80.0,0.6,0.4,0.0,0.28,16.67,part_solid,1
1.3.6.1.4.1.14519.5.2.1.6279.6001.266009527139315622265711325223,IL057_196200,8063.56,34.35,23.8,29.07,0.5925,0.6929,1.0,0.407,23.3938,0.3413,35.0,60.0,-60.0,110.0,0.12,0.88,0.0,0.616,21.17,solid,1
1.3.6.1.4.1.14519.5.2.1.6279.6001.266009527139315622265711325223,Nodule 002,578.51,17.21,12.62,14.91,0.725,0.7333,0.5811,0.8006,2.9348,0.304,35.0,60.0,-60.0,110.0,0.12,0.88,0.0,0.616,8.8,solid,1
1.3.6.1.4.1.14519.5.2.1.6279.6001.259124675432205040899951626253,Nodule 002,91.87,10.5,8.02,9.26,0.795,0.7635,0.2976,1.3481,0.579,0.2296,35.0,60.0,-60.0,110.0,0.12,0.88,0.0,0.616,4.76,solid,1
1.3.6.1.4.1.14519.5.2.1.6279.6001.259124675432205040899951626253,38102,59.57,9.54,5.29,7.41,0.7671,0.5541,0.3931,1.6142,0.6763,0.2961,35.0,60.0,-60.0,110.0,0.12,0.88,0.0,0.616,4.12,solid,0
1.3.6.1.4.1.14519.5.2.1.6279.6001.259124675432205040899951626253,0,74.88,10.38,6.57,8.47,0.7525,0.6329,0.3011,1.5247,0.7379,0.2811,35.0,60.0,-60.0,110.0,0.12,0.88,0.0,0.616,4.45,solid,0
1.3.6.1.4.1.14519.5.2.1.6279.6001.134370886216012873213579659366,Nodule 004,84.23,7.37,6.88,7.12,0.8613,0.9343,0.7331,1.2809,0.1693,0.1475,35.0,60.0,-60.0,110.0,0.12,0.88,0.0,0.616,4.63,solid,0
1.3.6.1.4.1.14519.5.2.1.6279.6001.134370886216012873213579659366,Nodule 001,112.01,9.41,9.05,9.23,0.8071,0.9615,0.3825,1.243,0.2198,0.1411,35.0,60.0,-60.0,110.0,0.12,0.88,0.0,0.616,5.09,solid,0
1.3.6.1.4.1.14519.5.2.1.6279.6001.134370886216012873213579659366,Nodule 002,467.02,15.78,13.86,14.82,0.8369,0.8783,0.4564,0.7448,1.0913,0.1921,35.0,60.0,-60.0,110.0,0.12,0.88,0.0,0.616,8.19,solid,1
1.3.6.1.4.1.14519.5.2.1.6279.6001.134370886216012873213579659366,IL057_123778,1199.96,21.02,19.32,20.17,0.8002,0.919,0.4282,0.5687,2.7142,0.2241,-220.0,140.0,-520.0,80.0,0.6,0.4,0.0,0.28,8.63,part_solid,1
1.3.6.1.4.1.14519.5.2.1.6279.6001.134370886216012873213579659366,IL057_123782,78.94,10.03,8.33,9.18,0.6344,0.8309,0.3589,1.7771,0.9734,0.308,35.0,60.0,-60.0,110.0,0.12,0.88,0.0,0.616,4.53,solid,0
1.3.6.1.4.1.14519.5.2.1.6279.6001.134370886216012873213579659366,IL057_123785,72.32,8.05,6.89,7.47,0.8225,0.8551,0.447,1.4112,0.1424,0.1377,350.0,120.0,50.0,550.0,0.1,0.25,0.65,0.175,2.89,calcified,0
1.3.6.1.4.1.14519.5.2.1.6279.6001.664409965623578819357819577077,0,67.13,8.0,5.82,6.91,0.8346,0.7281,0.5003,1.4256,0.215,0.1785,350.0,120.0,50.0,550.0,0.1,0.25,0.65,0.175,2.82,calcified,0
1.3.6.1.4.1.14519.5.2.1.6279.6001.664409965623578819357819577077,2,73.99,6.89,6.13,6.51,0.7723,0.8891,0.8707,1.4916,0.1469,0.142,35.0,60.0,-60.0,110.0,0.12,0.88,0.0,0.616,4.43,solid,0
1.3.6.1.4.1.14519.5.2.1.6279.6001.664409965623578819357819577077,50143,27.44,5.69,4.81,5.25,0.8467,0.8466,0.7035,1.8936,0.1558,0.1966,35.0,60.0,-60.0,110.0,0.12,0.88,0.0,0.616,3.18,solid,0
1.3.6.1.4.1.14519.5.2.1.6279.6001.259453428008507791234730686014,11229,12.25,3.57,2.42,3.0,0.6539,0.6772,1.0,3.2081,0.0406,0.1247,-220.0,140.0,-520.0,80.0,0.6,0.4,0.0,0.28,1.87,part_solid,0
1.3.6.1.4.1.14519.5.2.1.6279.6001.148447286464082095534651426689,81307,7631.14,34.29,29.46,31.87,0.7738,0.859,0.6926,0.3174,4.2195,0.1627,-220.0,140.0,-520.0,80.0,0.6,0.4,0.0,0.28,15.98,part_solid,1
1.3.6.1.4.1.14519.5.2.1.6279.6001.148447286464082095534651426689,81311,1282.27,25.76,15.44,20.6,0.736,0.5992,0.4852,0.6048,5.1048,0.2889,-580.0,75.0,-680.0,-450.0,0.95,0.05,0.0,0.035,4.41,pure_ggn,1
1.3.6.1.4.1.14519.5.2.1.6279.6001.148447286464082095534651426689,81327,64.31,7.95,6.11,7.03,0.828,0.7693,0.4719,1.4577,0.182,0.1619,350.0,120.0,50.0,550.0,0.1,0.25,0.65,0.175,2.78,calcified,0
1.3.6.1.4.1.14519.5.2.1.6279.6001.148447286464082095534651426689,Nodule 002,85.14,8.62,7.44,8.03,0.8126,0.863,0.435,1.3529,0.2468,0.1682,35.0,60.0,-60.0,110.0,0.12,0.88,0.0,0.616,4.64,solid,0
1.3.6.1.4.1.14519.5.2.1.6279.6001.148447286464082095534651426689,Nodule 001,76.87,8.66,6.63,7.64,0.8144,0.7657,0.4331,1.3966,0.249,0.1755,35.0,60.0,-60.0,110.0,0.12,0.88,0.0,0.616,4.49,solid,0
1.3.6.1.4.1.14519.5.2.1.6279.6001.148447286464082095534651426689,Nodule 008,7355.21,33.12,29.46,31.29,0.7801,0.8895,0.6794,0.3188,3.4884,0.1507,-220.0,140.0,-520.0,80.0,0.6,0.4,0.0,0.28,15.79,part_solid,1
1.3.6.1.4.1.14519.5.2.1.6279.6001.148447286464082095534651426689,Nodule 003,27.87,6.17,5.12,5.64,0.8148,0.8306,0.4054,1.9576,0.0684,0.1275,35.0,60.0,-60.0,110.0,0.12,0.88,0.0,0.616,3.2,solid,0
1.3.6.1.4.1.14519.5.2.1.6279.6001.148447286464082095534651426689,Nodule 006,108.72,8.09,6.31,7.2,0.8076,0.7796,0.7727,1.2546,0.2073,0.152,35.0,60.0,-60.0,110.0,0.12,0.88,0.0,0.616,5.04,solid,0
1.3.6.1.4.1.14519.5.2.1.6279.6001.148447286464082095534651426689,0486,49.92,8.43,6.57,7.5,0.7969,0.7794,0.2966,1.6481,0.2112,0.1719,350.0,120.0,50.0,550.0,0.1,0.25,0.65,0.175,2.56,calcified,0
1.3.6.1.4.1.14519.5.2.1.6279.6001.148447286464082095534651426689,0461,6957.08,32.45,29.09,30.77,0.7799,0.8964,0.6934,0.3248,3.4571,0.1519,35.0,60.0,-60.0,110.0,0.12,0.88,0.0,0.616,20.15,solid,1
1.3.6.1.4.1.14519.5.2.1.6279.6001.148447286464082095534651426689,0479,73.81,8.52,6.49,7.5,0.8194,0.7616,0.4404,1.4071,0.2374,0.1747,35.0,60.0,-60.0,110.0,0.12,0.88,0.0,0.616,4.43,solid,0
1.3.6.1.4.1.14519.5.2.1.6279.6001.148447286464082095534651426689,IL057_195999,5831.61,31.18,26.93,29.05,0.7395,0.8637,0.7217,0.3633,3.8369,0.17,-220.0,140.0,-520.0,80.0,0.6,0.4,0.0,0.28,14.61,part_solid,1
1.3.6.1.4.1.14519.5.2.1.6279.6001.148447286464082095534651426689,IL057_197717,85.75,9.12,7.11,8.11,0.8041,0.7797,0.4113,1.3639,0.289,0.1805,350.0,120.0,50.0,550.0,0.1,0.25,0.65,0.175,3.06,calcified,0
1.3.6.1.4.1.14519.5.2.1.6279.6001.148447286464082095534651426689,IL057_197718,38.28,6.63,6.32,6.47,0.7977,0.9535,0.3773,1.7988,0.0802,0.1218,35.0,60.0,-60.0,110.0,0.12,0.88,0.0,0.616,3.56,solid,0
1.3.6.1.4.1.14519.5.2.1.6279.6001.232058316950007760548968840196,Nodule 001,73.5,8.91,6.13,7.52,0.8191,0.6876,0.4209,1.4095,0.2549,0.1794,35.0,60.0,-60.0,110.0,0.12,0.88,0.0,0.616,4.42,solid,1
1.3.6.1.4.1.14519.5.2.1.6279.6001.144943344795414353192059796098,61586,101.06,7.65,5.76,6.71,0.7836,0.7528,0.9801,1.3249,0.4159,0.2135,35.0,60.0,-60.0,110.0,0.12,0.88,0.0,0.616,4.92,solid,0
1.3.6.1.4.1.14519.5.2.1.6279.6001.302134342469412607966016057827,1,54.82,9.11,6.54,7.83,0.7588,0.7175,0.4115,1.6778,0.8675,0.3316,35.0,60.0,-60.0,110.0,0.12,0.88,0.0,0.616,4.01,solid,0
1.3.6.1.4.1.14519.5.2.1.6279.6001.302134342469412607966016057827,2,88.2,10.62,6.4,8.51,0.7275,0.6024,0.4118,1.4934,0.8118,0.284,350.0,120.0,50.0,550.0,0.1,0.25,0.65,0.175,3.09,calcified,0
1.3.6.1.4.1.14519.5.2.1.6279.6001.192256506776434538421891524301,Nodule 004,42.78,6.77,4.95,5.86,0.825,0.7317,0.5318,1.6761,0.0983,0.1407,35.0,60.0,-60.0,110.0,0.12,0.88,0.0,0.616,3.69,solid,0
1.3.6.1.4.1.14519.5.2.1.6279.6001.192256506776434538421891524301,Nodule 003,116.86,8.87,7.28,8.08,0.8238,0.821,0.6086,1.2007,0.2517,0.1605,35.0,60.0,-60.0,110.0,0.12,0.88,0.0,0.616,5.16,solid,0
1.3.6.1.4.1.14519.5.2.1.6279.6001.192256506776434538421891524301,Nodule 002,157.0,11.59,10.28,10.94,0.7893,0.8872,0.3106,1.1357,0.3871,0.1596,35.0,60.0,-60.0,110.0,0.12,0.88,0.0,0.616,5.69,solid,0
1.3.6.1.4.1.14519.5.2.1.6279.6001.192256506776434538421891524301,Nodule 001,176.4,10.49,8.56,9.52,0.8319,0.8164,0.515,1.0365,0.3718,0.1685,35.0,60.0,-60.0,110.0,0.12,0.88,0.0,0.616,5.92,solid,0
1.3.6.1.4.1.14519.5.2.1.6279.6001.192256506776434538421891524301,IL057_123769,77.18,8.42,7.0,7.71,0.8228,0.8307,0.4274,1.3805,0.1235,0.1242,350.0,120.0,50.0,550.0,0.1,0.25,0.65,0.175,2.95,calcified,0
1.3.6.1.4.1.14519.5.2.1.6279.6001.192256506776434538421891524301,MI014_18198,124.36,11.91,8.24,10.08,0.6178,0.6919,0.4532,1.5682,1.3508,0.3101,-580.0,75.0,-680.0,-450.0,0.95,0.05,0.0,0.035,2.03,pure_ggn,0
1.3.6.1.4.1.14519.5.2.1.6279.6001.192256506776434538421891524301,MI014_18206,61.74,6.61,6.02,6.31,0.7486,0.911,0.8173,1.6345,0.1799,0.165,-580.0,75.0,-680.0,-450.0,0.95,0.05,0.0,0.035,1.6,pure_ggn,0
1.3.6.1.4.1.14519.5.2.1.6279.6001.192256506776434538421891524301,MI014_18193,127.89,13.12,7.87,10.49,0.719,0.6,0.2745,1.335,0.8896,0.2492,-580.0,75.0,-680.0,-450.0,0.95,0.05,0.0,0.035,2.04,pure_ggn,0
1.3.6.1.4.1.14519.5.2.1.6279.6001.192256506776434538421891524301,MI014_18194,199.77,11.45,7.55,9.5,0.6498,0.6593,0.7862,1.2731,1.0765,0.266,-580.0,75.0,-680.0,-450.0,0.95,0.05,0.0,0.035,2.37,pure_ggn,0
1.3.6.1.4.1.14519.5.2.1.6279.6001.192256506776434538421891524301,1,119.51,7.26,6.94,7.1,0.7802,0.9551,0.9911,1.2584,0.3791,0.1994,350.0,120.0,50.0,550.0,0.1,0.25,0.65,0.175,3.42,calcified,0
1.3.6.1.4.1.14519.5.2.1.6279.6001.192256506776434538421891524301,Nodule 004,42.78,6.77,4.95,5.86,0.825,0.7317,0.5318,1.6761,0.0983,0.1407,35.0,60.0,-60.0,110.0,0.12,0.88,0.0,0.616,3.69,solid,0
1.3.6.1.4.1.14519.5.2.1.6279.6001.192256506776434538421891524301,Nodule 003,116.86,8.87,7.28,8.08,0.8238,0.821,0.6086,1.2007,0.2517,0.1605,35.0,60.0,-60.0,110.0,0.12,0.88,0.0,0.616,5.16,solid,0
1.3.6.1.4.1.14519.5.2.1.6279.6001.192256506776434538421891524301,Nodule 002,157.0,11.59,10.28,10.94,0.7893,0.8872,0.3106,1.1357,0.3871,0.1596,35.0,60.0,-60.0,110.0,0.12,0.88,0.0,0.616,5.69,solid,0
1.3.6.1.4.1.14519.5.2.1.6279.6001.192256506776434538421891524301,Nodule 001,176.4,10.49,8.56,9.52,0.8319,0.8164,0.515,1.0365,0.3718,0.1685,35.0,60.0,-60.0,110.0,0.12,0.88,0.0,0.616,5.92,solid,0
1.3.6.1.4.1.14519.5.2.1.6279.6001.192256506776434538421891524301,IL057_123769,77.18,8.42,7.0,7.71,0.8228,0.8307,0.4274,1.3805,0.1235,0.1242,350.0,120.0,50.0,550.0,0.1,0.25,0.65,0.175,2.95,calcified,0
1.3.6.1.4.1.14519.5.2.1.6279.6001.192256506776434538421891524301,MI014_18198,124.36,11.91,8.24,10.08,0.6178,0.6919,0.4532,1.5682,1.3508,0.3101,-580.0,75.0,-680.0,-450.0,0.95,0.05,0.0,0.035,2.03,pure_ggn,0
1.3.6.1.4.1.14519.5.2.1.6279.6001.192256506776434538421891524301,MI014_18206,61.74,6.61,6.02,6.31,0.7486,0.911,0.8173,1.6345,0.1799,0.165,-580.0,75.0,-680.0,-450.0,0.95,0.05,0.0,0.035,1.6,pure_ggn,0
1.3.6.1.4.1.14519.5.2.1.6279.6001.192256506776434538421891524301,MI014_18193,127.89,13.12,7.87,10.49,0.719,0.6,0.2745,1.335,0.8896,0.2492,-580.0,75.0,-680.0,-450.0,0.95,0.05,0.0,0.035,2.04,pure_ggn,0
1.3.6.1.4.1.14519.5.2.1.6279.6001.192256506776434538421891524301,MI014_18194,199.77,11.45,7.55,9.5,0.6498,0.6593,0.7862,1.2731,1.0765,0.266,-580.0,75.0,-680.0,-450.0,0.95,0.05,0.0,0.035,2.37,pure_ggn,0
1.3.6.1.4.1.14519.5.2.1.6279.6001.192256506776434538421891524301,1,119.51,7.26,6.94,7.1,0.7802,0.9551,0.9911,1.2584,0.3791,0.1994,350.0,120.0,50.0,550.0,0.1,0.25,0.65,0.175,3.42,calcified,0
1.3.6.1.4.1.14519.5.2.1.6279.6001.192256506776434538421891524301,Nodule 004,42.78,6.77,4.95,5.86,0.825,0.7317,0.5318,1.6761,0.0983,0.1407,35.0,60.0,-60.0,110.0,0.12,0.88,0.0,0.616,3.69,solid,0
1.3.6.1.4.1.14519.5.2.1.6279.6001.192256506776434538421891524301,Nodule 003,116.86,8.87,7.28,8.08,0.8238,0.821,0.6086,1.2007,0.2517,0.1605,35.0,60.0,-60.0,110.0,0.12,0.88,0.0,0.616,5.16,solid,0
1.3.6.1.4.1.14519.5.2.1.6279.6001.192256506776434538421891524301,Nodule 002,157.0,11.59,10.28,10.94,0.7893,0.8872,0.3106,1.1357,0.3871,0.1596,35.0,60.0,-60.0,110.0,0.12,0.88,0.0,0.616,5.69,solid,0
1.3.6.1.4.1.14519.5.2.1.6279.6001.192256506776434538421891524301,Nodule 001,176.4,10.49,8.56,9.52,0.8319,0.8164,0.515,1.0365,0.3718,0.1685,35.0,60.0,-60.0,110.0,0.12,0.88,0.0,0.616,5.92,solid,0
1.3.6.1.4.1.14519.5.2.1.6279.6001.192256506776434538421891524301,IL057_123769,77.18,8.42,7.0,7.71,0.8228,0.8307,0.4274,1.3805,0.1235,0.1242,350.0,120.0,50.0,550.0,0.1,0.25,0.65,0.175,2.95,calcified,0
1.3.6.1.4.1.14519.5.2.1.6279.6001.192256506776434538421891524301,MI014_18198,124.36,11.91,8.24,10.08,0.6178,0.6919,0.4532,1.5682,1.3508,0.3101,-580.0,75.0,-680.0,-450.0,0.95,0.05,0.0,0.035,2.03,pure_ggn,0
1.3.6.1.4.1.14519.5.2.1.6279.6001.192256506776434538421891524301,MI014_18206,61.74,6.61,6.02,6.31,0.7486,0.911,0.8173,1.6345,0.1799,0.165,-580.0,75.0,-680.0,-450.0,0.95,0.05,0.0,0.035,1.6,pure_ggn,0
1.3.6.1.4.1.14519.5.2.1.6279.6001.192256506776434538421891524301,MI014_18193,127.89,13.12,7.87,10.49,0.719,0.6,0.2745,1.335,0.8896,0.2492,-580.0,75.0,-680.0,-450.0,0.95,0.05,0.0,0.035,2.04,pure_ggn,0
1.3.6.1.4.1.14519.5.2.1.6279.6001.192256506776434538421891524301,MI014_18194,199.77,11.45,7.55,9.5,0.6498,0.6593,0.7862,1.2731,1.0765,0.266,-580.0,75.0,-680.0,-450.0,0.95,0.05,0.0,0.035,2.37,pure_ggn,0
1.3.6.1.4.1.14519.5.2.1.6279.6001.192256506776434538421891524301,1,119.51,7.26,6.94,7.1,0.7802,0.9551,0.9911,1.2584,0.3791,0.1994,350.0,120.0,50.0,550.0,0.1,0.25,0.65,0.175,3.42,calcified,0
1.3.6.1.4.1.14519.5.2.1.6279.6001.192256506776434538421891524301,Nodule 004,42.78,6.77,4.95,5.86,0.825,0.7317,0.5318,1.6761,0.0983,0.1407,35.0,60.0,-60.0,110.0,0.12,0.88,0.0,0.616,3.69,solid,0
1.3.6.1.4.1.14519.5.2.1.6279.6001.192256506776434538421891524301,Nodule 003,116.86,8.87,7.28,8.08,0.8238,0.821,0.6086,1.2007,0.2517,0.1605,35.0,60.0,-60.0,110.0,0.12,0.88,0.0,0.616,5.16,solid,0
1.3.6.1.4.1.14519.5.2.1.6279.6001.192256506776434538421891524301,Nodule 002,157.0,11.59,10.28,10.94,0.7893,0.8872,0.3106,1.1357,0.3871,0.1596,35.0,60.0,-60.0,110.0,0.12,0.88,0.0,0.616,5.69,solid,0
1.3.6.1.4.1.14519.5.2.1.6279.6001.192256506776434538421891524301,Nodule 001,176.4,10.49,8.56,9.52,0.8319,0.8164,0.515,1.0365,0.3718,0.1685,35.0,60.0,-60.0,110.0,0.12,0.88,0.0,0.616,5.92,solid,0
1.3.6.1.4.1.14519.5.2.1.6279.6001.192256506776434538421891524301,IL057_123769,77.18,8.42,7.0,7.71,0.8228,0.8307,0.4274,1.3805,0.1235,0.1242,350.0,120.0,50.0,550.0,0.1,0.25,0.65,0.175,2.95,calcified,0
1.3.6.1.4.1.14519.5.2.1.6279.6001.192256506776434538421891524301,MI014_18198,124.36,11.91,8.24,10.08,0.6178,0.6919,0.4532,1.5682,1.3508,0.3101,-580.0,75.0,-680.0,-450.0,0.95,0.05,0.0,0.035,2.03,pure_ggn,0
1.3.6.1.4.1.14519.5.2.1.6279.6001.192256506776434538421891524301,MI014_18206,61.74,6.61,6.02,6.31,0.7486,0.911,0.8173,1.6345,0.1799,0.165,-580.0,75.0,-680.0,-450.0,0.95,0.05,0.0,0.035,1.6,pure_ggn,0
1.3.6.1.4.1.14519.5.2.1.6279.6001.192256506776434538421891524301,MI014_18193,127.89,13.12,7.87,10.49,0.719,0.6,0.2745,1.335,0.8896,0.2492,-580.0,75.0,-680.0,-450.0,0.95,0.05,0.0,0.035,2.04,pure_ggn,0
1.3.6.1.4.1.14519.5.2.1.6279.6001.192256506776434538421891524301,MI014_18194,199.77,11.45,7.55,9.5,0.6498,0.6593,0.7862,1.2731,1.0765,0.266,-580.0,75.0,-680.0,-450.0,0.95,0.05,0.0,0.035,2.37,pure_ggn,0
1.3.6.1.4.1.14519.5.2.1.6279.6001.192256506776434538421891524301,1,119.51,7.26,6.94,7.1,0.7802,0.9551,0.9911,1.2584,0.3791,0.1994,350.0,120.0,50.0,550.0,0.1,0.25,0.65,0.175,3.42,calcified,0
1.3.6.1.4.1.14519.5.2.1.6279.6001.192256506776434538421891524301,Nodule 004,42.78,6.77,4.95,5.86,0.825,0.7317,0.5318,1.6761,0.0983,0.1407,35.0,60.0,-60.0,110.0,0.12,0.88,0.0,0.616,3.69,solid,0
1.3.6.1.4.1.14519.5.2.1.6279.6001.192256506776434538421891524301,Nodule 003,116.86,8.87,7.28,8.08,0.8238,0.821,0.6086,1.2007,0.2517,0.1605,35.0,60.0,-60.0,110.0,0.12,0.88,0.0,0.616,5.16,solid,0
1.3.6.1.4.1.14519.5.2.1.6279.6001.192256506776434538421891524301,Nodule 002,157.0,11.59,10.28,10.94,0.7893,0.8872,0.3106,1.1357,0.3871,0.1596,35.0,60.0,-60.0,110.0,0.12,0.88,0.0,0.616,5.69,solid,0
1.3.6.1.4.1.14519.5.2.1.6279.6001.192256506776434538421891524301,Nodule 001,176.4,10.49,8.56,9.52,0.8319,0.8164,0.515,1.0365,0.3718,0.1685,35.0,60.0,-60.0,110.0,0.12,0.88,0.0,0.616,5.92,solid,0
1.3.6.1.4.1.14519.5.2.1.6279.6001.192256506776434538421891524301,IL057_123769,77.18,8.42,7.0,7.71,0.8228,0.8307,0.4274,1.3805,0.1235,0.1242,350.0,120.0,50.0,550.0,0.1,0.25,0.65,0.175,2.95,calcified,0
1.3.6.1.4.1.14519.5.2.1.6279.6001.192256506776434538421891524301,MI014_18198,124.36,11.91,8.24,10.08,0.6178,0.6919,0.4532,1.5682,1.3508,0.3101,-580.0,75.0,-680.0,-450.0,0.95,0.05,0.0,0.035,2.03,pure_ggn,0
1.3.6.1.4.1.14519.5.2.1.6279.6001.192256506776434538421891524301,MI014_18206,61.74,6.61,6.02,6.31,0.7486,0.911,0.8173,1.6345,0.1799,0.165,-580.0,75.0,-680.0,-450.0,0.95,0.05,0.0,0.035,1.6,pure_ggn,0
1.3.6.1.4.1.14519.5.2.1.6279.6001.192256506776434538421891524301,MI014_18193,127.89,13.12,7.87,10.49,0.719,0.6,0.2745,1.335,0.8896,0.2492,-580.0,75.0,-680.0,-450.0,0.95,0.05,0.0,0.035,2.04,pure_ggn,0
1.3.6.1.4.1.14519.5.2.1.6279.6001.192256506776434538421891524301,MI014_18194,199.77,11.45,7.55,9.5,0.6498,0.6593,0.7862,1.2731,1.0765,0.266,-580.0,75.0,-680.0,-450.0,0.95,0.05,0.0,0.035,2.37,pure_ggn,0
1.3.6.1.4.1.14519.5.2.1.6279.6001.192256506776434538421891524301,1,119.51,7.26,6.94,7.1,0.7802,0.9551,0.9911,1.2584,0.3791,0.1994,350.0,120.0,50.0,550.0,0.1,0.25,0.65,0.175,3.42,calcified,0
1.3.6.1.4.1.14519.5.2.1.6279.6001.192256506776434538421891524301,Nodule 004,42.78,6.77,4.95,5.86,0.825,0.7317,0.5318,1.6761,0.0983,0.1407,35.0,60.0,-60.0,110.0,0.12,0.88,0.0,0.616,3.69,solid,0
1.3.6.1.4.1.14519.5.2.1.6279.6001.192256506776434538421891524301,Nodule 003,116.86,8.87,7.28,8.08,0.8238,0.821,0.6086,1.2007,0.2517,0.1605,35.0,60.0,-60.0,110.0,0.12,0.88,0.0,0.616,5.16,solid,0
1.3.6.1.4.1.14519.5.2.1.6279.6001.192256506776434538421891524301,Nodule 002,157.0,11.59,10.28,10.94,0.7893,0.8872,0.3106,1.1357,0.3871,0.1596,35.0,60.0,-60.0,110.0,0.12,0.88,0.0,0.616,5.69,solid,0
1.3.6.1.4.1.14519.5.2.1.6279.6001.192256506776434538421891524301,Nodule 001,176.4,10.49,8.56,9.52,0.8319,0.8164,0.515,1.0365,0.3718,0.1685,35.0,60.0,-60.0,110.0,0.12,0.88,0.0,0.616,5.92,solid,0
1.3.6.1.4.1.14519.5.2.1.6279.6001.192256506776434538421891524301,IL057_123769,77.18,8.42,7.0,7.71,0.8228,0.8307,0.4274,1.3805,0.1235,0.1242,350.0,120.0,50.0,550.0,0.1,0.25,0.65,0.175,2.95,calcified,0
1.3.6.1.4.1.14519.5.2.1.6279.6001.192256506776434538421891524301,MI014_18198,124.36,11.91,8.24,10.08,0.6178,0.6919,0.4532,1.5682,1.3508,0.3101,-580.0,75.0,-680.0,-450.0,0.95,0.05,0.0,0.035,2.03,pure_ggn,0
1.3.6.1.4.1.14519.5.2.1.6279.6001.192256506776434538421891524301,MI014_18206,61.74,6.61,6.02,6.31,0.7486,0.911,0.8173,1.6345,0.1799,0.165,-580.0,75.0,-680.0,-450.0,0.95,0.05,0.0,0.035,1.6,pure_ggn,0
1.3.6.1.4.1.14519.5.2.1.6279.6001.192256506776434538421891524301,MI014_18193,127.89,13.12,7.87,10.49,0.719,0.6,0.2745,1.335,0.8896,0.2492,-580.0,75.0,-680.0,-450.0,0.95,0.05,0.0,0.035,2.04,pure_ggn,0
1.3.6.1.4.1.14519.5.2.1.6279.6001.192256506776434538421891524301,MI014_18194,199.77,11.45,7.55,9.5,0.6498,0.6593,0.7862,1.2731,1.0765,0.266,-580.0,75.0,-680.0,-450.0,0.95,0.05,0.0,0.035,2.37,pure_ggn,0
1.3.6.1.4.1.14519.5.2.1.6279.6001.192256506776434538421891524301,1,119.51,7.26,6.94,7.1,0.7802,0.9551,0.9911,1.2584,0.3791,0.1994,350.0,120.0,50.0,550.0,0.1,0.25,0.65,0.175,3.42,calcified,0
1.3.6.1.4.1.14519.5.2.1.6279.6001.167661207884826429102690781600,Nodule 002,452.02,15.98,11.37,13.68,0.7972,0.7112,0.4379,0.7905,0.9876,0.1926,35.0,60.0,-60.0,110.0,0.12,0.88,0.0,0.616,8.1,solid,1
1.3.6.1.4.1.14519.5.2.1.6279.6001.167661207884826429102690781600,Nodule 001,78.4,8.88,6.57,7.72,0.8231,0.7394,0.4504,1.3727,0.3437,0.2036,35.0,60.0,-60.0,110.0,0.12,0.88,0.0,0.616,4.52,solid,0
1.3.6.1.4.1.14519.5.2.1.6279.6001.167661207884826429102690781600,Nodule 003,1271.06,19.2,17.95,18.58,0.8064,0.935,0.5729,0.5536,1.0341,0.1438,35.0,60.0,-60.0,110.0,0.12,0.88,0.0,0.616,11.44,solid,1
1.3.6.1.4.1.14519.5.2.1.6279.6001.167661207884826429102690781600,Nodule 004,59.29,8.84,6.81,7.83,0.8055,0.7705,0.3394,1.5396,0.4815,0.2485,35.0,60.0,-60.0,110.0,0.12,0.88,0.0,0.616,4.12,solid,0
1.3.6.1.4.1.14519.5.2.1.6279.6001.167661207884826429102690781600,IL057_159762,1323.49,20.31,18.96,19.63,0.8056,0.9336,0.4924,0.5468,1.2562,0.1529,35.0,60.0,-60.0,110.0,0.12,0.88,0.0,0.616,11.59,solid,1
1.3.6.1.4.1.14519.5.2.1.6279.6001.167661207884826429102690781600,MI014_13742,1129.2,19.31,18.25,18.78,0.7705,0.9454,0.5697,0.6028,2.0334,0.203,35.0,60.0,-60.0,110.0,0.12,0.88,0.0,0.616,10.99,solid,1
1.3.6.1.4.1.14519.5.2.1.6279.6001.167661207884826429102690781600,MI014_13755,396.41,14.21,10.51,12.36,0.807,0.7399,0.5629,0.8158,0.7197,0.1771,35.0,60.0,-60.0,110.0,0.12,0.88,0.0,0.616,7.75,solid,1
1.3.6.1.4.1.14519.5.2.1.6279.6001.167661207884826429102690781600,0,593.39,17.34,11.97,14.66,0.7732,0.6903,0.4613,0.7443,1.3133,0.2054,35.0,60.0,-60.0,110.0,0.12,0.88,0.0,0.616,8.87,solid,0
1.3.6.1.4.1.14519.5.2.1.6279.6001.280072876841890439628529365478,Nodule 009,85.5,7.41,6.88,7.14,0.8311,0.9293,0.6751,1.3207,0.2123,0.1643,35.0,60.0,-60.0,110.0,0.12,0.88,0.0,0.616,4.65,solid,1
1.3.6.1.4.1.14519.5.2.1.6279.6001.280072876841890439628529365478,Nodule 010,335.65,13.4,12.91,13.16,0.8229,0.9634,0.4477,0.8456,0.8435,0.1918,35.0,60.0,-60.0,110.0,0.12,0.88,0.0,0.616,7.34,solid,1
1.3.6.1.4.1.14519.5.2.1.6279.6001.280072876841890439628529365478,Nodule 001,501.76,15.97,12.65,14.31,0.8053,0.7921,0.4384,0.7557,0.8729,0.1753,35.0,60.0,-60.0,110.0,0.12,0.88,0.0,0.616,8.39,solid,1
1.3.6.1.4.1.14519.5.2.1.6279.6001.280072876841890439628529365478,Nodule 005,386.85,13.89,11.73,12.81,0.8269,0.8449,0.504,0.8026,0.5587,0.1545,35.0,60.0,-60.0,110.0,0.12,0.88,0.0,0.616,7.69,solid,1
1.3.6.1.4.1.14519.5.2.1.6279.6001.280072876841890439628529365478,IL057_201341,49.73,6.99,5.88,6.43,0.8505,0.841,0.5726,1.5461,0.1998,0.1836,35.0,60.0,-60.0,110.0,0.12,0.88,0.0,0.616,3.88,solid,0
1.3.6.1.4.1.14519.5.2.1.6279.6001.280072876841890439628529365478,IL057_201339,50.22,6.15,5.82,5.99,0.8356,0.9463,0.65,1.5686,0.053,0.0981,35.0,60.0,-60.0,110.0,0.12,0.88,0.0,0.616,3.89,solid,0
1.3.6.1.4.1.14519.5.2.1.6279.6001.280072876841890439628529365478,IL057_201345,47.77,8.26,7.88,8.07,0.748,0.9543,0.2421,1.7818,0.1103,0.1167,35.0,60.0,-60.0,110.0,0.12,0.88,0.0,0.616,3.83,solid,0
1.3.6.1.4.1.14519.5.2.1.6279.6001.280072876841890439628529365478,IL057_201316,465.99,15.23,12.27,13.75,0.8073,0.8058,0.4597,0.7727,0.6191,0.1525,35.0,60.0,-60.0,110.0,0.12,0.88,0.0,0.616,8.18,solid,1
1.3.6.1.4.1.14519.5.2.1.6279.6001.280072876841890439628529365478,IL057_201323,272.93,13.31,11.61,12.46,0.7976,0.8729,0.3758,0.9348,0.6394,0.1766,35.0,60.0,-60.0,110.0,0.12,0.88,0.0,0.616,6.85,solid,1
1.3.6.1.4.1.14519.5.2.1.6279.6001.280072876841890439628529365478,IL057_201311,8943.72,36.65,29.82,33.23,0.7801,0.8137,0.6822,0.2986,3.1852,0.1343,35.0,60.0,-60.0,110.0,0.12,0.88,0.0,0.616,21.91,solid,1
1.3.6.1.4.1.14519.5.2.1.6279.6001.280072876841890439628529365478,MI014_19636,567.91,16.56,13.78,15.17,0.8119,0.832,0.4226,0.7192,0.8484,0.164,35.0,60.0,-60.0,110.0,0.12,0.88,0.0,0.616,8.74,solid,1
1.3.6.1.4.1.14519.5.2.1.6279.6001.280072876841890439628529365478,MI014_19655,121.76,8.52,8.14,8.33,0.8357,0.9556,0.5866,1.1674,0.0941,0.0961,35.0,60.0,-60.0,110.0,0.12,0.88,0.0,0.616,5.23,solid,1
1.3.6.1.4.1.14519.5.2.1.6279.6001.280072876841890439628529365478,MI014_19644,359.17,14.15,13.37,13.76,0.8348,0.9453,0.4241,0.815,0.8796,0.1874,35.0,60.0,-60.0,110.0,0.12,0.88,0.0,0.616,7.5,solid,1
1.3.6.1.4.1.14519.5.2.1.6279.6001.280072876841890439628529365478,MI014_19653,217.56,11.61,8.99,10.3,0.7952,0.7742,0.5167,1.0111,0.3933,0.1587,-220.0,140.0,-520.0,80.0,0.6,0.4,0.0,0.28,4.88,part_solid,0
1.3.6.1.4.1.14519.5.2.1.6279.6001.280072876841890439628529365478,MI014_19631,10294.9,35.48,30.98,33.23,0.8056,0.8731,0.8174,0.276,2.4422,0.1137,35.0,60.0,-60.0,110.0,0.12,0.88,0.0,0.616,22.97,solid,1
1.3.6.1.4.1.14519.5.2.1.6279.6001.280072876841890439628529365478,MI014_19650,227.6,12.51,8.7,10.61,0.8091,0.6951,0.4795,0.979,0.558,0.1847,35.0,60.0,-60.0,110.0,0.12,0.88,0.0,0.616,6.45,solid,1
1.3.6.1.4.1.14519.5.2.1.6279.6001.280072876841890439628529365478,0,657.82,17.73,15.63,16.68,0.7184,0.8811,0.3947,0.7741,1.6317,0.2089,35.0,60.0,-60.0,110.0,0.12,0.88,0.0,0.616,9.18,solid,0
1.3.6.1.4.1.14519.5.2.1.6279.6001.280072876841890439628529365478,1,366.52,13.34,12.05,12.7,0.7897,0.9037,0.5248,0.8557,0.6824,0.1732,35.0,60.0,-60.0,110.0,0.12,0.88,0.0,0.616,7.55,solid,0
1.3.6.1.4.1.14519.5.2.1.6279.6001.280072876841890439628529365478,8,540.47,15.76,13.0,14.38,0.7354,0.825,0.5077,0.8074,0.8924,0.1744,-580.0,75.0,-680.0,-450.0,0.95,0.05,0.0,0.035,3.31,pure_ggn,0
1.3.6.1.4.1.14519.5.2.1.6279.6001.280072876841890439628529365478,9,249.9,14.7,8.74,11.72,0.7401,0.5944,0.408,1.0374,1.5238,0.2815,35.0,60.0,-60.0,110.0,0.12,0.88,0.0,0.616,6.65,solid,0
1.3.6.1.4.1.14519.5.2.1.6279.6001.280072876841890439628529365478,15,279.54,14.08,9.47,11.77,0.7907,0.673,0.4263,0.9353,0.8513,0.2086,35.0,60.0,-60.0,110.0,0.12,0.88,0.0,0.616,6.9,solid,0
1.3.6.1.4.1.14519.5.2.1.6279.6001.205174485766424333452131788504,34116,5376.52,30.48,26.32,28.4,0.6282,0.8637,0.9844,0.4394,10.8415,0.2692,35.0,60.0,-60.0,110.0,0.12,0.88,0.0,0.616,18.49,solid,1
1.3.6.1.4.1.14519.5.2.1.6279.6001.205174485766424333452131788504,34125,68.35,6.58,5.76,6.17,0.8511,0.876,0.9119,1.3897,0.0548,0.0915,35.0,60.0,-60.0,110.0,0.12,0.88,0.0,0.616,4.32,solid,0
1.3.6.1.4.1.14519.5.2.1.6279.6001.205174485766424333452131788504,34128,91.87,6.4,5.57,5.98,0.7891,0.8709,1.0,1.3582,0.1983,0.1496,35.0,60.0,-60.0,110.0,0.12,0.88,0.0,0.616,4.76,solid,0
1.3.6.1.4.1.14519.5.2.1.6279.6001.205174485766424333452131788504,34131,89.67,5.98,5.45,5.72,0.7763,0.9116,1.0,1.3918,0.2226,0.161,35.0,60.0,-60.0,110.0,0.12,0.88,0.0,0.616,4.73,solid,0
1.3.6.1.4.1.14519.5.2.1.6279.6001.205174485766424333452131788504,34120,330.01,10.4,10.03,10.22,0.8477,0.9648,0.8653,0.8255,0.2245,0.1114,35.0,60.0,-60.0,110.0,0.12,0.88,0.0,0.616,7.3,solid,0
1.3.6.1.4.1.14519.5.2.1.6279.6001.205174485766424333452131788504,34121,177.87,8.66,6.8,7.73,0.794,0.7848,1.0,1.083,0.2089,0.1301,35.0,60.0,-60.0,110.0,0.12,0.88,0.0,0.616,5.94,solid,0
1.3.6.1.4.1.14519.5.2.1.6279.6001.205174485766424333452131788504,12902,407.19,10.21,9.4,9.8,0.8046,0.9206,1.0,0.8109,0.4558,0.1461,35.0,60.0,-60.0,110.0,0.12,0.88,0.0,0.616,7.82,solid,0
1.3.6.1.4.1.14519.5.2.1.6279.6001.205174485766424333452131788504,14,407.19,10.23,9.4,9.81,0.8046,0.9193,1.0,0.8109,0.473,0.1488,35.0,60.0,-60.0,110.0,0.12,0.88,0.0,0.616,7.82,solid,0
1.3.6.1.4.1.14519.5.2.1.6279.6001.112740418331256326754121315800,0,12322.89,34.53,31.71,33.12,0.7964,0.9184,0.9411,0.2629,3.4182,0.1285,35.0,60.0,-60.0,110.0,0.12,0.88,0.0,0.616,24.38,solid,1
1.3.6.1.4.1.14519.5.2.1.6279.6001.112740418331256326754121315800,1,2442.04,27.42,23.45,25.44,0.6654,0.8553,0.5471,0.5397,7.1633,0.2853,35.0,60.0,-60.0,110.0,0.12,0.88,0.0,0.616,14.22,solid,1
1.3.6.1.4.1.14519.5.2.1.6279.6001.112740418331256326754121315800,163079,2170.7,24.55,17.1,20.83,0.7427,0.6966,0.6109,0.5029,2.5632,0.1914,35.0,60.0,-60.0,110.0,0.12,0.88,0.0,0.616,13.67,solid,1
1.3.6.1.4.1.14519.5.2.1.6279.6001.112740418331256326754121315800,163074,13109.34,34.46,32.45,33.45,0.7729,0.9416,1.0,0.2653,4.4541,0.1432,35.0,60.0,-60.0,110.0,0.12,0.88,0.0,0.616,24.89,solid,1
1.3.6.1.4.1.14519.5.2.1.6279.6001.112740418331256326754121315800,Nodule 001,2150.49,23.82,18.74,21.28,0.7767,0.7867,0.6296,0.4824,2.2205,0.1797,35.0,60.0,-60.0,110.0,0.12,0.88,0.0,0.616,13.63,solid,1
1.3.6.1.4.1.14519.5.2.1.6279.6001.112740418331256326754121315800,160607,13694.27,36.93,35.86,36.39,0.7028,0.971,0.9478,0.2876,7.1707,0.1749,35.0,60.0,-60.0,110.0,0.12,0.88,0.0,0.616,25.26,solid,1
1.3.6.1.4.1.14519.5.2.1.6279.6001.112740418331256326754121315800,160612,1994.91,25.89,17.14,21.52,0.7588,0.662,0.5793,0.5063,3.9898,0.2392,-580.0,75.0,-680.0,-450.0,0.95,0.05,0.0,0.035,5.11,pure_ggn,1
1.3.6.1.4.1.14519.5.2.1.6279.6001.141069661700670042960678408762,Nodule 001,239.12,12.79,8.91,10.85,0.794,0.6972,0.4693,0.9813,0.8123,0.2177,35.0,60.0,-60.0,110.0,0.12,0.88,0.0,0.616,6.55,solid,1
1.3.6.1.4.1.14519.5.2.1.6279.6001.141069661700670042960678408762,13348,321.44,11.82,9.99,10.91,0.8281,0.8451,0.6767,0.8525,0.3753,0.1403,35.0,60.0,-60.0,110.0,0.12,0.88,0.0,0.616,7.23,solid,0
1.3.6.1.4.1.14519.5.2.1.6279.6001.141069661700670042960678408762,0,136.95,8.91,7.28,8.09,0.7951,0.8167,0.7855,1.1799,0.3848,0.1862,35.0,60.0,-60.0,110.0,0.12,0.88,0.0,0.616,5.44,solid,0
1.3.6.1.4.1.14519.5.2.1.6279.6001.265453131727473342790950829556,Nodule 002,85.99,9.36,6.34,7.85,0.8047,0.6776,0.4276,1.3615,0.3808,0.21,35.0,60.0,-60.0,110.0,0.12,0.88,0.0,0.616,4.66,solid,0
1.3.6.1.4.1.14519.5.2.1.6279.6001.265453131727473342790950829556,Nodule 005,63.7,8.15,7.26,7.71,0.8157,0.8904,0.3679,1.4845,0.2024,0.1615,35.0,60.0,-60.0,110.0,0.12,0.88,0.0,0.616,4.22,solid,0
1.3.6.1.4.1.14519.5.2.1.6279.6001.265453131727473342790950829556,IL057_203423,2366.21,28.2,23.97,26.08,0.7135,0.8497,0.4964,0.5086,8.5492,0.3041,35.0,60.0,-60.0,110.0,0.12,0.88,0.0,0.616,14.07,solid,1
1.3.6.1.4.1.14519.5.2.1.6279.6001.265453131727473342790950829556,IL057_203432,436.59,13.16,11.18,12.17,0.7879,0.8493,0.7599,0.809,1.1741,0.2211,350.0,120.0,50.0,550.0,0.1,0.25,0.65,0.175,5.26,calcified,0
1.3.6.1.4.1.14519.5.2.1.6279.6001.265453131727473342790950829556,IL057_205809,182.28,12.83,7.01,9.92,0.698,0.5459,0.6234,1.2219,2.015,0.3529,35.0,60.0,-60.0,110.0,0.12,0.88,0.0,0.616,5.99,solid,0
1.3.6.1.4.1.14519.5.2.1.6279.6001.265453131727473342790950829556,MI014_15631,334.18,17.21,11.05,14.13,0.73,0.6424,0.4068,0.9547,3.8396,0.3818,35.0,60.0,-60.0,110.0,0.12,0.88,0.0,0.616,7.33,solid,1
1.3.6.1.4.1.14519.5.2.1.6279.6001.265453131727473342790950829556,0,78.89,9.26,5.86,7.56,0.7887,0.6322,0.4318,1.4296,0.3625,0.2103,35.0,60.0,-60.0,110.0,0.12,0.88,0.0,0.616,4.53,solid,0
1.3.6.1.4.1.14519.5.2.1.6279.6001.265453131727473342790950829556,2,589.96,15.33,11.24,13.29,0.7294,0.7332,0.7826,0.7905,1.8427,0.2435,350.0,120.0,50.0,550.0,0.1,0.25,0.65,0.175,5.82,calcified,0
1.3.6.1.4.1.14519.5.2.1.6279.6001.265453131727473342790950829556,4,160.72,12.48,9.17,10.82,0.7146,0.7344,0.4807,1.2447,1.6545,0.327,35.0,60.0,-60.0,110.0,0.12,0.88,0.0,0.616,5.74,solid,1
1.3.6.1.4.1.14519.5.2.1.6279.6001.265453131727473342790950829556,7,54.39,6.55,5.93,6.24,0.8077,0.9062,0.6109,1.5803,0.1208,0.144,35.0,60.0,-60.0,110.0,0.12,0.88,0.0,0.616,4.0,solid,0
1.3.6.1.4.1.14519.5.2.1.6279.6001.265453131727473342790950829556,14,435.36,15.08,11.95,13.51,0.7604,0.7926,0.5307,0.8392,1.7205,0.2546,35.0,60.0,-60.0,110.0,0.12,0.88,0.0,0.616,8.0,solid,1
1.3.6.1.4.1.14519.5.2.1.6279.6001.265453131727473342790950829556,15,185.95,11.13,9.38,10.25,0.7665,0.8424,0.539,1.1054,0.8215,0.2349,35.0,60.0,-60.0,110.0,0.12,0.88,0.0,0.616,6.03,solid,0
1.3.6.1.4.1.14519.5.2.1.6279.6001.194440094986948071643661798326,Nodule 001,461.29,13.02,10.07,11.54,0.7857,0.7737,0.8296,0.7966,1.4127,0.2392,350.0,120.0,50.0,550.0,0.1,0.25,0.65,0.175,5.36,calcified,1
1.3.6.1.4.1.14519.5.2.1.6279.6001.194440094986948071643661798326,0,461.29,13.02,10.07,11.54,0.7857,0.7737,0.8296,0.7966,1.4127,0.2392,35.0,60.0,-60.0,110.0,0.12,0.88,0.0,0.616,8.16,solid,1
1.3.6.1.4.1.14519.5.2.1.6279.6001.332453873575389860371315979768,1907,16.17,6.22,3.83,5.02,0.8047,0.6157,0.3217,2.3766,0.1397,0.2175,35.0,60.0,-60.0,110.0,0.12,0.88,0.0,0.616,2.67,solid,0
1.3.6.1.4.1.14519.5.2.1.6279.6001.104562737760173137525888934217,87247,441.24,15.51,10.34,12.93,0.7909,0.6663,0.5157,0.8032,0.9665,0.1956,35.0,60.0,-60.0,110.0,0.12,0.88,0.0,0.616,8.04,solid,1
1.3.6.1.4.1.14519.5.2.1.6279.6001.104562737760173137525888934217,Nodule 001,615.68,17.82,12.33,15.08,0.7947,0.6918,0.4488,0.7153,1.5579,0.2187,35.0,60.0,-60.0,110.0,0.12,0.88,0.0,0.616,8.98,solid,1
1.3.6.1.4.1.14519.5.2.1.6279.6001.104562737760173137525888934217,10717,511.07,17.31,11.17,14.24,0.7867,0.6453,0.4622,0.7689,1.8723,0.2536,350.0,120.0,50.0,550.0,0.1,0.25,0.65,0.175,5.55,calcified,0
1.3.6.1.4.1.14519.5.2.1.6279.6001.104562737760173137525888934217,0,553.94,18.76,10.5,14.63,0.7574,0.5599,0.4798,0.7775,2.7715,0.2945,350.0,120.0,50.0,550.0,0.1,0.25,0.65,0.175,5.7,calcified,0
1.3.6.1.4.1.14519.5.2.1.6279.6001.308153138776443962077214577161,9890,3482.06,29.29,19.5,24.4,0.7224,0.6657,0.8535,0.4417,9.694,0.2997,-220.0,140.0,-520.0,80.0,0.6,0.4,0.0,0.28,12.3,part_solid,0
1.3.6.1.4.1.14519.5.2.1.6279.6001.308153138776443962077214577161,1694,105.96,8.31,6.97,7.64,0.8166,0.8389,0.6014,1.2515,0.1563,0.1347,35.0,60.0,-60.0,110.0,0.12,0.88,0.0,0.616,5.0,solid,0
1.3.6.1.4.1.14519.5.2.1.6279.6001.215785045378334625097907422785,57126,74.23,7.46,6.77,7.12,0.8848,0.9077,0.6701,1.3005,0.1033,0.117,35.0,60.0,-60.0,110.0,0.12,0.88,0.0,0.616,4.44,solid,1
1.3.6.1.4.1.14519.5.2.1.6279.6001.215785045378334625097907422785,Nodule 005,93.83,7.75,7.14,7.44,0.8404,0.9212,0.6454,1.2663,0.1883,0.149,35.0,60.0,-60.0,110.0,0.12,0.88,0.0,0.616,4.8,solid,0
1.3.6.1.4.1.14519.5.2.1.6279.6001.215785045378334625097907422785,2,78.15,7.12,6.71,6.91,0.8364,0.9425,0.7027,1.3523,0.0962,0.1141,35.0,60.0,-60.0,110.0,0.12,0.88,0.0,0.616,4.51,solid,0
1.3.6.1.4.1.14519.5.2.1.6279.6001.292194861362266467652267941663,9413,75.95,8.48,6.59,7.53,0.8141,0.7766,0.4422,1.4026,0.2106,0.1632,35.0,60.0,-60.0,110.0,0.12,0.88,0.0,0.616,4.47,solid,1
1.3.6.1.4.1.14519.5.2.1.6279.6001.292194861362266467652267941663,9407,105.35,9.85,7.2,8.52,0.8142,0.7307,0.5076,1.2576,0.6603,0.254,-580.0,75.0,-680.0,-450.0,0.95,0.05,0.0,0.035,1.92,pure_ggn,1
1.3.6.1.4.1.14519.5.2.1.6279.6001.292194861362266467652267941663,9410,76.87,8.91,6.74,7.82,0.8153,0.7562,0.4208,1.395,0.3717,0.2117,-220.0,140.0,-520.0,80.0,0.6,0.4,0.0,0.28,3.45,part_solid,0
1.3.6.1.4.1.14519.5.2.1.6279.6001.292194861362266467652267941663,9394,198.45,10.77,9.92,10.34,0.8142,0.9211,0.4644,1.0183,0.2505,0.1294,35.0,60.0,-60.0,110.0,0.12,0.88,0.0,0.616,6.16,solid,1
1.3.6.1.4.1.14519.5.2.1.6279.6001.292194861362266467652267941663,Nodule 006,60.33,7.24,5.01,6.12,0.7976,0.6917,0.6909,1.5459,0.3409,0.2326,35.0,60.0,-60.0,110.0,0.12,0.88,0.0,0.616,4.14,solid,0
1.3.6.1.4.1.14519.5.2.1.6279.6001.292194861362266467652267941663,Nodule 007,142.1,9.6,8.4,9.0,0.797,0.875,0.5208,1.1628,0.3362,0.1702,35.0,60.0,-60.0,110.0,0.12,0.88,0.0,0.616,5.51,solid,0
1.3.6.1.4.1.14519.5.2.1.6279.6001.162351539386551708034407968929,Nodule 016,77.42,8.56,6.36,7.46,0.8245,0.7423,0.4672,1.3762,0.2416,0.1745,35.0,60.0,-60.0,110.0,0.12,0.88,0.0,0.616,4.5,solid,0
1.3.6.1.4.1.14519.5.2.1.6279.6001.162351539386551708034407968929,Nodule 009,299.14,11.66,11.14,11.4,0.8365,0.9557,0.6004,0.8644,0.3398,0.1339,35.0,60.0,-60.0,110.0,0.12,0.88,0.0,0.616,7.06,solid,1
1.3.6.1.4.1.14519.5.2.1.6279.6001.162351539386551708034407968929,Nodule 001,109.51,10.91,7.64,9.28,0.8326,0.7005,0.4582,1.214,1.1193,0.3154,35.0,60.0,-60.0,110.0,0.12,0.88,0.0,0.616,5.05,solid,0
1.3.6.1.4.1.14519.5.2.1.6279.6001.162351539386551708034407968929,MI014_19922,394.45,13.0,12.14,12.57,0.8404,0.9333,0.5383,0.7846,0.2754,0.1099,35.0,60.0,-60.0,110.0,0.12,0.88,0.0,0.616,7.74,solid,1
1.3.6.1.4.1.14519.5.2.1.6279.6001.162351539386551708034407968929,8,375.09,12.32,10.94,11.63,0.8066,0.8873,0.6491,0.8314,0.3428,0.1276,350.0,120.0,50.0,550.0,0.1,0.25,0.65,0.175,5.0,calcified,0
1.3.6.1.4.1.14519.5.2.1.6279.6001.692598144815688523679745963696,2727,429.36,13.01,10.22,11.62,0.7506,0.7854,0.7684,0.854,0.6944,0.1735,35.0,60.0,-60.0,110.0,0.12,0.88,0.0,0.616,7.96,solid,1
1.3.6.1.4.1.14519.5.2.1.6279.6001.692598144815688523679745963696,2719,69.82,7.82,5.91,6.87,0.8281,0.7548,0.639,1.4182,0.4032,0.2403,35.0,60.0,-60.0,110.0,0.12,0.88,0.0,0.616,4.35,solid,0
1.3.6.1.4.1.14519.5.2.1.6279.6001.692598144815688523679745963696,Nodule 001,450.8,12.58,10.59,11.59,0.7852,0.8419,0.7948,0.8032,0.6517,0.1693,35.0,60.0,-60.0,110.0,0.12,0.88,0.0,0.616,8.09,solid,1
1.3.6.1.4.1.14519.5.2.1.6279.6001.692598144815688523679745963696,Nodule 002,183.14,10.52,9.25,9.88,0.8196,0.8787,0.4752,1.039,0.1514,0.106,-220.0,140.0,-520.0,80.0,0.6,0.4,0.0,0.28,4.61,part_solid,0
1.3.6.1.4.1.14519.5.2.1.6279.6001.692598144815688523679745963696,154,13.47,3.06,2.57,2.82,0.6697,0.8388,1.0,3.0347,0.5494,0.383,350.0,120.0,50.0,550.0,0.1,0.25,0.65,0.175,1.65,calcified,0
1.3.6.1.4.1.14519.5.2.1.6279.6001.692598144815688523679745963696,166,317.27,11.0,8.35,9.67,0.7815,0.7594,0.9093,0.9073,0.4879,0.1655,35.0,60.0,-60.0,110.0,0.12,0.88,0.0,0.616,7.2,solid,1
1.3.6.1.4.1.14519.5.2.1.6279.6001.692598144815688523679745963696,534,61.25,6.98,4.48,5.73,0.6969,0.6427,1.0,1.7605,0.4426,0.2405,-220.0,140.0,-520.0,80.0,0.6,0.4,0.0,0.28,3.2,part_solid,0
1.3.6.1.4.1.14519.5.2.1.6279.6001.148935306123327835217659769212,1,24.04,4.63,4.19,4.41,0.786,0.9033,0.8094,2.1319,0.1094,0.1795,350.0,120.0,50.0,550.0,0.1,0.25,0.65,0.175,2.0,calcified,0
1.3.6.1.4.1.14519.5.2.1.6279.6001.148935306123327835217659769212,69084,58.65,9.86,6.04,7.95,0.7874,0.613,0.317,1.5809,0.7866,0.3092,35.0,60.0,-60.0,110.0,0.12,0.88,0.0,0.616,4.1,solid,0
1.3.6.1.4.1.14519.5.2.1.6279.6001.148935306123327835217659769212,Nodule 002,37.52,9.1,5.57,7.33,0.7936,0.6118,0.2747,1.8204,0.8608,0.3608,35.0,60.0,-60.0,110.0,0.12,0.88,0.0,0.616,3.53,solid,0
1.3.6.1.4.1.14519.5.2.1.6279.6001.525937963993475482158828421281,20483,623.37,28.59,12.31,20.45,0.7171,0.4307,0.4154,0.7894,10.4436,0.413,35.0,60.0,-60.0,110.0,0.12,0.88,0.0,0.616,9.02,solid,1
1.3.6.1.4.1.14519.5.2.1.6279.6001.525937963993475482158828421281,Nodule 001,1213.36,31.19,16.0,23.59,0.7193,0.513,0.3807,0.6304,11.2842,0.3873,-220.0,140.0,-520.0,80.0,0.6,0.4,0.0,0.28,8.66,part_solid,1
1.3.6.1.4.1.14519.5.2.1.6279.6001.525937963993475482158828421281,12558,546.04,24.9,13.78,19.34,0.6433,0.5537,0.2761,0.9197,7.0546,0.3869,35.0,60.0,-60.0,110.0,0.12,0.88,0.0,0.616,8.63,solid,1
1.3.6.1.4.1.14519.5.2.1.6279.6001.766881513533845439335142582269,Nodule 003,74.11,10.23,7.95,9.09,0.7567,0.7769,0.2443,1.5215,0.2825,0.1647,35.0,60.0,-60.0,110.0,0.12,0.88,0.0,0.616,4.43,solid,0
1.3.6.1.4.1.14519.5.2.1.6279.6001.766881513533845439335142582269,9266,57.57,7.59,5.95,6.77,0.8168,0.7846,0.4943,1.5333,0.3076,0.2188,-220.0,140.0,-520.0,80.0,0.6,0.4,0.0,0.28,3.13,part_solid,0
1.3.6.1.4.1.14519.5.2.1.6279.6001.766881513533845439335142582269,9262,121.58,8.84,6.89,7.86,0.835,0.7792,0.7069,1.1691,0.3037,0.1741,-580.0,75.0,-680.0,-450.0,0.95,0.05,0.0,0.035,2.01,pure_ggn,0
1.3.6.1.4.1.14519.5.2.1.6279.6001.766881513533845439335142582269,9268,47.77,6.38,6.06,6.22,0.8261,0.9501,0.5881,1.6134,0.1775,0.1792,-580.0,75.0,-680.0,-450.0,0.95,0.05,0.0,0.035,1.47,pure_ggn,0
1.3.6.1.4.1.14519.5.2.1.6279.6001.238522526736091851696274044574,13479,49.83,6.76,5.82,6.29,0.8381,0.8603,0.5326,1.568,0.0973,0.1326,350.0,120.0,50.0,550.0,0.1,0.25,0.65,0.175,2.55,calcified,0
1.3.6.1.4.1.14519.5.2.1.6279.6001.238522526736091851696274044574,13496,1476.91,20.36,19.42,19.89,0.7916,0.9539,0.6188,0.5364,2.6716,0.2172,-220.0,140.0,-520.0,80.0,0.6,0.4,0.0,0.28,9.24,part_solid,1
1.3.6.1.4.1.14519.5.2.1.6279.6001.297988578825170426663869669862,4104,449.88,16.93,11.72,14.33,0.7846,0.6922,0.4429,0.8044,2.6586,0.308,-580.0,75.0,-680.0,-450.0,0.95,0.05,0.0,0.035,3.11,pure_ggn,1
1.3.6.1.4.1.14519.5.2.1.6279.6001.297988578825170426663869669862,Nodule 001,140.26,8.28,8.14,8.21,0.8477,0.983,0.755,1.098,0.1613,0.1222,35.0,60.0,-60.0,110.0,0.12,0.88,0.0,0.616,5.48,solid,0
1.3.6.1.4.1.14519.5.2.1.6279.6001.297988578825170426663869669862,IL057_166477,537.47,18.67,13.13,15.9,0.7602,0.703,0.4017,0.7824,3.6292,0.3293,-580.0,75.0,-680.0,-450.0,0.95,0.05,0.0,0.035,3.3,pure_ggn,1
1.3.6.1.4.1.14519.5.2.1.6279.6001.184501854685844606619543150859,80482,10703.8,38.11,32.14,35.13,0.7798,0.8435,0.6298,0.2814,5.0298,0.1605,35.0,60.0,-60.0,110.0,0.12,0.88,0.0,0.616,23.27,solid,0
1.3.6.1.4.1.14519.5.2.1.6279.6001.184501854685844606619543150859,80477,13766.55,41.47,30.78,36.12,0.7456,0.7423,0.7958,0.2706,11.721,0.2308,35.0,60.0,-60.0,110.0,0.12,0.88,0.0,0.616,25.3,solid,0
1.3.6.1.4.1.14519.5.2.1.6279.6001.184501854685844606619543150859,80488,1580.25,16.78,13.49,15.14,0.665,0.8039,1.0,0.6243,12.3567,0.3886,35.0,60.0,-60.0,110.0,0.12,0.88,0.0,0.616,12.3,solid,0
1.3.6.1.4.1.14519.5.2.1.6279.6001.184501854685844606619543150859,80493,188.89,9.87,8.81,9.34,0.8376,0.8927,0.6079,1.0062,0.2883,0.1507,35.0,60.0,-60.0,110.0,0.12,0.88,0.0,0.616,6.06,solid,0
1.3.6.1.4.1.14519.5.2.1.6279.6001.184501854685844606619543150859,85774,8267.28,35.46,26.46,30.96,0.715,0.7463,0.7615,0.3345,6.5355,0.2033,35.0,60.0,-60.0,110.0,0.12,0.88,0.0,0.616,21.35,solid,1
1.3.6.1.4.1.14519.5.2.1.6279.6001.184501854685844606619543150859,85791,94.08,11.92,10.6,11.26,0.6882,0.8898,0.1678,1.5451,0.0749,0.0699,35.0,60.0,-60.0,110.0,0.12,0.88,0.0,0.616,4.8,solid,0
1.3.6.1.4.1.14519.5.2.1.6279.6001.184501854685844606619543150859,85778,8090.88,36.79,29.16,32.98,0.731,0.7926,0.6523,0.3295,4.8784,0.168,35.0,60.0,-60.0,110.0,0.12,0.88,0.0,0.616,21.19,solid,1
1.3.6.1.4.1.14519.5.2.1.6279.6001.184501854685844606619543150859,85787,234.46,12.0,7.26,9.63,0.7998,0.605,0.7499,0.9806,0.6858,0.2051,35.0,60.0,-60.0,110.0,0.12,0.88,0.0,0.616,6.51,solid,0
1.3.6.1.4.1.14519.5.2.1.6279.6001.184501854685844606619543150859,131278,127.89,8.5,7.11,7.8,0.8186,0.8368,0.706,1.1726,0.1699,0.1332,35.0,60.0,-60.0,110.0,0.12,0.88,0.0,0.616,5.32,solid,0
1.3.6.1.4.1.14519.5.2.1.6279.6001.184501854685844606619543150859,16467,10755.99,38.29,32.9,35.6,0.7801,0.8594,0.7052,0.2808,5.3973,0.162,35.0,60.0,-60.0,110.0,0.12,0.88,0.0,0.616,23.3,solid,1
1.3.6.1.4.1.14519.5.2.1.6279.6001.184501854685844606619543150859,16464,12103.24,42.92,30.49,36.71,0.7223,0.7102,0.6989,0.2916,7.9016,0.1886,35.0,60.0,-60.0,110.0,0.12,0.88,0.0,0.616,24.24,solid,1
1.3.6.1.4.1.14519.5.2.1.6279.6001.184501854685844606619543150859,16471,2764.33,22.14,17.74,19.94,0.7371,0.8009,1.0,0.4675,7.3028,0.2831,35.0,60.0,-60.0,110.0,0.12,0.88,0.0,0.616,14.82,solid,1
1.3.6.1.4.1.14519.5.2.1.6279.6001.184501854685844606619543150859,1,167.58,9.8,8.53,9.17,0.8134,0.8707,0.6123,1.0784,0.3281,0.164,-580.0,75.0,-680.0,-450.0,0.95,0.05,0.0,0.035,2.24,pure_ggn,0
1.3.6.1.4.1.14519.5.2.1.6279.6001.184501854685844606619543150859,2,83.79,6.77,5.9,6.33,0.7723,0.8709,0.8864,1.4311,0.1208,0.131,-580.0,75.0,-680.0,-450.0,0.95,0.05,0.0,0.035,1.78,pure_ggn,0
1.3.6.1.4.1.14519.5.2.1.6279.6001.184501854685844606619543150859,3,10736.14,38.47,31.96,35.22,0.7589,0.8306,0.7018,0.2889,6.6392,0.1811,35.0,60.0,-60.0,110.0,0.12,0.88,0.0,0.616,23.29,solid,1
1.3.6.1.4.1.14519.5.2.1.6279.6001.184501854685844606619543150859,4,7803.49,35.17,26.42,30.79,0.7373,0.7511,0.7677,0.3307,4.1176,0.1606,35.0,60.0,-60.0,110.0,0.12,0.88,0.0,0.616,20.94,solid,1
1.3.6.1.4.1.14519.5.2.1.6279.6001.184501854685844606619543150859,5,357.21,13.18,7.15,10.16,0.7258,0.542,1.0,0.9391,1.6766,0.2653,35.0,60.0,-60.0,110.0,0.12,0.88,0.0,0.616,7.49,solid,0
1.3.6.1.4.1.14519.5.2.1.6279.6001.184501854685844606619543150859,6,2310.84,20.86,15.92,18.39,0.6454,0.7631,1.0,0.5667,9.4415,0.3173,35.0,60.0,-60.0,110.0,0.12,0.88,0.0,0.616,13.96,solid,1
1.3.6.1.4.1.14519.5.2.1.6279.6001.305000574633573438189782624063,3,114.66,6.97,6.01,6.49,0.6776,0.8622,1.0,1.4692,0.6853,0.2565,350.0,120.0,50.0,550.0,0.1,0.25,0.65,0.175,3.37,calcified,0
1.3.6.1.4.1.14519.5.2.1.6279.6001.305000574633573438189782624063,7,266.07,9.88,8.64,9.26,0.7798,0.8742,0.9107,0.9642,0.5672,0.1889,35.0,60.0,-60.0,110.0,0.12,0.88,0.0,0.616,6.79,solid,0
1.3.6.1.4.1.14519.5.2.1.6279.6001.135512138260421166189966386929,59460,329.28,11.4,9.15,10.27,0.8282,0.8028,0.7896,0.8456,0.2927,0.1264,35.0,60.0,-60.0,110.0,0.12,0.88,0.0,0.616,7.29,solid,1
1.3.6.1.4.1.14519.5.2.1.6279.6001.135512138260421166189966386929,59449,2590.14,21.65,20.18,20.92,0.8181,0.932,0.8313,0.4304,0.7421,0.0997,35.0,60.0,-60.0,110.0,0.12,0.88,0.0,0.616,14.5,solid,1
1.3.6.1.4.1.14519.5.2.1.6279.6001.135512138260421166189966386929,59453,2242.48,23.07,18.44,20.75,0.8129,0.799,0.6501,0.4545,1.2524,0.135,35.0,60.0,-60.0,110.0,0.12,0.88,0.0,0.616,13.82,solid,1
1.3.6.1.4.1.14519.5.2.1.6279.6001.135512138260421166189966386929,59464,215.35,10.72,9.8,10.26,0.8312,0.9143,0.5595,0.9706,0.5504,0.194,35.0,60.0,-60.0,110.0,0.12,0.88,0.0,0.616,6.33,solid,1
1.3.6.1.4.1.14519.5.2.1.6279.6001.135512138260421166189966386929,59456,793.06,14.05,13.5,13.77,0.8383,0.9608,0.8543,0.6232,0.2039,0.0787,350.0,120.0,50.0,550.0,0.1,0.25,0.65,0.175,6.42,calcified,0
1.3.6.1.4.1.14519.5.2.1.6279.6001.135512138260421166189966386929,39735,2970.13,34.37,21.97,28.17,0.6572,0.6393,0.3492,0.5119,9.4689,0.2978,35.0,60.0,-60.0,110.0,0.12,0.88,0.0,0.616,15.17,solid,1
1.3.6.1.4.1.14519.5.2.1.6279.6001.135512138260421166189966386929,39763,2357.14,23.83,18.77,21.3,0.8032,0.7877,0.6296,0.4524,1.4071,0.14,35.0,60.0,-60.0,110.0,0.12,0.88,0.0,0.616,14.05,solid,1
1.3.6.1.4.1.14519.5.2.1.6279.6001.135512138260421166189966386929,39739,696.04,13.86,13.15,13.5,0.8593,0.9484,0.8657,0.635,0.1924,0.079,350.0,120.0,50.0,550.0,0.1,0.25,0.65,0.175,6.15,calcified,0
1.3.6.1.4.1.14519.5.2.1.6279.6001.135512138260421166189966386929,13807,2299.08,23.32,20.43,21.87,0.7863,0.8759,0.6432,0.466,1.5847,0.148,35.0,60.0,-60.0,110.0,0.12,0.88,0.0,0.616,13.93,solid,1
1.3.6.1.4.1.14519.5.2.1.6279.6001.135512138260421166189966386929,13810,2271.88,24.7,21.68,23.19,0.8331,0.8777,0.4859,0.4415,1.1783,0.1249,35.0,60.0,-60.0,110.0,0.12,0.88,0.0,0.616,13.88,solid,1
1.3.6.1.4.1.14519.5.2.1.6279.6001.135512138260421166189966386929,13818,206.53,9.5,7.24,8.37,0.7885,0.7625,0.9477,1.0375,0.3254,0.1538,35.0,60.0,-60.0,110.0,0.12,0.88,0.0,0.616,6.24,solid,1
1.3.6.1.4.1.14519.5.2.1.6279.6001.135512138260421166189966386929,13819,233.73,11.39,9.45,10.42,0.833,0.8299,0.5269,0.9425,0.3531,0.1517,-220.0,140.0,-520.0,80.0,0.6,0.4,0.0,0.28,5.0,part_solid,1
1.3.6.1.4.1.14519.5.2.1.6279.6001.135512138260421166189966386929,13821,216.82,10.83,9.45,10.14,0.8314,0.8732,0.5542,0.9683,0.32,0.1482,-220.0,140.0,-520.0,80.0,0.6,0.4,0.0,0.28,4.88,part_solid,1
1.3.6.1.4.1.14519.5.2.1.6279.6001.135512138260421166189966386929,13835,1143.66,16.88,15.76,16.32,0.8359,0.9339,0.7109,0.5532,0.2803,0.0811,350.0,120.0,50.0,550.0,0.1,0.25,0.65,0.175,7.26,calcified,0
1.3.6.1.4.1.14519.5.2.1.6279.6001.135512138260421166189966386929,0,330.75,11.71,8.63,10.17,0.7919,0.7369,0.7687,0.8831,0.4034,0.148,35.0,60.0,-60.0,110.0,0.12,0.88,0.0,0.616,7.3,solid,0
1.3.6.1.4.1.14519.5.2.1.6279.6001.135512138260421166189966386929,6,887.88,13.59,13.22,13.41,0.8042,0.9724,1.0,0.6257,0.3645,0.1007,350.0,120.0,50.0,550.0,0.1,0.25,0.65,0.175,6.67,calcified,0
1.3.6.1.4.1.14519.5.2.1.6279.6001.135512138260421166189966386929,8,160.96,9.26,8.3,8.78,0.7916,0.8969,0.6481,1.123,0.2836,0.1575,35.0,60.0,-60.0,110.0,0.12,0.88,0.0,0.616,5.74,solid,0
1.3.6.1.4.1.14519.5.2.1.6279.6001.229860476925100292554329427970,11,57.33,6.11,4.69,5.4,0.7443,0.7669,0.9812,1.6851,0.2035,0.1866,35.0,60.0,-60.0,110.0,0.12,0.88,0.0,0.616,4.07,solid,0
1.3.6.1.4.1.14519.5.2.1.6279.6001.229860476925100292554329427970,68972,50.96,6.54,5.44,5.99,0.8479,0.8313,0.6116,1.5384,0.0815,0.1241,35.0,60.0,-60.0,110.0,0.12,0.88,0.0,0.616,3.91,solid,0
1.3.6.1.4.1.14519.5.2.1.6279.6001.229860476925100292554329427970,68981,47.53,6.17,5.49,5.83,0.8494,0.8906,0.6485,1.5717,0.0674,0.1156,35.0,60.0,-60.0,110.0,0.12,0.88,0.0,0.616,3.82,solid,0
1.3.6.1.4.1.14519.5.2.1.6279.6001.229860476925100292554329427970,68969,74.48,7.85,6.59,7.22,0.8295,0.8392,0.5093,1.3856,0.1239,0.1304,35.0,60.0,-60.0,110.0,0.12,0.88,0.0,0.616,4.44,solid,0
1.3.6.1.4.1.14519.5.2.1.6279.6001.229860476925100292554329427970,68977,56.84,7.44,5.49,6.47,0.8159,0.7377,0.5375,1.5415,0.1624,0.1642,35.0,60.0,-60.0,110.0,0.12,0.88,0.0,0.616,4.06,solid,0
1.3.6.1.4.1.14519.5.2.1.6279.6001.229860476925100292554329427970,Nodule 006,129.36,8.59,7.81,8.2,0.8369,0.9098,0.6988,1.1425,0.3506,0.1845,35.0,60.0,-60.0,110.0,0.12,0.88,0.0,0.616,5.34,solid,0
1.3.6.1.4.1.14519.5.2.1.6279.6001.229860476925100292554329427970,Nodule 005,132.79,9.15,6.78,7.96,0.8067,0.7413,0.656,1.1751,0.1975,0.1385,35.0,60.0,-60.0,110.0,0.12,0.88,0.0,0.616,5.39,solid,0
1.3.6.1.4.1.14519.5.2.1.6279.6001.229860476925100292554329427970,Nodule 001,99.96,7.68,6.59,7.13,0.8291,0.8583,0.7815,1.2569,0.1873,0.1488,35.0,60.0,-60.0,110.0,0.12,0.88,0.0,0.616,4.9,solid,0
1.3.6.1.4.1.14519.5.2.1.6279.6001.229860476925100292554329427970,Nodule 002,48.02,7.15,5.26,6.21,0.8182,0.7366,0.5596,1.6262,0.2549,0.2154,35.0,60.0,-60.0,110.0,0.12,0.88,0.0,0.616,3.84,solid,0
1.3.6.1.4.1.14519.5.2.1.6279.6001.229860476925100292554329427970,Nodule 004,98.0,9.94,6.58,8.26,0.8043,0.6621,0.4025,1.3041,0.2537,0.1639,35.0,60.0,-60.0,110.0,0.12,0.88,0.0,0.616,4.87,solid,0
1.3.6.1.4.1.14519.5.2.1.6279.6001.229860476925100292554329427970,69612,62.72,5.96,5.09,5.52,0.8317,0.8545,1.0,1.4634,0.0402,0.0812,35.0,60.0,-60.0,110.0,0.12,0.88,0.0,0.616,4.19,solid,0
1.3.6.1.4.1.14519.5.2.1.6279.6001.229860476925100292554329427970,69623,37.24,5.07,4.17,4.62,0.8194,0.8222,1.0,1.7672,0.1681,0.1886,35.0,60.0,-60.0,110.0,0.12,0.88,0.0,0.616,3.53,solid,0
1.3.6.1.4.1.14519.5.2.1.6279.6001.229860476925100292554329427970,69608,88.2,7.2,6.17,6.68,0.837,0.8569,0.8337,1.2979,0.1567,0.1425,35.0,60.0,-60.0,110.0,0.12,0.88,0.0,0.616,4.7,solid,0
1.3.6.1.4.1.14519.5.2.1.6279.6001.229860476925100292554329427970,69602,203.84,9.76,7.88,8.82,0.8368,0.8073,0.8198,0.9819,0.3126,0.1509,35.0,60.0,-60.0,110.0,0.12,0.88,0.0,0.616,6.21,solid,0
1.3.6.1.4.1.14519.5.2.1.6279.6001.229860476925100292554329427970,69617,59.29,7.3,5.62,6.46,0.8419,0.7693,0.548,1.4732,0.1065,0.1327,35.0,60.0,-60.0,110.0,0.12,0.88,0.0,0.616,4.12,solid,0
1.3.6.1.4.1.14519.5.2.1.6279.6001.126121460017257137098781143514,11839,171.5,10.54,6.49,8.52,0.7749,0.6161,0.7117,1.1232,0.4555,0.1881,-220.0,140.0,-520.0,80.0,0.6,0.4,0.0,0.28,4.51,part_solid,0
1.3.6.1.4.1.14519.5.2.1.6279.6001.119515474430718803379832249911,Nodule 002,465.25,19.2,15.38,17.29,0.7101,0.8013,0.2813,0.8789,3.2626,0.2998,-220.0,140.0,-520.0,80.0,0.6,0.4,0.0,0.28,6.29,part_solid,1
1.3.6.1.4.1.14519.5.2.1.6279.6001.119515474430718803379832249911,Nodule 001,339.13,13.37,12.84,13.11,0.792,0.9606,0.4039,0.8756,0.7141,0.1774,35.0,60.0,-60.0,110.0,0.12,0.88,0.0,0.616,7.36,solid,1
1.3.6.1.4.1.14519.5.2.1.6279.6001.119515474430718803379832249911,22180,102.31,8.55,6.93,7.74,0.8453,0.8109,0.6317,1.2233,0.4409,0.2202,35.0,60.0,-60.0,110.0,0.12,0.88,0.0,0.616,4.94,solid,0
1.3.6.1.4.1.14519.5.2.1.6279.6001.265775376735520890308424143898,76599,227.85,13.69,11.56,12.63,0.7894,0.8448,0.5114,1.003,1.4302,0.257,350.0,120.0,50.0,550.0,0.1,0.25,0.65,0.175,4.24,calcified,0
1.3.6.1.4.1.14519.5.2.1.6279.6001.265775376735520890308424143898,Nodule 003,74.72,8.13,6.64,7.38,0.8298,0.8159,0.4919,1.3836,0.2448,0.1781,35.0,60.0,-60.0,110.0,0.12,0.88,0.0,0.616,4.45,solid,0
1.3.6.1.4.1.14519.5.2.1.6279.6001.265775376735520890308424143898,Nodule 001,184.97,11.34,9.47,10.41,0.8236,0.8346,0.4408,1.0305,0.5743,0.1972,35.0,60.0,-60.0,110.0,0.12,0.88,0.0,0.616,6.01,solid,1
1.3.6.1.4.1.14519.5.2.1.6279.6001.265775376735520890308424143898,Nodule 002,48.51,7.55,4.51,6.03,0.7952,0.5976,0.5299,1.6676,0.2418,0.2058,35.0,60.0,-60.0,110.0,0.12,0.88,0.0,0.616,3.85,solid,0
1.3.6.1.4.1.14519.5.2.1.6279.6001.265775376735520890308424143898,2,442.22,19.86,14.45,17.15,0.7542,0.7275,0.3525,0.8416,5.3078,0.3842,350.0,120.0,50.0,550.0,0.1,0.25,0.65,0.175,5.29,calcified,0
1.3.6.1.4.1.14519.5.2.1.6279.6001.244995725416880806339898556632,74183,130.83,8.99,7.08,8.03,0.8294,0.7871,0.6674,1.1486,0.2497,0.1564,35.0,60.0,-60.0,110.0,0.12,0.88,0.0,0.616,5.36,solid,0
1.3.6.1.4.1.14519.5.2.1.6279.6001.244995725416880806339898556632,74187,61.74,6.91,6.09,6.5,0.8451,0.8821,0.5793,1.4478,0.0526,0.0928,-220.0,140.0,-520.0,80.0,0.6,0.4,0.0,0.28,3.21,part_solid,0
1.3.6.1.4.1.14519.5.2.1.6279.6001.244995725416880806339898556632,74178,1111.81,19.5,15.94,17.72,0.827,0.8171,0.5127,0.5645,0.8159,0.1335,35.0,60.0,-60.0,110.0,0.12,0.88,0.0,0.616,10.94,solid,1
1.3.6.1.4.1.14519.5.2.1.6279.6001.244995725416880806339898556632,69608,932.96,18.66,14.95,16.8,0.7593,0.801,0.5359,0.6518,1.5827,0.196,35.0,60.0,-60.0,110.0,0.12,0.88,0.0,0.616,10.32,solid,1
1.3.6.1.4.1.14519.5.2.1.6279.6001.244995725416880806339898556632,0,166.11,8.44,7.45,7.95,0.7519,0.883,0.9476,1.17,0.4788,0.1993,35.0,60.0,-60.0,110.0,0.12,0.88,0.0,0.616,5.8,solid,0
1.3.6.1.4.1.14519.5.2.1.6279.6001.244995725416880806339898556632,6,96.04,6.25,4.75,5.5,0.6695,0.7598,1.0,1.5774,0.8485,0.2915,350.0,120.0,50.0,550.0,0.1,0.25,0.65,0.175,3.18,calcified,0
1.3.6.1.4.1.14519.5.2.1.6279.6001.244995725416880806339898556632,7,246.47,11.94,8.03,9.99,0.7341,0.6729,0.67,1.0506,0.8627,0.2283,35.0,60.0,-60.0,110.0,0.12,0.88,0.0,0.616,6.62,solid,0
1.3.6.1.4.1.14519.5.2.1.6279.6001.244995725416880806339898556632,8,245.0,11.17,9.66,10.41,0.7635,0.8646,0.7162,1.0123,1.0112,0.2417,35.0,60.0,-60.0,110.0,0.12,0.88,0.0,0.616,6.61,solid,0
1.3.6.1.4.1.14519.5.2.1.6279.6001.233001470265230594739708503198,Nodule 009,690.61,16.63,13.68,15.15,0.7492,0.8224,0.5411,0.7303,1.4446,0.21,35.0,60.0,-60.0,110.0,0.12,0.88,0.0,0.616,9.33,solid,1
1.3.6.1.4.1.14519.5.2.1.6279.6001.233001470265230594739708503198,Nodule 006,73.21,7.95,7.06,7.51,0.8218,0.8881,0.4528,1.4068,0.1413,0.1367,35.0,60.0,-60.0,110.0,0.12,0.88,0.0,0.616,4.42,solid,0
1.3.6.1.4.1.14519.5.2.1.6279.6001.233001470265230594739708503198,59933,45.08,8.72,7.28,8.0,0.7394,0.8353,0.2295,1.8376,0.2181,0.1706,-220.0,140.0,-520.0,80.0,0.6,0.4,0.0,0.28,2.89,part_solid,0
1.3.6.1.4.1.14519.5.2.1.6279.6001.233001470265230594739708503198,59899,237.26,12.74,9.99,11.37,0.7308,0.7842,0.4237,1.0689,0.713,0.2016,35.0,60.0,-60.0,110.0,0.12,0.88,0.0,0.616,6.54,solid,1
1.3.6.1.4.1.14519.5.2.1.6279.6001.233001470265230594739708503198,0,470.11,14.54,11.32,12.93,0.7496,0.7785,0.619,0.8297,1.0623,0.2053,35.0,60.0,-60.0,110.0,0.12,0.88,0.0,0.616,8.21,solid,1
1.3.6.1.4.1.14519.5.2.1.6279.6001.250481236093201801255751845296,Nodule 001,52.37,6.77,5.99,6.38,0.8279,0.8848,0.5535,1.5614,0.1881,0.1777,35.0,60.0,-60.0,110.0,0.12,0.88,0.0,0.616,3.95,solid,0
1.3.6.1.4.1.14519.5.2.1.6279.6001.756684168227383088294595834066,Nodule 001,73.74,7.56,6.84,7.2,0.8292,0.9058,0.5294,1.3908,0.1886,0.1591,35.0,60.0,-60.0,110.0,0.12,0.88,0.0,0.616,4.43,solid,1
1.3.6.1.4.1.14519.5.2.1.6279.6001.417815314896088956784723476543,56537,55.86,6.95,5.03,5.99,0.8087,0.7237,0.719,1.5643,0.2524,0.2042,35.0,60.0,-60.0,110.0,0.12,0.88,0.0,0.616,4.04,solid,0
1.3.6.1.4.1.14519.5.2.1.6279.6001.417815314896088956784723476543,56540,36.75,7.5,5.14,6.32,0.7974,0.6852,0.4002,1.8242,0.3461,0.2551,35.0,60.0,-60.0,110.0,0.12,0.88,0.0,0.616,3.51,solid,0
1.3.6.1.4.1.14519.5.2.1.6279.6001.417815314896088956784723476543,Nodule 001,74.97,8.49,7.15,7.82,0.8013,0.8421,0.4713,1.4313,0.6982,0.2965,35.0,60.0,-60.0,110.0,0.12,0.88,0.0,0.616,4.45,solid,0
1.3.6.1.4.1.14519.5.2.1.6279.6001.946129570505893110165820050204,Nodule 001,700.24,14.99,13.78,14.39,0.802,0.9197,0.6255,0.6791,0.6863,0.1466,35.0,60.0,-60.0,110.0,0.12,0.88,0.0,0.616,9.37,solid,1
1.3.6.1.4.1.14519.5.2.1.6279.6001.946129570505893110165820050204,11743,642.36,15.38,12.88,14.13,0.8341,0.8378,0.9348,0.672,2.3902,0.263,35.0,60.0,-60.0,110.0,0.12,0.88,0.0,0.616,9.11,solid,0
1.3.6.1.4.1.14519.5.2.1.6279.6001.946129570505893110165820050204,0,584.78,13.54,12.1,12.82,0.8032,0.8942,0.9234,0.72,0.8612,0.1723,35.0,60.0,-60.0,110.0,0.12,0.88,0.0,0.616,8.83,solid,1
1.3.6.1.4.1.14519.5.2.1.6279.6001.172573195301625265149778785969,14235,25.04,7.67,5.99,6.83,0.7729,0.7814,0.2737,2.1388,0.6118,0.3348,35.0,60.0,-60.0,110.0,0.12,0.88,0.0,0.616,3.09,solid,0
1.3.6.1.4.1.14519.5.2.1.6279.6001.172573195301625265149778785969,50138,50.59,9.62,7.34,8.48,0.7522,0.7624,0.2182,1.7384,0.4824,0.2338,35.0,60.0,-60.0,110.0,0.12,0.88,0.0,0.616,3.9,solid,0
1.3.6.1.4.1.14519.5.2.1.6279.6001.172573195301625265149778785969,50109,146.98,11.52,9.89,10.7,0.7878,0.8586,0.3039,1.1633,0.2269,0.123,350.0,120.0,50.0,550.0,0.1,0.25,0.65,0.175,3.66,calcified,0
1.3.6.1.4.1.14519.5.2.1.6279.6001.172573195301625265149778785969,14139,206.31,12.31,9.62,10.96,0.7795,0.7811,0.4549,1.05,0.8291,0.2234,35.0,60.0,-60.0,110.0,0.12,0.88,0.0,0.616,6.24,solid,1
1.3.6.1.4.1.14519.5.2.1.6279.6001.172573195301625265149778785969,14154,65.0,8.71,6.63,7.67,0.7875,0.7605,0.4017,1.5274,0.5061,0.2544,35.0,60.0,-60.0,110.0,0.12,0.88,0.0,0.616,4.24,solid,1
1.3.6.1.4.1.14519.5.2.1.6279.6001.172573195301625265149778785969,14190,87.64,7.77,6.74,7.25,0.8314,0.8675,0.811,1.3096,0.2504,0.1722,350.0,120.0,50.0,550.0,0.1,0.25,0.65,0.175,3.08,calcified,0
1.3.6.1.4.1.14519.5.2.1.6279.6001.172573195301625265149778785969,7,166.7,11.14,7.93,9.54,0.7362,0.7123,0.6913,1.1936,0.7709,0.2317,35.0,60.0,-60.0,110.0,0.12,0.88,0.0,0.616,5.81,solid,0
1.3.6.1.4.1.14519.5.2.1.6279.6001.172573195301625265149778785969,9,161.21,11.14,9.32,10.23,0.8098,0.8366,0.4399,1.0973,0.6952,0.2222,35.0,60.0,-60.0,110.0,0.12,0.88,0.0,0.616,5.75,solid,0
1.3.6.1.4.1.14519.5.2.1.6279.6001.244681063194071446501270815660,Nodule 004,102.31,9.99,8.06,9.03,0.8029,0.8067,0.3603,1.2878,0.4263,0.2016,35.0,60.0,-60.0,110.0,0.12,0.88,0.0,0.616,4.94,solid,0
1.3.6.1.4.1.14519.5.2.1.6279.6001.244681063194071446501270815660,Nodule 001,1321.24,17.8,16.17,16.98,0.7895,0.9083,0.7079,0.5582,0.6625,0.1188,35.0,60.0,-60.0,110.0,0.12,0.88,0.0,0.616,11.58,solid,1
1.3.6.1.4.1.14519.5.2.1.6279.6001.244681063194071446501270815660,13318,933.16,15.02,14.26,14.64,0.7668,0.9496,0.8391,0.6454,0.8288,0.1483,35.0,60.0,-60.0,110.0,0.12,0.88,0.0,0.616,10.32,solid,1
1.3.6.1.4.1.14519.5.2.1.6279.6001.244681063194071446501270815660,MI014_7954,1050.46,15.9,15.09,15.49,0.7898,0.9493,0.7926,0.6024,0.349,0.0931,35.0,60.0,-60.0,110.0,0.12,0.88,0.0,0.616,10.73,solid,1
1.3.6.1.4.1.14519.5.2.1.6279.6001.584871944187559733312703328980,IL057_156562,105.96,9.68,7.7,8.69,0.8333,0.796,0.5168,1.2265,0.4968,0.2186,-580.0,75.0,-680.0,-450.0,0.95,0.05,0.0,0.035,1.92,pure_ggn,1
1.3.6.1.4.1.14519.5.2.1.6279.6001.584871944187559733312703328980,Nodule 001,87.89,10.61,9.03,9.82,0.7498,0.8508,0.2355,1.4506,0.2219,0.1355,35.0,60.0,-60.0,110.0,0.12,0.88,0.0,0.616,4.69,solid,1
1.3.6.1.4.1.14519.5.2.1.6279.6001.323426705628838942177546503237,Nodule 001,44.83,6.27,5.35,5.81,0.8172,0.8533,0.6379,1.6658,0.2017,0.1969,35.0,60.0,-60.0,110.0,0.12,0.88,0.0,0.616,3.75,solid,0
1.3.6.1.4.1.14519.5.2.1.6279.6001.323426705628838942177546503237,0,34.54,5.29,4.9,5.1,0.8005,0.926,0.7558,1.855,0.0712,0.1297,35.0,60.0,-60.0,110.0,0.12,0.88,0.0,0.616,3.44,solid,0
1.3.6.1.4.1.14519.5.2.1.6279.6001.179943248049071805421192715219,166971,85.9,10.48,7.66,9.07,0.791,0.731,0.2982,1.3857,0.5582,0.2295,35.0,60.0,-60.0,110.0,0.12,0.88,0.0,0.616,4.66,solid,0
1.3.6.1.4.1.14519.5.2.1.6279.6001.179943248049071805421192715219,Nodule 001,75.34,9.95,7.12,8.53,0.7992,0.7162,0.3142,1.4327,0.5384,0.2381,35.0,60.0,-60.0,110.0,0.12,0.88,0.0,0.616,4.46,solid,1
1.3.6.1.4.1.14519.5.2.1.6279.6001.336894364358709782463716339027,1,45.17,6.81,5.27,6.04,0.7682,0.7746,0.6428,1.7675,0.2303,0.2022,35.0,60.0,-60.0,110.0,0.12,0.88,0.0,0.616,3.76,solid,0
1.3.6.1.4.1.14519.5.2.1.6279.6001.336894364358709782463716339027,37766,30.17,5.32,4.62,4.97,0.8539,0.868,0.7046,1.8193,0.0589,0.122,350.0,120.0,50.0,550.0,0.1,0.25,0.65,0.175,2.16,calcified,0
1.3.6.1.4.1.14519.5.2.1.6279.6001.336894364358709782463716339027,37763,47.77,6.92,5.59,6.25,0.8302,0.8078,0.5422,1.6053,0.1793,0.1769,350.0,120.0,50.0,550.0,0.1,0.25,0.65,0.175,2.52,calcified,0
1.3.6.1.4.1.14519.5.2.1.6279.6001.336894364358709782463716339027,Nodule 003,51.45,7.49,6.31,6.9,0.8156,0.8413,0.417,1.5943,0.2034,0.1775,35.0,60.0,-60.0,110.0,0.12,0.88,0.0,0.616,3.93,solid,1
1.3.6.1.4.1.14519.5.2.1.6279.6001.336894364358709782463716339027,19706,39.05,6.84,5.51,6.17,0.8347,0.8053,0.4571,1.7077,0.1479,0.1676,35.0,60.0,-60.0,110.0,0.12,0.88,0.0,0.616,3.58,solid,0
1.3.6.1.4.1.14519.5.2.1.6279.6001.244590453955380448651329424024,57393,37.73,6.57,5.53,6.05,0.8724,0.8415,0.5327,1.6527,0.1803,0.1882,35.0,60.0,-60.0,110.0,0.12,0.88,0.0,0.616,3.54,solid,0
1.3.6.1.4.1.14519.5.2.1.6279.6001.244590453955380448651329424024,57593,107.87,8.6,6.77,7.68,0.864,0.7871,0.7325,1.1758,0.2052,0.1466,350.0,120.0,50.0,550.0,0.1,0.25,0.65,0.175,3.3,calcified,0
1.3.6.1.4.1.14519.5.2.1.6279.6001.244590453955380448651329424024,39434,179.9,10.72,9.47,10.1,0.8305,0.8832,0.4569,1.0314,0.2339,0.128,350.0,120.0,50.0,550.0,0.1,0.25,0.65,0.175,3.92,calcified,0
1.3.6.1.4.1.14519.5.2.1.6279.6001.244590453955380448651329424024,10081,142.17,9.59,8.28,8.93,0.8413,0.8634,0.5841,1.1013,0.1995,0.1307,350.0,120.0,50.0,550.0,0.1,0.25,0.65,0.175,3.62,calcified,0
1.3.6.1.4.1.14519.5.2.1.6279.6001.244590453955380448651329424024,1,162.24,9.52,8.31,8.92,0.8065,0.8734,0.6618,1.0995,0.2537,0.143,350.0,120.0,50.0,550.0,0.1,0.25,0.65,0.175,3.78,calcified,0
1.3.6.1.4.1.14519.5.2.1.6279.6001.561423049201987049884663740668,Nodule 001,103.51,10.0,7.58,8.79,0.8086,0.7581,0.375,1.2738,0.4018,0.1981,35.0,60.0,-60.0,110.0,0.12,0.88,0.0,0.616,4.96,solid,1
1.3.6.1.4.1.14519.5.2.1.6279.6001.326458819737931581200925000717,34077,159.49,7.64,6.75,7.19,0.7792,0.8828,1.0,1.1444,0.4187,0.1903,35.0,60.0,-60.0,110.0,0.12,0.88,0.0,0.616,5.73,solid,0
1.3.6.1.4.1.14519.5.2.1.6279.6001.326458819737931581200925000717,34079,64.68,5.93,5.12,5.52,0.7995,0.8627,1.0,1.5068,0.07,0.1089,35.0,60.0,-60.0,110.0,0.12,0.88,0.0,0.616,4.24,solid,0
1.3.6.1.4.1.14519.5.2.1.6279.6001.326458819737931581200925000717,34753,298.41,10.65,9.15,9.9,0.8372,0.8589,0.8451,0.8644,0.1587,0.0957,35.0,60.0,-60.0,110.0,0.12,0.88,0.0,0.616,7.05,solid,0
1.3.6.1.4.1.14519.5.2.1.6279.6001.326458819737931581200925000717,12841,392.49,11.64,10.29,10.96,0.8224,0.8842,0.7734,0.8031,0.244,0.1092,350.0,120.0,50.0,550.0,0.1,0.25,0.65,0.175,5.08,calcified,0
1.3.6.1.4.1.14519.5.2.1.6279.6001.326458819737931581200925000717,8,406.45,11.03,9.21,10.12,0.7756,0.8347,1.0,0.8418,0.5533,0.1597,35.0,60.0,-60.0,110.0,0.12,0.88,0.0,0.616,7.82,solid,0
1.3.6.1.4.1.14519.5.2.1.6279.6001.247060297988514823071467295949,Nodule 001,102.29,7.48,6.62,7.05,0.8348,0.8852,0.8359,1.2387,0.2003,0.1524,35.0,60.0,-60.0,110.0,0.12,0.88,0.0,0.616,4.94,solid,0
1.3.6.1.4.1.14519.5.2.1.6279.6001.247060297988514823071467295949,IL057_166237,143.02,8.44,7.96,8.2,0.8301,0.9431,0.7401,1.114,0.224,0.1424,35.0,60.0,-60.0,110.0,0.12,0.88,0.0,0.616,5.52,solid,1
1.3.6.1.4.1.14519.5.2.1.6279.6001.114218724025049818743426522343,Nodule 003,408.84,12.26,10.87,11.56,0.8108,0.8869,0.8668,0.8036,0.6593,0.1707,350.0,120.0,50.0,550.0,0.1,0.25,0.65,0.175,5.15,calcified,0
1.3.6.1.4.1.14519.5.2.1.6279.6001.114218724025049818743426522343,Nodule 002,177.62,10.22,8.67,9.44,0.7754,0.8484,0.6118,1.1095,0.5321,0.1978,35.0,60.0,-60.0,110.0,0.12,0.88,0.0,0.616,5.93,solid,1
1.3.6.1.4.1.14519.5.2.1.6279.6001.114218724025049818743426522343,Nodule 001,335.8,12.34,11.1,11.72,0.7366,0.8991,0.8103,0.9446,1.5074,0.2602,35.0,60.0,-60.0,110.0,0.12,0.88,0.0,0.616,7.34,solid,1
1.3.6.1.4.1.14519.5.2.1.6279.6001.114218724025049818743426522343,13181,373.47,12.3,10.23,11.27,0.8068,0.832,0.7621,0.8323,0.5238,0.1577,350.0,120.0,50.0,550.0,0.1,0.25,0.65,0.175,5.0,calcified,0
1.3.6.1.4.1.14519.5.2.1.6279.6001.114218724025049818743426522343,29574,85.75,8.08,6.3,7.19,0.7749,0.7797,0.7731,1.4152,0.457,0.2306,35.0,60.0,-60.0,110.0,0.12,0.88,0.0,0.616,4.66,solid,0
1.3.6.1.4.1.14519.5.2.1.6279.6001.114218724025049818743426522343,29569,272.1,11.41,9.44,10.42,0.7028,0.8269,0.9311,1.0618,1.0519,0.2345,350.0,120.0,50.0,550.0,0.1,0.25,0.65,0.175,4.5,calcified,0
1.3.6.1.4.1.14519.5.2.1.6279.6001.114218724025049818743426522343,29567,180.07,10.4,8.63,9.52,0.6973,0.8298,0.9615,1.2281,1.1635,0.2701,35.0,60.0,-60.0,110.0,0.12,0.88,0.0,0.616,5.96,solid,0
1.3.6.1.4.1.14519.5.2.1.6279.6001.105756658031515062000744821260,4829,61.25,6.17,5.82,5.99,0.829,0.9437,0.811,1.48,0.1252,0.147,-220.0,140.0,-520.0,80.0,0.6,0.4,0.0,0.28,3.2,part_solid,0
1.3.6.1.4.1.14519.5.2.1.6279.6001.105756658031515062000744821260,Nodule 001,50.84,6.34,4.58,5.46,0.8097,0.7215,0.7881,1.6122,0.0974,0.1373,35.0,60.0,-60.0,110.0,0.12,0.88,0.0,0.616,3.91,solid,0
1.3.6.1.4.1.14519.5.2.1.6279.6001.105756658031515062000744821260,Nodule 003,61.86,6.46,5.46,5.96,0.8229,0.8451,0.7744,1.4858,0.1014,0.1323,35.0,60.0,-60.0,110.0,0.12,0.88,0.0,0.616,4.18,solid,0
1.3.6.1.4.1.14519.5.2.1.6279.6001.297964221542942838344351735414,13548,66.64,8.08,6.02,7.05,0.8219,0.7445,0.4949,1.4514,0.1997,0.1673,35.0,60.0,-60.0,110.0,0.12,0.88,0.0,0.616,4.28,solid,0
1.3.6.1.4.1.14519.5.2.1.6279.6001.297964221542942838344351735414,Nodule 002,609.56,16.36,13.21,14.79,0.8137,0.807,0.4889,0.7009,0.9078,0.1704,35.0,60.0,-60.0,110.0,0.12,0.88,0.0,0.616,8.95,solid,1
1.3.6.1.4.1.14519.5.2.1.6279.6001.297964221542942838344351735414,Nodule 003,73.5,9.1,7.47,8.28,0.8014,0.8203,0.3296,1.4405,0.2551,0.1693,35.0,60.0,-60.0,110.0,0.12,0.88,0.0,0.616,4.42,solid,0
1.3.6.1.4.1.14519.5.2.1.6279.6001.297964221542942838344351735414,Nodule 001,123.97,9.93,8.46,9.2,0.8168,0.8524,0.4028,1.1874,0.1792,0.1244,35.0,60.0,-60.0,110.0,0.12,0.88,0.0,0.616,5.26,solid,1
1.3.6.1.4.1.14519.5.2.1.6279.6001.297964221542942838344351735414,1,708.54,19.93,13.15,16.54,0.7688,0.6598,0.5018,0.7056,3.0141,0.2811,35.0,60.0,-60.0,110.0,0.12,0.88,0.0,0.616,9.41,solid,1
1.3.6.1.4.1.14519.5.2.1.6279.6001.170135352376311821460213875884,25980,1516.3,26.56,23.01,24.78,0.7586,0.8662,0.3389,0.5549,7.5137,0.3191,35.0,60.0,-60.0,110.0,0.12,0.88,0.0,0.616,12.13,solid,1
1.3.6.1.4.1.14519.5.2.1.6279.6001.170135352376311821460213875884,8538,1486.17,24.76,20.75,22.76,0.7576,0.8379,0.4846,0.5594,6.7132,0.3185,35.0,60.0,-60.0,110.0,0.12,0.88,0.0,0.616,12.05,solid,1
1.3.6.1.4.1.14519.5.2.1.6279.6001.170135352376311821460213875884,1,2107.98,28.68,23.06,25.87,0.7285,0.804,0.4184,0.5177,7.6929,0.3003,35.0,60.0,-60.0,110.0,0.12,0.88,0.0,0.616,13.54,solid,0
1.3.6.1.4.1.14519.5.2.1.6279.6001.244442540088515471945035689377,81089,235.13,11.7,10.19,10.94,0.8417,0.8716,0.4788,0.9309,0.2819,0.1294,350.0,120.0,50.0,550.0,0.1,0.25,0.65,0.175,4.28,calcified,0
1.3.6.1.4.1.14519.5.2.1.6279.6001.244442540088515471945035689377,40884,306.3,16.22,11.67,13.95,0.8023,0.7199,0.3022,0.8942,1.4819,0.2438,350.0,120.0,50.0,550.0,0.1,0.25,0.65,0.175,4.68,calcified,0
1.3.6.1.4.1.14519.5.2.1.6279.6001.244442540088515471945035689377,10716,296.35,17.02,11.02,14.02,0.7852,0.6474,0.288,0.9238,1.9777,0.2797,350.0,120.0,50.0,550.0,0.1,0.25,0.65,0.175,4.63,calcified,0
1.3.6.1.4.1.14519.5.2.1.6279.6001.244442540088515471945035689377,0,23.5,6.43,5.3,5.87,0.7968,0.8253,0.4357,2.119,0.3144,0.2666,35.0,60.0,-60.0,110.0,0.12,0.88,0.0,0.616,3.02,solid,0
1.3.6.1.4.1.14519.5.2.1.6279.6001.244442540088515471945035689377,9,377.47,17.59,10.99,14.29,0.7732,0.6244,0.3581,0.8654,2.4176,0.2978,350.0,120.0,50.0,550.0,0.1,0.25,0.65,0.175,5.02,calcified,0
1.3.6.1.4.1.14519.5.2.1.6279.6001.771831598853841017505646275338,4,2340.21,25.84,17.57,21.71,0.7193,0.68,0.7981,0.5064,5.5144,0.264,35.0,60.0,-60.0,110.0,0.12,0.88,0.0,0.616,14.02,solid,1
1.3.6.1.4.1.14519.5.2.1.6279.6001.771831598853841017505646275338,52229,3086.85,27.81,21.36,24.58,0.5172,0.7682,1.0,0.6422,9.9688,0.3072,35.0,60.0,-60.0,110.0,0.12,0.88,0.0,0.616,15.37,solid,1
1.3.6.1.4.1.14519.5.2.1.6279.6001.771831598853841017505646275338,57965,4963.39,30.75,24.81,27.78,0.5238,0.8067,0.9755,0.5412,10.2439,0.2777,35.0,60.0,-60.0,110.0,0.12,0.88,0.0,0.616,18.01,solid,1
1.3.6.1.4.1.14519.5.2.1.6279.6001.205113715251629496479289015582,38476,6264.4,33.02,24.15,28.59,0.7044,0.7314,0.8176,0.3724,6.2767,0.2097,35.0,60.0,-60.0,110.0,0.12,0.88,0.0,0.616,19.46,solid,1
1.3.6.1.4.1.14519.5.2.1.6279.6001.205113715251629496479289015582,38488,150.67,9.46,7.28,8.37,0.8313,0.7694,0.6344,1.0933,0.1838,0.1308,350.0,120.0,50.0,550.0,0.1,0.25,0.65,0.175,3.69,calcified,0
1.3.6.1.4.1.14519.5.2.1.6279.6001.205113715251629496479289015582,38494,44.59,8.94,6.81,7.88,0.7566,0.7612,0.2236,1.8024,0.1017,0.117,350.0,120.0,50.0,550.0,0.1,0.25,0.65,0.175,2.46,calcified,0
1.3.6.1.4.1.14519.5.2.1.6279.6001.205113715251629496479289015582,38490,113.92,6.58,5.96,6.27,0.7758,0.9057,1.0,1.2858,0.1849,0.1386,350.0,120.0,50.0,550.0,0.1,0.25,0.65,0.175,3.36,calcified,0
1.3.6.1.4.1.14519.5.2.1.6279.6001.205113715251629496479289015582,38480,149.94,7.78,7.23,7.5,0.7945,0.9292,1.0,1.1458,0.3365,0.1702,350.0,120.0,50.0,550.0,0.1,0.25,0.65,0.175,3.69,calcified,0
1.3.6.1.4.1.14519.5.2.1.6279.6001.205113715251629496479289015582,38485,196.24,9.68,6.64,8.16,0.7887,0.6862,0.93,1.0552,0.5087,0.1972,350.0,120.0,50.0,550.0,0.1,0.25,0.65,0.175,4.03,calcified,0
1.3.6.1.4.1.14519.5.2.1.6279.6001.205113715251629496479289015582,19288,9202.93,37.6,29.04,33.32,0.7587,0.7723,0.718,0.3042,7.1061,0.1983,35.0,60.0,-60.0,110.0,0.12,0.88,0.0,0.616,22.12,solid,1
1.3.6.1.4.1.14519.5.2.1.6279.6001.205113715251629496479289015582,19344,169.78,10.03,5.87,7.95,0.7646,0.5848,0.8969,1.1423,0.5123,0.2,350.0,120.0,50.0,550.0,0.1,0.25,0.65,0.175,3.84,calcified,0
1.3.6.1.4.1.14519.5.2.1.6279.6001.205113715251629496479289015582,32068,49.0,9.66,6.96,8.31,0.7464,0.7205,0.2069,1.7706,0.1658,0.1412,350.0,120.0,50.0,550.0,0.1,0.25,0.65,0.175,2.54,calcified,0
1.3.6.1.4.1.14519.5.2.1.6279.6001.205113715251629496479289015582,8381,8198.92,37.45,26.37,31.91,0.7305,0.7042,0.7209,0.3283,6.2891,0.1921,35.0,60.0,-60.0,110.0,0.12,0.88,0.0,0.616,21.29,solid,1
1.3.6.1.4.1.14519.5.2.1.6279.6001.205113715251629496479289015582,8392,177.87,9.61,6.5,8.06,0.7686,0.6767,0.9367,1.1188,0.4482,0.1857,350.0,120.0,50.0,550.0,0.1,0.25,0.65,0.175,3.9,calcified,0
1.3.6.1.4.1.14519.5.2.1.6279.6001.205113715251629496479289015582,8399,100.69,9.11,6.69,7.9,0.8469,0.7345,0.6584,1.2274,0.2747,0.1711,350.0,120.0,50.0,550.0,0.1,0.25,0.65,0.175,3.23,calcified,0
1.3.6.1.4.1.14519.5.2.1.6279.6001.205113715251629496479289015582,7,44.59,8.94,6.81,7.88,0.7566,0.7612,0.2236,1.8024,0.1017,0.117,350.0,120.0,50.0,550.0,0.1,0.25,0.65,0.175,2.46,calcified,0
1.3.6.1.4.1.14519.5.2.1.6279.6001.205113715251629496479289015582,9,149.94,7.78,7.23,7.5,0.7945,0.9292,1.0,1.1458,0.3365,0.1702,350.0,120.0,50.0,550.0,0.1,0.25,0.65,0.175,3.69,calcified,0
1.3.6.1.4.1.14519.5.2.1.6279.6001.205113715251629496479289015582,13,150.67,9.46,7.28,8.37,0.8313,0.7694,0.6344,1.0933,0.1838,0.1308,350.0,120.0,50.0,550.0,0.1,0.25,0.65,0.175,3.69,calcified,0
1.3.6.1.4.1.14519.5.2.1.6279.6001.205113715251629496479289015582,14,112.45,6.58,5.88,6.23,0.7709,0.8934,1.0,1.2997,0.204,0.1461,350.0,120.0,50.0,550.0,0.1,0.25,0.65,0.175,3.35,calcified,0
1.3.6.1.4.1.14519.5.2.1.6279.6001.206539885154775002929031534291,10138,189.19,9.23,7.9,8.56,0.7856,0.8557,0.9753,1.0723,0.3887,0.1676,35.0,60.0,-60.0,110.0,0.12,0.88,0.0,0.616,6.06,solid,1
1.3.6.1.4.1.14519.5.2.1.6279.6001.206539885154775002929031534291,5,92.61,8.1,6.08,7.09,0.8155,0.7499,0.6664,1.3107,0.136,0.1298,35.0,60.0,-60.0,110.0,0.12,0.88,0.0,0.616,4.78,solid,1
1.3.6.1.4.1.14519.5.2.1.6279.6001.309707676674808510671394142910,70313,137.44,7.01,6.28,6.65,0.7578,0.8966,1.0,1.2365,0.5414,0.2246,350.0,120.0,50.0,550.0,0.1,0.25,0.65,0.175,3.58,calcified,0
1.3.6.1.4.1.14519.5.2.1.6279.6001.309707676674808510671394142910,70304,17488.59,42.69,40.8,41.74,0.5773,0.9556,0.773,0.3227,12.324,0.2078,35.0,60.0,-60.0,110.0,0.12,0.88,0.0,0.616,27.4,solid,1
1.3.6.1.4.1.14519.5.2.1.6279.6001.309707676674808510671394142910,70315,85.26,7.39,5.56,6.47,0.8237,0.7526,0.8122,1.334,0.0773,0.1029,350.0,120.0,50.0,550.0,0.1,0.25,0.65,0.175,3.05,calcified,0
1.3.6.1.4.1.14519.5.2.1.6279.6001.309707676674808510671394142910,95281,127.15,6.85,6.0,6.43,0.7923,0.8761,1.0,1.2138,0.3662,0.1883,350.0,120.0,50.0,550.0,0.1,0.25,0.65,0.175,3.49,calcified,0
1.3.6.1.4.1.14519.5.2.1.6279.6001.309707676674808510671394142910,69938,5397.1,30.76,25.44,28.1,0.7495,0.8273,0.7803,0.3679,5.524,0.2053,35.0,60.0,-60.0,110.0,0.12,0.88,0.0,0.616,18.52,solid,1
1.3.6.1.4.1.14519.5.2.1.6279.6001.309707676674808510671394142910,120940,116.86,8.63,7.85,8.24,0.8727,0.9094,0.6951,1.1335,0.2071,0.1443,350.0,120.0,50.0,550.0,0.1,0.25,0.65,0.175,3.39,calcified,0
1.3.6.1.4.1.14519.5.2.1.6279.6001.309707676674808510671394142910,14312,158.76,7.98,7.39,7.69,0.8277,0.9265,1.0,1.079,0.0996,0.0909,350.0,120.0,50.0,550.0,0.1,0.25,0.65,0.175,3.76,calcified,0
1.3.6.1.4.1.14519.5.2.1.6279.6001.309707676674808510671394142910,14310,208.74,8.69,7.85,8.27,0.814,0.9034,1.0,1.0015,0.2175,0.1258,350.0,120.0,50.0,550.0,0.1,0.25,0.65,0.175,4.12,calcified,0
1.3.6.1.4.1.14519.5.2.1.6279.6001.309707676674808510671394142910,14303,8059.27,32.56,28.94,30.75,0.7524,0.8888,0.9214,0.3206,7.0254,0.2033,35.0,60.0,-60.0,110.0,0.12,0.88,0.0,0.616,21.17,solid,1
1.3.6.1.4.1.14519.5.2.1.6279.6001.309707676674808510671394142910,14309,211.68,11.9,8.58,10.24,0.8245,0.7207,0.5041,0.9841,0.689,0.216,350.0,120.0,50.0,550.0,0.1,0.25,0.65,0.175,4.14,calcified,0
1.3.6.1.4.1.14519.5.2.1.6279.6001.309707676674808510671394142910,0,7608.72,34.82,28.23,31.53,0.7941,0.8107,0.7753,0.3096,5.9406,0.1903,35.0,60.0,-60.0,110.0,0.12,0.88,0.0,0.616,20.76,solid,1
1.3.6.1.4.1.14519.5.2.1.6279.6001.309707676674808510671394142910,9,152.14,7.18,6.59,6.88,0.7475,0.9187,1.0,1.2118,0.4645,0.2034,350.0,120.0,50.0,550.0,0.1,0.25,0.65,0.175,3.7,calcified,0
1.3.6.1.4.1.14519.5.2.1.6279.6001.309707676674808510671394142910,13,743.08,14.84,10.41,12.63,0.7406,0.7016,1.0,0.7209,2.3755,0.2525,35.0,60.0,-60.0,110.0,0.12,0.88,0.0,0.616,9.56,solid,0
1.3.6.1.4.1.14519.5.2.1.6279.6001.741709061958490690246385302477,1188,128.62,7.31,6.8,7.05,0.8199,0.9307,1.0,1.1685,0.1448,0.1223,350.0,120.0,50.0,550.0,0.1,0.25,0.65,0.175,3.5,calcified,0
1.3.6.1.4.1.14519.5.2.1.6279.6001.741709061958490690246385302477,1185,5057.41,31.62,25.08,28.35,0.7803,0.7931,0.6326,0.3611,3.8297,0.1768,35.0,60.0,-60.0,110.0,0.12,0.88,0.0,0.616,18.12,solid,1
1.3.6.1.4.1.14519.5.2.1.6279.6001.741709061958490690246385302477,Nodule 001,4220.74,29.0,23.9,26.45,0.6716,0.8241,0.6035,0.4456,4.1426,0.1979,35.0,60.0,-60.0,110.0,0.12,0.88,0.0,0.616,17.06,solid,1
1.3.6.1.4.1.14519.5.2.1.6279.6001.741709061958490690246385302477,Nodule 002,60.02,6.37,5.59,5.98,0.8278,0.8771,0.7848,1.492,0.0917,0.1261,350.0,120.0,50.0,550.0,0.1,0.25,0.65,0.175,2.72,calcified,0
1.3.6.1.4.1.14519.5.2.1.6279.6001.741709061958490690246385302477,06649,97.39,7.64,7.03,7.33,0.8462,0.9195,0.6543,1.2422,0.1111,0.1177,350.0,120.0,50.0,550.0,0.1,0.25,0.65,0.175,3.19,calcified,0
1.3.6.1.4.1.14519.5.2.1.6279.6001.741709061958490690246385302477,06644,4979.62,30.75,25.32,28.04,0.7956,0.8236,0.6504,0.3559,2.938,0.156,35.0,60.0,-60.0,110.0,0.12,0.88,0.0,0.616,18.03,solid,1
1.3.6.1.4.1.14519.5.2.1.6279.6001.741709061958490690246385302477,IL057_202851,49.61,5.65,5.24,5.44,0.8375,0.9282,0.8855,1.5715,0.0454,0.0948,350.0,120.0,50.0,550.0,0.1,0.25,0.65,0.175,2.55,calcified,0
1.3.6.1.4.1.14519.5.2.1.6279.6001.741709061958490690246385302477,IL057_202847,3675.61,28.7,21.49,25.1,0.7256,0.7487,0.6968,0.4318,4.3872,0.209,35.0,60.0,-60.0,110.0,0.12,0.88,0.0,0.616,16.29,solid,1
1.3.6.1.4.1.14519.5.2.1.6279.6001.254921765503801141457177972447,0,109.51,7.68,6.5,7.09,0.816,0.8459,0.7809,1.2387,0.0691,0.091,35.0,60.0,-60.0,110.0,0.12,0.88,0.0,0.616,5.05,solid,0
1.3.6.1.4.1.14519.5.2.1.6279.6001.254921765503801141457177972447,1,282.97,10.01,8.63,9.32,0.7913,0.8622,0.8987,0.9309,0.24,0.1216,35.0,60.0,-60.0,110.0,0.12,0.88,0.0,0.616,6.93,solid,0
1.3.6.1.4.1.14519.5.2.1.6279.6001.254921765503801141457177972447,2,187.42,8.14,7.36,7.75,0.7393,0.9044,1.0,1.143,0.4534,0.1873,35.0,60.0,-60.0,110.0,0.12,0.88,0.0,0.616,6.04,solid,0
1.3.6.1.4.1.14519.5.2.1.6279.6001.254921765503801141457177972447,4,120.54,8.01,6.91,7.46,0.7922,0.8628,0.7491,1.2358,0.1194,0.1153,35.0,60.0,-60.0,110.0,0.12,0.88,0.0,0.616,5.21,solid,0
1.3.6.1.4.1.14519.5.2.1.6279.6001.254921765503801141457177972447,5,230.79,12.3,8.45,10.38,0.7836,0.6875,0.4879,1.0061,0.5084,0.1814,35.0,60.0,-60.0,110.0,0.12,0.88,0.0,0.616,6.48,solid,0
1.3.6.1.4.1.14519.5.2.1.6279.6001.254921765503801141457177972447,6,64.68,6.03,5.06,5.55,0.7799,0.8397,0.995,1.5448,0.0597,0.1002,35.0,60.0,-60.0,110.0,0.12,0.88,0.0,0.616,4.24,solid,0
1.3.6.1.4.1.14519.5.2.1.6279.6001.213262690132344539993794081003,75342,1379.35,19.93,18.55,19.24,0.8158,0.9307,0.5016,0.5325,0.7127,0.1177,35.0,60.0,-60.0,110.0,0.12,0.88,0.0,0.616,11.75,solid,1
1.3.6.1.4.1.14519.5.2.1.6279.6001.213262690132344539993794081003,10500,1631.7,22.11,19.87,20.99,0.7824,0.8985,0.4522,0.5251,0.816,0.1164,35.0,60.0,-60.0,110.0,0.12,0.88,0.0,0.616,12.43,solid,1
1.3.6.1.4.1.14519.5.2.1.6279.6001.213262690132344539993794081003,4,1544.72,21.24,19.57,20.4,0.7849,0.9217,0.4709,0.533,0.6874,0.1096,35.0,60.0,-60.0,110.0,0.12,0.88,0.0,0.616,12.2,solid,0
1.3.6.1.4.1.14519.5.2.1.6279.6001.249530219848512542668813996730,7046,165.99,11.47,10.4,10.93,0.8099,0.9069,0.4361,1.0865,0.9989,0.2545,35.0,60.0,-60.0,110.0,0.12,0.88,0.0,0.616,5.8,solid,0
1.3.6.1.4.1.14519.5.2.1.6279.6001.249530219848512542668813996730,7042,1030.53,19.28,16.82,18.05,0.8187,0.8724,0.4861,0.5848,0.722,0.1254,35.0,60.0,-60.0,110.0,0.12,0.88,0.0,0.616,10.66,solid,0
1.3.6.1.4.1.14519.5.2.1.6279.6001.249530219848512542668813996730,Nodule 008,1159.31,18.99,17.47,18.23,0.8323,0.9203,0.5596,0.5531,1.201,0.1588,35.0,60.0,-60.0,110.0,0.12,0.88,0.0,0.616,11.09,solid,1
1.3.6.1.4.1.14519.5.2.1.6279.6001.249530219848512542668813996730,20339,1036.66,18.95,17.28,18.12,0.8381,0.9115,0.4946,0.5701,0.6997,0.1233,35.0,60.0,-60.0,110.0,0.12,0.88,0.0,0.616,10.68,solid,1
1.3.6.1.4.1.14519.5.2.1.6279.6001.603166427542096384265514998412,141128,85.29,7.15,6.83,6.99,0.8442,0.9554,0.699,1.3014,0.0866,0.1053,350.0,120.0,50.0,550.0,0.1,0.25,0.65,0.175,3.05,calcified,0
1.3.6.1.4.1.14519.5.2.1.6279.6001.603166427542096384265514998412,3,84.68,7.24,6.13,6.68,0.8269,0.8461,0.7768,1.3318,0.115,0.1226,350.0,120.0,50.0,550.0,0.1,0.25,0.65,0.175,3.05,calcified,0
1.3.6.1.4.1.14519.5.2.1.6279.6001.603166427542096384265514998412,166831,91.42,7.87,7.73,7.8,0.8521,0.9827,0.5562,1.2598,0.0872,0.1,350.0,120.0,50.0,550.0,0.1,0.25,0.65,0.175,3.13,calcified,0
1.3.6.1.4.1.14519.5.2.1.6279.6001.603166427542096384265514998412,Nodule 001,67.68,7.09,6.51,6.8,0.8456,0.9186,0.6171,1.4033,0.1525,0.1491,350.0,120.0,50.0,550.0,0.1,0.25,0.65,0.175,2.83,calcified,0
1.3.6.1.4.1.14519.5.2.1.6279.6001.603166427542096384265514998412,Nodule 002,154.96,10.3,7.69,9.0,0.832,0.7467,0.6675,1.0821,0.6957,0.2337,-220.0,140.0,-520.0,80.0,0.6,0.4,0.0,0.28,4.36,part_solid,1
1.3.6.1.4.1.14519.5.2.1.6279.6001.138080888843357047811238713686,49983,6950.65,55.86,22.93,39.4,0.5218,0.4104,0.4833,0.4856,33.4804,0.3856,35.0,60.0,-60.0,110.0,0.12,0.88,0.0,0.616,20.15,solid,1
1.3.6.1.4.1.14519.5.2.1.6279.6001.138080888843357047811238713686,49991,35.52,5.83,4.71,5.27,0.7105,0.8082,0.6862,2.0704,0.2354,0.2277,-220.0,140.0,-520.0,80.0,0.6,0.4,0.0,0.28,2.67,part_solid,0
1.3.6.1.4.1.14519.5.2.1.6279.6001.138080888843357047811238713686,Nodule 001,217.31,11.47,8.03,9.75,0.7904,0.7004,0.6104,1.0177,0.7942,0.2286,35.0,60.0,-60.0,110.0,0.12,0.88,0.0,0.616,6.35,solid,1
1.3.6.1.4.1.14519.5.2.1.6279.6001.138080888843357047811238713686,1,196.24,11.1,7.68,9.39,0.778,0.6919,0.6306,1.0697,0.5561,0.1974,35.0,60.0,-60.0,110.0,0.12,0.88,0.0,0.616,6.13,solid,0
1.3.6.1.4.1.14519.5.2.1.6279.6001.286422846896797433168187085942,Nodule 001,8641.15,37.59,30.19,33.89,0.6831,0.8032,0.582,0.345,7.7261,0.2127,-220.0,140.0,-520.0,80.0,0.6,0.4,0.0,0.28,16.66,part_solid,1
1.3.6.1.4.1.14519.5.2.1.6279.6001.286422846896797433168187085942,9667,90.19,12.06,8.91,10.49,0.7696,0.7387,0.3627,1.4012,2.286,0.4229,-220.0,140.0,-520.0,80.0,0.6,0.4,0.0,0.28,3.64,part_solid,1
1.3.6.1.4.1.14519.5.2.1.6279.6001.286422846896797433168187085942,9703,156.49,13.39,11.31,12.35,0.7427,0.8446,0.4201,1.2083,1.118,0.242,35.0,60.0,-60.0,110.0,0.12,0.88,0.0,0.616,5.69,solid,0
1.3.6.1.4.1.14519.5.2.1.6279.6001.286422846896797433168187085942,20871,90.19,12.06,8.91,10.49,0.7696,0.7387,0.3627,1.4012,2.286,0.4229,-580.0,75.0,-680.0,-450.0,0.95,0.05,0.0,0.035,1.82,pure_ggn,0
1.3.6.1.4.1.14519.5.2.1.6279.6001.286422846896797433168187085942,20867,9600.63,38.0,32.86,35.43,0.7214,0.8648,0.6251,0.3154,5.9639,0.1769,-220.0,140.0,-520.0,80.0,0.6,0.4,0.0,0.28,17.25,part_solid,1
1.3.6.1.4.1.14519.5.2.1.6279.6001.286422846896797433168187085942,20916,50.84,6.63,5.25,5.94,0.8292,0.7913,0.6596,1.5744,0.1358,0.1553,-580.0,75.0,-680.0,-450.0,0.95,0.05,0.0,0.035,1.5,pure_ggn,0
1.3.6.1.4.1.14519.5.2.1.6279.6001.286422846896797433168187085942,20894,1736.13,24.06,15.81,19.94,0.7682,0.6573,0.5715,0.5238,2.8809,0.2148,-580.0,75.0,-680.0,-450.0,0.95,0.05,0.0,0.035,4.88,pure_ggn,1
1.3.6.1.4.1.14519.5.2.1.6279.6001.286422846896797433168187085942,0,1640.89,24.06,17.43,20.74,0.5947,0.7244,0.8054,0.6895,5.7285,0.2921,35.0,60.0,-60.0,110.0,0.12,0.88,0.0,0.616,12.45,solid,1
1.3.6.1.4.1.14519.5.2.1.6279.6001.286422846896797433168187085942,1,134.6,11.59,9.16,10.38,0.7442,0.7901,0.3235,1.268,0.6923,0.2228,-220.0,140.0,-520.0,80.0,0.6,0.4,0.0,0.28,4.16,part_solid,0
1.3.6.1.4.1.14519.5.2.1.6279.6001.286422846896797433168187085942,3,42.26,9.21,6.03,7.62,0.7142,0.655,0.2714,1.9438,0.6612,0.3005,-220.0,140.0,-520.0,80.0,0.6,0.4,0.0,0.28,2.83,part_solid,0
1.3.6.1.4.1.14519.5.2.1.6279.6001.286422846896797433168187085942,8,49.61,6.54,5.24,5.89,0.8215,0.8013,0.669,1.602,0.1391,0.1584,-580.0,75.0,-680.0,-450.0,0.95,0.05,0.0,0.035,1.49,pure_ggn,0
1.3.6.1.4.1.14519.5.2.1.6279.6001.205993750485568250373835565680,Nodule 001,2869.87,43.94,25.22,34.58,0.5257,0.5739,0.3983,0.6473,24.6451,0.3948,35.0,60.0,-60.0,110.0,0.12,0.88,0.0,0.616,15.0,solid,1
1.3.6.1.4.1.14519.5.2.1.6279.6001.205993750485568250373835565680,Nodule 003,282.67,12.72,9.75,11.23,0.7493,0.7668,0.6881,0.9835,2.0866,0.3227,35.0,60.0,-60.0,110.0,0.12,0.88,0.0,0.616,6.93,solid,1
1.3.6.1.4.1.14519.5.2.1.6279.6001.205993750485568250373835565680,Nodule 002,98.31,10.33,9.1,9.71,0.7401,0.8813,0.3631,1.4159,1.122,0.3126,35.0,60.0,-60.0,110.0,0.12,0.88,0.0,0.616,4.87,solid,1
1.3.6.1.4.1.14519.5.2.1.6279.6001.205993750485568250373835565680,4116,3137.53,54.66,26.06,40.36,0.3166,0.4767,0.4116,1.0435,38.7051,0.4197,35.0,60.0,-60.0,110.0,0.12,0.88,0.0,0.616,15.45,solid,1
1.3.6.1.4.1.14519.5.2.1.6279.6001.205993750485568250373835565680,4130,56.04,7.72,6.27,7.0,0.7437,0.8117,0.4856,1.6991,0.3425,0.2258,35.0,60.0,-60.0,110.0,0.12,0.88,0.0,0.616,4.04,solid,0
1.3.6.1.4.1.14519.5.2.1.6279.6001.205993750485568250373835565680,4145,21.44,6.35,4.74,5.54,0.6854,0.7465,0.3938,2.5399,0.3038,0.2789,-220.0,140.0,-520.0,80.0,0.6,0.4,0.0,0.28,2.25,part_solid,0
1.3.6.1.4.1.14519.5.2.1.6279.6001.205993750485568250373835565680,2669,73.81,9.81,7.42,8.62,0.5325,0.757,0.3823,2.1651,0.6821,0.264,35.0,60.0,-60.0,110.0,0.12,0.88,0.0,0.616,4.43,solid,0
1.3.6.1.4.1.14519.5.2.1.6279.6001.205993750485568250373835565680,2673,230.61,11.65,10.14,10.9,0.5735,0.8704,0.8582,1.375,2.3802,0.3458,35.0,60.0,-60.0,110.0,0.12,0.88,0.0,0.616,6.47,solid,0
1.3.6.1.4.1.14519.5.2.1.6279.6001.227885601428639043345478571594,Nodule 001,191.1,10.73,9.93,10.33,0.8137,0.9252,0.4661,1.0318,0.378,0.1597,35.0,60.0,-60.0,110.0,0.12,0.88,0.0,0.616,6.08,solid,1
1.3.6.1.4.1.14519.5.2.1.6279.6001.227885601428639043345478571594,0,142.71,9.4,8.35,8.87,0.8196,0.8881,0.5986,1.129,0.4071,0.1864,35.0,60.0,-60.0,110.0,0.12,0.88,0.0,0.616,5.52,solid,0
1.3.6.1.4.1.14519.5.2.1.6279.6001.227885601428639043345478571594,11548,130.92,8.75,8.47,8.61,0.8153,0.9683,0.5715,1.1681,0.3168,0.1703,35.0,60.0,-60.0,110.0,0.12,0.88,0.0,0.616,5.36,solid,0
1.3.6.1.4.1.14519.5.2.1.6279.6001.192419869605596446455526220766,Nodule 001,100.45,10.62,7.37,8.99,0.798,0.6938,0.3531,1.3036,0.6959,0.256,35.0,60.0,-60.0,110.0,0.12,0.88,0.0,0.616,4.91,solid,1
1.3.6.1.4.1.14519.5.2.1.6279.6001.208511362832825683639135205368,141182,2615.22,25.62,19.29,22.45,0.6868,0.7529,0.7808,0.5111,8.2691,0.3093,35.0,60.0,-60.0,110.0,0.12,0.88,0.0,0.616,14.54,solid,1
1.3.6.1.4.1.14519.5.2.1.6279.6001.208511362832825683639135205368,141185,1078.31,20.12,14.33,17.23,0.7052,0.7122,0.7766,0.6687,4.5745,0.3005,35.0,60.0,-60.0,110.0,0.12,0.88,0.0,0.616,10.83,solid,1
1.3.6.1.4.1.14519.5.2.1.6279.6001.208511362832825683639135205368,0,4131.92,28.5,22.42,25.46,0.559,0.7867,0.7677,0.5391,8.4947,0.2784,35.0,60.0,-60.0,110.0,0.12,0.88,0.0,0.616,16.94,solid,1
1.3.6.1.4.1.14519.5.2.1.6279.6001.208511362832825683639135205368,166888,1144.3,17.12,15.18,16.15,0.7059,0.8863,0.9125,0.655,2.2779,0.221,35.0,60.0,-60.0,110.0,0.12,0.88,0.0,0.616,11.04,solid,1
1.3.6.1.4.1.14519.5.2.1.6279.6001.208511362832825683639135205368,Nodule 002,706.98,15.3,12.82,14.06,0.7541,0.8379,0.9395,0.7198,3.1005,0.29,35.0,60.0,-60.0,110.0,0.12,0.88,0.0,0.616,9.4,solid,1
1.3.6.1.4.1.14519.5.2.1.6279.6001.208511362832825683639135205368,Nodule 001,1510.42,19.92,17.1,18.51,0.6994,0.8585,0.8787,0.6026,4.3274,0.2706,35.0,60.0,-60.0,110.0,0.12,0.88,0.0,0.616,12.11,solid,1
1.3.6.1.4.1.14519.5.2.1.6279.6001.943403138251347598519939390311,IL057_195853,8067.85,32.62,27.53,30.07,0.7581,0.844,0.8047,0.318,4.9862,0.1773,35.0,60.0,-60.0,110.0,0.12,0.88,0.0,0.616,21.17,solid,1
1.3.6.1.4.1.14519.5.2.1.6279.6001.943403138251347598519939390311,4378,5762.4,34.03,27.19,30.61,0.7098,0.799,0.5511,0.38,7.28,0.2314,35.0,60.0,-60.0,110.0,0.12,0.88,0.0,0.616,18.93,solid,1
1.3.6.1.4.1.14519.5.2.1.6279.6001.943403138251347598519939390311,81239,7628.38,32.48,28.4,30.44,0.7765,0.8744,0.7697,0.3164,4.7132,0.1744,35.0,60.0,-60.0,110.0,0.12,0.88,0.0,0.616,20.78,solid,1
1.3.6.1.4.1.14519.5.2.1.6279.6001.943403138251347598519939390311,Nodule 001,8414.22,32.76,27.92,30.34,0.7856,0.8522,0.8012,0.3026,4.6067,0.1689,35.0,60.0,-60.0,110.0,0.12,0.88,0.0,0.616,21.47,solid,1
1.3.6.1.4.1.14519.5.2.1.6279.6001.129567032250534530765928856531,2,46.55,8.11,5.43,6.77,0.7601,0.6693,0.3851,1.7686,0.3495,0.2371,35.0,60.0,-60.0,110.0,0.12,0.88,0.0,0.616,3.8,solid,0
1.3.6.1.4.1.14519.5.2.1.6279.6001.129567032250534530765928856531,52808,49.92,7.29,5.82,6.55,0.832,0.7984,0.5146,1.5785,0.1985,0.1812,35.0,60.0,-60.0,110.0,0.12,0.88,0.0,0.616,3.89,solid,0
1.3.6.1.4.1.14519.5.2.1.6279.6001.145759169833745025756371695397,Nodule 006,282.24,14.51,13.18,13.84,0.7692,0.9081,0.2757,0.9585,0.5106,0.1453,35.0,60.0,-60.0,110.0,0.12,0.88,0.0,0.616,6.92,solid,1
1.3.6.1.4.1.14519.5.2.1.6279.6001.145759169833745025756371695397,69037,89.18,9.05,7.33,8.19,0.8005,0.8105,0.4422,1.3522,0.5389,0.2482,35.0,60.0,-60.0,110.0,0.12,0.88,0.0,0.616,4.72,solid,0
1.3.6.1.4.1.14519.5.2.1.6279.6001.194246472548954252250399902051,Nodule 001,226.01,9.29,7.58,8.43,0.8159,0.8156,1.0,0.9731,0.3131,0.1457,35.0,60.0,-60.0,110.0,0.12,0.88,0.0,0.616,6.43,solid,1
1.3.6.1.4.1.14519.5.2.1.6279.6001.194246472548954252250399902051,29938,226.01,9.39,7.45,8.42,0.8159,0.7927,1.0,0.9731,0.3125,0.1455,35.0,60.0,-60.0,110.0,0.12,0.88,0.0,0.616,6.43,solid,0
1.3.6.1.4.1.14519.5.2.1.6279.6001.285926554490515269336267972830,IL057_75231,67.99,5.79,5.11,5.45,0.7753,0.8828,1.0,1.5282,0.2598,0.1912,35.0,60.0,-60.0,110.0,0.12,0.88,0.0,0.616,4.31,solid,0
1.3.6.1.4.1.14519.5.2.1.6279.6001.850739282072340578344345230132,Nodule 002,54.67,7.72,6.59,7.15,0.823,0.8536,0.405,1.5483,0.2479,0.1902,35.0,60.0,-60.0,110.0,0.12,0.88,0.0,0.616,4.01,solid,0
1.3.6.1.4.1.14519.5.2.1.6279.6001.850739282072340578344345230132,Nodule 001,2576.17,26.15,22.34,24.24,0.7885,0.8543,0.5259,0.4474,3.5922,0.208,35.0,60.0,-60.0,110.0,0.12,0.88,0.0,0.616,14.47,solid,1
1.3.6.1.4.1.14519.5.2.1.6279.6001.850739282072340578344345230132,6,2576.02,26.15,22.34,24.25,0.7885,0.8543,0.5258,0.4474,3.5937,0.208,35.0,60.0,-60.0,110.0,0.12,0.88,0.0,0.616,14.47,solid,1
1.3.6.1.4.1.14519.5.2.1.6279.6001.850739282072340578344345230132,21728,2678.46,28.55,23.91,26.23,0.8028,0.8377,0.416,0.4337,3.5018,0.1949,350.0,120.0,50.0,550.0,0.1,0.25,0.65,0.175,9.64,calcified,0
1.3.6.1.4.1.14519.5.2.1.6279.6001.850739282072340578344345230132,21769,661.65,19.41,15.35,17.38,0.8103,0.7905,0.4185,0.6849,2.8554,0.2693,350.0,120.0,50.0,550.0,0.1,0.25,0.65,0.175,6.05,calcified,0
1.3.6.1.4.1.14519.5.2.1.6279.6001.138674679709964033277400089532,Nodule 001,139.65,7.65,6.9,7.27,0.8051,0.9025,0.9809,1.1578,0.2414,0.1537,35.0,60.0,-60.0,110.0,0.12,0.88,0.0,0.616,5.48,solid,0
1.3.6.1.4.1.14519.5.2.1.6279.6001.195557219224169985110295082004,Nodule 001,168.13,9.94,9.32,9.63,0.818,0.9373,0.503,1.0711,0.2574,0.1399,-220.0,140.0,-520.0,80.0,0.6,0.4,0.0,0.28,4.48,part_solid,0
1.3.6.1.4.1.14519.5.2.1.6279.6001.195557219224169985110295082004,Nodule 005,100.45,10.76,7.28,9.02,0.7832,0.676,0.3485,1.3282,0.7409,0.2633,-220.0,140.0,-520.0,80.0,0.6,0.4,0.0,0.28,3.77,part_solid,0
1.3.6.1.4.1.14519.5.2.1.6279.6001.195557219224169985110295082004,Nodule 006,433.34,15.59,10.41,13.0,0.7631,0.6676,0.4812,0.8375,1.4735,0.2459,-220.0,140.0,-520.0,80.0,0.6,0.4,0.0,0.28,6.14,part_solid,0
1.3.6.1.4.1.14519.5.2.1.6279.6001.195557219224169985110295082004,Nodule 016,210.39,11.1,10.55,10.83,0.8192,0.9507,0.4505,0.9925,0.3124,0.1398,-220.0,140.0,-520.0,80.0,0.6,0.4,0.0,0.28,4.83,part_solid,0
1.3.6.1.4.1.14519.5.2.1.6279.6001.195557219224169985110295082004,Nodule 012,191.41,11.07,9.89,10.48,0.7758,0.8932,0.4518,1.0816,0.6866,0.2161,-220.0,140.0,-520.0,80.0,0.6,0.4,0.0,0.28,4.68,part_solid,0
1.3.6.1.4.1.14519.5.2.1.6279.6001.195557219224169985110295082004,Nodule 007,144.24,9.81,8.36,9.09,0.8318,0.8519,0.5096,1.1086,0.2287,0.1393,-220.0,140.0,-520.0,80.0,0.6,0.4,0.0,0.28,4.26,part_solid,1
1.3.6.1.4.1.14519.5.2.1.6279.6001.195557219224169985110295082004,IL057_157340,215.29,11.01,9.97,10.49,0.7958,0.9056,0.5678,1.014,0.5809,0.1922,-220.0,140.0,-520.0,80.0,0.6,0.4,0.0,0.28,4.86,part_solid,1
1.3.6.1.4.1.14519.5.2.1.6279.6001.195557219224169985110295082004,IL057_157326,572.07,15.6,11.85,13.72,0.7398,0.76,0.561,0.7874,0.6988,0.1564,-580.0,75.0,-680.0,-450.0,0.95,0.05,0.0,0.035,3.37,pure_ggn,1
1.3.6.1.4.1.14519.5.2.1.6279.6001.195557219224169985110295082004,IL057_157350,210.09,11.31,10.39,10.85,0.7791,0.9193,0.4422,1.0441,0.5103,0.1784,-580.0,75.0,-680.0,-450.0,0.95,0.05,0.0,0.035,2.41,pure_ggn,1
1.3.6.1.4.1.14519.5.2.1.6279.6001.195557219224169985110295082004,IL057_157366,92.18,11.08,9.34,10.21,0.7059,0.843,0.2255,1.5166,0.454,0.1879,-580.0,75.0,-680.0,-450.0,0.95,0.05,0.0,0.035,1.83,pure_ggn,1
1.3.6.1.4.1.14519.5.2.1.6279.6001.195557219224169985110295082004,IL057_157360,97.39,10.12,6.42,8.27,0.7821,0.635,0.4942,1.3439,0.5704,0.2417,35.0,60.0,-60.0,110.0,0.12,0.88,0.0,0.616,4.86,solid,0
1.3.6.1.4.1.14519.5.2.1.6279.6001.195557219224169985110295082004,IL057_157334,219.89,13.48,12.03,12.75,0.7369,0.892,0.2781,1.0872,0.6227,0.1737,-580.0,75.0,-680.0,-450.0,0.95,0.05,0.0,0.035,2.45,pure_ggn,1
1.3.6.1.4.1.14519.5.2.1.6279.6001.195557219224169985110295082004,IL057_157347,169.36,12.12,10.05,11.08,0.7614,0.8293,0.3095,1.1479,0.3393,0.1454,-580.0,75.0,-680.0,-450.0,0.95,0.05,0.0,0.035,2.25,pure_ggn,1
1.3.6.1.4.1.14519.5.2.1.6279.6001.195557219224169985110295082004,9328,422.93,12.85,11.9,12.37,0.8155,0.9265,0.6811,0.79,0.697,0.1726,-580.0,75.0,-680.0,-450.0,0.95,0.05,0.0,0.035,3.05,pure_ggn,1
1.3.6.1.4.1.14519.5.2.1.6279.6001.195557219224169985110295082004,9342,233.36,11.24,9.74,10.49,0.8129,0.8662,0.556,0.9663,0.5645,0.1876,-580.0,75.0,-680.0,-450.0,0.95,0.05,0.0,0.035,2.5,pure_ggn,1
1.3.6.1.4.1.14519.5.2.1.6279.6001.195557219224169985110295082004,9352,210.09,15.19,10.66,12.93,0.7518,0.7018,0.2468,1.082,1.3265,0.2517,-580.0,75.0,-680.0,-450.0,0.95,0.05,0.0,0.035,2.41,pure_ggn,1
1.3.6.1.4.1.14519.5.2.1.6279.6001.195557219224169985110295082004,9367,56.04,7.02,5.54,6.28,0.8535,0.7884,0.7118,1.4806,0.1495,0.1558,-220.0,140.0,-520.0,80.0,0.6,0.4,0.0,0.28,3.11,part_solid,1
1.3.6.1.4.1.14519.5.2.1.6279.6001.195557219224169985110295082004,9363,86.67,9.14,7.92,8.53,0.8146,0.8668,0.4104,1.3414,0.5807,0.2481,-580.0,75.0,-680.0,-450.0,0.95,0.05,0.0,0.035,1.8,pure_ggn,1
1.3.6.1.4.1.14519.5.2.1.6279.6001.195557219224169985110295082004,9325,489.69,16.33,13.9,15.12,0.8019,0.8516,0.3828,0.7651,1.5397,0.2265,-580.0,75.0,-680.0,-450.0,0.95,0.05,0.0,0.035,3.2,pure_ggn,1
1.3.6.1.4.1.14519.5.2.1.6279.6001.195557219224169985110295082004,9353,182.52,11.72,8.65,10.18,0.8071,0.7381,0.4268,1.0563,0.4423,0.1746,-220.0,140.0,-520.0,80.0,0.6,0.4,0.0,0.28,4.6,part_solid,1
1.3.6.1.4.1.14519.5.2.1.6279.6001.195557219224169985110295082004,9371,33.69,6.65,5.69,6.17,0.8126,0.8552,0.3761,1.8427,0.0913,0.1357,-580.0,75.0,-680.0,-450.0,0.95,0.05,0.0,0.035,1.31,pure_ggn,1
1.3.6.1.4.1.14519.5.2.1.6279.6001.195557219224169985110295082004,9372,31.24,6.23,5.6,5.91,0.8118,0.8985,0.4015,1.8916,0.1076,0.154,-220.0,140.0,-520.0,80.0,0.6,0.4,0.0,0.28,2.56,part_solid,1
1.3.6.1.4.1.14519.5.2.1.6279.6001.195557219224169985110295082004,9365,76.56,8.01,6.31,7.16,0.8184,0.788,0.6239,1.3917,0.3065,0.1978,-220.0,140.0,-520.0,80.0,0.6,0.4,0.0,0.28,3.45,part_solid,1
1.3.6.1.4.1.14519.5.2.1.6279.6001.195557219224169985110295082004,9335,270.42,11.7,11.07,11.39,0.8176,0.9461,0.5341,0.9147,0.5238,0.1699,-580.0,75.0,-680.0,-450.0,0.95,0.05,0.0,0.035,2.62,pure_ggn,1
1.3.6.1.4.1.14519.5.2.1.6279.6001.195557219224169985110295082004,9321,679.26,16.51,11.45,13.98,0.8095,0.6938,0.6058,0.6796,0.7126,0.1506,-580.0,75.0,-680.0,-450.0,0.95,0.05,0.0,0.035,3.57,pure_ggn,1
1.3.6.1.4.1.14519.5.2.1.6279.6001.195557219224169985110295082004,9349,224.17,12.27,8.22,10.25,0.7844,0.6704,0.5095,1.0149,0.6459,0.2021,-580.0,75.0,-680.0,-450.0,0.95,0.05,0.0,0.035,2.47,pure_ggn,1
1.3.6.1.4.1.14519.5.2.1.6279.6001.195557219224169985110295082004,9339,230.91,9.86,9.56,9.71,0.8076,0.9696,0.7607,0.976,0.2644,0.1318,-220.0,140.0,-520.0,80.0,0.6,0.4,0.0,0.28,4.98,part_solid,1
1.3.6.1.4.1.14519.5.2.1.6279.6001.195557219224169985110295082004,9345,230.3,10.33,9.72,10.02,0.8194,0.9409,0.6052,0.9628,0.1715,0.1058,-580.0,75.0,-680.0,-450.0,0.95,0.05,0.0,0.035,2.49,pure_ggn,1
1.3.6.1.4.1.14519.5.2.1.6279.6001.195557219224169985110295082004,9360,137.81,10.73,9.91,10.32,0.7758,0.924,0.3496,1.2069,0.4683,0.1847,-580.0,75.0,-680.0,-450.0,0.95,0.05,0.0,0.035,2.1,pure_ggn,1
1.3.6.1.4.1.14519.5.2.1.6279.6001.111172165674661221381920536987,Nodule 001,97.23,7.34,7.18,7.26,0.8365,0.9777,0.7663,1.2573,0.2424,0.1694,35.0,60.0,-60.0,110.0,0.12,0.88,0.0,0.616,4.85,solid,1
1.3.6.1.4.1.14519.5.2.1.6279.6001.111172165674661221381920536987,59871,22.97,6.39,4.94,5.66,0.7573,0.7732,0.3913,2.2465,0.225,0.2299,35.0,60.0,-60.0,110.0,0.12,0.88,0.0,0.616,3.0,solid,0
1.3.6.1.4.1.14519.5.2.1.6279.6001.270951128717816232360812849541,2449,913.85,19.76,15.46,17.61,0.8035,0.7827,0.4429,0.6202,1.8452,0.2068,-580.0,75.0,-680.0,-450.0,0.95,0.05,0.0,0.035,3.94,pure_ggn,1
1.3.6.1.4.1.14519.5.2.1.6279.6001.270951128717816232360812849541,2453,414.36,11.52,8.87,10.2,0.7555,0.77,1.0,0.8586,1.4394,0.2466,-220.0,140.0,-520.0,80.0,0.6,0.4,0.0,0.28,6.05,part_solid,1
1.3.6.1.4.1.14519.5.2.1.6279.6001.270951128717816232360812849541,IL057_91804,223.56,10.77,7.33,9.05,0.733,0.6804,0.8124,1.087,1.0425,0.2578,35.0,60.0,-60.0,110.0,0.12,0.88,0.0,0.616,6.41,solid,1
1.3.6.1.4.1.14519.5.2.1.6279.6001.270951128717816232360812849541,Nodule 004,520.01,12.71,9.71,11.21,0.7509,0.7642,0.9833,0.8009,1.3096,0.2233,35.0,60.0,-60.0,110.0,0.12,0.88,0.0,0.616,8.49,solid,0
1.3.6.1.4.1.14519.5.2.1.6279.6001.277662902666135640561346462196,141210,2014.51,22.3,19.22,20.76,0.8414,0.8618,0.6165,0.4551,0.9416,0.1196,-580.0,75.0,-680.0,-450.0,0.95,0.05,0.0,0.035,5.13,pure_ggn,0
1.3.6.1.4.1.14519.5.2.1.6279.6001.277662902666135640561346462196,0,2192.9,22.87,19.13,21.0,0.8128,0.8366,0.6012,0.458,1.058,0.1242,-580.0,75.0,-680.0,-450.0,0.95,0.05,0.0,0.035,5.27,pure_ggn,0
1.3.6.1.4.1.14519.5.2.1.6279.6001.277662902666135640561346462196,166910,1832.75,22.26,17.92,20.09,0.8259,0.8051,0.6178,0.4784,1.0796,0.1323,-580.0,75.0,-680.0,-450.0,0.95,0.05,0.0,0.035,4.97,pure_ggn,1
1.3.6.1.4.1.14519.5.2.1.6279.6001.277662902666135640561346462196,Nodule 001,1968.73,22.22,19.05,20.63,0.8412,0.8572,0.5906,0.4587,0.9471,0.1213,-220.0,140.0,-520.0,80.0,0.6,0.4,0.0,0.28,10.17,part_solid,1
1.3.6.1.4.1.14519.5.2.1.6279.6001.329326052298830421573852261436,Nodule 001,141.49,10.91,7.02,8.97,0.7719,0.6437,0.4582,1.2024,0.6345,0.2372,35.0,60.0,-60.0,110.0,0.12,0.88,0.0,0.616,5.5,solid,1
1.3.6.1.4.1.14519.5.2.1.6279.6001.202643836890896697853521610450,Nodule 001,634.55,15.65,14.0,14.82,0.7771,0.8945,0.5113,0.7242,1.7986,0.2421,35.0,60.0,-60.0,110.0,0.12,0.88,0.0,0.616,9.07,solid,1
1.3.6.1.4.1.14519.5.2.1.6279.6001.202643836890896697853521610450,21967,788.9,19.17,15.31,17.24,0.7442,0.799,0.4174,0.7033,1.7851,0.2109,35.0,60.0,-60.0,110.0,0.12,0.88,0.0,0.616,9.75,solid,1
1.3.6.1.4.1.14519.5.2.1.6279.6001.202643836890896697853521610450,2069,997.64,21.37,16.62,19.0,0.7528,0.7777,0.3743,0.6429,2.0427,0.2058,35.0,60.0,-60.0,110.0,0.12,0.88,0.0,0.616,10.55,solid,1
1.3.6.1.4.1.14519.5.2.1.6279.6001.202643836890896697853521610450,0,488.04,16.93,11.47,14.2,0.6213,0.6773,0.4726,0.9886,2.3026,0.2855,-220.0,140.0,-520.0,80.0,0.6,0.4,0.0,0.28,6.39,part_solid,1
1.3.6.1.4.1.14519.5.2.1.6279.6001.814122498113547115932318256859,1,61.74,5.64,5.37,5.51,0.7478,0.9525,1.0,1.6362,0.2329,0.1952,350.0,120.0,50.0,550.0,0.1,0.25,0.65,0.175,2.74,calcified,0
1.3.6.1.4.1.14519.5.2.1.6279.6001.308655308958459380153492314021,Nodule 002,58.8,7.41,5.59,6.5,0.8052,0.7538,0.5396,1.5445,0.2308,0.1913,35.0,60.0,-60.0,110.0,0.12,0.88,0.0,0.616,4.11,solid,1
1.3.6.1.4.1.14519.5.2.1.6279.6001.308655308958459380153492314021,Nodule 001,118.09,11.05,10.23,10.64,0.7633,0.9252,0.2714,1.2914,0.5433,0.1964,35.0,60.0,-60.0,110.0,0.12,0.88,0.0,0.616,5.18,solid,1
1.3.6.1.4.1.14519.5.2.1.6279.6001.308655308958459380153492314021,Nodule 011,96.04,8.69,7.75,8.22,0.8194,0.8912,0.4601,1.2888,0.211,0.1504,350.0,120.0,50.0,550.0,0.1,0.25,0.65,0.175,3.18,calcified,0
1.3.6.1.4.1.14519.5.2.1.6279.6001.308655308958459380153492314021,IL057_160802,161.7,11.68,10.13,10.91,0.824,0.8676,0.3425,1.0772,0.3942,0.1597,350.0,120.0,50.0,550.0,0.1,0.25,0.65,0.175,3.78,calcified,0
1.3.6.1.4.1.14519.5.2.1.6279.6001.308655308958459380153492314021,MI014_19875,144.3,9.16,8.75,8.95,0.8468,0.9555,0.5461,1.0887,0.1079,0.0965,350.0,120.0,50.0,550.0,0.1,0.25,0.65,0.175,3.64,calcified,0
1.3.6.1.4.1.14519.5.2.1.6279.6001.119209873306155771318545953948,74278,45.02,6.17,5.72,5.94,0.8462,0.927,0.6078,1.6065,0.1125,0.1457,35.0,60.0,-60.0,110.0,0.12,0.88,0.0,0.616,3.76,solid,0
1.3.6.1.4.1.14519.5.2.1.6279.6001.119209873306155771318545953948,1,36.29,6.98,5.21,6.09,0.7697,0.7459,0.4478,1.8977,0.3391,0.257,35.0,60.0,-60.0,110.0,0.12,0.88,0.0,0.616,3.5,solid,0
1.3.6.1.4.1.14519.5.2.1.6279.6001.119209873306155771318545953948,4,225.71,11.17,10.48,10.82,0.7881,0.9381,0.6157,1.0078,1.109,0.2549,35.0,60.0,-60.0,110.0,0.12,0.88,0.0,0.616,6.43,solid,0
1.3.6.1.4.1.14519.5.2.1.6279.6001.119209873306155771318545953948,Nodule 004,238.57,12.87,10.89,11.88,0.8081,0.8456,0.437,0.9649,1.3016,0.2632,35.0,60.0,-60.0,110.0,0.12,0.88,0.0,0.616,6.55,solid,1
1.3.6.1.4.1.14519.5.2.1.6279.6001.119209873306155771318545953948,Nodule 003,208.1,12.39,10.76,11.58,0.8167,0.8683,0.3531,0.9993,0.4295,0.1558,35.0,60.0,-60.0,110.0,0.12,0.88,0.0,0.616,6.26,solid,0
1.3.6.1.4.1.14519.5.2.1.6279.6001.329334252028672866365623335798,0,70.74,6.77,5.32,6.04,0.7627,0.7856,0.9235,1.5332,0.3458,0.2212,35.0,60.0,-60.0,110.0,0.12,0.88,0.0,0.616,4.37,solid,0
1.3.6.1.4.1.14519.5.2.1.6279.6001.329334252028672866365623335798,77896,85.9,7.41,5.69,6.55,0.7964,0.7679,0.9281,1.3762,0.3884,0.2169,35.0,60.0,-60.0,110.0,0.12,0.88,0.0,0.616,4.66,solid,0
1.3.6.1.4.1.14519.5.2.1.6279.6001.964952370561266624992539111877,Nodule 002,364.13,13.63,11.44,12.54,0.8191,0.8395,0.4585,0.8268,0.4445,0.1412,35.0,60.0,-60.0,110.0,0.12,0.88,0.0,0.616,7.54,solid,1
1.3.6.1.4.1.14519.5.2.1.6279.6001.964952370561266624992539111877,Nodule 003,2023.39,24.84,18.97,21.91,0.8062,0.7638,0.5032,0.4742,2.7346,0.1965,35.0,60.0,-60.0,110.0,0.12,0.88,0.0,0.616,13.35,solid,1
1.3.6.1.4.1.14519.5.2.1.6279.6001.964952370561266624992539111877,Nodule 001,142.1,7.9,7.05,7.48,0.8247,0.8923,0.9488,1.1238,0.2284,0.1467,35.0,60.0,-60.0,110.0,0.12,0.88,0.0,0.616,5.51,solid,1
1.3.6.1.4.1.14519.5.2.1.6279.6001.964952370561266624992539111877,IL057_157563,1989.71,24.06,19.38,21.72,0.7833,0.8057,0.5196,0.4908,2.0745,0.1736,35.0,60.0,-60.0,110.0,0.12,0.88,0.0,0.616,13.28,solid,1
1.3.6.1.4.1.14519.5.2.1.6279.6001.964952370561266624992539111877,IL057_157566,474.38,16.17,13.07,14.62,0.7822,0.8084,0.3865,0.7927,0.961,0.1824,35.0,60.0,-60.0,110.0,0.12,0.88,0.0,0.616,8.23,solid,1
1.3.6.1.4.1.14519.5.2.1.6279.6001.964952370561266624992539111877,54132,2139.77,24.29,19.16,21.73,0.8037,0.7888,0.5661,0.4669,2.2367,0.1776,35.0,60.0,-60.0,110.0,0.12,0.88,0.0,0.616,13.6,solid,1
1.3.6.1.4.1.14519.5.2.1.6279.6001.964952370561266624992539111877,54136,488.16,16.24,13.27,14.76,0.7804,0.8173,0.3848,0.787,0.9053,0.1752,35.0,60.0,-60.0,110.0,0.12,0.88,0.0,0.616,8.31,solid,1
1.3.6.1.4.1.14519.5.2.1.6279.6001.139595277234735528205899724196,MI014_8100,389.84,15.61,9.48,12.54,0.7583,0.6072,0.692,0.8729,1.722,0.2603,-580.0,75.0,-680.0,-450.0,0.95,0.05,0.0,0.035,2.96,pure_ggn,1
1.3.6.1.4.1.14519.5.2.1.6279.6001.980362852713685276785310240144,55598,52.67,6.0,5.59,5.8,0.8594,0.9317,0.8331,1.5011,0.0699,0.1109,-220.0,140.0,-520.0,80.0,0.6,0.4,0.0,0.28,3.04,part_solid,0
1.3.6.1.4.1.14519.5.2.1.6279.6001.325580698241281352835338693869,5,349.86,11.38,9.8,10.59,0.754,0.8609,0.8785,0.9102,0.6344,0.1765,-580.0,75.0,-680.0,-450.0,0.95,0.05,0.0,0.035,2.86,pure_ggn,0
1.3.6.1.4.1.14519.5.2.1.6279.6001.325580698241281352835338693869,6,85.26,7.71,6.21,6.96,0.7443,0.8052,0.778,1.4762,0.4934,0.2465,-580.0,75.0,-680.0,-450.0,0.95,0.05,0.0,0.035,1.79,pure_ggn,0
1.3.6.1.4.1.14519.5.2.1.6279.6001.325580698241281352835338693869,7,416.01,13.97,11.12,12.55,0.7606,0.7963,0.5727,0.8518,1.274,0.2327,-580.0,75.0,-680.0,-450.0,0.95,0.05,0.0,0.035,3.03,pure_ggn,0
1.3.6.1.4.1.14519.5.2.1.6279.6001.325580698241281352835338693869,81578,34.79,5.83,4.63,5.23,0.8153,0.7937,0.6857,1.817,0.1702,0.2023,35.0,60.0,-60.0,110.0,0.12,0.88,0.0,0.616,3.45,solid,0
1.3.6.1.4.1.14519.5.2.1.6279.6001.317613170669207528926259976488,Nodule 003,79.01,8.14,6.49,7.31,0.8282,0.7971,0.5378,1.3608,0.3456,0.2094,35.0,60.0,-60.0,110.0,0.12,0.88,0.0,0.616,4.53,solid,1
1.3.6.1.4.1.14519.5.2.1.6279.6001.147250707071097813243473865421,Nodule 001,74.72,7.9,6.22,7.06,0.8196,0.7879,0.554,1.4009,0.298,0.1992,35.0,60.0,-60.0,110.0,0.12,0.88,0.0,0.616,4.45,solid,1
1.3.6.1.4.1.14519.5.2.1.6279.6001.147250707071097813243473865421,Nodule 005,134.9,12.95,9.4,11.18,0.7633,0.7261,0.2413,1.2354,0.8289,0.229,35.0,60.0,-60.0,110.0,0.12,0.88,0.0,0.616,5.41,solid,0
1.3.6.1.4.1.14519.5.2.1.6279.6001.147250707071097813243473865421,Nodule 002,219.12,12.05,11.59,11.82,0.8091,0.9618,0.3632,0.9914,0.4739,0.1609,35.0,60.0,-60.0,110.0,0.12,0.88,0.0,0.616,6.36,solid,1
1.3.6.1.4.1.14519.5.2.1.6279.6001.147250707071097813243473865421,50071,232.44,11.14,9.79,10.47,0.8141,0.8785,0.617,0.9662,0.4273,0.1618,-220.0,140.0,-520.0,80.0,0.6,0.4,0.0,0.28,4.99,part_solid,1
1.3.6.1.4.1.14519.5.2.1.6279.6001.147250707071097813243473865421,25903,143.63,10.45,8.56,9.5,0.845,0.8192,0.5385,1.0928,0.4207,0.1823,-580.0,75.0,-680.0,-450.0,0.95,0.05,0.0,0.035,2.13,pure_ggn,1
1.3.6.1.4.1.14519.5.2.1.6279.6001.226564372605239604660221582288,IL057_160784,134.75,10.82,8.1,9.46,0.7947,0.7487,0.4621,1.187,0.6599,0.2302,35.0,60.0,-60.0,110.0,0.12,0.88,0.0,0.616,5.41,solid,0
1.3.6.1.4.1.14519.5.2.1.6279.6001.226564372605239604660221582288,IL057_160786,72.89,6.82,6.3,6.56,0.8407,0.9242,0.7331,1.3772,0.1292,0.1363,35.0,60.0,-60.0,110.0,0.12,0.88,0.0,0.616,4.41,solid,0
1.3.6.1.4.1.14519.5.2.1.6279.6001.226564372605239604660221582288,Nodule 002,96.77,8.65,7.63,8.14,0.7848,0.8823,0.7226,1.3422,0.7269,0.2648,35.0,60.0,-60.0,110.0,0.12,0.88,0.0,0.616,4.85,solid,0
1.3.6.1.4.1.14519.5.2.1.6279.6001.226564372605239604660221582288,Nodule 003,73.81,9.29,5.87,7.58,0.7821,0.6322,0.4038,1.4741,0.5536,0.2654,35.0,60.0,-60.0,110.0,0.12,0.88,0.0,0.616,4.43,solid,0
1.3.6.1.4.1.14519.5.2.1.6279.6001.226564372605239604660221582288,Nodule 004,101.98,7.57,6.03,6.8,0.8145,0.7965,0.826,1.2708,0.2134,0.1576,35.0,60.0,-60.0,110.0,0.12,0.88,0.0,0.616,4.93,solid,0
1.3.6.1.4.1.14519.5.2.1.6279.6001.185226274332527104841463955058,IL057_195887,10972.94,40.99,28.67,34.83,0.5833,0.6995,0.9148,0.3731,15.3145,0.2708,35.0,60.0,-60.0,110.0,0.12,0.88,0.0,0.616,23.46,solid,1
1.3.6.1.4.1.14519.5.2.1.6279.6001.185226274332527104841463955058,Nodule 004,37.67,6.63,6.44,6.53,0.8033,0.9711,0.3771,1.7958,0.1253,0.1515,35.0,60.0,-60.0,110.0,0.12,0.88,0.0,0.616,3.54,solid,0
1.3.6.1.4.1.14519.5.2.1.6279.6001.185226274332527104841463955058,Nodule 003,11875.15,44.86,31.76,38.31,0.713,0.708,0.5852,0.2973,11.5062,0.2277,35.0,60.0,-60.0,110.0,0.12,0.88,0.0,0.616,24.08,solid,1
1.3.6.1.4.1.14519.5.2.1.6279.6001.185226274332527104841463955058,81193,38.89,7.18,6.1,6.64,0.8176,0.8492,0.3482,1.7458,0.1118,0.1404,35.0,60.0,-60.0,110.0,0.12,0.88,0.0,0.616,3.58,solid,0
1.3.6.1.4.1.14519.5.2.1.6279.6001.185226274332527104841463955058,81196,51.45,7.6,5.26,6.43,0.8207,0.6923,0.4936,1.5843,0.2646,0.2111,35.0,60.0,-60.0,110.0,0.12,0.88,0.0,0.616,3.93,solid,0
1.3.6.1.4.1.14519.5.2.1.6279.6001.185226274332527104841463955058,81192,67.37,9.5,5.59,7.54,0.7924,0.5883,0.3948,1.4999,0.519,0.2561,35.0,60.0,-60.0,110.0,0.12,0.88,0.0,0.616,4.3,solid,0
1.3.6.1.4.1.14519.5.2.1.6279.6001.226456162308124493341905600418,Nodule 005,963.46,21.41,17.15,19.28,0.7869,0.8011,0.4087,0.6222,3.0954,0.2521,-220.0,140.0,-520.0,80.0,0.6,0.4,0.0,0.28,8.02,part_solid,1
1.3.6.1.4.1.14519.5.2.1.6279.6001.226456162308124493341905600418,Nodule 001,218.66,11.07,10.96,11.01,0.8199,0.9902,0.4519,0.9791,0.367,0.1491,35.0,60.0,-60.0,110.0,0.12,0.88,0.0,0.616,6.36,solid,1
1.3.6.1.4.1.14519.5.2.1.6279.6001.226456162308124493341905600418,IL057_203690,275.01,11.65,11.13,11.39,0.7935,0.9553,0.5364,0.9371,0.6394,0.1857,35.0,60.0,-60.0,110.0,0.12,0.88,0.0,0.616,6.87,solid,1
1.3.6.1.4.1.14519.5.2.1.6279.6001.226456162308124493341905600418,87912,478.67,15.34,12.73,14.04,0.803,0.8297,0.4888,0.7698,1.0568,0.1958,35.0,60.0,-60.0,110.0,0.12,0.88,0.0,0.616,8.26,solid,1
1.3.6.1.4.1.14519.5.2.1.6279.6001.130036599816889919308975074972,14118,162.73,9.71,8.52,9.11,0.826,0.8772,0.5562,1.0724,0.2827,0.1527,35.0,60.0,-60.0,110.0,0.12,0.88,0.0,0.616,5.76,solid,0
1.3.6.1.4.1.14519.5.2.1.6279.6001.130036599816889919308975074972,14133,3041.58,21.8,18.43,20.11,0.7839,0.8456,0.991,0.4258,1.4591,0.1332,-580.0,75.0,-680.0,-450.0,0.95,0.05,0.0,0.035,5.88,pure_ggn,0
1.3.6.1.4.1.14519.5.2.1.6279.6001.130036599816889919308975074972,0,167.58,9.55,7.67,8.61,0.7935,0.8028,0.754,1.1055,0.2867,0.1526,35.0,60.0,-60.0,110.0,0.12,0.88,0.0,0.616,5.82,solid,1
1.3.6.1.4.1.14519.5.2.1.6279.6001.167919147233131417984739058859,Nodule 001,214.37,13.16,11.97,12.56,0.7671,0.9093,0.285,1.0533,0.5276,0.1622,35.0,60.0,-60.0,110.0,0.12,0.88,0.0,0.616,6.32,solid,1
1.3.6.1.4.1.14519.5.2.1.6279.6001.167919147233131417984739058859,1112,126.48,9.56,8.5,9.03,0.6959,0.8894,0.523,1.3845,0.6581,0.2434,350.0,120.0,50.0,550.0,0.1,0.25,0.65,0.175,3.48,calcified,0
1.3.6.1.4.1.14519.5.2.1.6279.6001.167919147233131417984739058859,IL057_69314,157.72,11.31,10.35,10.83,0.7427,0.9146,0.3315,1.2052,0.4947,0.1814,350.0,120.0,50.0,550.0,0.1,0.25,0.65,0.175,3.75,calcified,0
1.3.6.1.4.1.14519.5.2.1.6279.6001.167919147233131417984739058859,1149,147.31,9.95,9.45,9.7,0.8037,0.9496,0.5024,1.1393,0.3748,0.171,35.0,60.0,-60.0,110.0,0.12,0.88,0.0,0.616,5.58,solid,1
1.3.6.1.4.1.14519.5.2.1.6279.6001.113586291551175790743673929831,Nodule 001,127.09,9.17,7.65,8.41,0.7966,0.8343,0.6134,1.2075,0.472,0.2106,35.0,60.0,-60.0,110.0,0.12,0.88,0.0,0.616,5.31,solid,1
1.3.6.1.4.1.14519.5.2.1.6279.6001.252814707117018427472206147014,61665,101.98,9.32,6.53,7.93,0.8092,0.7011,0.5365,1.2792,0.3672,0.1985,35.0,60.0,-60.0,110.0,0.12,0.88,0.0,0.616,4.93,solid,0
1.3.6.1.4.1.14519.5.2.1.6279.6001.252814707117018427472206147014,Nodule 003,79.01,10.02,6.25,8.13,0.7987,0.6241,0.3744,1.411,0.6604,0.2735,35.0,60.0,-60.0,110.0,0.12,0.88,0.0,0.616,4.53,solid,0
1.3.6.1.4.1.14519.5.2.1.6279.6001.252814707117018427472206147014,Nodule 002,109.02,9.02,6.35,7.69,0.7996,0.7035,0.6926,1.2661,0.4357,0.2127,35.0,60.0,-60.0,110.0,0.12,0.88,0.0,0.616,5.04,solid,1
1.3.6.1.4.1.14519.5.2.1.6279.6001.204303454658845815034433453512,57348,108.73,7.37,7.07,7.22,0.8329,0.9606,0.8554,1.2164,0.1674,0.1367,35.0,60.0,-60.0,110.0,0.12,0.88,0.0,0.616,5.04,solid,0
1.3.6.1.4.1.14519.5.2.1.6279.6001.204303454658845815034433453512,57338,166.7,9.6,8.46,9.03,0.8421,0.8812,0.5833,1.0434,0.1488,0.1097,35.0,60.0,-60.0,110.0,0.12,0.88,0.0,0.616,5.81,solid,0
1.3.6.1.4.1.14519.5.2.1.6279.6001.204303454658845815034433453512,57332,2241.51,25.36,19.47,22.41,0.6782,0.7678,0.7178,0.5448,5.8236,0.2754,-220.0,140.0,-520.0,80.0,0.6,0.4,0.0,0.28,10.62,part_solid,1
1.3.6.1.4.1.14519.5.2.1.6279.6001.204303454658845815034433453512,57346,73.4,7.3,6.97,7.14,0.8098,0.9542,0.6708,1.4263,0.3183,0.2029,35.0,60.0,-60.0,110.0,0.12,0.88,0.0,0.616,4.42,solid,0
1.3.6.1.4.1.14519.5.2.1.6279.6001.204303454658845815034433453512,57355,73.74,7.57,5.75,6.66,0.83,0.7593,0.6472,1.3894,0.1528,0.1456,35.0,60.0,-60.0,110.0,0.12,0.88,0.0,0.616,4.43,solid,0
1.3.6.1.4.1.14519.5.2.1.6279.6001.204303454658845815034433453512,57353,83.01,7.76,5.34,6.55,0.7381,0.6886,0.8118,1.5019,0.4246,0.2301,35.0,60.0,-60.0,110.0,0.12,0.88,0.0,0.616,4.61,solid,0
1.3.6.1.4.1.14519.5.2.1.6279.6001.204303454658845815034433453512,57342,180.07,11.45,8.65,10.05,0.7771,0.7549,0.55,1.102,0.7793,0.2302,35.0,60.0,-60.0,110.0,0.12,0.88,0.0,0.616,5.96,solid,0
1.3.6.1.4.1.14519.5.2.1.6279.6001.204303454658845815034433453512,79959,244.04,11.0,8.97,9.99,0.8117,0.8151,0.6362,0.9534,0.5167,0.1804,350.0,120.0,50.0,550.0,0.1,0.25,0.65,0.175,4.34,calcified,0
1.3.6.1.4.1.14519.5.2.1.6279.6001.204303454658845815034433453512,79914,1174.95,19.22,16.4,17.81,0.6885,0.8532,0.7648,0.6656,3.5045,0.2642,35.0,60.0,-60.0,110.0,0.12,0.88,0.0,0.616,11.14,solid,1
1.3.6.1.4.1.14519.5.2.1.6279.6001.204303454658845815034433453512,13633,849.95,16.65,15.39,16.02,0.6301,0.9243,0.925,0.8103,3.1521,0.2723,35.0,60.0,-60.0,110.0,0.12,0.88,0.0,0.616,10.0,solid,1
1.3.6.1.4.1.14519.5.2.1.6279.6001.204303454658845815034433453512,13636,98.61,9.92,7.06,8.49,0.7818,0.712,0.5648,1.3389,0.7551,0.266,35.0,60.0,-60.0,110.0,0.12,0.88,0.0,0.616,4.88,solid,1
1.3.6.1.4.1.14519.5.2.1.6279.6001.204303454658845815034433453512,13639,87.64,7.32,6.26,6.79,0.8275,0.8553,0.7646,1.3157,0.0792,0.1004,35.0,60.0,-60.0,110.0,0.12,0.88,0.0,0.616,4.69,solid,1
1.3.6.1.4.1.14519.5.2.1.6279.6001.204303454658845815034433453512,9,145.09,8.96,7.73,8.34,0.7988,0.8632,0.7034,1.1521,0.167,0.1219,35.0,60.0,-60.0,110.0,0.12,0.88,0.0,0.616,5.55,solid,0
1.3.6.1.4.1.14519.5.2.1.6279.6001.204303454658845815034433453512,15,1386.75,20.4,19.01,19.7,0.7384,0.9319,0.7207,0.5873,4.8912,0.2924,35.0,60.0,-60.0,110.0,0.12,0.88,0.0,0.616,11.77,solid,1
1.3.6.1.4.1.14519.5.2.1.6279.6001.204303454658845815034433453512,20,140.8,9.37,6.7,8.04,0.7692,0.7151,0.747,1.2086,0.5036,0.2135,35.0,60.0,-60.0,110.0,0.12,0.88,0.0,0.616,5.49,solid,0
1.3.6.1.4.1.14519.5.2.1.6279.6001.204303454658845815034433453512,21,144.75,10.45,8.78,9.61,0.7672,0.8403,0.5361,1.2006,0.6824,0.2295,35.0,60.0,-60.0,110.0,0.12,0.88,0.0,0.616,5.54,solid,0
1.3.6.1.4.1.14519.5.2.1.6279.6001.152684536713461901635595118048,Nodule 001,62.72,7.17,6.1,6.64,0.828,0.8514,0.558,1.47,0.1376,0.1483,35.0,60.0,-60.0,110.0,0.12,0.88,0.0,0.616,4.19,solid,0
1.3.6.1.4.1.14519.5.2.1.6279.6001.397522780537301776672854630421,Nodule 003,836.05,18.53,15.57,17.05,0.8232,0.8403,0.4372,0.6236,0.9785,0.1559,35.0,60.0,-60.0,110.0,0.12,0.88,0.0,0.616,9.94,solid,1
1.3.6.1.4.1.14519.5.2.1.6279.6001.397522780537301776672854630421,Nodule 001,1302.42,19.69,14.59,17.14,0.8256,0.7414,0.6858,0.5364,0.8751,0.1348,35.0,60.0,-60.0,110.0,0.12,0.88,0.0,0.616,11.53,solid,1
1.3.6.1.4.1.14519.5.2.1.6279.6001.397522780537301776672854630421,1,71.88,7.12,6.02,6.57,0.7915,0.846,0.6952,1.4695,0.1613,0.1513,350.0,120.0,50.0,550.0,0.1,0.25,0.65,0.175,2.89,calcified,0
1.3.6.1.4.1.14519.5.2.1.6279.6001.276351267409869539593937734609,9736,346.37,13.29,10.75,12.02,0.7944,0.809,0.5645,0.8668,1.0265,0.2199,35.0,60.0,-60.0,110.0,0.12,0.88,0.0,0.616,7.41,solid,1
1.3.6.1.4.1.14519.5.2.1.6279.6001.276351267409869539593937734609,Nodule 002,177.62,10.73,9.5,10.12,0.8274,0.8851,0.4659,1.0398,0.4859,0.1858,35.0,60.0,-60.0,110.0,0.12,0.88,0.0,0.616,5.93,solid,1
1.3.6.1.4.1.14519.5.2.1.6279.6001.202187810895588720702176009630,0182,28.79,6.82,4.65,5.73,0.8202,0.6824,0.3668,1.9237,0.1292,0.1715,350.0,120.0,50.0,550.0,0.1,0.25,0.65,0.175,2.13,calcified,0
1.3.6.1.4.1.14519.5.2.1.6279.6001.202187810895588720702176009630,0173,63.09,7.75,6.02,6.89,0.8362,0.7766,0.4838,1.4527,0.1473,0.1472,350.0,120.0,50.0,550.0,0.1,0.25,0.65,0.175,2.76,calcified,0
1.3.6.1.4.1.14519.5.2.1.6279.6001.202187810895588720702176009630,0170,88.2,7.51,6.58,7.05,0.8584,0.876,0.6656,1.2656,0.0643,0.0906,350.0,120.0,50.0,550.0,0.1,0.25,0.65,0.175,3.09,calcified,0
1.3.6.1.4.1.14519.5.2.1.6279.6001.202187810895588720702176009630,0178,57.27,6.39,5.28,5.84,0.8319,0.8266,0.7821,1.5081,0.1027,0.1323,350.0,120.0,50.0,550.0,0.1,0.25,0.65,0.175,2.67,calcified,0
1.3.6.1.4.1.14519.5.2.1.6279.6001.202187810895588720702176009630,0167,64.31,7.2,4.69,5.95,0.7753,0.6516,0.8676,1.5569,0.3213,0.2148,350.0,120.0,50.0,550.0,0.1,0.25,0.65,0.175,2.78,calcified,0
1.3.6.1.4.1.14519.5.2.1.6279.6001.202187810895588720702176009630,0174,59.11,6.97,5.03,6.0,0.8315,0.7213,0.7174,1.4931,0.1818,0.1725,350.0,120.0,50.0,550.0,0.1,0.25,0.65,0.175,2.7,calcified,0
1.3.6.1.4.1.14519.5.2.1.6279.6001.202187810895588720702176009630,0183,27.87,6.3,5.06,5.68,0.8059,0.8029,0.3969,1.9792,0.1347,0.1787,350.0,120.0,50.0,550.0,0.1,0.25,0.65,0.175,2.1,calcified,0
1.3.6.1.4.1.14519.5.2.1.6279.6001.202187810895588720702176009630,2246,55.43,6.89,6.18,6.53,0.8385,0.897,0.5445,1.5127,0.1135,0.1364,350.0,120.0,50.0,550.0,0.1,0.25,0.65,0.175,2.65,calcified,0
1.3.6.1.4.1.14519.5.2.1.6279.6001.202187810895588720702176009630,2248,43.79,7.1,6.81,6.96,0.7694,0.9596,0.3521,1.7833,0.1595,0.1611,350.0,120.0,50.0,550.0,0.1,0.25,0.65,0.175,2.45,calcified,0
1.3.6.1.4.1.14519.5.2.1.6279.6001.202187810895588720702176009630,5397,70.44,6.83,6.01,6.42,0.8558,0.8793,0.7318,1.3682,0.0739,0.1052,350.0,120.0,50.0,550.0,0.1,0.25,0.65,0.175,2.87,calcified,0
1.3.6.1.4.1.14519.5.2.1.6279.6001.202187810895588720702176009630,5409,30.93,6.83,5.05,5.94,0.8127,0.7403,0.3662,1.8956,0.1181,0.1592,350.0,120.0,50.0,550.0,0.1,0.25,0.65,0.175,2.18,calcified,0
1.3.6.1.4.1.14519.5.2.1.6279.6001.202187810895588720702176009630,5400,66.76,8.0,7.0,7.5,0.8585,0.8755,0.4689,1.3886,0.2038,0.1637,350.0,120.0,50.0,550.0,0.1,0.25,0.65,0.175,2.82,calcified,0
1.3.6.1.4.1.14519.5.2.1.6279.6001.202187810895588720702176009630,5405,56.04,6.5,4.99,5.74,0.8317,0.7679,0.7697,1.5194,0.1179,0.1427,350.0,120.0,50.0,550.0,0.1,0.25,0.65,0.175,2.66,calcified,0
1.3.6.1.4.1.14519.5.2.1.6279.6001.202187810895588720702176009630,5408,32.46,6.53,5.74,6.13,0.7831,0.8783,0.3827,1.9359,0.2083,0.2086,350.0,120.0,50.0,550.0,0.1,0.25,0.65,0.175,2.21,calcified,0
1.3.6.1.4.1.14519.5.2.1.6279.6001.202187810895588720702176009630,5394,73.19,7.98,5.1,6.54,0.791,0.6392,0.7833,1.4616,0.3198,0.2059,350.0,120.0,50.0,550.0,0.1,0.25,0.65,0.175,2.9,calcified,0
1.3.6.1.4.1.14519.5.2.1.6279.6001.202187810895588720702176009630,5404,47.16,7.04,4.9,5.97,0.8211,0.6965,0.533,1.63,0.1369,0.1592,350.0,120.0,50.0,550.0,0.1,0.25,0.65,0.175,2.51,calcified,0
1.3.6.1.4.1.14519.5.2.1.6279.6001.202187810895588720702176009630,5407,35.22,5.84,4.76,5.3,0.817,0.8153,0.6422,1.8057,0.0957,0.1483,350.0,120.0,50.0,550.0,0.1,0.25,0.65,0.175,2.27,calcified,0
1.3.6.1.4.1.14519.5.2.1.6279.6001.202187810895588720702176009630,5412,22.36,5.25,4.81,5.03,0.8249,0.9159,0.4762,2.0809,0.0649,0.1383,350.0,120.0,50.0,550.0,0.1,0.25,0.65,0.175,1.95,calcified,0
1.3.6.1.4.1.14519.5.2.1.6279.6001.202187810895588720702176009630,IL057_85625,42.88,7.61,4.37,5.99,0.776,0.5743,0.4926,1.7805,0.3256,0.2463,350.0,120.0,50.0,550.0,0.1,0.25,0.65,0.175,2.43,calcified,0
1.3.6.1.4.1.14519.5.2.1.6279.6001.202187810895588720702176009630,IL057_91912,45.02,6.81,5.49,6.15,0.8296,0.8061,0.5504,1.6387,0.1304,0.1539,350.0,120.0,50.0,550.0,0.1,0.25,0.65,0.175,2.47,calcified,0
1.3.6.1.4.1.14519.5.2.1.6279.6001.202187810895588720702176009630,IL057_91913,34.91,6.9,5.59,6.24,0.8138,0.8113,0.3626,1.8182,0.0991,0.1397,350.0,120.0,50.0,550.0,0.1,0.25,0.65,0.175,2.27,calcified,0
1.3.6.1.4.1.14519.5.2.1.6279.6001.202187810895588720702176009630,IL057_91914,46.24,6.93,4.91,5.92,0.8134,0.7095,0.5415,1.6564,0.1244,0.1529,350.0,120.0,50.0,550.0,0.1,0.25,0.65,0.175,2.49,calcified,0
1.3.6.1.4.1.14519.5.2.1.6279.6001.202187810895588720702176009630,IL057_91915,60.33,6.78,5.1,5.94,0.8065,0.7517,0.7372,1.5289,0.1453,0.154,350.0,120.0,50.0,550.0,0.1,0.25,0.65,0.175,2.72,calcified,0
1.3.6.1.4.1.14519.5.2.1.6279.6001.202187810895588720702176009630,IL057_91916,38.28,6.1,4.98,5.54,0.7669,0.8172,0.6151,1.8711,0.1488,0.1785,350.0,120.0,50.0,550.0,0.1,0.25,0.65,0.175,2.34,calcified,0
1.3.6.1.4.1.14519.5.2.1.6279.6001.202187810895588720702176009630,IL057_91917,29.4,6.8,5.86,6.33,0.7413,0.8616,0.3678,2.1138,0.3914,0.2824,350.0,120.0,50.0,550.0,0.1,0.25,0.65,0.175,2.14,calcified,0
1.3.6.1.4.1.14519.5.2.1.6279.6001.202187810895588720702176009630,IL057_91918,25.72,6.58,4.37,5.48,0.7793,0.6648,0.38,2.1022,0.1513,0.1941,350.0,120.0,50.0,550.0,0.1,0.25,0.65,0.175,2.05,calcified,0
1.3.6.1.4.1.14519.5.2.1.6279.6001.202187810895588720702176009630,IL057_91919,30.62,6.24,5.58,5.91,0.802,0.8946,0.4006,1.9273,0.1181,0.1615,35.0,60.0,-60.0,110.0,0.12,0.88,0.0,0.616,3.3,solid,0
1.3.6.1.4.1.14519.5.2.1.6279.6001.202187810895588720702176009630,IL057_91921,35.52,6.74,5.91,6.33,0.8116,0.8766,0.3708,1.8126,0.0749,0.1201,350.0,120.0,50.0,550.0,0.1,0.25,0.65,0.175,2.28,calcified,0
1.3.6.1.4.1.14519.5.2.1.6279.6001.202187810895588720702176009630,Nodule 005,71.66,7.16,5.78,6.47,0.8303,0.8068,0.6984,1.4022,0.125,0.135,350.0,120.0,50.0,550.0,0.1,0.25,0.65,0.175,2.88,calcified,0
1.3.6.1.4.1.14519.5.2.1.6279.6001.202187810895588720702176009630,Nodule 011,64.01,6.62,5.76,6.19,0.8414,0.8705,0.7555,1.4368,0.0846,0.1157,35.0,60.0,-60.0,110.0,0.12,0.88,0.0,0.616,4.22,solid,0
1.3.6.1.4.1.14519.5.2.1.6279.6001.202187810895588720702176009630,Nodule 002,52.67,7.31,5.39,6.35,0.8258,0.7364,0.5128,1.5623,0.2085,0.1879,350.0,120.0,50.0,550.0,0.1,0.25,0.65,0.175,2.6,calcified,0
1.3.6.1.4.1.14519.5.2.1.6279.6001.202187810895588720702176009630,Nodule 012,40.12,7.3,5.95,6.63,0.8107,0.8157,0.3425,1.7425,0.117,0.1435,35.0,60.0,-60.0,110.0,0.12,0.88,0.0,0.616,3.61,solid,0
1.3.6.1.4.1.14519.5.2.1.6279.6001.202187810895588720702176009630,Nodule 001,69.52,8.06,7.18,7.62,0.8363,0.8903,0.4651,1.4063,0.2606,0.1825,350.0,120.0,50.0,550.0,0.1,0.25,0.65,0.175,2.85,calcified,0
1.3.6.1.4.1.14519.5.2.1.6279.6001.202187810895588720702176009630,Nodule 013,36.75,7.42,5.67,6.55,0.7928,0.7638,0.3368,1.8347,0.2095,0.1954,35.0,60.0,-60.0,110.0,0.12,0.88,0.0,0.616,3.51,solid,0
1.3.6.1.4.1.14519.5.2.1.6279.6001.202187810895588720702176009630,Nodule 006,44.41,5.99,5.82,5.91,0.8097,0.9728,0.6263,1.6866,0.1348,0.1628,350.0,120.0,50.0,550.0,0.1,0.25,0.65,0.175,2.46,calcified,0
1.3.6.1.4.1.14519.5.2.1.6279.6001.162845309248822193437735868939,187973,747.74,16.27,14.46,15.37,0.8564,0.8889,0.5532,0.6222,0.3941,0.1064,350.0,120.0,50.0,550.0,0.1,0.25,0.65,0.175,6.3,calcified,0
1.3.6.1.4.1.14519.5.2.1.6279.6001.162845309248822193437735868939,196620,448.35,13.76,12.11,12.94,0.8593,0.8806,0.5816,0.7353,0.3253,0.1148,350.0,120.0,50.0,550.0,0.1,0.25,0.65,0.175,5.31,calcified,0
1.3.6.1.4.1.14519.5.2.1.6279.6001.162845309248822193437735868939,205794,58.31,6.37,5.54,5.96,0.8362,0.8695,0.7848,1.4914,0.1742,0.1697,350.0,120.0,50.0,550.0,0.1,0.25,0.65,0.175,2.69,calcified,0
1.3.6.1.4.1.14519.5.2.1.6279.6001.162845309248822193437735868939,20663,590.2,14.18,12.78,13.48,0.8546,0.9011,0.6699,0.6746,0.2577,0.0952,350.0,120.0,50.0,550.0,0.1,0.25,0.65,0.175,5.82,calcified,0
1.3.6.1.4.1.14519.5.2.1.6279.6001.162845309248822193437735868939,20684,104.98,7.47,6.64,7.06,0.828,0.8901,0.8037,1.2381,0.1821,0.144,350.0,120.0,50.0,550.0,0.1,0.25,0.65,0.175,3.27,calcified,0
1.3.6.1.4.1.14519.5.2.1.6279.6001.162845309248822193437735868939,0,487.06,13.3,11.73,12.51,0.833,0.8817,0.6766,0.7379,0.2664,0.1036,350.0,120.0,50.0,550.0,0.1,0.25,0.65,0.175,5.46,calcified,0
1.3.6.1.4.1.14519.5.2.1.6279.6001.162845309248822193437735868939,5,180.2,9.23,8.3,8.77,0.7493,0.899,0.8123,1.1426,0.3936,0.1761,350.0,120.0,50.0,550.0,0.1,0.25,0.65,0.175,3.92,calcified,0
1.3.6.1.4.1.14519.5.2.1.6279.6001.231834776365874788440767645596,Nodule 005,42.11,7.59,7.05,7.32,0.8012,0.9281,0.3292,1.7349,0.3648,0.2335,35.0,60.0,-60.0,110.0,0.12,0.88,0.0,0.616,3.67,solid,1
1.3.6.1.4.1.14519.5.2.1.6279.6001.670107649586205629860363487713,6272,325.24,13.5,12.82,13.16,0.8062,0.9497,0.3704,0.8723,0.2526,0.1045,35.0,60.0,-60.0,110.0,0.12,0.88,0.0,0.616,7.26,solid,1
1.3.6.1.4.1.14519.5.2.1.6279.6001.670107649586205629860363487713,IL057_69743,208.25,15.72,13.99,14.86,0.6583,0.89,0.159,1.2394,0.2707,0.0992,35.0,60.0,-60.0,110.0,0.12,0.88,0.0,0.616,6.26,solid,1
1.3.6.1.4.1.14519.5.2.1.6279.6001.670107649586205629860363487713,Nodule 001,393.53,14.88,14.37,14.63,0.7922,0.9656,0.336,0.833,0.5133,0.1357,35.0,60.0,-60.0,110.0,0.12,0.88,0.0,0.616,7.74,solid,1
1.3.6.1.4.1.14519.5.2.1.6279.6001.910607280658963002048724648683,Nodule 001,79.38,7.01,5.8,6.41,0.8266,0.8267,0.8556,1.3613,0.2541,0.1853,35.0,60.0,-60.0,110.0,0.12,0.88,0.0,0.616,4.54,solid,0
1.3.6.1.4.1.14519.5.2.1.6279.6001.910607280658963002048724648683,0,46.3,6.16,5.22,5.69,0.7958,0.8475,0.6496,1.6923,0.1205,0.1533,35.0,60.0,-60.0,110.0,0.12,0.88,0.0,0.616,3.79,solid,0
1.3.6.1.4.1.14519.5.2.1.6279.6001.245391706475696258069508046497,11442,150.67,11.96,7.49,9.73,0.786,0.6263,0.4179,1.1562,0.8215,0.2517,35.0,60.0,-60.0,110.0,0.12,0.88,0.0,0.616,5.62,solid,0
1.3.6.1.4.1.14519.5.2.1.6279.6001.245391706475696258069508046497,9823,71.66,10.27,4.69,7.48,0.6691,0.4569,0.487,1.7399,0.7263,0.2901,-220.0,140.0,-520.0,80.0,0.6,0.4,0.0,0.28,3.37,part_solid,0
1.3.6.1.4.1.14519.5.2.1.6279.6001.245391706475696258069508046497,9825,45.57,8.98,7.12,8.05,0.7192,0.7925,0.2226,1.8826,0.1734,0.1498,-580.0,75.0,-680.0,-450.0,0.95,0.05,0.0,0.035,1.45,pure_ggn,0
1.3.6.1.4.1.14519.5.2.1.6279.6001.699408489230474820984000839814,161891,110.98,7.96,6.27,7.12,0.8204,0.7874,0.7536,1.2267,0.0938,0.1055,350.0,120.0,50.0,550.0,0.1,0.25,0.65,0.175,3.34,calcified,0
1.3.6.1.4.1.14519.5.2.1.6279.6001.699408489230474820984000839814,159016,173.46,9.63,8.04,8.83,0.838,0.8345,0.623,1.0348,0.0939,0.0892,350.0,120.0,50.0,550.0,0.1,0.25,0.65,0.175,3.87,calcified,0
1.3.6.1.4.1.14519.5.2.1.6279.6001.699408489230474820984000839814,159023,122.74,7.82,7.66,7.74,0.8423,0.98,0.7677,1.1553,0.1819,0.1395,35.0,60.0,-60.0,110.0,0.12,0.88,0.0,0.616,5.25,solid,0
1.3.6.1.4.1.14519.5.2.1.6279.6001.699408489230474820984000839814,159010,569.62,13.85,12.86,13.35,0.8326,0.9286,0.6499,0.7007,0.3043,0.1061,35.0,60.0,-60.0,110.0,0.12,0.88,0.0,0.616,8.75,solid,1
1.3.6.1.4.1.14519.5.2.1.6279.6001.699408489230474820984000839814,13329,594.62,13.65,13.02,13.34,0.8201,0.9538,0.6592,0.7013,0.2955,0.1039,35.0,60.0,-60.0,110.0,0.12,0.88,0.0,0.616,8.88,solid,1
1.3.6.1.4.1.14519.5.2.1.6279.6001.699408489230474820984000839814,5,191.1,8.13,7.01,7.57,0.7822,0.8629,1.0,1.0734,0.4423,0.1885,350.0,120.0,50.0,550.0,0.1,0.25,0.65,0.175,4.0,calcified,0
1.3.6.1.4.1.14519.5.2.1.6279.6001.699408489230474820984000839814,8,716.62,15.49,13.75,14.62,0.8066,0.8876,0.5811,0.67,0.425,0.1151,35.0,60.0,-60.0,110.0,0.12,0.88,0.0,0.616,9.45,solid,0
1.3.6.1.4.1.14519.5.2.1.6279.6001.299767339686526858593516834230,1,86.24,6.38,5.45,5.91,0.7449,0.853,1.0,1.4694,0.2363,0.169,35.0,60.0,-60.0,110.0,0.12,0.88,0.0,0.616,4.66,solid,0
1.3.6.1.4.1.14519.5.2.1.6279.6001.299767339686526858593516834230,2,65.17,6.93,4.62,5.78,0.7743,0.6668,0.8658,1.552,0.2351,0.1903,350.0,120.0,50.0,550.0,0.1,0.25,0.65,0.175,2.79,calcified,0
1.3.6.1.4.1.14519.5.2.1.6279.6001.299767339686526858593516834230,4,49.0,6.24,3.59,4.91,0.6406,0.5746,1.0,2.063,0.6963,0.3151,35.0,60.0,-60.0,110.0,0.12,0.88,0.0,0.616,3.86,solid,0
1.3.6.1.4.1.14519.5.2.1.6279.6001.299767339686526858593516834230,6,211.68,11.54,7.55,9.55,0.7302,0.6538,0.693,1.1113,0.7432,0.2191,35.0,60.0,-60.0,110.0,0.12,0.88,0.0,0.616,6.29,solid,0
1.3.6.1.4.1.14519.5.2.1.6279.6001.299767339686526858593516834230,8,50.96,7.13,5.12,6.12,0.7913,0.7191,0.5614,1.6483,0.1581,0.1691,35.0,60.0,-60.0,110.0,0.12,0.88,0.0,0.616,3.91,solid,0
1.3.6.1.4.1.14519.5.2.1.6279.6001.299767339686526858593516834230,9,1097.6,18.25,14.53,16.39,0.7883,0.7959,0.767,0.5947,1.6002,0.187,350.0,120.0,50.0,550.0,0.1,0.25,0.65,0.175,7.16,calcified,0
1.3.6.1.4.1.14519.5.2.1.6279.6001.299767339686526858593516834230,10,379.75,12.36,9.11,10.74,0.7973,0.7371,0.809,0.8376,0.4018,0.139,350.0,120.0,50.0,550.0,0.1,0.25,0.65,0.175,5.03,calcified,0
1.3.6.1.4.1.14519.5.2.1.6279.6001.299767339686526858593516834230,74236,1175.51,16.46,15.5,15.98,0.8214,0.9414,0.8503,0.5578,0.7345,0.1291,350.0,120.0,50.0,550.0,0.1,0.25,0.65,0.175,7.32,calcified,0
1.3.6.1.4.1.14519.5.2.1.6279.6001.299767339686526858593516834230,74239,334.67,11.09,9.15,10.12,0.8328,0.8253,0.902,0.8364,0.2633,0.1178,350.0,120.0,50.0,550.0,0.1,0.25,0.65,0.175,4.82,calcified,0
1.3.6.1.4.1.14519.5.2.1.6279.6001.299767339686526858593516834230,70674,268.03,10.85,9.5,10.17,0.8615,0.8756,0.7377,0.8706,0.1919,0.1078,350.0,120.0,50.0,550.0,0.1,0.25,0.65,0.175,4.47,calcified,0
1.3.6.1.4.1.14519.5.2.1.6279.6001.299767339686526858593516834230,70671,845.74,17.14,15.12,16.13,0.8544,0.8824,0.5835,0.5985,0.7056,0.1364,350.0,120.0,50.0,550.0,0.1,0.25,0.65,0.175,6.56,calcified,0
1.3.6.1.4.1.14519.5.2.1.6279.6001.299767339686526858593516834230,Nodule 010,54.88,6.51,6.01,6.26,0.833,0.9224,0.6142,1.5277,0.0833,0.1211,35.0,60.0,-60.0,110.0,0.12,0.88,0.0,0.616,4.01,solid,0
1.3.6.1.4.1.14519.5.2.1.6279.6001.299767339686526858593516834230,Nodule 003,1787.03,21.68,19.04,20.36,0.8103,0.8781,0.6456,0.4918,1.561,0.1575,35.0,60.0,-60.0,110.0,0.12,0.88,0.0,0.616,12.81,solid,1
1.3.6.1.4.1.14519.5.2.1.6279.6001.299767339686526858593516834230,Nodule 008,341.04,11.91,9.8,10.85,0.8267,0.8227,0.6718,0.8372,0.2807,0.1215,350.0,120.0,50.0,550.0,0.1,0.25,0.65,0.175,4.85,calcified,0
1.3.6.1.4.1.14519.5.2.1.6279.6001.299767339686526858593516834230,Nodule 001,73.5,8.14,6.22,7.18,0.8223,0.7643,0.4913,1.4039,0.1498,0.1437,35.0,60.0,-60.0,110.0,0.12,0.88,0.0,0.616,4.42,solid,0
1.3.6.1.4.1.14519.5.2.1.6279.6001.299767339686526858593516834230,Nodule 007,212.66,13.0,8.32,10.66,0.7788,0.6404,0.4617,1.0404,1.1958,0.2732,35.0,60.0,-60.0,110.0,0.12,0.88,0.0,0.616,6.3,solid,0
1.3.6.1.4.1.14519.5.2.1.6279.6001.175773779529863791864938329989,80551,599.76,14.05,12.74,13.4,0.847,0.9068,0.6405,0.677,0.2189,0.0887,350.0,120.0,50.0,550.0,0.1,0.25,0.65,0.175,5.85,calcified,0
1.3.6.1.4.1.14519.5.2.1.6279.6001.175773779529863791864938329989,85110,339.57,13.04,10.15,11.59,0.8437,0.7785,0.6903,0.8216,0.831,0.2004,350.0,120.0,50.0,550.0,0.1,0.25,0.65,0.175,4.84,calcified,0
1.3.6.1.4.1.14519.5.2.1.6279.6001.175773779529863791864938329989,16644,133.77,8.4,7.33,7.86,0.8209,0.8725,0.7145,1.1519,0.1217,0.1118,-580.0,75.0,-680.0,-450.0,0.95,0.05,0.0,0.035,2.08,pure_ggn,1
1.3.6.1.4.1.14519.5.2.1.6279.6001.175773779529863791864938329989,16640,496.12,12.9,12.1,12.5,0.8162,0.938,0.6978,0.7485,0.4745,0.1391,350.0,120.0,50.0,550.0,0.1,0.25,0.65,0.175,5.49,calcified,0
1.3.6.1.4.1.14519.5.2.1.6279.6001.175773779529863791864938329989,1,257.98,9.18,8.74,8.96,0.8259,0.9516,0.9803,0.9198,0.1398,0.096,350.0,120.0,50.0,550.0,0.1,0.25,0.65,0.175,4.42,calcified,0
1.3.6.1.4.1.14519.5.2.1.6279.6001.293593766328917170359373773080,Nodule 003,180.53,11.68,9.58,10.63,0.7702,0.8203,0.4282,1.111,1.0402,0.2623,35.0,60.0,-60.0,110.0,0.12,0.88,0.0,0.616,5.97,solid,1
1.3.6.1.4.1.14519.5.2.1.6279.6001.293593766328917170359373773080,29677,130.0,10.51,9.55,10.03,0.7354,0.9085,0.3567,1.2981,0.5223,0.1989,-580.0,75.0,-680.0,-450.0,0.95,0.05,0.0,0.035,2.06,pure_ggn,1
1.3.6.1.4.1.14519.5.2.1.6279.6001.293593766328917170359373773080,29681,87.13,10.48,7.07,8.77,0.7616,0.6745,0.4771,1.4323,0.8817,0.2895,-220.0,140.0,-520.0,80.0,0.6,0.4,0.0,0.28,3.6,part_solid,1
1.3.6.1.4.1.14519.5.2.1.6279.6001.293593766328917170359373773080,12584,149.14,11.4,8.93,10.17,0.7081,0.7834,0.5481,1.2878,1.1579,0.2838,-220.0,140.0,-520.0,80.0,0.6,0.4,0.0,0.28,4.3,part_solid,1
1.3.6.1.4.1.14519.5.2.1.6279.6001.133132722052053001903031735878,0,108.78,8.61,5.85,7.23,0.7355,0.6787,0.9288,1.3774,0.9698,0.3037,35.0,60.0,-60.0,110.0,0.12,0.88,0.0,0.616,5.04,solid,0
1.3.6.1.4.1.14519.5.2.1.6279.6001.133132722052053001903031735878,Nodule 001,222.95,13.08,8.37,10.72,0.796,0.6397,0.4587,1.0019,1.0218,0.2505,35.0,60.0,-60.0,110.0,0.12,0.88,0.0,0.616,6.4,solid,1
1.3.6.1.4.1.14519.5.2.1.6279.6001.229343399861261429237689489892,12868,20194.12,39.86,37.63,38.75,0.7997,0.9439,0.9783,0.2221,2.6142,0.0961,350.0,120.0,50.0,550.0,0.1,0.25,0.65,0.175,18.9,calcified,0
1.3.6.1.4.1.14519.5.2.1.6279.6001.229343399861261429237689489892,12868,20194.12,39.86,37.63,38.75,0.7997,0.9439,0.9783,0.2221,2.6142,0.0961,350.0,120.0,50.0,550.0,0.1,0.25,0.65,0.175,18.9,calcified,0
